text,phonetic,meaning,example,audio,tag,difficulty,root,inflections,source,grade
society,səˈsaɪəti,n. 社会；交往；社团；社交界,,society.mp3,中考核心,2,,,中考考纲核心词汇,初中
easy,ˈizi,adj. 容易的；舒适的；vt. 发出停划命令；adv. 不费力地，从容地；vi. 停止划桨,,easy.mp3,中考核心,2,,,中考考纲核心词汇,初中
rubbish,ˈrʌbɪʃ,n. 垃圾，废物；废话；adj. 毫无价值的,,rubbish.mp3,中考核心,2,,,中考考纲核心词汇,初中
work,wɜrk,n. 工作； 功；产品；操作；职业；行为；事业；工厂；著作；文学、音乐或艺术作品；vt. 使工作；操作；经营；使缓慢前进；vi. 工作；运作；起作用,,work.mp3,中考核心,2,,,中考考纲核心词汇,初中
sense,sɛns,n. 感觉，功能；观念；道理；理智；vt. 感觉到；检测,,sense.mp3,中考核心,2,,,中考考纲核心词汇,初中
conversation,ˌkɑnvərˈseɪʃən,n. 交谈，会话；社交；交往，交际；会谈；（人与计算机的）人机对话,,conversation.mp3,中考核心,2,,,中考考纲核心词汇,初中
member,ˈmɛmbər,n. 成员；会员；议员,,member.mp3,中考核心,2,,,中考考纲核心词汇,初中
draw,drɔ,n. 平局；抽签；vi. 拉；拖；vt. 画；拉；吸引,,draw.mp3,中考核心,2,,,中考考纲核心词汇,初中
relative,ˈrɛlətɪv,n. 亲戚；相关物； 关系词；亲缘植物；adj. 相对的；有关系的；成比例的,,relative.mp3,中考核心,2,,,中考考纲核心词汇,初中
ship,ʃɪp,n. 船；舰；太空船；vt. 运送，乘船；以船运送；vi. 上船；乘船旅行；当船员,,ship.mp3,中考核心,2,,,中考考纲核心词汇,初中
later,ˈleɪtər,adv. 后来；稍后；随后；adj. 更迟的；更后的,,later.mp3,中考核心,2,,,中考考纲核心词汇,初中
perfect,ˈpɜrˌfɪkt,n. 完成式；adj. 完美的；最好的；精通的；vt. 使完美；使熟练,,perfect.mp3,中考核心,2,,,中考考纲核心词汇,初中
require,ˌriˈkwaɪər,vt. 需要；要求；命令,,require.mp3,中考核心,2,,,中考考纲核心词汇,初中
permission,pərˈmɪʃən,n. 允许，许可,,permission.mp3,中考核心,2,,,中考考纲核心词汇,初中
opera,ˈɑprə,n. 歌剧；歌剧院；歌剧团,,opera.mp3,中考核心,2,,,中考考纲核心词汇,初中
learn,lɜrn,vt. 学习；得知；认识到；vi. 学习；获悉,,learn.mp3,中考核心,2,,,中考考纲核心词汇,初中
underwater,ˈʌndərˌwɔtər,n. 水下；adj. 在水中的；水面下的；adv. 在水下,,underwater.mp3,中考核心,2,,,中考考纲核心词汇,初中
calm,kɑm,n. 风平浪静；adj. 静的，平静的；沉着的；vt. 使平静；使镇定；vi. 平静下来；镇定下来,,calm.mp3,中考核心,2,,,中考考纲核心词汇,初中
cheaply,ˈʧipli,adv. 便宜地；廉价地,,cheaply.mp3,中考核心,2,,,中考考纲核心词汇,初中
pride,praɪd,n. 自豪；骄傲；自尊心；vt. 使得意，以…自豪；vi. 自豪,,pride.mp3,中考核心,2,,,中考考纲核心词汇,初中
age,eɪʤ,n. 年龄；时代；寿命，使用年限；阶段；vt. 使成熟；使变老，使上年纪；vi. 成熟；变老,,age.mp3,中考核心,2,,,中考考纲核心词汇,初中
dance,dæns,n. 舞蹈；舞会；舞曲；adj. 舞蹈的；用于跳舞的；vt. 跳舞；使跳跃；vi. 跳舞；跳跃；飘扬,,dance.mp3,中考核心,2,,,中考考纲核心词汇,初中
Wednesday,ˈwɛnzˌdeɪ,n. 星期三,,wednesday.mp3,中考核心,2,,,中考考纲核心词汇,初中
build,bɪld,n. 构造；体形；体格；vi. 建筑；建造；vt. 建立；建筑,,build.mp3,中考核心,2,,,中考考纲核心词汇,初中
suit,sut,n. 诉讼；恳求；套装，西装；一套外衣；vt. 适合；使适应；vi. 合适；相称,,suit.mp3,中考核心,2,,,中考考纲核心词汇,初中
sixteenth,sɪkˈstinθ,adj. 第十六的；十六分之一的；num. 第十六；十六分之一,,sixteenth.mp3,中考核心,2,,,中考考纲核心词汇,初中
physical,ˈfɪzɪkəl,n. 体格检查；adj.  物理的；身体的；物质的；根据自然规律的，符合自然法则的,,physical.mp3,中考核心,2,,,中考考纲核心词汇,初中
hero,ˈhɪroʊ,n. 英雄；男主角，男主人公,,hero.mp3,中考核心,2,,,中考考纲核心词汇,初中
television,ˈtɛləˌvɪʒən,n. 电视，电视机；电视业,,television.mp3,中考核心,2,,,中考考纲核心词汇,初中
present,ˈprɛzənt,n. 现在；礼物；瞄准；adj. 现在的；出席的；vt. 提出；介绍；呈现；赠送；vi. 举枪瞄准,,present.mp3,中考核心,2,,,中考考纲核心词汇,初中
clever,ˈklɛvər,adj. 聪明的；机灵的；熟练的；,,clever.mp3,中考核心,2,,,中考考纲核心词汇,初中
dare,dɛr,n. 挑战；挑动；vt. 敢冒；不惧；vi. 敢；胆敢,,dare.mp3,中考核心,2,,,中考考纲核心词汇,初中
at,æt,prep. 在（表示存在或出现的地点、场所、位置、空间）；以（某种价格、速度等）；向；达；因为；朝；忙于；n. 阿特（老挝货币基本单位att）；砹（极不稳定放射性元素）；abbr. 密封的（air,,at.mp3,中考核心,2,,,中考考纲核心词汇,初中
discuss,dɪˈskʌs,vt. 讨论；论述，辩论,,discuss.mp3,中考核心,2,,,中考考纲核心词汇,初中
nearly,ˈnɪrli,adv. 差不多，几乎；密切地,,nearly.mp3,中考核心,2,,,中考考纲核心词汇,初中
bread,brɛd,n. 面包；生计；vt. 在…上洒面包屑,,bread.mp3,中考核心,2,,,中考考纲核心词汇,初中
funny,ˈfʌni,n. 滑稽人物；笑话，有趣的故事；滑稽连环漫画栏；（英）（比赛用）单人双桨小艇；adj. 有趣的，好笑的，滑稽的；（口）稀奇的，古怪的，奇异的；有病的，不舒服的；狡猾的，欺骗（性,,funny.mp3,中考核心,2,,,中考考纲核心词汇,初中
gentleman,ˈʤɛntəlmən,n. 先生；绅士；有身份的人,,gentleman.mp3,中考核心,2,,,中考考纲核心词汇,初中
office,ˈɔfəs,n. 办公室；政府机关；官职；营业处,,office.mp3,中考核心,2,,,中考考纲核心词汇,初中
sixty,ˈsɪksti,num. 六十；六十个,,sixty.mp3,中考核心,2,,,中考考纲核心词汇,初中
politely,pəˈlaɪtli,adv. 有礼貌地；客气地；委婉地；殷勤地,,politely.mp3,中考核心,2,,,中考考纲核心词汇,初中
memory,ˈmɛməri,n. 记忆，记忆力；内存， 存储器；回忆,,memory.mp3,中考核心,2,,,中考考纲核心词汇,初中
move,muv,n. 移动；步骤；迁居；策略；vi. 移动；搬家，迁移；离开；vt. 移动；感动,,move.mp3,中考核心,2,,,中考考纲核心词汇,初中
theme,θim,n. 主题；主旋律；题目；adj. 以奇想主题布置的,,theme.mp3,中考核心,2,,,中考考纲核心词汇,初中
sad,sæd,adj. 难过的；悲哀的，令人悲痛的；凄惨的，阴郁的（形容颜色）,,sad.mp3,中考核心,2,,,中考考纲核心词汇,初中
nosebleed,ˈnoʊzˌblid,n. 鼻出血；衄血,,nosebleed.mp3,中考核心,2,,,中考考纲核心词汇,初中
sit,sɪt,vi. 坐；位于；vt. 使就座,,sit.mp3,中考核心,2,,,中考考纲核心词汇,初中
festival,ˈfɛstəvəl,n. 节日；庆祝，纪念活动；欢乐；adj. 节日的，喜庆的；快乐的,,festival.mp3,中考核心,2,,,中考考纲核心词汇,初中
achievement,əˈʧivmənt,n. 成就；完成；达到；成绩,,achievement.mp3,中考核心,2,,,中考考纲核心词汇,初中
interesting,ˈɪntrəstɪŋ,adj. 有趣的；引起兴趣的，令人关注的,,interesting.mp3,中考核心,2,,,中考考纲核心词汇,初中
supply,səˈplaɪ,n. 供给，补给；供应品；vt. 供给，提供；补充；vi. 供给；替代,,supply.mp3,中考核心,2,,,中考考纲核心词汇,初中
tiger,ˈtaɪɡər,n. 老虎；凶暴的人,,tiger.mp3,中考核心,2,,,中考考纲核心词汇,初中
freezing,ˈfrizɪŋ,adj. 冰冻的；严寒的；冷冻用的,,freezing.mp3,中考核心,2,,,中考考纲核心词汇,初中
geography,ʤiˈɑɡrəfi,n. 地理；地形,,geography.mp3,中考核心,2,,,中考考纲核心词汇,初中
run,rʌn,n. 奔跑；赛跑；趋向；奔跑的路程；vt. 管理，经营；运行；参赛；vi. 经营；奔跑；运转,,run.mp3,中考核心,2,,,中考考纲核心词汇,初中
story,ˈstɔri,n. 故事；小说；新闻报道；来历；假话；vt. 用历史故事画装饰；vi. 说谎,,story.mp3,中考核心,2,,,中考考纲核心词汇,初中
competitor,kəmˈpɛtətər,n. 竞争者，对手,,competitor.mp3,中考核心,2,,,中考考纲核心词汇,初中
glad,ɡlæd,adj. 高兴的；乐意的；令人高兴的；灿烂美丽的；vt. 使高兴,,glad.mp3,中考核心,2,,,中考考纲核心词汇,初中
attention,əˈtɛnʃən,n. 注意力；关心；立正！（口令）,,attention.mp3,中考核心,2,,,中考考纲核心词汇,初中
energy,ˈɛnərʤi,n.  能量；精力；活力；精神,,energy.mp3,中考核心,2,,,中考考纲核心词汇,初中
all,ɔl,n. 全部；adj. 全部的；adv. 全然地；越发；pron. 全部,,all.mp3,中考核心,2,,,中考考纲核心词汇,初中
tail,teɪl,n. 尾巴；踪迹；辫子；燕尾服；adj. 从后面而来的；尾部的；vt. 尾随；装上尾巴；vi. 跟踪；变少或缩小,,tail.mp3,中考核心,2,,,中考考纲核心词汇,初中
knowledgeable,ˈnɑləʤəbəl,adj. 知识渊博的，有知识的；有见识的；聪明的,,knowledgeable.mp3,中考核心,2,,,中考考纲核心词汇,初中
physics,ˈfɪzɪks,n. 物理学；物理现象,,physics.mp3,中考核心,2,,,中考考纲核心词汇,初中
final,ˈfaɪnəl,n. 决赛；期末考试；当日报纸的末版；adj. 最终的；决定性的；不可更改的,,final.mp3,中考核心,2,,,中考考纲核心词汇,初中
chicken,ˈʧɪkən,n. 鸡肉；小鸡；胆小鬼，懦夫；adj. 鸡肉的；胆怯的；幼小的,,chicken.mp3,中考核心,2,,,中考考纲核心词汇,初中
let,lɛt,vt. 允许，让；出租；假设；妨碍；vi. 出租；被承包；n. 障碍；出租屋,,let.mp3,中考核心,2,,,中考考纲核心词汇,初中
math,mæθ,n. 数学（等于mathematics）,,math.mp3,中考核心,2,,,中考考纲核心词汇,初中
shame,ʃeɪm,n. 羞耻，羞愧；憾事，带来耻辱的人；vt. 使丢脸，使羞愧,,shame.mp3,中考核心,2,,,中考考纲核心词汇,初中
out,aʊt,adv. 出现；在外；出局；出声地；不流行地；adj. 外面的；出局的；下台的；n. 出局；prep. 向；离去；vi. 出来；暴露；vt. 使熄灭；驱逐,,out.mp3,中考核心,2,,,中考考纲核心词汇,初中
lucky,ˈlʌki,adj. 幸运的；侥幸的,,lucky.mp3,中考核心,2,,,中考考纲核心词汇,初中
peaceful,ˈpisfəl,adj. 和平的，爱好和平的；平静的,,peaceful.mp3,中考核心,2,,,中考考纲核心词汇,初中
cow,kaʊ,n. 奶牛，母牛；母兽；vt. 威胁，恐吓,,cow.mp3,中考核心,2,,,中考考纲核心词汇,初中
paragliding,ˈpɛrəˌɡlaɪdɪŋ,n. 高崖跳伞运动；滑翔伞运动,,paragliding.mp3,中考核心,2,,,中考考纲核心词汇,初中
note,noʊt,n. 笔记；音符；票据；注解；纸币；便笺；照会；调子；vt. 注意；记录；注解,,note.mp3,中考核心,2,,,中考考纲核心词汇,初中
ladder,ˈlædər,n. 阶梯；途径；梯状物；vi. 成名；发迹；vt. 在……上装设梯子,,ladder.mp3,中考核心,2,,,中考考纲核心词汇,初中
close,kloʊs,n. 结束；adj. 紧密的；亲密的；亲近的；vt. 关；结束；使靠近；vi. 关；结束；关闭；adv. 紧密地,,close.mp3,中考核心,2,,,中考考纲核心词汇,初中
tidy,ˈtaɪdi,n. 椅子的背罩；adj. 整齐的；相当大的；vi. 整理；收拾；vt. 整理；收拾；弄整齐,,tidy.mp3,中考核心,2,,,中考考纲核心词汇,初中
music,ˈmjuzɪk,n. 音乐，乐曲,,music.mp3,中考核心,2,,,中考考纲核心词汇,初中
actor,ˈæktər,n. 男演员；行动者；作用物,,actor.mp3,中考核心,2,,,中考考纲核心词汇,初中
pale,peɪl,n. 前哨；栅栏；范围；adj. 苍白的；无力的；暗淡的；vt. 使失色；使变苍白；用栅栏围；vi. 失色；变苍白；变得暗淡,,pale.mp3,中考核心,2,,,中考考纲核心词汇,初中
unimportant,ənɪmˈpɔrtənt,adj. 不重要的；琐碎的,,unimportant.mp3,中考核心,2,,,中考考纲核心词汇,初中
speaker,ˈspikər,n. 演讲者；扬声器；说话者；说某种语言的人,,speaker.mp3,中考核心,2,,,中考考纲核心词汇,初中
coin,kɔɪn,n. 硬币，钱币；vt. 铸造（货币）；杜撰，创造,,coin.mp3,中考核心,2,,,中考考纲核心词汇,初中
raincoat,ˈreɪnˌkoʊt,n. （美）雨衣,,raincoat.mp3,中考核心,2,,,中考考纲核心词汇,初中
model,ˈmɑdəl,n. 模型；典型；模范；模特儿；样式；vt. 模拟；塑造；模仿；vi. 做模型；做模特儿；adj. 模范的；作模型用的,,model.mp3,中考核心,2,,,中考考纲核心词汇,初中
money,ˈmʌni,n. 钱；货币；财富,,money.mp3,中考核心,2,,,中考考纲核心词汇,初中
table,ˈteɪbəl,n. 桌子；表格；平地层；vt. 制表；搁置；嵌合；adj. 桌子的,,table.mp3,中考核心,2,,,中考考纲核心词汇,初中
lantern,ˈlæntərn,n. 灯笼；提灯；灯笼式天窗,,lantern.mp3,中考核心,2,,,中考考纲核心词汇,初中
achieve,əˈʧiv,vt. 取得；获得；实现；成功；vi. 达到预期的目的，实现预期的结果，如愿以偿,,achieve.mp3,中考核心,2,,,中考考纲核心词汇,初中
suggestion,səɡˈʤɛsʧən,n. 建议；示意；微量，细微的迹象,,suggestion.mp3,中考核心,2,,,中考考纲核心词汇,初中
animal,ˈænəməl,n. 动物；动物的,,animal.mp3,中考核心,2,,,中考考纲核心词汇,初中
worst,wɜrst,n. 最坏；最坏的时候；adj. 最差的，最坏的；最不利的；效能最低的；adv. 最坏地；最不利地,,worst.mp3,中考核心,2,,,中考考纲核心词汇,初中
paint,peɪnt,vt. 油漆；绘画；装饰；涂色于；描绘；（用语言，文字等）描写；擦脂粉等；vi. 油漆；描绘；绘画；化妆；n. 油漆；颜料，涂料；绘画作品；胭脂等化妆品；色彩，装饰,,paint.mp3,中考核心,2,,,中考考纲核心词汇,初中
examination,ɪɡˌzæməˈneɪʃən,n. 考试；检查；查问,,examination.mp3,中考核心,2,,,中考考纲核心词汇,初中
dragon,ˈdræɡən,n. 龙；凶暴的人，凶恶的人；严厉而有警觉性的女人,,dragon.mp3,中考核心,2,,,中考考纲核心词汇,初中
different,ˈdɪfərənt,adj. 不同的；个别的，与众不同的,,different.mp3,中考核心,2,,,中考考纲核心词汇,初中
answer,ˈænsər,n. 回答；答案；答辩；vt. 回答；符合；vi. 回答；符合,,answer.mp3,中考核心,2,,,中考考纲核心词汇,初中
hen,hɛn,n. 母鸡；女人；雌禽,,hen.mp3,中考核心,2,,,中考考纲核心词汇,初中
proud,praʊd,adj. 自豪的；得意的；自负的,,proud.mp3,中考核心,2,,,中考考纲核心词汇,初中
has,hæz,v. 有，吃，得到，从事，允许，雇用，享有（have的第三人称单数）；（亲属关系中）接受；拿；买到,,has.mp3,中考核心,2,,,中考考纲核心词汇,初中
whose,huz,pron. 谁的（疑问代词）,,whose.mp3,中考核心,2,,,中考考纲核心词汇,初中
neighbour,neighbour,n. n. 邻居;同胞；仁慈的人；vt. 邻接；vi. 住在邻近；毗邻；友善，和睦；adj. 邻居的；邻近的,,neighbour.mp3,中考核心,2,,,中考考纲核心词汇,初中
noise,nɔɪz,n.  噪音；响声；杂音；vt. 谣传；vi. 发出声音；大声议论,,noise.mp3,中考核心,2,,,中考考纲核心词汇,初中
Thursday,ˈθɜrzˌdeɪ,n. 星期四,,thursday.mp3,中考核心,2,,,中考考纲核心词汇,初中
brown,braʊn,n. 褐色，棕色；adj. 棕色的，褐色的；太阳晒黑的；vt. 使变成褐色；vi. 变成褐色,,brown.mp3,中考核心,2,,,中考考纲核心词汇,初中
bus,bʌs,n. 公共汽车；乘公共汽车,,bus.mp3,中考核心,2,,,中考考纲核心词汇,初中
eighty,ˈeɪti,num. 八十；n. 八十；八十岁；八十年代；adj. 八十的，八十个的；八十岁的,,eighty.mp3,中考核心,2,,,中考考纲核心词汇,初中
again,əˈɡɛn,adv. 又，此外；再一次；再说；增加；n. （英、保）阿盖恩,,again.mp3,中考核心,2,,,中考考纲核心词汇,初中
tourist,ˈtʊrəst,n. 旅行者，观光客；adj. 旅游的；vt. 在旅行参观；vi. 旅游；观光；adv. 坐旅游车厢；坐经济舱,,tourist.mp3,中考核心,2,,,中考考纲核心词汇,初中
coffee,ˈkɑfi,n. 咖啡；咖啡豆；咖啡色,,coffee.mp3,中考核心,2,,,中考考纲核心词汇,初中
location,loʊˈkeɪʃən,n. 位置（形容词locational）；地点；外景拍摄场地,,location.mp3,中考核心,2,,,中考考纲核心词汇,初中
prison,ˈprɪzən,n. 监狱；监禁；拘留所；vt. 监禁，关押,,prison.mp3,中考核心,2,,,中考考纲核心词汇,初中
its,ɪts,pron. 它的,,its.mp3,中考核心,2,,,中考考纲核心词汇,初中
anybody,ˈɛnibədi,n. 重要人物；pron. 任何人,,anybody.mp3,中考核心,2,,,中考考纲核心词汇,初中
January,ˈʤænjuˌɛri,n. 一月,,january.mp3,中考核心,2,,,中考考纲核心词汇,初中
standard,ˈstændərd,n. 标准；水准；旗；度量衡标准；adj. 标准的；合规格的；公认为优秀的,,standard.mp3,中考核心,2,,,中考考纲核心词汇,初中
dog,dɔɡ,n. 狗；丑女人；卑鄙的人；(俚)朋友；vt. 跟踪；尾随,,dog.mp3,中考核心,2,,,中考考纲核心词汇,初中
degree,dɪˈɡri,n. 程度，等级；度；学位；阶层,,degree.mp3,中考核心,2,,,中考考纲核心词汇,初中
house-warming,haʊs-ˈwɔrmɪŋ,n. 庆祝迁居的喜宴，乔迁喜宴,,house-warming.mp3,中考核心,2,,,中考考纲核心词汇,初中
among,əˈmʌŋ,prep. 在…中间；在…之中,,among.mp3,中考核心,2,,,中考考纲核心词汇,初中
across,əˈkrɔs,prep. 穿过；横穿；adv. 横过；在对面,,across.mp3,中考核心,2,,,中考考纲核心词汇,初中
oil,ɔɪl,n. 油；石油；油画颜料；vt. 加油；涂油；使融化；vi. 融化；加燃油,,oil.mp3,中考核心,2,,,中考考纲核心词汇,初中
pay,peɪ,n. 工资，薪水；付款；报答；vt. 支付，付；偿还，补偿；给予；vi. 付款；偿还；adj. 收费的；需付费的,,pay.mp3,中考核心,2,,,中考考纲核心词汇,初中
fun,fʌn,n. 乐趣；玩笑；有趣的人或事；adj. 供娱乐用的；vi. 开玩笑,,fun.mp3,中考核心,2,,,中考考纲核心词汇,初中
crazy,ˈkreɪzi,adj. 疯狂的；狂热的，着迷的,,crazy.mp3,中考核心,2,,,中考考纲核心词汇,初中
boss,bɑs,n. 老板；首领；工头；vt. 指挥，调遣；当…的领导；vi. 当首领，发号施令,,boss.mp3,中考核心,2,,,中考考纲核心词汇,初中
ivory,ˈaɪvəri,n. 象牙；乳白色；长牙；adj. 乳白色的；象牙制的,,ivory.mp3,中考核心,2,,,中考考纲核心词汇,初中
dress,drɛs,n. 连衣裙；女装；vt. 给…穿衣；vi. 穿衣,,dress.mp3,中考核心,2,,,中考考纲核心词汇,初中
coal,koʊl,n. 煤；煤块；木炭；vt. 给…加煤；把…烧成炭；vi. 上煤；加煤,,coal.mp3,中考核心,2,,,中考考纲核心词汇,初中
project,ˈprɑʤɛkt,n. 工程；计划；事业；vt. 设计；计划；发射；放映；vi. 设计；计划；表达；投射,,project.mp3,中考核心,2,,,中考考纲核心词汇,初中
line,laɪn,n. 路线，航线；排；绳；vt. 排成一行；划线于；以线条标示；使…起皱纹；vi. 排队；站成一排,,line.mp3,中考核心,2,,,中考考纲核心词汇,初中
home,hoʊm,n. 家，住宅；产地；家乡；避难所；adj. 国内的，家庭的；有效的；vt. 归巢，回家；adv. 在家，回家；深入地,,home.mp3,中考核心,2,,,中考考纲核心词汇,初中
red,rɛd,n. 红色，红颜料；赤字；adj. 红色的；红肿的，充血的,,red.mp3,中考核心,2,,,中考考纲核心词汇,初中
those,ðoʊz,adj. 那些的；pron. 那些（that的复数）,,those.mp3,中考核心,2,,,中考考纲核心词汇,初中
earth,ɜrθ,n. 地球；地表，陆地；土地，土壤；尘事，俗事；兽穴；vt. 把（电线） 接地；盖（土）；追赶入洞穴；vi. 躲进地洞,,earth.mp3,中考核心,2,,,中考考纲核心词汇,初中
delicious,dɪˈlɪʃəs,adj. 美味的；可口的,,delicious.mp3,中考核心,2,,,中考考纲核心词汇,初中
carelessly,ˈkɛrləsli,adv. 粗心地；不注意地；无忧无虑地,,carelessly.mp3,中考核心,2,,,中考考纲核心词汇,初中
itself,ɪtˈsɛlf,pron. 它自己；它本身,,itself.mp3,中考核心,2,,,中考考纲核心词汇,初中
documentary,ˌdɑkjəˈmɛntəri,n. 纪录片；adj. 记录的；文件的；记实的,,documentary.mp3,中考核心,2,,,中考考纲核心词汇,初中
soldier,ˈsoʊlʤər,n. 军人； 兵蚁；懒汉；一片烤面包；vi. 当兵；磨洋工；坚持干；假称害病,,soldier.mp3,中考核心,2,,,中考考纲核心词汇,初中
African,ˈæfrəkən,n. 非洲人；adj. 非洲的，非洲人的,,african.mp3,中考核心,2,,,中考考纲核心词汇,初中
bag,bæɡ,n. 袋；猎获物；（俚）一瓶啤酒；vt. 猎获；把…装入袋中；占据，私吞；使膨大；vi. 松垂,,bag.mp3,中考核心,2,,,中考考纲核心词汇,初中
wounded,ˈwundəd,n. 受伤者，伤员；v. 使受伤（wound的过去分词）；adj. 受伤的,,wounded.mp3,中考核心,2,,,中考考纲核心词汇,初中
balloon,bəˈlun,n. 气球；adj. 像气球般鼓起的；vt. 使像气球般鼓起；使激增；vi. 激增；膨胀如气球,,balloon.mp3,中考核心,2,,,中考考纲核心词汇,初中
caring,ˈkɛrɪŋ,v. 关心；照顾（care的现在分词）；adj. 有同情心的；表示或感到关怀或关心的,,caring.mp3,中考核心,2,,,中考考纲核心词汇,初中
friendly,ˈfrɛndli,adj. 友好的；亲切的；支持的；融洽的，和睦的；adv. 友善地；温和地,,friendly.mp3,中考核心,2,,,中考考纲核心词汇,初中
boil,bɔɪl,n. 沸腾，煮沸；疖子；vt. 煮沸，烧开；使…激动；使…蒸发；vi. 煮沸，沸腾；激动，激昂,,boil.mp3,中考核心,2,,,中考考纲核心词汇,初中
behaviour,behaviour,n. 行为；习性；运行状况（=behavior）,,behaviour.mp3,中考核心,2,,,中考考纲核心词汇,初中
fridge,frɪʤ,n. 电冰箱,,fridge.mp3,中考核心,2,,,中考考纲核心词汇,初中
brother,ˈbrʌðər,n. 兄弟；同事；战友；int. 我的老兄！,,brother.mp3,中考核心,2,,,中考考纲核心词汇,初中
clay,kleɪ,n.  粘土；泥土；肉体；似黏土的东西；vt. 用黏土处理,,clay.mp3,中考核心,2,,,中考考纲核心词汇,初中
duty,ˈduti,n. 责任； 关税；职务,,duty.mp3,中考核心,2,,,中考考纲核心词汇,初中
get,ɡɛt,n. 生殖；幼兽；vi. 成为；变得；到达；vt. 使得；获得；受到；变成,,get.mp3,中考核心,2,,,中考考纲核心词汇,初中
uncrowded,ʌnˈkraʊdəd,adj. 宽敞的；不拥挤的,,uncrowded.mp3,中考核心,2,,,中考考纲核心词汇,初中
soap,soʊp,n. 肥皂；vt. 将肥皂涂在……上；对……拍马屁（俚语）；vi. 用肥皂擦洗,,soap.mp3,中考核心,2,,,中考考纲核心词汇,初中
jazz,ʤæz,n. 爵士乐，爵士舞；喧闹；vi. 奏爵士乐，跳爵士舞；游荡；vt. 奏爵士乐；使活泼；adj. 爵士乐的；喧吵的,,jazz.mp3,中考核心,2,,,中考考纲核心词汇,初中
tea,ti,n. 茶叶；茶树；茶点；vt. 给…沏茶；vi. 喝茶；进茶点,,tea.mp3,中考核心,2,,,中考考纲核心词汇,初中
over,ˈoʊvər,adv. 结束；越过；从头到尾；prep. 越过；在…之上；遍于…之上；adj. 结束的；上面的；vt. 越过,,over.mp3,中考核心,2,,,中考考纲核心词汇,初中
fever,ˈfivər,n. 发烧，发热；狂热；vt. 使发烧；使狂热；使患热病；vi. 发烧；狂热；患热病,,fever.mp3,中考核心,2,,,中考考纲核心词汇,初中
purpose,ˈpɜrpəs,n. 目的；用途；意志；vt. 决心；企图；打算,,purpose.mp3,中考核心,2,,,中考考纲核心词汇,初中
tent,tɛnt,n. 帐篷；住处；帷幕；vt. 用帐篷遮盖；使在帐篷里住宿；vi. 住帐蓬；暂时居住,,tent.mp3,中考核心,2,,,中考考纲核心词汇,初中
someone,ˈsʌmˌwʌn,pron. 有人，某人,,someone.mp3,中考核心,2,,,中考考纲核心词汇,初中
so,soʊ,conj. 所以；因此；adv. 如此，这么；确是如此；pron. 这样,,so.mp3,中考核心,2,,,中考考纲核心词汇,初中
bowl,boʊl,n. 碗；木球；大酒杯；vt. 投球；旋转；平稳快速移动；vi. 玩保龄球；滑动；平稳快速移动,,bowl.mp3,中考核心,2,,,中考考纲核心词汇,初中
unable,əˈneɪbəl,adj. 不会的，不能的； 无能力的；不能胜任的,,unable.mp3,中考核心,2,,,中考考纲核心词汇,初中
historian,hɪˈstɔriən,n. 历史学家,,historian.mp3,中考核心,2,,,中考考纲核心词汇,初中
French,frɛnʧ,n. 法国人；法语；adj. 法国的；法语的；法国人的,,french.mp3,中考核心,2,,,中考考纲核心词汇,初中
fruit,frut,n. 水果；产物；vt. 使……结果实；vi. 结果实,,fruit.mp3,中考核心,2,,,中考考纲核心词汇,初中
countryside,ˈkʌntriˌsaɪd,n. 农村，乡下；乡下的全体居民,,countryside.mp3,中考核心,2,,,中考考纲核心词汇,初中
Canadian,kəˈneɪdiən,n. 加拿大人；adj. 加拿大（人）的,,canadian.mp3,中考核心,2,,,中考考纲核心词汇,初中
forever,fəˈrɛvər,adv. 永远；不断地；常常,,forever.mp3,中考核心,2,,,中考考纲核心词汇,初中
play,pleɪ,n. 游戏；比赛；剧本；vt. 游戏；扮演；演奏；播放；同…比赛；vi. 演奏；玩耍；上演；参加比赛,,play.mp3,中考核心,2,,,中考考纲核心词汇,初中
under,ˈʌndər,prep. 低于，少于；在...之下；adj. 下面的；从属的；adv. 在下面；在下方,,under.mp3,中考核心,2,,,中考考纲核心词汇,初中
beginning,bɪˈɡɪnɪŋ,n. 开始；起点；v. 开始；创建（begin的ing形式）,,beginning.mp3,中考核心,2,,,中考考纲核心词汇,初中
wave,weɪv,n. 波动；波浪；高潮；挥手示意；卷曲；vt. 卷（烫）发；向…挥手示意；使成波浪形；vi. 波动；起伏；挥手示意；摇动；呈波形,,wave.mp3,中考核心,2,,,中考考纲核心词汇,初中
decide,ˌdɪˈsaɪd,vi. 决定，下决心；vt. 决定；解决；判决,,decide.mp3,中考核心,2,,,中考考纲核心词汇,初中
window,ˈwɪndoʊ,n. 窗；窗口；窗户,,window.mp3,中考核心,2,,,中考考纲核心词汇,初中
twelve,twɛlv,num. 十二；十二个；n. 十二；十二个；adj. 十二的；十二个的,,twelve.mp3,中考核心,2,,,中考考纲核心词汇,初中
ourselves,aʊərˈsɛlvz,pron. 我们自己；我们亲自,,ourselves.mp3,中考核心,2,,,中考考纲核心词汇,初中
engineer,ˈɛnʤəˈnɪr,n. 工程师；工兵；火车司机；vt. 设计；策划；精明地处理；vi. 设计；建造,,engineer.mp3,中考核心,2,,,中考考纲核心词汇,初中
stadium,ˈsteɪdiəm,n. 体育场；露天大型运动场,,stadium.mp3,中考核心,2,,,中考考纲核心词汇,初中
herself,hərˈsɛlf,pron. 她自己（she的反身代词）；她亲自,,herself.mp3,中考核心,2,,,中考考纲核心词汇,初中
pet,pɛt,n. 宠物；生气；受宠爱的人；adj. 宠爱的；vt. 宠爱；vi. 生气；爱抚,,pet.mp3,中考核心,2,,,中考考纲核心词汇,初中
guidebook,ˈɡaɪdˌbʊk,n. 旅行指南；指导手册,,guidebook.mp3,中考核心,2,,,中考考纲核心词汇,初中
candle,ˈkændəl,n. 蜡烛；烛光；烛形物；vt. 对着光检查,,candle.mp3,中考核心,2,,,中考考纲核心词汇,初中
granddaughter,ˈɡrænˌdɔtər,n. 孙女；外孙女,,granddaughter.mp3,中考核心,2,,,中考考纲核心词汇,初中
lie,laɪ,vi. 躺；说谎；位于；展现；vt. 谎骗；n. 谎言；位置,,lie.mp3,中考核心,2,,,中考考纲核心词汇,初中
rise,raɪz,n. 上升；高地；增加；出现；vt. 使…飞起；使…浮上水面；vi. 上升；增强；起立；高耸,,rise.mp3,中考核心,2,,,中考考纲核心词汇,初中
crowded,ˈkraʊdəd,adj. 拥挤的；塞满的；v. 拥挤（crowd的过去分词）,,crowded.mp3,中考核心,2,,,中考考纲核心词汇,初中
total,ˈtoʊtəl,n. 总数，合计；adj. 全部的；完全的；整个的；vt. 总数达；vi. 合计,,total.mp3,中考核心,2,,,中考考纲核心词汇,初中
state,steɪt,n. 国家；州；情形；adj. 国家的；州的；正式的；vt. 规定；声明；陈述,,state.mp3,中考核心,2,,,中考考纲核心词汇,初中
shock,ʃɑk,n. 休克；震惊；震动；打击；禾束堆；adj. 浓密的；蓬乱的；vt. 使休克；使震惊；使震动；使受电击；把…堆成禾束堆；vi. 感到震惊；受到震动；堆成禾束堆,,shock.mp3,中考核心,2,,,中考考纲核心词汇,初中
dollar,ˈdɑlər,n. 美元,,dollar.mp3,中考核心,2,,,中考考纲核心词汇,初中
hurt,hɜrt,n. 痛苦；危害；痛苦的原因；vt. 使受伤；损害；使疼痛；使痛心；adj. 受伤的；痛苦的；受损的；vi. 感到疼痛；有坏处；带来痛苦,,hurt.mp3,中考核心,2,,,中考考纲核心词汇,初中
prize,praɪz,n. 奖品；奖赏；战利品；adj. 获奖的；vt. 珍视；捕获；估价,,prize.mp3,中考核心,2,,,中考考纲核心词汇,初中
overcome,ˈoʊvərˌkʌm,vt. 克服；胜过；vi. 克服；得胜,,overcome.mp3,中考核心,2,,,中考考纲核心词汇,初中
yellow,ˈjɛloʊ,n. 黄色；黄种人；黄色颜料；adj. 黄色的；黄皮肤的；vt. 使变黄或发黄；vi. 变黄或发黄,,yellow.mp3,中考核心,2,,,中考考纲核心词汇,初中
hide,haɪd,n. 躲藏；兽皮；躲藏处；vt. 隐藏；隐瞒；鞭打；vi. 隐藏,,hide.mp3,中考核心,2,,,中考考纲核心词汇,初中
ruler,ˈrulər,n. 尺；统治者； 划线板，划线的人,,ruler.mp3,中考核心,2,,,中考考纲核心词汇,初中
exam,ɪɡˈzæm,n. 考试；测验,,exam.mp3,中考核心,2,,,中考考纲核心词汇,初中
breakfast,ˈbrɛkfəst,n. 早餐；早饭；vt. 为…供应早餐；vi. 吃早餐,,breakfast.mp3,中考核心,2,,,中考考纲核心词汇,初中
want,wɑnt,n. 需要；缺乏；贫困；必需品；vt. 需要；希望；应该；缺少；vi. 需要；缺少,,want.mp3,中考核心,2,,,中考考纲核心词汇,初中
satisfaction,ˌsætəˈsfækʃən,n. 满意，满足；赔偿；乐事；赎罪,,satisfaction.mp3,中考核心,2,,,中考考纲核心词汇,初中
rude,rud,adj. 粗鲁的；无礼的；狂暴的；未开化的,,rude.mp3,中考核心,2,,,中考考纲核心词汇,初中
somewhere,ˈsʌmˌwɛr,n. 某个地方；adv. 在某处；到某处,,somewhere.mp3,中考核心,2,,,中考考纲核心词汇,初中
lawyer,ˈlɔjər,n. 律师；法学家,,lawyer.mp3,中考核心,2,,,中考考纲核心词汇,初中
zebra,ˈzibrə,n.  斑马；adj. 有斑纹的,,zebra.mp3,中考核心,2,,,中考考纲核心词汇,初中
stamp,stæmp,n. 邮票；印记；标志；跺脚；vt. 铭记；标出；盖章于…；贴邮票于…；用脚踩踏；vi. 跺脚；捣碎；毁掉,,stamp.mp3,中考核心,2,,,中考考纲核心词汇,初中
name,neɪm,n. 名称，名字；姓名；名誉；vt. 命名，任命；指定；称呼；提名；叫出；adj. 姓名的；据以取名的,,name.mp3,中考核心,2,,,中考考纲核心词汇,初中
green,ɡrin,n. 绿色；青春；adj. 绿色的；青春的；vt. 使…变绿色；vi. 变绿色,,green.mp3,中考核心,2,,,中考考纲核心词汇,初中
lend,lɛnd,vt. 贷；增添，提供；把……借给；vi. 贷款,,lend.mp3,中考核心,2,,,中考考纲核心词汇,初中
enter,ˈɛntər,n.  输入；回车；vt. 进入；开始；参加；vi. 参加，登场；进去,,enter.mp3,中考核心,2,,,中考考纲核心词汇,初中
excellent,ˈɛksələnt,adj. 卓越的；极好的；杰出的,,excellent.mp3,中考核心,2,,,中考考纲核心词汇,初中
girl,ɡɜrl,n. 女孩；姑娘，未婚女子；女职员，女演员；（男人的）女朋友；n. （捷）吉尔,,girl.mp3,中考核心,2,,,中考考纲核心词汇,初中
busy,ˈbɪzi,adj. 忙碌的；热闹的；正被占用的；vt. 使忙于,,busy.mp3,中考核心,2,,,中考考纲核心词汇,初中
classic,ˈklæsɪk,n. 名著；经典著作；大艺术家；adj. 经典的；古典的，传统的；最优秀的,,classic.mp3,中考核心,2,,,中考考纲核心词汇,初中
product,ˈprɑdəkt,n. 产品；结果； 乘积；作品,,product.mp3,中考核心,2,,,中考考纲核心词汇,初中
ride,raɪd,n. 骑；乘坐；交通工具；可供骑行的路；（乘坐汽车等的）旅行；乘骑；（乘车或骑车的）短途旅程；供乘骑的游乐设施；vi. 骑马；乘车；依靠；漂浮；vt. 骑；乘；控制；（骑马、自行车等,,ride.mp3,中考核心,2,,,中考考纲核心词汇,初中
brand,brænd,n. 商标，牌子；烙印；vt. 铭刻于，铭记；打烙印于；印…商标于,,brand.mp3,中考核心,2,,,中考考纲核心词汇,初中
waiter,ˈweɪtər,n. 服务员，侍者,,waiter.mp3,中考核心,2,,,中考考纲核心词汇,初中
invitation,ˌɪnvɪˈteɪʃən,n. 邀请；引诱；请帖；邀请函,,invitation.mp3,中考核心,2,,,中考考纲核心词汇,初中
rabbit,ˈræbət,n. 兔子，野兔；vt. 让…见鬼去吧；vi. 猎兔,,rabbit.mp3,中考核心,2,,,中考考纲核心词汇,初中
admire,ædˈmaɪr,vt. 钦佩；赞美；vi. 钦佩；称赞,,admire.mp3,中考核心,2,,,中考考纲核心词汇,初中
photo,ˈfoʊˌtoʊ,n. 照片,,photo.mp3,中考核心,2,,,中考考纲核心词汇,初中
towel,ˈtaʊəl,n. 毛巾，手巾； 纸巾；vi. 用毛巾擦干身体；vt. 用毛巾擦,,towel.mp3,中考核心,2,,,中考考纲核心词汇,初中
flower,ˈflaʊər,n. 花；精华；开花植物；vt. 使开花；用花装饰；vi. 成熟，发育；开花；繁荣；旺盛,,flower.mp3,中考核心,2,,,中考考纲核心词汇,初中
almost,ˈɔlˌmoʊst,adv. 差不多，几乎,,almost.mp3,中考核心,2,,,中考考纲核心词汇,初中
black,blæk,n. 黑色；黑人；黑颜料；adj. 黑色的；黑人的；邪恶的；vt. 使变黑；把鞋油等涂在…上；把（眼眶）打成青肿；vi. 变黑,,black.mp3,中考核心,2,,,中考考纲核心词汇,初中
progress,ˈprɑˌɡrɛs,n. 进步，发展；前进；vi. 前进，进步；进行,,progress.mp3,中考核心,2,,,中考考纲核心词汇,初中
deep,dip,n. 深处；深渊；adj. 深的；低沉的；深奥的；adv. 深入地；深深地；迟,,deep.mp3,中考核心,2,,,中考考纲核心词汇,初中
stone,stoʊn,n. 石头；结石； 宝石；adj. 石的，石制的；vt. 向扔石块；用石头铺,,stone.mp3,中考核心,2,,,中考考纲核心词汇,初中
chess,ʧɛs,n. 国际象棋，西洋棋,,chess.mp3,中考核心,2,,,中考考纲核心词汇,初中
badly,ˈbædli,adv. 非常，很；严重地，厉害地；恶劣地,,badly.mp3,中考核心,2,,,中考考纲核心词汇,初中
teach,tiʧ,vt. 教；教授；教导；vi. 教授；讲授；当老师,,teach.mp3,中考核心,2,,,中考考纲核心词汇,初中
illness,ˈɪlnəs,n. 病；疾病,,illness.mp3,中考核心,2,,,中考考纲核心词汇,初中
material,məˈtɪriəl,adj. 重要的；物质的，实质性的；肉体的；n. 材料，原料；物资；布料,,material.mp3,中考核心,2,,,中考考纲核心词汇,初中
strong,strɔŋ,adj. 坚强的；强壮的；牢固的；擅长的；adv. 强劲地；猛烈地,,strong.mp3,中考核心,2,,,中考考纲核心词汇,初中
remaining,rɪˈmeɪnɪŋ,adj. 剩下的，剩余的,,remaining.mp3,中考核心,2,,,中考考纲核心词汇,初中
married,ˈmɛrid,adj. 已婚的，有配偶的；婚姻的，夫妇的；密切结合的；n. 已婚者；v. 结婚，与…结婚（marry的过去式）,,married.mp3,中考核心,2,,,中考考纲核心词汇,初中
certain,ˈsɜrtən,adj. 某一；必然的；确信；无疑的；有把握的；pron. 某些；某几个,,certain.mp3,中考核心,2,,,中考考纲核心词汇,初中
Christmas,ˈkrɪsməs,n. 圣诞节；圣诞节期间,,christmas.mp3,中考核心,2,,,中考考纲核心词汇,初中
broken,ˈbroʊkən,v. 折断；打碎；损坏（break的过去分词）；adj. 破碎的；坏掉的,,broken.mp3,中考核心,2,,,中考考纲核心词汇,初中
goodbye,ˌɡʊdˈbaɪ,int. 再见；放弃；告别,,goodbye.mp3,中考核心,2,,,中考考纲核心词汇,初中
community,kəmˈjunəti,n. 社区； 群落；共同体；团体,,community.mp3,中考核心,2,,,中考考纲核心词汇,初中
gravy,ˈɡreɪvi,n. 肉汁；不法利润；轻易得来的钱,,gravy.mp3,中考核心,2,,,中考考纲核心词汇,初中
globe,ɡloʊb,n. 地球；地球仪；球体；vt. 使…成球形；vi. 成球状,,globe.mp3,中考核心,2,,,中考考纲核心词汇,初中
really,ˈrɪli,adv. 实际上，事实上；真正地，真实地；真的吗？（表语气）,,really.mp3,中考核心,2,,,中考考纲核心词汇,初中
cook,kʊk,n. 厨师，厨子；vt. 烹调，煮；vi. 烹调，做菜,,cook.mp3,中考核心,2,,,中考考纲核心词汇,初中
difference,ˈdɪfərəns,n. 差异；不同；争执,,difference.mp3,中考核心,2,,,中考考纲核心词汇,初中
popularity,ˌpɑpjəˈlɛrəti,n. 普及，流行；名气；受大众欢迎,,popularity.mp3,中考核心,2,,,中考考纲核心词汇,初中
several,ˈsɛvrəl,adj. 几个的；各自的；pron. 几个；数个,,several.mp3,中考核心,2,,,中考考纲核心词汇,初中
wolf,wʊlf,n. 狼；色狼；残忍贪婪之人；vt. 大吃；狼吞虎咽地吃,,wolf.mp3,中考核心,2,,,中考考纲核心词汇,初中
part,pɑrt,n. 部分；角色；零件；一些；片段；adj. 部分的；vt. 分离；分配；分开；adv. 部分地；vi. 断裂；分手,,part.mp3,中考核心,2,,,中考考纲核心词汇,初中
character,ˈkɛrɪktər,n. 性格，品质；特性；角色； 字符；vt. 印，刻；使具有特征,,character.mp3,中考核心,2,,,中考考纲核心词汇,初中
jacket,ˈʤækət,n. 羽绒滑雪衫；西装短外套；短上衣，夹克；土豆皮；书籍的护封；文件套，公文夹；vt. 给…穿夹克；给…装护套；给…包上护封；打,,jacket.mp3,中考核心,2,,,中考考纲核心词汇,初中
leaf,lif,n. 叶子；（书籍等的）一张；扇页；vi. 生叶；翻书页；vt. 翻…的页，匆匆翻阅,,leaf.mp3,中考核心,2,,,中考考纲核心词汇,初中
hospital,ˈhɑˌspɪtəl,n. 医院,,hospital.mp3,中考核心,2,,,中考考纲核心词汇,初中
goat,ɡoʊt,n. 山羊；替罪羊（美俚）；色鬼（美俚）,,goat.mp3,中考核心,2,,,中考考纲核心词汇,初中
embarrassed,ɪmˈbɛrəst,v. 使...困窘；使...局促不安（embarrass的过去分词形式）；adj. 尴尬的；窘迫的,,embarrassed.mp3,中考核心,2,,,中考考纲核心词汇,初中
raise,reɪz,n. 高地；上升；加薪；vt. 提高；筹集；养育；升起；vi. 上升,,raise.mp3,中考核心,2,,,中考考纲核心词汇,初中
lot,lɑt,n. 份额；许多；命运；阄；adv. （与形容词和副词连用）很，非常；（与动词连用）非常；pron. 大量，许多；vt. 分组，把…划分（常与out连用）；把（土地）划分成块；vi. 抽签，拈阄,,lot.mp3,中考核心,2,,,中考考纲核心词汇,初中
memorize,ˈmɛməˌraɪz,vt. 记住，背熟；记忆,,memorize.mp3,中考核心,2,,,中考考纲核心词汇,初中
taste,teɪst,n. 味道；品味；审美；vt. 尝；体验；vi. 尝起来；有…的味道,,taste.mp3,中考核心,2,,,中考考纲核心词汇,初中
electricity,ɪˌlɛkˈtrɪsəti,n. 电力；电流；强烈的紧张情绪,,electricity.mp3,中考核心,2,,,中考考纲核心词汇,初中
dessert,dɪˈzɜrt,n. 餐后甜点；甜点心,,dessert.mp3,中考核心,2,,,中考考纲核心词汇,初中
valley,ˈvæli,n. 山谷；流域；溪谷,,valley.mp3,中考核心,2,,,中考考纲核心词汇,初中
collection,kəˈlɛkʃən,n. 采集，聚集； 征收；收藏品；募捐,,collection.mp3,中考核心,2,,,中考考纲核心词汇,初中
night,naɪt,n. 夜晚，晚上；黑暗，黑夜；adj. 夜晚的，夜间的,,night.mp3,中考核心,2,,,中考考纲核心词汇,初中
calendar,ˈkæləndər,n. 日历； 历法；日程表；vt. 将…列入表中；将…排入日程表,,calendar.mp3,中考核心,2,,,中考考纲核心词汇,初中
underwear,ˈʌndərˌwɛr,n. 内衣物,,underwear.mp3,中考核心,2,,,中考考纲核心词汇,初中
musician,mjuˈzɪʃən,n. 音乐家,,musician.mp3,中考核心,2,,,中考考纲核心词汇,初中
win,wɪn,n. 赢；胜利；vt. 赢得；在…中获胜；劝诱；vi. 赢；获胜；成功,,win.mp3,中考核心,2,,,中考考纲核心词汇,初中
regret,rəˈɡrɛt,n. 遗憾；抱歉；悲叹；vi. 感到后悔；感到抱歉；vt. 后悔；惋惜；哀悼,,regret.mp3,中考核心,2,,,中考考纲核心词汇,初中
refuse,rɪˈfjuz,n. 垃圾；废物；vi. 拒绝；vt. 拒绝；不愿；抵制,,refuse.mp3,中考核心,2,,,中考考纲核心词汇,初中
palace,ˈpæləs,n. 宫殿；宅邸；豪华住宅,,palace.mp3,中考核心,2,,,中考考纲核心词汇,初中
printer,ˈprɪntər,n.  打印机；印刷工；印花工,,printer.mp3,中考核心,2,,,中考考纲核心词汇,初中
welcome,ˈwɛlkəm,n. 欢迎；vt. 欢迎；adj. 受欢迎的；int. 欢迎,,welcome.mp3,中考核心,2,,,中考考纲核心词汇,初中
scarf,skɑrf,n. 围巾；嵌接，嵌接处；头巾领巾；vt. 披嵌接；用围巾围,,scarf.mp3,中考核心,2,,,中考考纲核心词汇,初中
city,ˈsɪti,n. 城市，都市；adj. 城市的；都会的,,city.mp3,中考核心,2,,,中考考纲核心词汇,初中
daytime,ˈdeɪˌtaɪm,n. 日间，白天,,daytime.mp3,中考核心,2,,,中考考纲核心词汇,初中
October,ɑkˈtoʊbər,n.  十月,,october.mp3,中考核心,2,,,中考考纲核心词汇,初中
begin,bɪˈɡɪn,vi. 开始；首先；vt. 开始,,begin.mp3,中考核心,2,,,中考考纲核心词汇,初中
hall,hɔl,n. 过道，门厅，走廊；会堂；食堂；学生宿舍；大厅，前厅；娱乐中心，会所,,hall.mp3,中考核心,2,,,中考考纲核心词汇,初中
deaf,dɛf,adj. 聋的,,deaf.mp3,中考核心,2,,,中考考纲核心词汇,初中
steel,stil,n. 钢铁；钢制品；坚固；adj. 钢制的；钢铁业的；坚强的；vt. 钢化；使冷酷,,steel.mp3,中考核心,2,,,中考考纲核心词汇,初中
rose,roʊz,n. 玫瑰；粉红色；蔷薇（花）；粉红色的葡萄酒；adj. 玫瑰花的；玫瑰色的；粉红色的；带有玫瑰香味的；vt. 使成玫瑰色，使（面颊）发红；使有玫瑰香味；vi. 起义( rise的过去式)；升起；（,,rose.mp3,中考核心,2,,,中考考纲核心词汇,初中
fit,fɪt,n. 合身；发作；痉挛；adj. 健康的；合适的；恰当的；准备好的；vt. 安装；使……适应；使……合身；与……相符；vi. 符合，配合；适合；合身,,fit.mp3,中考核心,2,,,中考考纲核心词汇,初中
pea,pi,n. 豌豆,,pea.mp3,中考核心,2,,,中考考纲核心词汇,初中
success,səkˈsɛs,n. 成功，成就；胜利；大获成功的人或事物,,success.mp3,中考核心,2,,,中考考纲核心词汇,初中
less,lɛs,adv. 较少地；较小地；更小地；adj. 较少的；较小的；prep. 减去；n. 较少；较小,,less.mp3,中考核心,2,,,中考考纲核心词汇,初中
e-mail,i-meɪl,找不到解释,,e-mail.mp3,中考核心,2,,,中考考纲核心词汇,初中
interview,ˈɪntərˌvju,n. 接见，采访；面试，面谈；vt. 采访；接见；对…进行面谈；对某人进行面试,,interview.mp3,中考核心,2,,,中考考纲核心词汇,初中
Saturday,ˈsætərˌdeɪ,n. 星期六,,saturday.mp3,中考核心,2,,,中考考纲核心词汇,初中
neck,nɛk,n. 脖子；衣领；海峡；vi. 搂著脖子亲吻；变狭窄；vt. 使变细；与…搂著脖子亲吻,,neck.mp3,中考核心,2,,,中考考纲核心词汇,初中
complete,kəmˈplit,adj. 完整的；完全的；彻底的；vt. 完成,,complete.mp3,中考核心,2,,,中考考纲核心词汇,初中
widely,ˈwaɪdli,adv. 广泛地,,widely.mp3,中考核心,2,,,中考考纲核心词汇,初中
proper,ˈprɑpər,adj. 适当的；本身的；特有的；正派的；adv. 完全地,,proper.mp3,中考核心,2,,,中考考纲核心词汇,初中
below,bɪˈloʊ,prep. 在…下面；adv. 在下面，在较低处；在本页下面,,below.mp3,中考核心,2,,,中考考纲核心词汇,初中
pronunciation,prəˌnʌnsiˈeɪʃən,n. 发音；读法,,pronunciation.mp3,中考核心,2,,,中考考纲核心词汇,初中
argue,ˈɑrɡju,vi. 争论，辩论；提出理由；vt. 辩论，争论；证明；说服,,argue.mp3,中考核心,2,,,中考考纲核心词汇,初中
care,kɛr,n. 关怀；照料；谨慎；忧虑；vt. 在意；希望或喜欢；vi. 照顾；关心；喜爱；顾虑,,care.mp3,中考核心,2,,,中考考纲核心词汇,初中
hungry,ˈhʌŋɡri,adj. 饥饿的；渴望的；荒年的；不毛的,,hungry.mp3,中考核心,2,,,中考考纲核心词汇,初中
grandson,ˈɡrændˌsʌn,n. 孙子；外孙,,grandson.mp3,中考核心,2,,,中考考纲核心词汇,初中
worse,wɜrs,n. 更坏的事；更恶劣的事；adj. 更坏的；更差的；更恶劣的（bad的比较级）；（病情）更重的（ill的比较级）；adv. 更糟；更坏；更恶劣地；更坏地,,worse.mp3,中考核心,2,,,中考考纲核心词汇,初中
Canada,ˈkænədə,n. 加拿大（北美洲国家）,,canada.mp3,中考核心,2,,,中考考纲核心词汇,初中
mystery,ˈmɪstəri,n. 秘密，谜；神秘，神秘的事物；推理小说，推理剧；常作 mysteries 秘技，秘诀,,mystery.mp3,中考核心,2,,,中考考纲核心词汇,初中
meeting,ˈmitɪŋ,n. 会议；会见；集会；汇合点；v. 会面；会合（meet的ing形式）,,meeting.mp3,中考核心,2,,,中考考纲核心词汇,初中
resolution,ˌrɛzəˈluʃən,n.  分辨率；决议；解决；决心,,resolution.mp3,中考核心,2,,,中考考纲核心词汇,初中
notebook,ˈnoʊtˌbʊk,n. 笔记本，笔记簿；手册,,notebook.mp3,中考核心,2,,,中考考纲核心词汇,初中
brush,brʌʃ,n. 刷子；画笔；毛笔；争吵；与某人有效冲突；灌木丛地带；矮树丛；狐狸尾巴；vi. 刷；擦过；掠过；（经过时）轻触；vt. 刷；画；,,brush.mp3,中考核心,2,,,中考考纲核心词汇,初中
up,ʌp,prep. 在…之上；向…的较高处；n. 上升；繁荣；adj. 涨的；起床的；向上的；adv. 起来；上涨；向上,,up.mp3,中考核心,2,,,中考考纲核心词汇,初中
development,dɪˈvɛləpmənt,n. 发展；开发；发育；住宅小区（专指由同一开发商开发的）； 显影,,development.mp3,中考核心,2,,,中考考纲核心词汇,初中
jump,ʤʌmp,n. 跳跃；暴涨；惊跳；vt. 跳跃；使跳跃；跳过；突升；vi. 跳跃；暴涨；猛增,,jump.mp3,中考核心,2,,,中考考纲核心词汇,初中
same,seɪm,adj. 相同的；同一的；上述的（通常与the连用）；无变化的；adv. 同样地（通常与the连用）；pron. 同样的事物或人（通常与the连用）,,same.mp3,中考核心,2,,,中考考纲核心词汇,初中
school,skul,n. 学校；学院；学派；鱼群；vt. 教育,,school.mp3,中考核心,2,,,中考考纲核心词汇,初中
recently,ˈrisəntli,adv. 最近；新近,,recently.mp3,中考核心,2,,,中考考纲核心词汇,初中
see,si,vi. 看；看见；领会；vt. 看见；理解；领会,,see.mp3,中考核心,2,,,中考考纲核心词汇,初中
probably,ˈprɑbəbli,adv. 大概；或许；很可能,,probably.mp3,中考核心,2,,,中考考纲核心词汇,初中
bye,baɪ,n. 轮空；次要的东西；int. 再见；adj. 次要的,,bye.mp3,中考核心,2,,,中考考纲核心词汇,初中
nobody,ˈnoʊˌbɑˌdi,pron. 无人，没有人；没有任何人；n. 无名小卒；小人物,,nobody.mp3,中考核心,2,,,中考考纲核心词汇,初中
symbol,ˈsɪmbəl,n. 象征；符号；标志,,symbol.mp3,中考核心,2,,,中考考纲核心词汇,初中
dolphin,ˈdɑlfən,n. 海豚,,dolphin.mp3,中考核心,2,,,中考考纲核心词汇,初中
with,wɪð,prep. 用；随着；支持；和…在一起,,with.mp3,中考核心,2,,,中考考纲核心词汇,初中
in,ɪn,prep. 按照（表示方式）；从事于；在…之内；n. 执政者；门路；知情者；adj. 在里面的；时髦的；adv. 进入；当选；（服装等）时髦；在屋里,,in.mp3,中考核心,2,,,中考考纲核心词汇,初中
central,ˈsɛntrəl,n. 电话总机；adj. 中心的；主要的；中枢的,,central.mp3,中考核心,2,,,中考考纲核心词汇,初中
grandparent,ˈɡrændˌpɛrənt,n. 祖父母；祖父或祖母；外祖父母；外祖父或外祖母,,grandparent.mp3,中考核心,2,,,中考考纲核心词汇,初中
instruction,ɪnˈstrʌkʃən,n. 指令，命令；指示；教导；用法说明,,instruction.mp3,中考核心,2,,,中考考纲核心词汇,初中
sorry,ˈsɑri,adj. 遗憾的；对不起的，抱歉的；int. 对不起，抱歉（表示委婉的拒绝等）,,sorry.mp3,中考核心,2,,,中考考纲核心词汇,初中
zoo,zu,n. 动物园; <美俚>（铁路货车的最后一节）守车; <美俚>核粒子园,,zoo.mp3,中考核心,2,,,中考考纲核心词汇,初中
owner,ˈoʊnər,n.  所有者；物主,,owner.mp3,中考核心,2,,,中考考纲核心词汇,初中
novel,ˈnɑvəl,adj. 新奇的；异常的；n. 小说,,novel.mp3,中考核心,2,,,中考考纲核心词汇,初中
light,laɪt,n. 光；光线；灯；打火机；领悟；浅色；天窗；adj. 轻的；浅色的；明亮的；轻松的；容易的；清淡的；vi. 点着；变亮；着火；vt. 照亮；点燃；着火；adv. 轻地；清楚地；轻便地,,light.mp3,中考核心,2,,,中考考纲核心词汇,初中
shape,ʃeɪp,n. 形状；模型；身材；具体化；vt. 形成；塑造，使成形；使符合；vi. 形成；成形；成长,,shape.mp3,中考核心,2,,,中考考纲核心词汇,初中
art,ɑrt,n. 艺术；美术；艺术品；v. 是（be的变体）；adj. 艺术的；艺术品的,,art.mp3,中考核心,2,,,中考考纲核心词汇,初中
example,ɪɡˈzæmpəl,n. 例子；榜样；vt. 作为…的例子；为…做出榜样；vi. 举例,,example.mp3,中考核心,2,,,中考考纲核心词汇,初中
press,prɛs,n. 压；按；新闻；出版社； 印刷机；vt. 压；按；逼迫；紧抱；vi. 压；逼；重压,,press.mp3,中考核心,2,,,中考考纲核心词汇,初中
face,feɪs,n. 脸；表面；面子；面容；外观；威信；vi. 向；朝；vt. 面对；面向；承认；抹盖,,face.mp3,中考核心,2,,,中考考纲核心词汇,初中
store,stɔr,n. 商店；储备，贮藏；仓库；vt. 贮藏，储存,,store.mp3,中考核心,2,,,中考考纲核心词汇,初中
cabbage,ˈkæbəʤ,n. 卷心菜，甘蓝菜，洋白菜；（俚)脑袋；（非正式、侮辱）植物人（常用于英式英语）；（俚）钱，尤指纸币（常用于美式俚语）,,cabbage.mp3,中考核心,2,,,中考考纲核心词汇,初中
stranger,ˈstreɪnʤər,n. 陌生人；外地人；局外人,,stranger.mp3,中考核心,2,,,中考考纲核心词汇,初中
pencil,ˈpɛnsəl,n. 铅笔；笔状物；vt. 用铅笔写；用眉笔涂；vi. 成铅笔状,,pencil.mp3,中考核心,2,,,中考考纲核心词汇,初中
surprised,sərˈpraɪzd,v. 使惊奇（surprise的过去分词形式）；adj. 感到惊讶的，出人意料的,,surprised.mp3,中考核心,2,,,中考考纲核心词汇,初中
shyness,ˈʃaɪnəs,n. 羞怯,,shyness.mp3,中考核心,2,,,中考考纲核心词汇,初中
insect,ˈɪnˌsɛkt,n. 昆虫；卑鄙的人,,insect.mp3,中考核心,2,,,中考考纲核心词汇,初中
postcard,ˈpoʊstˌkɑrd,n. 明信片,,postcard.mp3,中考核心,2,,,中考考纲核心词汇,初中
rat,ræt,n. 鼠；卑鄙小人，叛徒；vi. 捕鼠；背叛，告密,,rat.mp3,中考核心,2,,,中考考纲核心词汇,初中
be,bi,vt. 是； 有，存在； 做，成为； 发生,,be.mp3,中考核心,2,,,中考考纲核心词汇,初中
sir,sɜr,n. 先生；（用于姓名前）爵士；阁下；（中小学生对男教师的称呼）先生；老师,,sir.mp3,中考核心,2,,,中考考纲核心词汇,初中
gentle,ˈʤɛntəl,n. 蛆，饵；adj. 温和的；文雅的；vt. 使温和，使驯服,,gentle.mp3,中考核心,2,,,中考考纲核心词汇,初中
congratulation,kənˌɡræʧəˈleɪʃən,n. 祝贺；贺辞,,congratulation.mp3,中考核心,2,,,中考考纲核心词汇,初中
think,θɪŋk,n. 想；想法；adj. 思想的；vi. 想；认为；vt. 想；认为；想起；想像；打算,,think.mp3,中考核心,2,,,中考考纲核心词汇,初中
popcorn,ˈpɑpˌkɔrn,n. 爆米花，爆玉米花,,popcorn.mp3,中考核心,2,,,中考考纲核心词汇,初中
including,ɪnˈkludɪŋ,prep. 包含，包括,,including.mp3,中考核心,2,,,中考考纲核心词汇,初中
request,rɪˈkwɛst,n. 请求；需要；vt. 要求，请求,,request.mp3,中考核心,2,,,中考考纲核心词汇,初中
daughter,ˈdɔtər,n. 女儿； 子代；adj. 女儿的；子代的,,daughter.mp3,中考核心,2,,,中考考纲核心词汇,初中
Thanksgiving,ˌθæŋksˈɡɪvɪŋ,找不到解释,,thanksgiving.mp3,中考核心,2,,,中考考纲核心词汇,初中
honey,ˈhʌni,n. 蜂蜜；宝贝；甜蜜；adj. 甘美的；蜂蜜似的；vt. 对…说甜言蜜语；加蜜使甜；vi. 奉承；说甜言蜜语,,honey.mp3,中考核心,2,,,中考考纲核心词汇,初中
bother,ˈbɑðər,n. 麻烦；烦恼；vt. 烦扰，打扰；使……不安；使……恼怒；vi. 操心，麻烦；烦恼,,bother.mp3,中考核心,2,,,中考考纲核心词汇,初中
ice,aɪs,n. 冰；冰淇淋；矜持；（俚）钻石；adj. 冰的；vt. 冰镇；结冰；vi. 结冰,,ice.mp3,中考核心,2,,,中考考纲核心词汇,初中
height,haɪt,n. 高地；高度；身高；顶点,,height.mp3,中考核心,2,,,中考考纲核心词汇,初中
feel,fil,n. 感觉；触摸；vi. 觉得；摸索；vt. 感觉；认为；触摸；试探,,feel.mp3,中考核心,2,,,中考考纲核心词汇,初中
organize,ˈɔrɡəˌnaɪz,vt. 组织；使有系统化；给予生机；组织成立工会等；vi. 组织起来；成立组织,,organize.mp3,中考核心,2,,,中考考纲核心词汇,初中
because,bɪˈkɔz,conj. 因为,,because.mp3,中考核心,2,,,中考考纲核心词汇,初中
camp,kæmp,n. 露营；vt. 扎营；使扎营；vi. 露营；扎营,,camp.mp3,中考核心,2,,,中考考纲核心词汇,初中
fourth,fɔrθ,num. 第四；n. 第四，月的第四日；四分之一；adj. 第四的，第四个的；四分之一的,,fourth.mp3,中考核心,2,,,中考考纲核心词汇,初中
European,ˌjʊrəˈpiən,n. 欧洲人；adj. 欧洲的；欧洲人的,,european.mp3,中考核心,2,,,中考考纲核心词汇,初中
information,ˌɪnfərˈmeɪʃən,n. 信息，资料；知识；情报；通知,,information.mp3,中考核心,2,,,中考考纲核心词汇,初中
grade,ɡreɪd,n. 年级；等级；成绩；级别；阶段；vt. 评分；把…分等级；vi. 分等级；逐渐变化,,grade.mp3,中考核心,2,,,中考考纲核心词汇,初中
queue,kju,n. 队列；长队；辫子；vt. 将…梳成辫子；使…排队；vi. 排队；排队等候,,queue.mp3,中考核心,2,,,中考考纲核心词汇,初中
whom,hum,pron. 谁（who的宾格）,,whom.mp3,中考核心,2,,,中考考纲核心词汇,初中
write,raɪt,vi. 写，写字；写作，作曲；写信；vt. 写，书写；写信给；著述,,write.mp3,中考核心,2,,,中考考纲核心词汇,初中
along,əˈlɔŋ,prep. 沿着；顺着；adv. 一起；向前；来到,,along.mp3,中考核心,2,,,中考考纲核心词汇,初中
football,ˈfʊtˌbɔl,n. 足球，橄榄球；vi. 踢足球；打橄榄球,,football.mp3,中考核心,2,,,中考考纲核心词汇,初中
mouth,maʊθ,n. 口，嘴；河口；vt. 做作地说，装腔作势地说；喃喃地说出；vi. 装腔作势说话,,mouth.mp3,中考核心,2,,,中考考纲核心词汇,初中
tie,taɪ,n. 领带；平局；鞋带；领结；不分胜负；vi. 打结；不分胜负；被用带（或绳子等）系住；vt. 系；约束；打结；与…成平局,,tie.mp3,中考核心,2,,,中考考纲核心词汇,初中
gift,ɡɪft,n. 礼物；天赋；赠品；vt. 赋予；向…赠送,,gift.mp3,中考核心,2,,,中考考纲核心词汇,初中
sound,saʊnd,n. 声音，语音；噪音；海峡；吵闹；听力范围； 探条；adj. 健全的，健康的；合理的；可靠的；有效彻底的；vt. 听（诊）；测量，测…深；使发声；试探；宣告；vi. 听起来；发出声音；回响,,sound.mp3,中考核心,2,,,中考考纲核心词汇,初中
gate,ɡeɪt,n. 大门；出入口；门道；vt. 给…装大门,,gate.mp3,中考核心,2,,,中考考纲核心词汇,初中
China,ˈʧaɪnə,n. 中国；n. china，瓷器；adj. 中国的；中国制造的；adj. china，瓷制的,,china.mp3,中考核心,2,,,中考考纲核心词汇,初中
completely,kəmˈplitli,adv. 完全地，彻底地；完整地,,completely.mp3,中考核心,2,,,中考考纲核心词汇,初中
news,nuz,n. 新闻，消息；新闻报导,,news.mp3,中考核心,2,,,中考考纲核心词汇,初中
will,wɪl,n. 意志；决心；情感；遗嘱；意图；心愿；vt. 决心要；遗赠；用意志力使；vi. 愿意；下决心；aux. 将；愿意；必须,,will.mp3,中考核心,2,,,中考考纲核心词汇,初中
president,ˈprɛzəˌdɛnt,n. 总统；董事长；校长；主席,,president.mp3,中考核心,2,,,中考考纲核心词汇,初中
fish,fɪʃ,n. 鱼，鱼类；vt. 钓鱼，捕鱼；搜寻；vi. 捕鱼，钓鱼；用钩捞取,,fish.mp3,中考核心,2,,,中考考纲核心词汇,初中
silk,sɪlk,n. 丝绸；蚕丝；丝织物；adj. 丝的；丝绸的；丝制的；vi. （玉米）处于长须的阶段中,,silk.mp3,中考核心,2,,,中考考纲核心词汇,初中
an,æn,art. 一（在元音音素前）,,an.mp3,中考核心,2,,,中考考纲核心词汇,初中
management,ˈmænəʤmənt,n. 管理；管理人员；管理部门；操纵；经营手段,,management.mp3,中考核心,2,,,中考考纲核心词汇,初中
reporter,rɪˈpɔrtər,n. 记者,,reporter.mp3,中考核心,2,,,中考考纲核心词汇,初中
gold,ɡoʊld,n. 金，黄金；金色；金币；adj. 金的，金制的；金色的,,gold.mp3,中考核心,2,,,中考考纲核心词汇,初中
difficult,ˈdɪfəkəlt,adj. 困难的；不随和的；执拗的,,difficult.mp3,中考核心,2,,,中考考纲核心词汇,初中
spoken,ˈspoʊkən,v. 说（speak的过去分词）；adj. 口语的，口头的,,spoken.mp3,中考核心,2,,,中考考纲核心词汇,初中
team,tim,n. 队；组；vt. 使合作；vi. 合作,,team.mp3,中考核心,2,,,中考考纲核心词汇,初中
house,haʊs,n. 住宅；家庭；机构；议会；某种用途的建筑物；vt. 覆盖；给…房子住；把…储藏在房内；vi. 住,,house.mp3,中考核心,2,,,中考考纲核心词汇,初中
true,tru,n. 真实；准确；adj. 真实的；正确的；vt. 装准；adv. 真实地；准确地,,true.mp3,中考核心,2,,,中考考纲核心词汇,初中
please,pliz,int. 请（礼貌用语）；vt. 使喜欢；使高兴，使满意；vi. 讨人喜欢；令人高兴,,please.mp3,中考核心,2,,,中考考纲核心词汇,初中
blackboard,ˈblækˌbɔrd,n. 黑板,,blackboard.mp3,中考核心,2,,,中考考纲核心词汇,初中
fantastic,fænˈtæstɪk,n. 古怪的人；adj. 奇异的；空想的；异想天开的；古怪的；极好的，极出色的；不可思议的；不切实际的,,fantastic.mp3,中考核心,2,,,中考考纲核心词汇,初中
aunt,ænt,n. 阿姨；姑妈；伯母；舅妈,,aunt.mp3,中考核心,2,,,中考考纲核心词汇,初中
every,ˈɛvəri,adj. 每一的，每个的；每隔…的,,every.mp3,中考核心,2,,,中考考纲核心词汇,初中
fascinating,ˈfæsəˌneɪtɪŋ,adj. 迷人的；吸引人的；使人神魂颠倒的；v. 使…着迷；使…陶醉（fascinate的ing形式）,,fascinating.mp3,中考核心,2,,,中考考纲核心词汇,初中
job,ʤɑb,n. 工作；职业；vt. 承包；代客买卖；vi. 做零工,,job.mp3,中考核心,2,,,中考考纲核心词汇,初中
eleven,ɪˈlɛvən,num. 十一；十一个；n. 十一；十一个；adj. 十一的；十一个的,,eleven.mp3,中考核心,2,,,中考考纲核心词汇,初中
cap,kæp,n. 盖；帽子；vt. 覆盖；胜过；给…戴帽；加盖于；vi. 脱帽致意,,cap.mp3,中考核心,2,,,中考考纲核心词汇,初中
license,ˈlaɪsəns,n. 执照，许可证；特许；vt. 许可；特许；发许可证给,,license.mp3,中考核心,2,,,中考考纲核心词汇,初中
then,ðɛn,conj. 然后，当时；n. 那时；adv. 然后；那么；于是；当时；此外,,then.mp3,中考核心,2,,,中考考纲核心词汇,初中
also,ˈɔlsoʊ,conj. 并且；另外；adv. 也；而且；同样,,also.mp3,中考核心,2,,,中考考纲核心词汇,初中
drop,drɑp,n. 滴；落下；空投；微量；滴剂；vt. 滴；使降低；使终止；随口漏出；vi. 下降；终止,,drop.mp3,中考核心,2,,,中考考纲核心词汇,初中
Monday,ˈmʌnˌdeɪ,n. 星期一,,monday.mp3,中考核心,2,,,中考考纲核心词汇,初中
list,lɪst,n.  列表；清单；目录；vi. 列于表上；vt. 列出；记入名单内,,list.mp3,中考核心,2,,,中考考纲核心词汇,初中
baseball,ˈbeɪsˈbɔl,n. 棒球；棒球运动,,baseball.mp3,中考核心,2,,,中考考纲核心词汇,初中
brave,breɪv,n. 勇士；adj. 勇敢的；华丽的；vt. 勇敢地面对,,brave.mp3,中考核心,2,,,中考考纲核心词汇,初中
fisherman,ˈfɪʃərˌmæn,n. 渔夫；渔人,,fisherman.mp3,中考核心,2,,,中考考纲核心词汇,初中
prince,prɪns,n. 王子，国君；亲王；贵族,,prince.mp3,中考核心,2,,,中考考纲核心词汇,初中
water,ˈwɔtər,n. 水；海水；雨水；海域，大片的水；vt. 使湿；供以水；给…浇水；vi. 加水；流泪；流口水,,water.mp3,中考核心,2,,,中考考纲核心词汇,初中
sportsperson,sportsperson,运动员,,sportsperson.mp3,中考核心,2,,,中考考纲核心词汇,初中
stage,steɪʤ,n. 阶段；舞台；戏剧；驿站；vt. 举行；上演；筹划；vi. 举行；适于上演；乘驿车旅行,,stage.mp3,中考核心,2,,,中考考纲核心词汇,初中
differently,ˈdɪfrəntli,adv. 不同地；差异；各种,,differently.mp3,中考核心,2,,,中考考纲核心词汇,初中
spring,sprɪŋ,n. 春天；弹簧；泉水；活力；跳跃；adj. 春天的；vt. 使跳起；使爆炸；突然提出；使弹开；vi. 生长；涌出；跃出；裂开,,spring.mp3,中考核心,2,,,中考考纲核心词汇,初中
own,oʊn,vt. 拥有；承认；vi. 承认；adj. 自己的；特有的；n. 自己的,,own.mp3,中考核心,2,,,中考考纲核心词汇,初中
hello,həˈloʊ,n. 表示问候， 惊奇或唤起注意时的用语；int. 喂；哈罗,,hello.mp3,中考核心,2,,,中考考纲核心词汇,初中
shoe,ʃu,n. 鞋；蹄铁；外胎；vt. 给……穿上鞋；穿……鞋,,shoe.mp3,中考核心,2,,,中考考纲核心词汇,初中
shocked,ʃɑkt,v. 使震动（shock的过去式）；adj. 震惊的；震撼的,,shocked.mp3,中考核心,2,,,中考考纲核心词汇,初中
support,səˈpɔrt,n. 支持，维持；支援，供养；支持者，支撑物；vt. 支持，支撑，支援；扶持，帮助；赡养，供养,,support.mp3,中考核心,2,,,中考考纲核心词汇,初中
bookcase,ˈbʊkˌkeɪs,n.  书柜，书架,,bookcase.mp3,中考核心,2,,,中考考纲核心词汇,初中
twenty,ˈtwɛnti,num. 二十；n. 二十；二十年代；adj. 二十的,,twenty.mp3,中考核心,2,,,中考考纲核心词汇,初中
southern,ˈsʌðərn,n. 南方人；adj. 南的；南方的,,southern.mp3,中考核心,2,,,中考考纲核心词汇,初中
teenage,ˈtiˌneɪʤ,n. 青少年时期；adj. 青少年的；十几岁的,,teenage.mp3,中考核心,2,,,中考考纲核心词汇,初中
smile,smaɪl,n. 微笑；笑容；喜色；vt. 微笑着表示；vi. 微笑,,smile.mp3,中考核心,2,,,中考考纲核心词汇,初中
worried,ˈwɜrid,adj. 担心的,,worried.mp3,中考核心,2,,,中考考纲核心词汇,初中
medium,ˈmidiəm,adj. 中间的，中等的；半生熟的；n. 方法；媒体；媒介；中间物,,medium.mp3,中考核心,2,,,中考考纲核心词汇,初中
ahead,əˈhɛd,adj. 向前；在前的；领先；adv. 向前地；领先地；在（某人或某事物的）前面；预先；在将来，为未来,,ahead.mp3,中考核心,2,,,中考考纲核心词汇,初中
farther,ˈfɑrðər,adj. 进一步的；更远的（far的比较级）；adv. 更远地；此外；更进一步地,,farther.mp3,中考核心,2,,,中考考纲核心词汇,初中
last,læst,n. 末尾，最后；上个；鞋楦（做鞋的模型）；adj. 最后的；最近的，最新的；仅剩的；最不可能…的；vi. 持续；维持，够用；持久；vt. 度过，拖过；使维持；adv. 最后地；上次，最近；最后一,,last.mp3,中考核心,2,,,中考考纲核心词汇,初中
smart,smɑrt,adj. 聪明的；巧妙的；敏捷的；厉害的；潇洒的；剧烈的；时髦的,,smart.mp3,中考核心,2,,,中考考纲核心词汇,初中
most,moʊst,adv. 最；非常，极其；最多；几乎；adj. 大部分的，多数的；最多的；n. 大部分，大多数,,most.mp3,中考核心,2,,,中考考纲核心词汇,初中
cola,ˈkoʊlə,n. 可乐；可乐树（其子含咖啡碱）,,cola.mp3,中考核心,2,,,中考考纲核心词汇,初中
industry,ˈɪndəstri,n. 产业；工业；勤勉,,industry.mp3,中考核心,2,,,中考考纲核心词汇,初中
none,nʌn,pron. 没有人；一个也没有；没有任何东西；adj. 没有的，一点没有的；adv. 决不，一点也不,,none.mp3,中考核心,2,,,中考考纲核心词汇,初中
lake,leɪk,n. 湖；深红色颜料；胭脂红；vt. （使）血球溶解；vi. （使）血球溶解,,lake.mp3,中考核心,2,,,中考考纲核心词汇,初中
tiny,ˈtaɪni,adj. 微小的；很少的,,tiny.mp3,中考核心,2,,,中考考纲核心词汇,初中
volunteer,ˌvɑlənˈtɪr,n. 志愿者；志愿兵；adj. 志愿的；vt. 自愿；vi. 自愿,,volunteer.mp3,中考核心,2,,,中考考纲核心词汇,初中
weight,weɪt,n. 重量，重力；负担；砝码；重要性；vt. 加重量于，使变重,,weight.mp3,中考核心,2,,,中考考纲核心词汇,初中
elder,ˈɛldər,n. 老人；长辈；年长者；父辈；adj. 年长的；年龄较大的；资格老的,,elder.mp3,中考核心,2,,,中考考纲核心词汇,初中
idea,aɪˈdiə,n. 想法；主意；概念,,idea.mp3,中考核心,2,,,中考考纲核心词汇,初中
Africa,ˈæfrəkə,n. 非洲,,africa.mp3,中考核心,2,,,中考考纲核心词汇,初中
river,ˈrɪvər,n. 河，江,,river.mp3,中考核心,2,,,中考考纲核心词汇,初中
suitable,ˈsutəbəl,adj. 适当的；相配的,,suitable.mp3,中考核心,2,,,中考考纲核心词汇,初中
social,ˈsoʊʃəl,n. 联谊会；联欢会；adj. 社会的，社交的；群居的,,social.mp3,中考核心,2,,,中考考纲核心词汇,初中
found,faʊnd,v. 找到（find的过去分词）；vt. 创立，建立；创办,,found.mp3,中考核心,2,,,中考考纲核心词汇,初中
shake,ʃeɪk,n. 摇动；哆嗦；vt. 动摇；摇动；震动；握手；vi. 动摇；摇动；发抖,,shake.mp3,中考核心,2,,,中考考纲核心词汇,初中
bicycle,ˈbaɪsɪkəl,n. 自行车；vt. 骑自行车运送；vi. 骑脚踏车,,bicycle.mp3,中考核心,2,,,中考考纲核心词汇,初中
madam,ˈmædəm,n. 夫人；女士；鸨母,,madam.mp3,中考核心,2,,,中考考纲核心词汇,初中
injure,ˈɪnʤər,vt. 伤害，损害,,injure.mp3,中考核心,2,,,中考考纲核心词汇,初中
both,boʊθ,conj. 既…且…；adj. 两个的；两者的；pron. 双方都；两者都；adv. 并；又；两者皆,,both.mp3,中考核心,2,,,中考考纲核心词汇,初中
wall,wɔl,n. 墙壁，围墙；似墙之物；adj. 墙壁的；vt. 用墙围住，围以墙,,wall.mp3,中考核心,2,,,中考考纲核心词汇,初中
lastly,ˈlæstli,adv. 最后，终于,,lastly.mp3,中考核心,2,,,中考考纲核心词汇,初中
bike,baɪk,n. 自行车；脚踏车；vi. 骑自行车（或摩托车）,,bike.mp3,中考核心,2,,,中考考纲核心词汇,初中
search,sɜrʧ,n. 搜寻；探究，查究；vt. 搜索；搜寻；调查；搜查；探求；vi. 搜寻；调查；探求,,search.mp3,中考核心,2,,,中考考纲核心词汇,初中
large,lɑrʤ,adj. 大的；多数的；广博的；adv. 大大地；夸大地；n. 大,,large.mp3,中考核心,2,,,中考考纲核心词汇,初中
disadvantage,ˌdɪsədˈvæntɪʤ,n. 缺点；不利条件；损失,,disadvantage.mp3,中考核心,2,,,中考考纲核心词汇,初中
writer,ˈraɪtər,n. 作家；作者,,writer.mp3,中考核心,2,,,中考考纲核心词汇,初中
thin,θɪn,n. 细小部分；adj. 薄的；瘦的；稀薄的；微弱的；vt. 使瘦；使淡；使稀疏；vi. 变薄；变瘦；变淡；adv. 稀疏地；微弱地,,thin.mp3,中考核心,2,,,中考考纲核心词汇,初中
dislike,dɪˈslaɪk,n. 嫌恶，反感，不喜爱；vt. 不喜欢，厌恶,,dislike.mp3,中考核心,2,,,中考考纲核心词汇,初中
kill,kɪl,vt. 杀死；扼杀；使终止；抵消；vi. 杀死；n. 杀戮；屠杀；adj. 致命的；致死的,,kill.mp3,中考核心,2,,,中考考纲核心词汇,初中
chip,ʧɪp,n.  芯片；筹码；碎片；(食物的) 小片; 薄片；vt. 削，凿；削成碎片；vi. 剥落；碎裂,,chip.mp3,中考核心,2,,,中考考纲核心词汇,初中
blue,blu,adj. 蓝色的；沮丧的，忧郁的；下流的；n. 蓝色；（美国海、陆、空三军穿的）蓝色制服；蓝颜料；布鲁斯（歌曲）（一种伤感的美国黑人民歌；vi. 变成蓝色，呈蓝色；vt. 把…染成蓝色；使,,blue.mp3,中考核心,2,,,中考考纲核心词汇,初中
dangerous,ˈdeɪnʤərəs,adj. 危险的；危险地,,dangerous.mp3,中考核心,2,,,中考考纲核心词汇,初中
leader,ˈlidər,n. 领导者；首领；指挥者,,leader.mp3,中考核心,2,,,中考考纲核心词汇,初中
interviewer,ˈɪntərˌvjuər,n. 采访者；会见者；面谈者；进行面试者,,interviewer.mp3,中考核心,2,,,中考考纲核心词汇,初中
Sweden,ˈswidən,n. 瑞典（欧洲国家）,,sweden.mp3,中考核心,2,,,中考考纲核心词汇,初中
empty,ˈɛmpti,n. 空车；空的东西；adj. 空的；无意义的；无知的；徒劳的；vt. 使失去；使…成为空的；vi. 成为空的；流空,,empty.mp3,中考核心,2,,,中考考纲核心词汇,初中
unless,ənˈlɛs,conj. 除非，如果不；prep. 除…之外,,unless.mp3,中考核心,2,,,中考考纲核心词汇,初中
ad,æd,n. 公元；广告（ad）,,ad.mp3,中考核心,2,,,中考考纲核心词汇,初中
problem,ˈprɑbləm,n. 难题；引起麻烦的人；adj. 成问题的；难处理的,,problem.mp3,中考核心,2,,,中考考纲核心词汇,初中
easily,ˈizəli,adv. 容易地；无疑地,,easily.mp3,中考核心,2,,,中考考纲核心词汇,初中
pollution,pəˈluʃən,n. 污染；污染物,,pollution.mp3,中考核心,2,,,中考考纲核心词汇,初中
embarrassing,ɪmˈbɛrəsɪŋ,adj. 使人尴尬的；令人为难的,,embarrassing.mp3,中考核心,2,,,中考考纲核心词汇,初中
airport,ˈɛrˌpɔrt,n. 机场；航空站,,airport.mp3,中考核心,2,,,中考考纲核心词汇,初中
actress,ˈæktrəs,n. 女演员,,actress.mp3,中考核心,2,,,中考考纲核心词汇,初中
classmate,ˈklæˌsmeɪt,n. 同班同学,,classmate.mp3,中考核心,2,,,中考考纲核心词汇,初中
supermarket,ˈsupərˌmɑrkɪt,n. 超级市场；自助售货商店,,supermarket.mp3,中考核心,2,,,中考考纲核心词汇,初中
drum,drʌm,n. 鼓；鼓声；vi. 击鼓；大力争取；vt. 击鼓；大力争取,,drum.mp3,中考核心,2,,,中考考纲核心词汇,初中
carefully,ˈkɛrfəli,adv. 小心地,,carefully.mp3,中考核心,2,,,中考考纲核心词汇,初中
afraid,əˈfreɪd,adj. 害怕的；恐怕；担心的,,afraid.mp3,中考核心,2,,,中考考纲核心词汇,初中
trouble,ˈtrʌbəl,n. 麻烦；烦恼；故障；动乱；vt. 麻烦；使烦恼；折磨；vi. 费心，烦恼,,trouble.mp3,中考核心,2,,,中考考纲核心词汇,初中
hate,heɪt,n. 憎恨；反感；vt. 憎恨；厌恶；遗憾；vi. 仇恨,,hate.mp3,中考核心,2,,,中考考纲核心词汇,初中
garbage,ˈɡɑrbɪʤ,n. 垃圾；废物,,garbage.mp3,中考核心,2,,,中考考纲核心词汇,初中
good,ɡʊd,n. 好处；善行；慷慨的行为；adj. 好的；优良的；愉快的；虔诚的；adv. 好,,good.mp3,中考核心,2,,,中考考纲核心词汇,初中
invention,ɪnˈvɛnʃən,n. 发明；发明物；虚构；发明才能,,invention.mp3,中考核心,2,,,中考考纲核心词汇,初中
disappear,ˌdɪsəˈpɪr,vi. 消失；失踪；不复存在；vt. 使…不存在；使…消失,,disappear.mp3,中考核心,2,,,中考考纲核心词汇,初中
November,noʊˈvɛmbər,n. 十一月,,november.mp3,中考核心,2,,,中考考纲核心词汇,初中
lovely,ˈlʌvli,adj. 可爱的；令人愉快的；爱恋的；秀丽的，优美的；n. 美女；可爱的东西,,lovely.mp3,中考核心,2,,,中考考纲核心词汇,初中
purse,pɜrs,n. (女士)手提袋；(国家、家庭、团体等的) 财力；vt. （嘴巴）皱起，使缩拢；撅嘴,,purse.mp3,中考核心,2,,,中考考纲核心词汇,初中
classroom,ˈklæsˌrum,n. 教室,,classroom.mp3,中考核心,2,,,中考考纲核心词汇,初中
milk,mɪlk,n. 牛奶；乳状物；vt. 榨取；挤…的奶；vi. 挤奶,,milk.mp3,中考核心,2,,,中考考纲核心词汇,初中
scientific,ˌsaɪənˈtɪfɪk,adj. 科学的，系统的,,scientific.mp3,中考核心,2,,,中考考纲核心词汇,初中
paper,ˈpeɪpər,n. 纸；论文；文件；报纸；adj. 纸做的；vt. 用纸糊；用纸包装；vi. 贴糊墙纸；发交通违章传票,,paper.mp3,中考核心,2,,,中考考纲核心词汇,初中
pocket,ˈpɑkət,n. 口袋；钱；容器；adj. 小型的，袖珍的；金钱上的；vt. 隐藏；忍受；将…放入衣袋；vi. 形成袋或囊,,pocket.mp3,中考核心,2,,,中考考纲核心词汇,初中
Pacific,pəˈsɪfɪk,找不到解释,,pacific.mp3,中考核心,2,,,中考考纲核心词汇,初中
between,bɪˈtwin,prep. 在…之间；adv. 在中间,,between.mp3,中考核心,2,,,中考考纲核心词汇,初中
happen,ˈhæpən,vi. 发生；碰巧；偶然遇到,,happen.mp3,中考核心,2,,,中考考纲核心词汇,初中
university,ˌjunəˈvɜrsəti,n. 大学；综合性大学；大学校舍,,university.mp3,中考核心,2,,,中考考纲核心词汇,初中
power,ˈpaʊər,n. 力量，能力；电力，功率；政权，势力； 幂；adj. 借影响有权势人物以操纵权力的；vt. 激励；供以动力；使…有力量；vi. 快速前进,,power.mp3,中考核心,2,,,中考考纲核心词汇,初中
village,ˈvɪləʤ,n. 村庄；村民；（动物的）群落,,village.mp3,中考核心,2,,,中考考纲核心词汇,初中
start,stɑrt,n. 开始；起点；vt. 开始；启动；vi. 出发,,start.mp3,中考核心,2,,,中考考纲核心词汇,初中
greeting,ˈɡritɪŋ,n. 问候，招呼；祝贺；v. 致敬，欢迎（greet的现在分词）,,greeting.mp3,中考核心,2,,,中考考纲核心词汇,初中
interest,ˈɪntrəst,n. 兴趣，爱好；利息；趣味；同行；vt. 使……感兴趣；引起……的关心；使……参与,,interest.mp3,中考核心,2,,,中考考纲核心词汇,初中
relax,rɪˈlæks,vi. 放松，休息；松懈，松弛；变从容；休养；vt. 放松；使休息；使松弛；缓和；使松懈,,relax.mp3,中考核心,2,,,中考考纲核心词汇,初中
stepsister,ˈstɛpˌsɪstər,n. 异父（母）姊妹,,stepsister.mp3,中考核心,2,,,中考考纲核心词汇,初中
monkey,ˈmʌŋki,n. 猴子；顽童；vi. 胡闹；捣蛋；vt. 嘲弄,,monkey.mp3,中考核心,2,,,中考考纲核心词汇,初中
website,ˈwɛbˌsaɪt,n. 网站（全球资讯网的主机站）,,website.mp3,中考核心,2,,,中考考纲核心词汇,初中
super,ˈsupər,n. 特级品，特大号；临时雇员；adj. 特级的；极好的,,super.mp3,中考核心,2,,,中考考纲核心词汇,初中
US,ʌs,找不到解释,,us.mp3,中考核心,2,,,中考考纲核心词汇,初中
advise,ædˈvaɪz,vt. 建议；劝告，忠告；通知；警告；vi. 建议；与…商量,,advise.mp3,中考核心,2,,,中考考纲核心词汇,初中
world,wɜrld,n. 世界；领域；世俗；全人类；物质生活,,world.mp3,中考核心,2,,,中考考纲核心词汇,初中
town,taʊn,n. 城镇，市镇；市内商业区,,town.mp3,中考核心,2,,,中考考纲核心词汇,初中
journey,ˈʤɜrni,n. 旅行；行程；vi. 旅行,,journey.mp3,中考核心,2,,,中考考纲核心词汇,初中
possible,ˈpɑsəbəl,n. 可能性；合适的人；可能的事物；adj. 可能的；合理的；合适的,,possible.mp3,中考核心,2,,,中考考纲核心词汇,初中
treasure,ˈtrɛʒər,n. 财富，财产；财宝；珍品；vt. 珍爱；珍藏,,treasure.mp3,中考核心,2,,,中考考纲核心词汇,初中
burger,ˈbɜrɡər,n. 汉堡包,,burger.mp3,中考核心,2,,,中考考纲核心词汇,初中
fragile,ˈfræʤəl,adj. 脆的；易碎的,,fragile.mp3,中考核心,2,,,中考考纲核心词汇,初中
round,raʊnd,n. 圆；循环；一回合；圆形物；prep. 附近；绕过；大约；在…周围；adj. 圆的；完全的；大概的；肥胖的；vt. 完成；围捕；绕行；弄圆；adv. 在周围；迂回地；朝反方向；挨个；vi. 进展；变圆,,round.mp3,中考核心,2,,,中考考纲核心词汇,初中
weigh,weɪ,n. 权衡；称重量；vt. 权衡；考虑；称…重量；vi. 重量为…；具有重要性；成为…的重荷；起锚,,weigh.mp3,中考核心,2,,,中考考纲核心词汇,初中
handbag,ˈhændˌbæɡ,n. 手提包,,handbag.mp3,中考核心,2,,,中考考纲核心词汇,初中
guard,ɡɑrd,n. 守卫；警戒；护卫队；防护装置；vi. 警惕；vt. 保卫；监视,,guard.mp3,中考核心,2,,,中考考纲核心词汇,初中
place,pleɪs,n. 地方；住所；座位；vt. 放置；任命；寄予；vi. 名列前茅；取得名次,,place.mp3,中考核心,2,,,中考考纲核心词汇,初中
educational,ˌɛʤəˈkeɪʃənəl,adj. 教育的；有教育意义的,,educational.mp3,中考核心,2,,,中考考纲核心词汇,初中
silent,ˈsaɪlənt,n. 无声电影；adj. 沉默的；寂静的；无记载的,,silent.mp3,中考核心,2,,,中考考纲核心词汇,初中
careless,ˈkɛrləs,adj. 粗心的；无忧无虑的；淡漠的,,careless.mp3,中考核心,2,,,中考考纲核心词汇,初中
friend,frɛnd,n. 朋友；助手；赞助者,,friend.mp3,中考核心,2,,,中考考纲核心词汇,初中
pressure,ˈprɛʃər,n. 压力；压迫， 压强；vt. 迫使；密封；使……增压,,pressure.mp3,中考核心,2,,,中考考纲核心词汇,初中
kite,kaɪt,n. 风筝；vi. 使用空头支票；像风筝一样飞；轻快地移动；vt. 骗钱；涂改（支票）,,kite.mp3,中考核心,2,,,中考考纲核心词汇,初中
since,sɪns,conj. 因为；由于；既然；自…以来；自…以后；prep. 自…以来；自…以后；adv. 后来,,since.mp3,中考核心,2,,,中考考纲核心词汇,初中
surf,sɜrf,vi. 作冲浪运动；vt. 在…冲浪；n. 海浪，拍岸浪,,surf.mp3,中考核心,2,,,中考考纲核心词汇,初中
difficulty,ˈdɪfəkəlti,n. 困难，困境,,difficulty.mp3,中考核心,2,,,中考考纲核心词汇,初中
spoon,spun,n. 匙，勺子；一杓的量；vt. 用匙舀；使成匙状；vi. 轻轻向上击,,spoon.mp3,中考核心,2,,,中考考纲核心词汇,初中
bat,bæt,n. 蝙蝠；球棒；球拍；批处理文件的扩展名；vt. 用球棒击球；击球率达…；vi. 轮到击球；用球棒击球,,bat.mp3,中考核心,2,,,中考考纲核心词汇,初中
nineteen,ˈnaɪnˈtin,num. 十九,,nineteen.mp3,中考核心,2,,,中考考纲核心词汇,初中
worry,ˈwɜri,n. 担心；烦恼；撕咬；vi. 担心；烦恼；撕咬；vt. 担心；发愁；折磨,,worry.mp3,中考核心,2,,,中考考纲核心词汇,初中
realize,ˈriəˌlaɪz,vt. 实现；认识到；了解；将某物卖得，把(证券等)变成现钱；变卖,,realize.mp3,中考核心,2,,,中考考纲核心词汇,初中
cause,kɑz,n. 原因；事业；目标；vt. 引起；使遭受,,cause.mp3,中考核心,2,,,中考考纲核心词汇,初中
experiment,ɪkˈspɛrəmənt,n. 实验，试验；尝试；vi. 尝试；进行实验,,experiment.mp3,中考核心,2,,,中考考纲核心词汇,初中
soft,sɑft,n. 柔性；柔软的东西；柔软部分；adj. 软的，柔软的；温柔的，温和的；软弱的；笨的；adv. 柔软地；温和地,,soft.mp3,中考核心,2,,,中考考纲核心词汇,初中
whale,weɪl,n. 鲸；巨大的东西；vt. 猛揍；使惨败；vi. 捕鲸,,whale.mp3,中考核心,2,,,中考考纲核心词汇,初中
god,ɡɑd,找不到解释,,god.mp3,中考核心,2,,,中考考纲核心词汇,初中
happening,ˈhæpənɪŋ,n. 事件；意外发生的事；v. 发生；碰巧（happen的ing形式）,,happening.mp3,中考核心,2,,,中考考纲核心词汇,初中
nose,noʊz,n. 鼻子；嗅觉；突出的部分；探问；vt. 嗅；用鼻子触；vi. 小心探索着前进；探问,,nose.mp3,中考核心,2,,,中考考纲核心词汇,初中
moving,ˈmuvɪŋ,adj. 移动的；动人的；活动的；v. 移动（move的ing形式）,,moving.mp3,中考核心,2,,,中考考纲核心词汇,初中
burn,bɜrn,n. 灼伤，烧伤；烙印；vt. 燃烧；烧毁，灼伤；激起…的愤怒；vi. 燃烧；烧毁；发热,,burn.mp3,中考核心,2,,,中考考纲核心词汇,初中
peace,pis,n. 和平；平静；和睦；秩序,,peace.mp3,中考核心,2,,,中考考纲核心词汇,初中
surface,ˈsɜrfəs,n. 表面；表层；外观；adj. 表面的，肤浅的；vt. 使浮出水面；使成平面；vi. 浮出水面,,surface.mp3,中考核心,2,,,中考考纲核心词汇,初中
score,skɔr,n. 分数；二十；配乐；刻痕；vt. 获得；评价；划线，刻划；把…记下；vi. 得分；记分；刻痕,,score.mp3,中考核心,2,,,中考考纲核心词汇,初中
love,lʌv,n. 恋爱；亲爱的；酷爱；喜爱的事物；爱情，爱意；疼爱；热爱；爱人，所爱之物；v. 爱，热爱；爱戴；赞美，称赞；喜爱；喜好；喜欢；爱慕,,love.mp3,中考核心,2,,,中考考纲核心词汇,初中
mine,maɪn,n. 矿，矿藏；矿山，矿井；地雷，水雷；vt. 开采，采掘；在…布雷；vi. 开矿，采矿；埋设地雷；pron. 我的,,mine.mp3,中考核心,2,,,中考考纲核心词汇,初中
baby,ˈbeɪbi,n. 婴儿，婴孩；孩子气的人；adj. 婴儿的；幼小的；vt. 纵容，娇纵；把……当婴儿般对待,,baby.mp3,中考核心,2,,,中考考纲核心词汇,初中
dad,dæd,n. 爸爸；爹爹,,dad.mp3,中考核心,2,,,中考考纲核心词汇,初中
sitcom,ˈsɪtˌkɑm,abbr. 情景喜剧（situation comedy）,,sitcom.mp3,中考核心,2,,,中考考纲核心词汇,初中
zero,ˈzɪroʊ,num. 零；n. 零点，零度,,zero.mp3,中考核心,2,,,中考考纲核心词汇,初中
fact,fækt,n. 事实；实际；真相,,fact.mp3,中考核心,2,,,中考考纲核心词汇,初中
pot,pɑt,n. 壶；盆；罐；vt. 把…装罐；射击；节略；vi. 随手射击,,pot.mp3,中考核心,2,,,中考考纲核心词汇,初中
grape,ɡreɪp,n. 葡萄；葡萄酒；葡萄树；葡萄色,,grape.mp3,中考核心,2,,,中考考纲核心词汇,初中
repair,rɪˈpɛr,n. 修理，修补；修补部位；vt. 修理；恢复；补救，纠正；vi. 修理；修复,,repair.mp3,中考核心,2,,,中考考纲核心词汇,初中
about,əˈbaʊt,prep. 关于；大约；n. 大致；粗枝大叶；不拘小节的人；adj. 在附近的；四处走动的；在起作用的；adv. 大约；周围；到处,,about.mp3,中考核心,2,,,中考考纲核心词汇,初中
medicine,ˈmɛdəsən,n. 药；医学；内科；巫术；vt. 用药物治疗；给…用药,,medicine.mp3,中考核心,2,,,中考考纲核心词汇,初中
safely,ˈseɪfli,adv. 安全地；稳定地,,safely.mp3,中考核心,2,,,中考考纲核心词汇,初中
normally,ˈnɔrməli,adv. 正常地；通常地，一般地,,normally.mp3,中考核心,2,,,中考考纲核心词汇,初中
such,sʌʧ,adj. 这样的，如此的,,such.mp3,中考核心,2,,,中考考纲核心词汇,初中
bedroom,ˈbɛˌdrum,n. 卧室；adj. 两性关系的；城郊住宅区的,,bedroom.mp3,中考核心,2,,,中考考纲核心词汇,初中
patient,ˈpeɪʃənt,n. 病人；患者；adj. 有耐心的，能容忍的,,patient.mp3,中考核心,2,,,中考考纲核心词汇,初中
manager,ˈmænəʤər,n. 经理；管理人员,,manager.mp3,中考核心,2,,,中考考纲核心词汇,初中
surprise,sərˈpraɪz,n. 惊奇，诧异；突然袭击；adj. 令人惊讶的；vt. 使惊奇；奇袭,,surprise.mp3,中考核心,2,,,中考考纲核心词汇,初中
quick,kwɪk,n. 核心；伤口的嫩肉；adj. 快的；迅速的，敏捷的；灵敏的；adv. 迅速地，快,,quick.mp3,中考核心,2,,,中考考纲核心词汇,初中
opportunity,ˌɑpərˈtunəti,n. 时机，机会,,opportunity.mp3,中考核心,2,,,中考考纲核心词汇,初中
terrified,ˈtɛrəˌfaɪd,v. 使恐惧；恐吓（terrify的过去分词）；adj. 感到恐惧的；受惊吓的,,terrified.mp3,中考核心,2,,,中考考纲核心词汇,初中
third,θɜrd,num. 第三；三分之一；adj. 第三的；三分之一的,,third.mp3,中考核心,2,,,中考考纲核心词汇,初中
earring,ˈɪrɪŋ,n. 耳环，耳饰；v. 抽穗；听见（ear的ing形式）,,earring.mp3,中考核心,2,,,中考考纲核心词汇,初中
order,ˈɔrdər,n. 命令；顺序；规则； 定单；vt. 命令；整理；定购；vi. 命令；定货,,order.mp3,中考核心,2,,,中考考纲核心词汇,初中
player,ˈpleɪər,n. 运动员，比赛者；游戏者，做游戏的人；演奏者，表演者；演员；播放器,,player.mp3,中考核心,2,,,中考考纲核心词汇,初中
X-ray,ˈɛksˌreɪ,找不到解释,,x-ray.mp3,中考核心,2,,,中考考纲核心词汇,初中
foolish,ˈfulɪʃ,adj. 愚蠢的；傻的,,foolish.mp3,中考核心,2,,,中考考纲核心词汇,初中
butter,ˈbʌtər,n. 黄油；奶油；奉承话；vt. 涂黄油于；讨好,,butter.mp3,中考核心,2,,,中考考纲核心词汇,初中
advantage,ædˈvæntɪʤ,n. 优势；利益；有利条件；vt. 有利于；使处于优势；vi. 获利,,advantage.mp3,中考核心,2,,,中考考纲核心词汇,初中
famous,ˈfeɪməs,adj. 著名的；极好的，非常令人满意的,,famous.mp3,中考核心,2,,,中考考纲核心词汇,初中
language,ˈlæŋɡwəʤ,n. 语言；语言文字；表达能力,,language.mp3,中考核心,2,,,中考考纲核心词汇,初中
uniform,ˈjunəˌfɔrm,n. 制服；adj. 统一的；一致的；相同的；均衡的；始终如一的；vt. 使穿制服；使成一样,,uniform.mp3,中考核心,2,,,中考考纲核心词汇,初中
fetch,fɛʧ,n. 取得；诡计；vt. 取来；接来；到达；吸引；vi. 拿；取物；卖得,,fetch.mp3,中考核心,2,,,中考考纲核心词汇,初中
library,ˈlaɪˌbrɛri,n. 图书馆，藏书室；文库,,library.mp3,中考核心,2,,,中考考纲核心词汇,初中
kid,kɪd,n. 小孩；小山羊；vt. 欺骗；取笑；戏弄；vi. 欺骗；取笑；戏弄；adj. 小山羊皮制的；较年幼的,,kid.mp3,中考核心,2,,,中考考纲核心词汇,初中
body,ˈbɑdi,n. 身体；主体；大量；团体；主要部分；vt. 赋以形体,,body.mp3,中考核心,2,,,中考考纲核心词汇,初中
dark,dɑrk,n. 黑暗；夜；黄昏；模糊；adj. 黑暗的，深色的；模糊的；无知的；忧郁的,,dark.mp3,中考核心,2,,,中考考纲核心词汇,初中
recent,ˈrisənt,adj. 最近的；近代的,,recent.mp3,中考核心,2,,,中考考纲核心词汇,初中
usually,ˈjuʒəwəli,adv. 通常，经常,,usually.mp3,中考核心,2,,,中考考纲核心词汇,初中
us,ʌs,pron. 我们,,us.mp3,中考核心,2,,,中考考纲核心词汇,初中
teen,tin,n. 青少年（等于teenager）；愤怒；悲哀；adj. 十几岁的（等于teenaged）,,teen.mp3,中考核心,2,,,中考考纲核心词汇,初中
ninety,ˈnaɪnti,n. 九十；adj. 九十的；九十岁的；num. 九十,,ninety.mp3,中考核心,2,,,中考考纲核心词汇,初中
market,ˈmɑrkət,n. 市场；行情；股票市场；市面；集市；销路；商店；vt. 在市场上出售；vi. 做买卖,,market.mp3,中考核心,2,,,中考考纲核心词汇,初中
yourself,jərˈsɛlf,pron. 你自己,,yourself.mp3,中考核心,2,,,中考考纲核心词汇,初中
without,wɪˈθaʊt,prep. 没有；超过；在…外面；n. 外部；外面；adv. 户外；在外面；没有或不显示某事物,,without.mp3,中考核心,2,,,中考考纲核心词汇,初中
uncle,ˈʌŋkəl,n. 叔叔；伯父；伯伯；舅父；姨丈；姑父,,uncle.mp3,中考核心,2,,,中考考纲核心词汇,初中
mess,mɛs,n. 混乱；食堂，伙食团；困境；脏乱的东西；vt. 弄乱，弄脏；毁坏；使就餐；vi. 把事情弄糟；制造脏乱；玩弄,,mess.mp3,中考核心,2,,,中考考纲核心词汇,初中
organization,ˌɔrɡənəˈzeɪʃən,n. 组织；机构；体制；团体,,organization.mp3,中考核心,2,,,中考考纲核心词汇,初中
train,treɪn,n. 火车；行列；长队；裙裾；v. 培养；训练；瞄准,,train.mp3,中考核心,2,,,中考考纲核心词汇,初中
smooth,smuð,n. 平滑部分；一块平地；adj. 顺利的；光滑的；平稳的；vt. 使光滑；消除（障碍等）；使优雅；缓和；adv. 光滑地；平稳地；流畅地；vi. 变平静；变平滑,,smooth.mp3,中考核心,2,,,中考考纲核心词汇,初中
bring,brɪŋ,vt. 带来；促使；引起；使某人处于某种情况或境地,,bring.mp3,中考核心,2,,,中考考纲核心词汇,初中
excuse,ɪkˈskjus,n. 借口；理由；vt. 原谅；为…申辩；给…免去；vi. 作为借口；请求宽恕；表示宽恕,,excuse.mp3,中考核心,2,,,中考考纲核心词汇,初中
alive,əˈlaɪv,adj. 活着的；活泼的；有生气的,,alive.mp3,中考核心,2,,,中考考纲核心词汇,初中
develop,dɪˈvɛləp,vi. 发育；生长；进化；显露；vt. 开发；进步；使成长；使显影,,develop.mp3,中考核心,2,,,中考考纲核心词汇,初中
through,θru,prep. 通过；穿过；凭借；adj. 直达的；过境的；完结的；adv. 彻底；从头至尾,,through.mp3,中考核心,2,,,中考考纲核心词汇,初中
operate,ˈɑpəˌreɪt,vi. 运转；动手术；起作用；vt. 操作；经营；引起；对…开刀,,operate.mp3,中考核心,2,,,中考考纲核心词汇,初中
sadness,ˈsædnəs,n. 悲哀,,sadness.mp3,中考核心,2,,,中考考纲核心词汇,初中
leave,liv,vt. 离开；留下；遗忘；委托；vi. 离开，出发；留下；n. 许可，同意；休假,,leave.mp3,中考核心,2,,,中考考纲核心词汇,初中
date,deɪt,n. 日期；约会；年代；枣椰子；vt. 确定…年代；和…约会；vi. 过时；注明日期；始于（某一历史时期）,,date.mp3,中考核心,2,,,中考考纲核心词汇,初中
spell,spɛl,n. 符咒；一段时间；魅力；vi. 拼字；轮替；vt. 拼，拼写；意味着；招致；拼成；迷住；轮值,,spell.mp3,中考核心,2,,,中考考纲核心词汇,初中
who,hu,pron. 谁；什么人,,who.mp3,中考核心,2,,,中考考纲核心词汇,初中
police,pəˈlis,n. 警察，警方；治安；adj. 警察的；有关警察的；vt. 监督；管辖；维持治安；为…配备警察,,police.mp3,中考核心,2,,,中考考纲核心词汇,初中
wait,weɪt,n. 等待；等候；vi. 等待；耽搁；伺候用餐；vt. 等候；推迟；延缓,,wait.mp3,中考核心,2,,,中考考纲核心词汇,初中
create,kriˈeɪt,vt. 创造，创作；造成,,create.mp3,中考核心,2,,,中考考纲核心词汇,初中
disappoint,ˌdɪsəˈpɔɪnt,vt. 使失望,,disappoint.mp3,中考核心,2,,,中考考纲核心词汇,初中
professional,prəˈfɛʃənəl,n. 专业人员；职业运动员；adj. 专业的；职业的；职业性的,,professional.mp3,中考核心,2,,,中考考纲核心词汇,初中
circle,ˈsɜrkəl,n. 循环，周期；圆；圈子；圆形物；vt. 画圆圈；环绕…移动；vi. 盘旋，旋转；环行,,circle.mp3,中考核心,2,,,中考考纲核心词汇,初中
elbow,ˈɛlˌboʊ,n. 肘部；弯头；扶手；vt. 推挤；用手肘推开,,elbow.mp3,中考核心,2,,,中考考纲核心词汇,初中
centre,ˈsɛntər,n. 中心；adj. 中央的；vt. 集中；将…放在中央；vi. 以…为中心,,centre.mp3,中考核心,2,,,中考考纲核心词汇,初中
active,ˈæktɪv,n. 主动语态；积极分子；adj. 积极的；活跃的；主动的；有效的；现役的,,active.mp3,中考核心,2,,,中考考纲核心词汇,初中
guess,ɡɛs,n. 猜测；推测；vi. 猜；推测；猜中；vt. 猜测；认为；推测；猜中；n. 盖尔斯（美国服装品牌）,,guess.mp3,中考核心,2,,,中考考纲核心词汇,初中
thirteen,ˈθɜrˈtin,n. 十三；十三岁；十三个；num. 十三；adj. 十三的；十三个的,,thirteen.mp3,中考核心,2,,,中考考纲核心词汇,初中
ink,ɪŋk,n. 墨水，墨汁；油墨；vt. 签署；涂墨水于,,ink.mp3,中考核心,2,,,中考考纲核心词汇,初中
few,fju,n. 很少数；adj. 很少的；几乎没有的；pron. 很少,,few.mp3,中考核心,2,,,中考考纲核心词汇,初中
collect,kəˈlɛkt,vt. 收集；募捐；adj. 由收件人付款的；vi. 收集；聚集；募捐；adv. 由收件人付款地,,collect.mp3,中考核心,2,,,中考考纲核心词汇,初中
imagine,ɪˈmæʤən,vi. 想像；猜想；想像起来；vt. 想像；猜想；臆断,,imagine.mp3,中考核心,2,,,中考考纲核心词汇,初中
marry,ˈmɛri,vt. 嫁；娶；与……结婚；vi. 结婚,,marry.mp3,中考核心,2,,,中考考纲核心词汇,初中
litter,ˈlɪtər,n. 垃圾；轿，担架；一窝（动物的幼崽）；凌乱；vt. 乱丢；给…垫褥草；把…弄得乱七八糟；vi. 产仔；乱扔废弃物,,litter.mp3,中考核心,2,,,中考考纲核心词汇,初中
smell,smɛl,n. 气味，嗅觉；臭味；vt. 嗅，闻；察觉到；发出…的气味；vi. 嗅，闻；有…气味,,smell.mp3,中考核心,2,,,中考考纲核心词汇,初中
while,waɪl,conj. 虽然；然而；当……的时候；n. 一会儿；一段时间；vt. 消磨；轻松地度过,,while.mp3,中考核心,2,,,中考考纲核心词汇,初中
furniture,ˈfɜrnɪʧər,n. 家具；设备；储藏物,,furniture.mp3,中考核心,2,,,中考考纲核心词汇,初中
seventh,ˈsɛvənθ,n. 第七；七分之一；adj. 第七的；七分之一的；adv. 居第七位地,,seventh.mp3,中考核心,2,,,中考考纲核心词汇,初中
hole,hoʊl,n. 洞，孔；洞穴，穴；突破口；vt. 凿洞；vi. 凿洞，穿孔；（高尔夫球等）进洞,,hole.mp3,中考核心,2,,,中考考纲核心词汇,初中
her,hɜr,pron. 她（she的宾格）；她的（she的所有格）；她（指某个国家；一艘船）,,her.mp3,中考核心,2,,,中考考纲核心词汇,初中
grow,ɡroʊ,vi. 发展；生长；渐渐变得…；vt. 使生长；种植；扩展,,grow.mp3,中考核心,2,,,中考考纲核心词汇,初中
fork,fɔrk,n. 叉；餐叉；耙；vt. 叉起；使成叉状；vi. 分叉；分歧,,fork.mp3,中考核心,2,,,中考考纲核心词汇,初中
goose,ɡus,n. 鹅；鹅肉；傻瓜；雌鹅；vt. 突然加大油门；嘘骂,,goose.mp3,中考核心,2,,,中考考纲核心词汇,初中
summer,ˈsʌmər,n. 夏季；全盛时期；adj. 夏季的；vi. 避暑；过夏天,,summer.mp3,中考核心,2,,,中考考纲核心词汇,初中
talk,tɔk,n. 谈话；演讲；空谈；vi. 谈话；说闲话；vt. 说；谈话；讨论,,talk.mp3,中考核心,2,,,中考考纲核心词汇,初中
beat,bit,n. 拍子；敲击；有规律的一连串敲打；adj. 筋疲力尽的；疲惫不堪的；vt. 打；打败；vi. 打；打败；拍打；有节奏地舒张与收缩,,beat.mp3,中考核心,2,,,中考考纲核心词汇,初中
supper,ˈsʌpər,n. 晚餐，晚饭；夜宵,,supper.mp3,中考核心,2,,,中考考纲核心词汇,初中
restaurant,ˈrɛstəˌrɑnt,n. 餐馆； 饭店,,restaurant.mp3,中考核心,2,,,中考考纲核心词汇,初中
cloud,klaʊd,n. 云；阴云；云状物；一大群；黑斑；vt. 使混乱；以云遮敝；使忧郁；玷污；vi. 阴沉；乌云密布,,cloud.mp3,中考核心,2,,,中考考纲核心词汇,初中
wonderful,ˈwʌndərfəl,adj. 极好的，精彩的，绝妙的；奇妙的；美妙；胜；神妙,,wonderful.mp3,中考核心,2,,,中考考纲核心词汇,初中
runner,ˈrʌnər,n. 跑步者；走私者；推销员；送信人,,runner.mp3,中考核心,2,,,中考考纲核心词汇,初中
watermelon,ˈwɔtərˌmɛlən,n. 西瓜,,watermelon.mp3,中考核心,2,,,中考考纲核心词汇,初中
quarter,ˈkwɔrtər,num. 四分之一；n. 四分之一；地区；季度；一刻钟；两角五分；节；vt. 将…四等分；供某人住宿；vi. 住宿；驻扎,,quarter.mp3,中考核心,2,,,中考考纲核心词汇,初中
watch,wɑʧ,n. 手表；监视；守护；值班人；vt. 观察；注视；看守；警戒；vi. 观看，注视；守侯，看守,,watch.mp3,中考核心,2,,,中考考纲核心词汇,初中
live,lɪv,adj. 活的；生动的；实况转播的；精力充沛的；vt. 经历；度过；vi. 活；居住；生存,,live.mp3,中考核心,2,,,中考考纲核心词汇,初中
lay,leɪ,vt. 躺下；产卵；搁放；放置；铺放；涂，敷；adj. 世俗的；外行的；没有经验的；n. 位置；短诗；花纹方向；叙事诗；性伙伴；vi. 下蛋；打赌；v. 躺；位于（lie的过去式）,,lay.mp3,中考核心,2,,,中考考纲核心词汇,初中
province,ˈprɑvəns,n. 省；领域；职权,,province.mp3,中考核心,2,,,中考考纲核心词汇,初中
cat,kæt,n. 猫，猫科动物,,cat.mp3,中考核心,2,,,中考考纲核心词汇,初中
senior,ˈsinjər,n. 上司；较年长者；毕业班学生；adj. 高级的；年长的；地位较高的；年资较深的，资格较老的,,senior.mp3,中考核心,2,,,中考考纲核心词汇,初中
seventeenth,ˈsɛvənˈtinθ,n. 第十七日；十七分之一；num. 第十七；adj. 第十七的，第十七个的；十七分之一的,,seventeenth.mp3,中考核心,2,,,中考考纲核心词汇,初中
headache,ˈhɛˌdeɪk,n. 头痛；麻烦；令人头痛之事,,headache.mp3,中考核心,2,,,中考考纲核心词汇,初中
giraffe,ʤəˈræf,n. 长颈鹿,,giraffe.mp3,中考核心,2,,,中考考纲核心词汇,初中
slow,sloʊ,adj. 慢的；减速的；迟钝的；vt. 放慢；阻碍；vi. 变慢；变萧条；adv. 慢慢地；迟缓地,,slow.mp3,中考核心,2,,,中考考纲核心词汇,初中
stomach,ˈstʌmək,n. 胃；腹部；胃口；vt. 忍受；吃下；vi. 忍受,,stomach.mp3,中考核心,2,,,中考考纲核心词汇,初中
forty,ˈfɔrti,n. 四十；adj. 四十的；四十个的,,forty.mp3,中考核心,2,,,中考考纲核心词汇,初中
crisp,krɪsp,adj. 脆的；新鲜的；易碎的；vt. 使卷曲；使发脆；vi. 卷曲；发脆；n. 松脆物；油炸马铃薯片,,crisp.mp3,中考核心,2,,,中考考纲核心词汇,初中
laugh,læf,n. 笑；引人发笑的事或人；vi. 笑；vt. 以笑表示；使…笑得,,laugh.mp3,中考核心,2,,,中考考纲核心词汇,初中
take,teɪk,vi. 拿；获得；vt. 拿，取；采取；接受（礼物等）；买，花费；耗费（时间等）；n. 捕获量；看法；利益，盈益；（入场券的）售得金额,,take.mp3,中考核心,2,,,中考考纲核心词汇,初中
graduation,ˌɡræʤuˈeɪʃən,n. 毕业；毕业典礼；刻度，分度；分等级,,graduation.mp3,中考核心,2,,,中考考纲核心词汇,初中
period,ˈpɪriəd,n. 周期，期间；时期；月经；课时；（语法学）句点，句号；adj. 某一时代的,,period.mp3,中考核心,2,,,中考考纲核心词汇,初中
August,ˈɑɡəst,找不到解释,,august.mp3,中考核心,2,,,中考考纲核心词汇,初中
successfully,səkˈsɛsfəli,adv. 成功地；顺利地,,successfully.mp3,中考核心,2,,,中考考纲核心词汇,初中
room,rum,n. 房间；空间；余地；机会；房间里所有的人；vt. 为…提供住处；租房，合住；投宿，住宿；留…住宿；vi. 居住；住宿,,room.mp3,中考核心,2,,,中考考纲核心词汇,初中
laboratory,ˈlæbrəˌtɔri,n. 实验室，研究室,,laboratory.mp3,中考核心,2,,,中考考纲核心词汇,初中
she,ʃi,n. 女人；雌性动物；pron. 她（主格）；它（用来指雌性动物或国家、船舶、地球、月亮等）,,she.mp3,中考核心,2,,,中考考纲核心词汇,初中
shine,ʃaɪn,vt. 照射，擦亮；把…的光投向；（口）通过擦拭使…变得有光泽或光；vi. 发出光；反射光，闪耀；出类拔萃，表现突出；露出；照耀；显露；出众；n. 光亮，光泽；好天气；擦亮；晴天；擦,,shine.mp3,中考核心,2,,,中考考纲核心词汇,初中
ache,eɪk,n. 疼痛；vi. 疼痛；渴望,,ache.mp3,中考核心,2,,,中考考纲核心词汇,初中
convenient,kənˈvinjənt,adj. 方便的；适当的；近便的；实用的,,convenient.mp3,中考核心,2,,,中考考纲核心词汇,初中
text,tɛkst,n.  文本；课文；主题；vt. 发短信,,text.mp3,中考核心,2,,,中考考纲核心词汇,初中
thirty,ˈθɜrdi,num. 三十；n. 三十年代；adj. 三十个的,,thirty.mp3,中考核心,2,,,中考考纲核心词汇,初中
wonder,ˈwʌndər,n. 惊奇；奇迹；惊愕；adj. 奇妙的；非凡的；vi. 怀疑；想知道；惊讶；vt. 怀疑；惊奇；对…感到惊讶,,wonder.mp3,中考核心,2,,,中考考纲核心词汇,初中
population,ˌpɑpjəˈleɪʃən,n. 人口； 种群， 群体；全体居民,,population.mp3,中考核心,2,,,中考考纲核心词汇,初中
cheap,ʧip,adj. 便宜的；小气的；不值钱的；adv. 便宜地,,cheap.mp3,中考核心,2,,,中考考纲核心词汇,初中
earthquake,ˈɜrθˌkweɪk,n. 地震；大动荡,,earthquake.mp3,中考核心,2,,,中考考纲核心词汇,初中
shoulder,ˈʃoʊldər,n. 肩，肩膀；肩部；vi. 用肩推挤，用肩顶；vt. 肩负，承担,,shoulder.mp3,中考核心,2,,,中考考纲核心词汇,初中
punish,ˈpʌnɪʃ,vt. 惩罚；严厉对待；贪婪地吃喝；vi. 惩罚,,punish.mp3,中考核心,2,,,中考考纲核心词汇,初中
rather,ˈræðər,adv. 宁可，宁愿；相当；int. 当然啦（回答问题时用）,,rather.mp3,中考核心,2,,,中考考纲核心词汇,初中
unexpected,ˌʌnɪkˈspɛktɪd,adj. 意外的，想不到的,,unexpected.mp3,中考核心,2,,,中考考纲核心词汇,初中
report,rɪˈpɔrt,n. 报告；报道；成绩单；vt. 报告；报导；使报到；vi. 报告；报到；写报导,,report.mp3,中考核心,2,,,中考考纲核心词汇,初中
boy,bɔɪ,n. 男孩；男人,,boy.mp3,中考核心,2,,,中考考纲核心词汇,初中
British,ˈbrɪtɪʃ,n. 英国人；adj. 英国的；英国人的；大不列颠的,,british.mp3,中考核心,2,,,中考考纲核心词汇,初中
able,ˈeɪbəl,adj. 能； 有能力的；能干的,,able.mp3,中考核心,2,,,中考考纲核心词汇,初中
study,ˈstʌdi,n. 学习，研究；课题；书房；学问；vt. 学习；考虑；攻读；细察；vi. 研究；用功,,study.mp3,中考核心,2,,,中考考纲核心词汇,初中
push,pʊʃ,n. 推，决心；大规模攻势；矢志的追求；vi. 推进；增加；努力争取；vt. 推动，增加；对…施加压力，逼迫；按；说服,,push.mp3,中考核心,2,,,中考考纲核心词汇,初中
medical,ˈmɛdəkəl,adj. 医学的；药的；内科的；n. 医生；体格检查,,medical.mp3,中考核心,2,,,中考考纲核心词汇,初中
represent,ˌrɛprəˈzɛnt,vt. 代表；表现；描绘；回忆；再赠送；vi. 代表；提出异议,,represent.mp3,中考核心,2,,,中考考纲核心词汇,初中
handsome,ˈhænsəm,adj. （男子）英俊的；可观的；大方的，慷慨的；健美而端庄的,,handsome.mp3,中考核心,2,,,中考考纲核心词汇,初中
look,lʊk,vt. 看；期待；注意；面向；看上去像；vi. 看；看起来；注意；面向；n. 看；样子；面容,,look.mp3,中考核心,2,,,中考考纲核心词汇,初中
suppose,səˈpoʊz,conj. 假使…结果会怎样；vt. 假设；认为；让（虚拟语气）；推想；vi. 猜想；料想,,suppose.mp3,中考核心,2,,,中考考纲核心词汇,初中
by,baɪ,prep. 通过；被；依据；经由；在附近；在……之前；adv. 通过；经过；附近； 白俄罗斯的国家代码顶级域名,,by.mp3,中考核心,2,,,中考考纲核心词汇,初中
opinion,əˈpɪnjən,n. 意见；主张,,opinion.mp3,中考核心,2,,,中考考纲核心词汇,初中
off,ɔf,prep. 离开；脱落；adv. 切断；走开；adj. 远离的；空闲的,,off.mp3,中考核心,2,,,中考考纲核心词汇,初中
anyone,ˈɛniˌwʌn,pron. 任何人；任何一个,,anyone.mp3,中考核心,2,,,中考考纲核心词汇,初中
cookie,ˈkʊki,n. 饼干；小甜点,,cookie.mp3,中考核心,2,,,中考考纲核心词汇,初中
cup,kʌp,n. 杯子；奖杯；酒杯；vt. 使成杯状；为…拔火罐,,cup.mp3,中考核心,2,,,中考考纲核心词汇,初中
road,roʊd,n. 公路，马路；道路；手段；adj. （美）巡回的；vt. （狗）沿臭迹追逐（猎物）,,road.mp3,中考核心,2,,,中考考纲核心词汇,初中
translate,trænˈzleɪt,vt. 翻译；转化；解释；转变为；调动；vi. 翻译,,translate.mp3,中考核心,2,,,中考考纲核心词汇,初中
universe,ˈjunəˌvɜrs,n. 宇宙；世界；领域,,universe.mp3,中考核心,2,,,中考考纲核心词汇,初中
mysterious,mɪsˈtɪriəs,adj. 神秘的；不可思议的；难解的,,mysterious.mp3,中考核心,2,,,中考考纲核心词汇,初中
yard,jɑrd,n. 院子；码（英制中丈量长度单位，1码=3英尺）；庭院；帆桁；vt. 把…关进或围在畜栏里,,yard.mp3,中考核心,2,,,中考考纲核心词汇,初中
willing,ˈwɪlɪŋ,adj. 乐意的；自愿的；心甘情愿的；v. 决心；用意志力驱使；将（财产等）遗赠某人（will的现在分词）,,willing.mp3,中考核心,2,,,中考考纲核心词汇,初中
Miss,mɪs,找不到解释,,miss.mp3,中考核心,2,,,中考考纲核心词汇,初中
fairness,ˈfɛrnəs,n. 公平；美好；清晰；顺利性,,fairness.mp3,中考核心,2,,,中考考纲核心词汇,初中
kilo,ˈkɪˌloʊ,n. 千克,,kilo.mp3,中考核心,2,,,中考考纲核心词汇,初中
woman,ˈwʊmən,n. 妇女；女性；成年女子,,woman.mp3,中考核心,2,,,中考考纲核心词汇,初中
sick,sɪk,adj. 厌恶的；病态的；不舒服；渴望的；恶心的 ；生病的；n. 病人；vt. 使狗去咬；呕吐；追击,,sick.mp3,中考核心,2,,,中考考纲核心词汇,初中
person,ˈpɜrsən,n. 人；身体；容貌，外表；人称,,person.mp3,中考核心,2,,,中考考纲核心词汇,初中
lock,lɑk,vt. 锁，锁上；隐藏；vi. 锁；锁住；卡住；n. 锁；水闸；刹车,,lock.mp3,中考核心,2,,,中考考纲核心词汇,初中
inexpensive,ˌɪnɪkˈspɛnsɪv,adj. 便宜的,,inexpensive.mp3,中考核心,2,,,中考考纲核心词汇,初中
sudden,ˈsʌdən,n. 突然发生的事；adj. 突然的，意外的；快速的,,sudden.mp3,中考核心,2,,,中考考纲核心词汇,初中
carry,ˈkæri,n. 运载； 进位；射程；vi. 能达到；被携带；被搬运；vt. 拿，扛；携带；支持；搬运,,carry.mp3,中考核心,2,,,中考考纲核心词汇,初中
seldom,ˈsɛldəm,adv. 很少，不常,,seldom.mp3,中考核心,2,,,中考考纲核心词汇,初中
manner,ˈmænər,n. 方式；习惯；种类；规矩；风俗,,manner.mp3,中考核心,2,,,中考考纲核心词汇,初中
skate,skeɪt,n. 溜冰；冰鞋；vi. 滑冰；滑过,,skate.mp3,中考核心,2,,,中考考纲核心词汇,初中
once,wʌns,adv. 一次；曾经；conj. 一旦；n. 一次，一回,,once.mp3,中考核心,2,,,中考考纲核心词汇,初中
honour,honour,n. 荣誉；尊敬；勋章；vt. 尊敬； 承兑；承兑远期票据,,honour.mp3,中考核心,2,,,中考考纲核心词汇,初中
insist,ɪnˈsɪst,vi. 坚持，强调；vt. 坚持，强调,,insist.mp3,中考核心,2,,,中考考纲核心词汇,初中
April,ˈeɪprəl,n. 四月,,april.mp3,中考核心,2,,,中考考纲核心词汇,初中
pen,pɛn,n. 钢笔；作家；围栏；vt. 写；关入栏中,,pen.mp3,中考核心,2,,,中考考纲核心词汇,初中
basic,ˈbeɪsɪk,n. 基础；要素；adj. 基本的；基础的,,basic.mp3,中考核心,2,,,中考考纲核心词汇,初中
continue,kənˈtɪnju,vt. 继续说…；使…继续；使…延长；vi. 继续，延续；仍旧，连续,,continue.mp3,中考核心,2,,,中考考纲核心词汇,初中
butterfly,ˈbʌtərˌflaɪ,n. 蝴蝶；蝶泳；举止轻浮的人；追求享乐的人,,butterfly.mp3,中考核心,2,,,中考考纲核心词汇,初中
upon,əˈpɑn,prep. 根据；接近；在…之上,,upon.mp3,中考核心,2,,,中考考纲核心词汇,初中
fly,flaɪ,n. 飞行；苍蝇；两翼昆虫；adj. 敏捷的；vi. 飞；驾驶飞机；飘扬；vt. 飞行；飞越；使飘扬,,fly.mp3,中考核心,2,,,中考考纲核心词汇,初中
American,əˈmɛrəkən,n. 美国人，美洲人；美国英语；adj. 美国的，美洲的；地道美国式的,,american.mp3,中考核心,2,,,中考考纲核心词汇,初中
wheel,wil,n. 车轮；方向盘；转动；vt. 转动；使变换方向；给…装轮子；vi. 旋转；突然转变方向；盘旋飞行,,wheel.mp3,中考核心,2,,,中考考纲核心词汇,初中
science,ˈsaɪəns,n. 科学；技术；学科；理科,,science.mp3,中考核心,2,,,中考考纲核心词汇,初中
apple,ˈæpəl,n. 苹果，苹果树，苹果似的东西；炸弹，手榴弹，（棒球的）球；人，家伙。,,apple.mp3,中考核心,2,,,中考考纲核心词汇,初中
schoolwork,ˈskulˌwɜrk,n. 家庭作业；学校作业,,schoolwork.mp3,中考核心,2,,,中考考纲核心词汇,初中
basket,ˈbæskət,n. 篮子；（篮球比赛的）得分；一篮之量；篮筐；vt. 装入篮,,basket.mp3,中考核心,2,,,中考考纲核心词汇,初中
London,ˈlʌndən,n. 伦敦,,london.mp3,中考核心,2,,,中考考纲核心词汇,初中
oversleep,ˌoʊvərˈslip,vt. 使睡过头；vi. 睡过头,,oversleep.mp3,中考核心,2,,,中考考纲核心词汇,初中
describe,dɪˈskraɪb,vt. 描述，形容；描绘,,describe.mp3,中考核心,2,,,中考考纲核心词汇,初中
include,ɪnˈklud,vt. 包含，包括,,include.mp3,中考核心,2,,,中考考纲核心词汇,初中
overcoat,ˈoʊvərˌkoʊt,n. 大衣，外套,,overcoat.mp3,中考核心,2,,,中考考纲核心词汇,初中
service,ˈsɜrvəs,n. 服务，服侍；服役；仪式；adj. 服务性的；耐用的；服现役的；vt. 维修，检修；保养,,service.mp3,中考核心,2,,,中考考纲核心词汇,初中
would,wʊd,aux. 将，将要；愿意；v. will的过去式,,would.mp3,中考核心,2,,,中考考纲核心词汇,初中
sunburned,ˈsʌnˌbɜrnd,adj. 晒黑的；日灼的；v. 晒伤（sunburn的过去分词）；晒黑,,sunburned.mp3,中考核心,2,,,中考考纲核心词汇,初中
customer,ˈkʌstəmər,n. 顾客；家伙,,customer.mp3,中考核心,2,,,中考考纲核心词汇,初中
loud,laʊd,adj. 大声的，高声的；不断的；喧吵的；adv. 大声地，高声地，响亮地,,loud.mp3,中考核心,2,,,中考考纲核心词汇,初中
background,ˈbækˌɡraʊnd,n. 背景；隐蔽的位置；adj. 背景的；发布背景材料的；vt. 作…的背景,,background.mp3,中考核心,2,,,中考考纲核心词汇,初中
ball,bɔl,n. 球；舞会；vt. 捏成球形；vi. 成团块,,ball.mp3,中考核心,2,,,中考考纲核心词汇,初中
chair,ʧɛr,n. 椅子；讲座；（会议的）主席位；大学教授的职位；vt. 担任（会议的）主席；使…入座；使就任要职,,chair.mp3,中考核心,2,,,中考考纲核心词汇,初中
cartoon,kɑrˈtun,n. 卡通片， 动画片；连环漫画；vt. 为…画漫画；vi. 画漫画,,cartoon.mp3,中考核心,2,,,中考考纲核心词汇,初中
myself,ˌmaɪˈsɛlf,pron. 我自己；我亲自；我的正常的健康状况和正常情绪,,myself.mp3,中考核心,2,,,中考考纲核心词汇,初中
amusement,əmˈjuzmənt,n. 消遣，娱乐；乐趣,,amusement.mp3,中考核心,2,,,中考考纲核心词汇,初中
cousin,ˈkʌzən,n. 堂兄弟姊妹；表兄弟姊妹,,cousin.mp3,中考核心,2,,,中考考纲核心词汇,初中
nice,naɪs,adj. 精密的；美好的；细微的；和蔼的,,nice.mp3,中考核心,2,,,中考考纲核心词汇,初中
alone,əˈloʊn,adj. 独自的；单独的；孤独的；adv. 独自地；单独地,,alone.mp3,中考核心,2,,,中考考纲核心词汇,初中
confident,ˈkɑnfədənt,adj. 自信的；确信的,,confident.mp3,中考核心,2,,,中考考纲核心词汇,初中
chocolate,ˈʧɔklət,n. 巧克力，巧克力糖；巧克力色；adj. 巧克力色的；巧克力口味的,,chocolate.mp3,中考核心,2,,,中考考纲核心词汇,初中
tenth,tɛnθ,num. 第十；十分之一；adj. 十分之一的；第十个的,,tenth.mp3,中考核心,2,,,中考考纲核心词汇,初中
challenge,ˈʧælənʤ,n. 挑战；怀疑；vt. 向…挑战；对…质疑,,challenge.mp3,中考核心,2,,,中考考纲核心词汇,初中
after,ˈæftər,conj. 在……之后；prep. 在……之后；adj. 以后的；adv. 后来，以后,,after.mp3,中考核心,2,,,中考考纲核心词汇,初中
against,əˈɡɛnst,prep. 反对，违反；靠；倚；防备；adj. 不利的；对立的,,against.mp3,中考核心,2,,,中考考纲核心词汇,初中
encourage,ɛnˈkɜrɪʤ,vt. 鼓励，怂恿；激励；支持,,encourage.mp3,中考核心,2,,,中考考纲核心词汇,初中
article,ˈɑrtəkəl,n. 文章；物品；条款； 冠词；vt. 订约将…收为学徒或见习生；使…受协议条款的约束；vi. 签订协议；进行控告,,article.mp3,中考核心,2,,,中考考纲核心词汇,初中
schoolbag,schoolbag,n. 书包,,schoolbag.mp3,中考核心,2,,,中考考纲核心词汇,初中
force,fɔrs,n. 力量；武力；军队；魄力；vt. 促使，推动；强迫；强加,,force.mp3,中考核心,2,,,中考考纲核心词汇,初中
government,ˈɡʌvərmənt,n. 政府；政体；管辖,,government.mp3,中考核心,2,,,中考考纲核心词汇,初中
UFO,ju-ɛf-oʊ,abbr. 不明飞行物（Unidentified Flying Object）,,ufo.mp3,中考核心,2,,,中考考纲核心词汇,初中
time,taɪm,n. 时间；时代；次数；节拍；倍数；adj. 定时的；定期的；分期的；vt. 计时；测定…的时间；安排…的速度,,time.mp3,中考核心,2,,,中考考纲核心词汇,初中
can,kæn,aux. 能； 能够； 可以； 可能；n. 罐头； （用金属或塑料制作的）容器； （马口铁或其他金属制作的）食品罐头；vt. 将…装入密封罐中保存,,can.mp3,中考核心,2,,,中考考纲核心词汇,初中
eve,iv,n. 前夕；傍晚；重大事件关头,,eve.mp3,中考核心,2,,,中考考纲核心词汇,初中
from,frʌm,prep. 来自，从；由于；今后,,from.mp3,中考核心,2,,,中考考纲核心词汇,初中
oak,oʊk,n. 橡树；橡木色；橡木家具；adj. 栎树的；栎木制的,,oak.mp3,中考核心,2,,,中考考纲核心词汇,初中
fail,feɪl,n. 不及格；vi. 失败，不及格；破产；缺乏；衰退；vt. 不及格；使失望；忘记；舍弃,,fail.mp3,中考核心,2,,,中考考纲核心词汇,初中
law,lɔ,n. 法律；规律；法治；法学；诉讼；司法界；vi. 起诉；控告；vt. 控告；对…起诉,,law.mp3,中考核心,2,,,中考考纲核心词汇,初中
remember,rɪˈmɛmbər,vi. 记得，记起；vt. 记得；牢记；纪念；代…问好,,remember.mp3,中考核心,2,,,中考考纲核心词汇,初中
fall,fɔl,n. 下降；秋天；瀑布；adj. 秋天的；vi. 落下；变成；来临；减弱；vt. 砍倒；击倒,,fall.mp3,中考核心,2,,,中考考纲核心词汇,初中
gymnast,ˈʤɪmnəst,n. 体操运动员,,gymnast.mp3,中考核心,2,,,中考考纲核心词汇,初中
adult,əˈdʌlt,n. 成年人；adj. 成年的；成熟的,,adult.mp3,中考核心,2,,,中考考纲核心词汇,初中
spare,spɛr,n. 剩余；备用零件；vt. 节约，吝惜；饶恕；分出，分让；adj. 多余的；瘦的；少量的；vi. 饶恕，宽恕；节约,,spare.mp3,中考核心,2,,,中考考纲核心词汇,初中
shark,ʃɑrk,n. 鲨鱼；骗子；vt. 敲诈；vi. 诈骗,,shark.mp3,中考核心,2,,,中考考纲核心词汇,初中
equator,ɪˈkweɪtər,n. 赤道,,equator.mp3,中考核心,2,,,中考考纲核心词汇,初中
cheer,ʧɪr,n. 欢呼；愉快；心情；令人愉快的事；vt. 欢呼；使高兴；为…加油；vi. 欢呼；感到高兴,,cheer.mp3,中考核心,2,,,中考考纲核心词汇,初中
your,jʊər,pron. 你的，你们的,,your.mp3,中考核心,2,,,中考考纲核心词汇,初中
poem,ˈpoʊəm,n. 诗,,poem.mp3,中考核心,2,,,中考考纲核心词汇,初中
behave,bɪˈheɪv,vi. 表现；（机器等）运转；举止端正；（事物）起某种作用；vt. 使守规矩；使表现得…,,behave.mp3,中考核心,2,,,中考考纲核心词汇,初中
chopsticks,ˈʧɑpˌstɪks,n. 筷子,,chopsticks.mp3,中考核心,2,,,中考考纲核心词汇,初中
not,nɑt,adv. 表示否定，不；n. “非”（计算机中逻辑运算的一种）,,not.mp3,中考核心,2,,,中考考纲核心词汇,初中
cent,sɛnt,n. 分；一分的硬币；森特（等于半音程的百分之一）,,cent.mp3,中考核心,2,,,中考考纲核心词汇,初中
fame,feɪm,n. 名声，名望；传闻，传说；vt. 使闻名，使有名望,,fame.mp3,中考核心,2,,,中考考纲核心词汇,初中
beside,bɪˈsaɪd,prep. 在旁边；与…相比；和…无关,,beside.mp3,中考核心,2,,,中考考纲核心词汇,初中
wrong,rɔŋ,n. 坏事；不公正；adj. 错误的；失常的；不适当的；vt. 委屈；无理地对待；诽谤；adv. 错误地；邪恶地，不正当地,,wrong.mp3,中考核心,2,,,中考考纲核心词汇,初中
everywhere,ˈɛvriˌwɛr,n. 每个地方；adv. 到处,,everywhere.mp3,中考核心,2,,,中考考纲核心词汇,初中
mobile phone,ˈmoʊbəl foʊn,n. 手机；移动电话； 手机号码；行动电话；手提电话,,mobile_phone.mp3,中考核心,2,,,中考考纲核心词汇,初中
trick,trɪk,n. 诡计；恶作剧；窍门；花招；骗局；欺诈；adj. 特技的；欺诈的；有决窍的；vt. 欺骗；哄骗；装饰；打扮；vi. 哄骗；戏弄,,trick.mp3,中考核心,2,,,中考考纲核心词汇,初中
band,bænd,n. 带，环； 波段；(演奏流行音乐的) 乐队；n. n.乐队；队；一群；vi. 用带绑扎；给...镶边,,band.mp3,中考核心,2,,,中考考纲核心词汇,初中
relief,rɪˈlif,n. 救济；减轻，解除；安慰；浮雕,,relief.mp3,中考核心,2,,,中考考纲核心词汇,初中
gallery,ˈɡæləri,n. 画廊；走廊；旁听席；地道；vt. 在…修建走廊；在…挖地道；vi. 挖地道,,gallery.mp3,中考核心,2,,,中考考纲核心词汇,初中
wash,wɑʃ,n. 洗涤；洗的衣服；化妆水；冲积物；vt. 洗涤；洗刷；冲走；拍打；vi. 洗澡；被冲蚀,,wash.mp3,中考核心,2,,,中考考纲核心词汇,初中
heel,hil,n. 脚后跟；踵；vt. 倾侧；vi. 倾侧,,heel.mp3,中考核心,2,,,中考考纲核心词汇,初中
truck,trʌk,n. 卡车；交易；手推车；adj. （美）运货汽车的；vt. 交易；以卡车运输；vi. 驾驶卡车；以物易物,,truck.mp3,中考核心,2,,,中考考纲核心词汇,初中
tomb,tum,n. 坟墓；死亡；vt. 埋葬,,tomb.mp3,中考核心,2,,,中考考纲核心词汇,初中
pierce,pɪrs,vt. 刺穿；洞察；响彻；深深地打动；vi. 进入；透入,,pierce.mp3,中考核心,2,,,中考考纲核心词汇,初中
choice,ʧɔɪs,n. 选择；选择权；精选品；adj. 精选的；仔细推敲的,,choice.mp3,中考核心,2,,,中考考纲核心词汇,初中
ice cream,aɪs krim,n. 冰淇淋； 冰激凌；雪糕；冰激淋,,ice_cream.mp3,中考核心,2,,,中考考纲核心词汇,初中
neighbourhood,neighbourhood,n. 邻近；周围；邻居关系；附近一带,,neighbourhood.mp3,中考核心,2,,,中考考纲核心词汇,初中
relaxed,rɪˈlækst,v. relax的过去式和过去分词；adj. 松懈的，放松的；悠闲的，自在的；不严格的，不拘束的,,relaxed.mp3,中考核心,2,,,中考考纲核心词汇,初中
control,kənˈtroʊl,n. 控制；管理；抑制；操纵装置；vt. 控制；管理；抑制,,control.mp3,中考核心,2,,,中考考纲核心词汇,初中
newspaper,ˈnuzˌpeɪpər,n. 报纸；报社；旧报纸,,newspaper.mp3,中考核心,2,,,中考考纲核心词汇,初中
unfamiliar,ˌʌnfəˈmɪljər,adj. 不熟悉的；不常见的；没有经验的,,unfamiliar.mp3,中考核心,2,,,中考考纲核心词汇,初中
hundred,ˈhʌndrəd,num. 百；百个；n. 一百；许多；adj. 一百的；许多的,,hundred.mp3,中考核心,2,,,中考考纲核心词汇,初中
their,ðɛr,pron. 他们的，她们的；它们的,,their.mp3,中考核心,2,,,中考考纲核心词汇,初中
plan,plæn,n. 计划；平面图；vt. 计划；设计；打算；vi. 计划；打算,,plan.mp3,中考核心,2,,,中考考纲核心词汇,初中
attend,əˈtɛnd,vi. 出席；致力于；照料；照顾；vt. 出席；上（大学等）；照料；招待；陪伴,,attend.mp3,中考核心,2,,,中考考纲核心词汇,初中
candy,ˈkændi,n. 糖果（等于sweets）；冰糖（等于sugar candy，rock candy）；毒品；adj. 新潮的（服饰）；甜言蜜语的；vt. 用糖煮；使结晶为砂糖；美化；vi. 糖煮；成为结晶,,candy.mp3,中考核心,2,,,中考考纲核心词汇,初中
miss,mɪs,n. 女士，小姐，年轻未婚女子；vt. 错过，想念，缺（勤）,,miss.mp3,中考核心,2,,,中考考纲核心词汇,初中
message,ˈmɛsəʤ,n. 消息；差使；启示；预言；广告词；vi. 报信，报告； 报文；vt. 通知,,message.mp3,中考核心,2,,,中考考纲核心词汇,初中
pronounce,prəˈnaʊns,vt. 发音；宣判；断言；vi. 发音；作出判断,,pronounce.mp3,中考核心,2,,,中考考纲核心词汇,初中
crayon,ˈkreɪˌɑn,n. 蜡笔，有色粉笔；vt. 以蜡笔作画，用颜色粉笔画,,crayon.mp3,中考核心,2,,,中考考纲核心词汇,初中
exchange,ɪksˈʧeɪnʤ,n. 交换；交流；交易所；兑换；vt. 交换；交易；兑换；vi. 交换；交易；兑换,,exchange.mp3,中考核心,2,,,中考考纲核心词汇,初中
dentist,ˈdɛntəst,n. 牙科医生；牙医诊所,,dentist.mp3,中考核心,2,,,中考考纲核心词汇,初中
young,jʌŋ,n. 年轻人；（动物的）崽，仔；adj. 年轻的；初期的；没有经验的,,young.mp3,中考核心,2,,,中考考纲核心词汇,初中
divide,dɪˈvaɪd,n.  分水岭，分水线；vt. 划分；除；分开；使产生分歧；vi. 分开；意见分歧,,divide.mp3,中考核心,2,,,中考考纲核心词汇,初中
lion,ˈlaɪən,n. 狮子；名人；勇猛的人；社交场合的名流,,lion.mp3,中考核心,2,,,中考考纲核心词汇,初中
blow,bloʊ,n. 吹；打击；殴打；vt. 风吹；vi. 风吹；喘气,,blow.mp3,中考核心,2,,,中考考纲核心词汇,初中
key,ki,n. （打字机等的）键；关键；钥匙；vt. 键入；锁上；调节…的音调；提供线索；vi. 使用钥匙；adj. 关键的,,key.mp3,中考核心,2,,,中考考纲核心词汇,初中
joy,ʤɔɪ,n. 欢乐，快乐；乐趣；高兴；vi. 欣喜，欢喜；vt. 高兴，使快乐,,joy.mp3,中考核心,2,,,中考考纲核心词汇,初中
correct,kəˈrɛkt,adj. 正确的；恰当的；端正的；vt. 改正；告诫；vi. 调整；纠正错误,,correct.mp3,中考核心,2,,,中考考纲核心词汇,初中
father,ˈfɑðər,n. 父亲，爸爸；神父；祖先；前辈；vt. 发明，创立；当…的父亲,,father.mp3,中考核心,2,,,中考考纲核心词汇,初中
soon,sun,adv. 快；不久，一会儿；立刻；宁愿,,soon.mp3,中考核心,2,,,中考考纲核心词汇,初中
jungle,ˈʤʌŋɡəl,n. 丛林，密林；危险地带；adj. 丛林的；蛮荒的,,jungle.mp3,中考核心,2,,,中考考纲核心词汇,初中
heavily,ˈhɛvəli,adv. 沉重地；猛烈地；沉闷地,,heavily.mp3,中考核心,2,,,中考考纲核心词汇,初中
advice,ædˈvaɪs,n. 建议；忠告；劝告；通知,,advice.mp3,中考核心,2,,,中考考纲核心词汇,初中
England,ˈɪŋɡlənd,n. 英格兰,,england.mp3,中考核心,2,,,中考考纲核心词汇,初中
burning,ˈbɜrnɪŋ,n. 燃烧；adj. 燃烧的；强烈的；发热的；vi. 燃烧（burn的现在分词）,,burning.mp3,中考核心,2,,,中考考纲核心词汇,初中
discover,dɪˈskʌvər,vi. 发现；vt. 发现；发觉,,discover.mp3,中考核心,2,,,中考考纲核心词汇,初中
four,fɔr,num. 四；四个；adj. 四的；四个的,,four.mp3,中考核心,2,,,中考考纲核心词汇,初中
explain,ɪkˈspleɪn,v. 说明；解释,,explain.mp3,中考核心,2,,,中考考纲核心词汇,初中
crowd,kraʊd,n. 群众，一伙;一堆，许多，大众；v. 拥挤，挤满，挤进；vt. 挤满，将...塞进;催促，催逼；vi. 挤，拥挤，聚集,,crowd.mp3,中考核心,2,,,中考考纲核心词汇,初中
bow,baʊ,n. 弓；鞠躬；船首；adj. 弯曲的；vi. 鞠躬；弯腰；vt. 鞠躬；弯腰,,bow.mp3,中考核心,2,,,中考考纲核心词汇,初中
stand,stænd,n. 站立；立场；看台；停止；vi. 站立；位于；停滞；vt. 使站立；忍受；抵抗,,stand.mp3,中考核心,2,,,中考考纲核心词汇,初中
square,skwɛr,n. 平方；广场；正方形；adj. 平方的；正方形的；直角的；正直的；vt. 使成方形；与…一致；vi. 一致；成方形；adv. 成直角地,,square.mp3,中考核心,2,,,中考考纲核心词汇,初中
million,ˈmɪljən,n. 百万；无数；adj. 百万的；无数的；num. 百万,,million.mp3,中考核心,2,,,中考考纲核心词汇,初中
sadly,ˈsædli,adv. 悲哀地；悲痛地,,sadly.mp3,中考核心,2,,,中考考纲核心词汇,初中
where,wɛr,conj. 在…的地方；n. 地点；adv. 在哪里；pron. 哪里,,where.mp3,中考核心,2,,,中考考纲核心词汇,初中
discussion,dɪˈskʌʃən,n. 讨论，议论,,discussion.mp3,中考核心,2,,,中考考纲核心词汇,初中
rope,roʊp,n. 绳，绳索；vt. 捆，绑；vi. 拧成绳状,,rope.mp3,中考核心,2,,,中考考纲核心词汇,初中
tree,tri,n. 树；木料；树状物；vt. 把...赶上树；vi. 爬上树；逃上树,,tree.mp3,中考核心,2,,,中考考纲核心词汇,初中
toy,tɔɪ,n. 玩具；小装饰品；不值钱的东西；adj. 作为玩具的；玩物似的；vi. 玩弄；调情；随随便便地对待,,toy.mp3,中考核心,2,,,中考考纲核心词汇,初中
here,hir,n. 这里；adv. 在这里；此时；int. 嘿！；喂！,,here.mp3,中考核心,2,,,中考考纲核心词汇,初中
beautiful,ˈbjutəfəl,adj. 美丽的；出色地；出色的；迷人的；迷人地,,beautiful.mp3,中考核心,2,,,中考考纲核心词汇,初中
five,faɪv,num. 五，五个；n. 五，五个；五美元钞票；adj. 五的；五个的,,five.mp3,中考核心,2,,,中考考纲核心词汇,初中
meal,mil,n. 一餐，一顿饭；膳食；vi. 进餐,,meal.mp3,中考核心,2,,,中考考纲核心词汇,初中
silently,ˈsaɪləntli,adv. 默默地；静静地,,silently.mp3,中考核心,2,,,中考考纲核心词汇,初中
responsible,riˈspɑnsəbəl,adj. 负责的，可靠的；有责任的,,responsible.mp3,中考核心,2,,,中考考纲核心词汇,初中
mix,mɪks,vt. 配制；混淆；使混和；使结交；vi. 参与；相混合；交往；n. 混合；混合物；混乱,,mix.mp3,中考核心,2,,,中考考纲核心词汇,初中
one,wʌn,pron. 一个人；任何人；adj. 一的；唯一的；n. 一；num. 一；一个,,one.mp3,中考核心,2,,,中考考纲核心词汇,初中
chalk,ʧɑk,n. 粉笔；白垩；用粉笔划的记号；adj. 用粉笔写的；vt. 用粉笔写；用白垩粉擦；记录；规划；vi. 变成白垩状,,chalk.mp3,中考核心,2,,,中考考纲核心词汇,初中
shelf,ʃɛlf,n. 架子；搁板；搁板状物；暗礁,,shelf.mp3,中考核心,2,,,中考考纲核心词汇,初中
stepmother,ˈstɛpˌmʌðər,n. 继母，后母,,stepmother.mp3,中考核心,2,,,中考考纲核心词汇,初中
anywhere,ˈɛniˌwɛr,n. 任何地方；adv. 在任何地方；无论何处,,anywhere.mp3,中考核心,2,,,中考考纲核心词汇,初中
breathe,brið,vi. 呼吸；低语；松口气；（风）轻拂；vt. 呼吸；使喘息；流露；低声说,,breathe.mp3,中考核心,2,,,中考考纲核心词汇,初中
cloudy,ˈklaʊdi,adj. 多云的；阴天的；愁容满面的,,cloudy.mp3,中考核心,2,,,中考考纲核心词汇,初中
cool,kul,n. 凉爽；凉爽的空气；adj. 凉爽的；冷静的；出色的；vt. 使…冷却；使…平静下来；vi. 变凉；平息；adv. 冷静地,,cool.mp3,中考核心,2,,,中考考纲核心词汇,初中
truthful,ˈtruθfəl,adj. 真实的；诚实的,,truthful.mp3,中考核心,2,,,中考考纲核心词汇,初中
field,fild,n. 领域；牧场；旷野；战场；运动场；adj. 扫描场；田赛的；野生的；vt. 把暴晒于场上；使上场；vi. 担任场外队员,,field.mp3,中考核心,2,,,中考考纲核心词汇,初中
local,ˈloʊkəl,n.  局部；当地居民；本地新闻；adj. 当地的；局部的；地方性的；乡土的,,local.mp3,中考核心,2,,,中考考纲核心词汇,初中
normal,ˈnɔrməl,adj. 正常的；正规的，标准的；n. 正常；标准；常态,,normal.mp3,中考核心,2,,,中考考纲核心词汇,初中
bad,bæd,n. 坏事；坏人；adj. 坏的；严重的；劣质的；adv. 很，非常；坏地；邪恶地,,bad.mp3,中考核心,2,,,中考考纲核心词汇,初中
strawberry,ˈstrɔˌbɛri,n. 草莓；草莓色,,strawberry.mp3,中考核心,2,,,中考考纲核心词汇,初中
high,haɪ,n. 高水平；天空；由麻醉品引起的快感；高压地带；adj. 高的；高级的；崇高的；高音调的；adv. 高；奢侈地,,high.mp3,中考核心,2,,,中考考纲核心词汇,初中
happy,ˈhæpi,adj. 幸福的；高兴的；巧妙的,,happy.mp3,中考核心,2,,,中考考纲核心词汇,初中
upstairs,əpˈstɛrz,n. 楼上；adj. 楼上的；adv. 在楼上，向楼上；上楼；往楼上,,upstairs.mp3,中考核心,2,,,中考考纲核心词汇,初中
quiet,ˈkwaɪət,n. 安静；和平；adj. 安静的；安定的；不动的；温顺的；vt. 使平息；安慰；vi. 平静下来,,quiet.mp3,中考核心,2,,,中考考纲核心词汇,初中
exciting,ɪkˈsaɪtɪŋ,adj. 令人兴奋的；使人激动的；v. 激动；刺激（excite的ing形式）；唤起,,exciting.mp3,中考核心,2,,,中考考纲核心词汇,初中
banana,bəˈnænə,n. 香蕉；喜剧演员；大鹰钩鼻,,banana.mp3,中考核心,2,,,中考考纲核心词汇,初中
skirt,skɜrt,n. 裙子；vt. 绕过，回避；位于…边缘；vi. 沿边走，绕开；环绕,,skirt.mp3,中考核心,2,,,中考考纲核心词汇,初中
ingredient,ɪnˈɡridiənt,n. 原料；要素；组成部分；adj. 构成组成部分的,,ingredient.mp3,中考核心,2,,,中考考纲核心词汇,初中
knife,naɪf,n. 刀；匕首；vt. 用刀切；（口）伤害；vi. 劈开；划过,,knife.mp3,中考核心,2,,,中考考纲核心词汇,初中
major,ˈmeɪʤər,adj. 主要的；重要的；主修的；较多的；n.  成年人；主修科目；陆军少校；vi. 主修,,major.mp3,中考核心,2,,,中考考纲核心词汇,初中
return,rɪˈtɜrn,vi. 返回；报答；adj. 报答的；回程的；返回的；vt. 返回；报答；n. 返回；归还；回球,,return.mp3,中考核心,2,,,中考考纲核心词汇,初中
yesterday,ˈjɛstərˌdeɪ,n. 昨天；往昔；adv. 昨天,,yesterday.mp3,中考核心,2,,,中考考纲核心词汇,初中
but,bʌt,conj. 但是；而是；然而；adv. 仅仅，只；prep. 除…以外,,but.mp3,中考核心,2,,,中考考纲核心词汇,初中
camera,ˈkæmərə,n. 照相机；摄影机,,camera.mp3,中考核心,2,,,中考考纲核心词汇,初中
lunch,lʌnʧ,n. 午餐；vt. 吃午餐；供给午餐；vi. 吃午餐；供给午餐,,lunch.mp3,中考核心,2,,,中考考纲核心词汇,初中
consider,kənˈsɪdər,vi. 考虑；认为；细想；vt. 考虑；认为；考虑到；细想,,consider.mp3,中考核心,2,,,中考考纲核心词汇,初中
autumn,ˈɔtəm,n. 秋天；成熟期；渐衰期，凋落期；adj. 秋天的，秋季的,,autumn.mp3,中考核心,2,,,中考考纲核心词汇,初中
sell,sɛl,n. 销售；失望；推销术；vt. 销售；推销；出卖；欺骗；vi. 卖；出售；受欢迎；有销路,,sell.mp3,中考核心,2,,,中考考纲核心词汇,初中
bit,bɪt,n.  比特（二进位制信息单位）；少量；马嚼子；辅币；老一套；一点，一块；adj. 很小的；微不足道的；vt. 咬（bite的过去式和过去分词）；vt. 控制；adv. 有点儿；相当,,bit.mp3,中考核心,2,,,中考考纲核心词汇,初中
golden,ˈɡoʊldən,adj. 金色的，黄金般的；珍贵的；金制的,,golden.mp3,中考核心,2,,,中考考纲核心词汇,初中
sign,saɪn,n. 迹象；符号；记号；手势；指示牌；vt. 签署；示意；vi. 签署；签名,,sign.mp3,中考核心,2,,,中考考纲核心词汇,初中
glass,ɡlæs,n. 玻璃；玻璃制品；镜子；vt. 反映；给某物加玻璃；vi. 成玻璃状,,glass.mp3,中考核心,2,,,中考考纲核心词汇,初中
or,ɔr,conj. 或，或者；还是,,or.mp3,中考核心,2,,,中考考纲核心词汇,初中
coast,koʊst,n. 海岸；滑坡；vt. 沿…岸航行；vi. 滑行；沿岸航行,,coast.mp3,中考核心,2,,,中考考纲核心词汇,初中
egg,ɛɡ,n. 蛋；卵子；家伙；鸡蛋；vt. 煽动；怂恿,,egg.mp3,中考核心,2,,,中考考纲核心词汇,初中
receive,rəˈsiv,vt. 收到；接待；接纳；vi. 接收,,receive.mp3,中考核心,2,,,中考考纲核心词汇,初中
unbelievable,ˌʌnbəˈlivəbəl,adj. 难以置信的；不可信的,,unbelievable.mp3,中考核心,2,,,中考考纲核心词汇,初中
effort,ˈɛfərt,n. 努力；成就,,effort.mp3,中考核心,2,,,中考考纲核心词汇,初中
fallen,ˈfɑlən,v. 落下；跌倒（fall的过去分词）；adj. 堕落的；落下来的；陷落的,,fallen.mp3,中考核心,2,,,中考考纲核心词汇,初中
general,ˈʤɛnərəl,n. 一般；将军，上将；常规；adj. 一般的，普通的；综合的；大体的,,general.mp3,中考核心,2,,,中考考纲核心词汇,初中
obey,oʊˈbeɪ,vt. 服从，听从；按照……行动；vi. 服从，顺从；听话,,obey.mp3,中考核心,2,,,中考考纲核心词汇,初中
weekday,ˈwikˌdeɪ,n. 平日，普通日；工作日,,weekday.mp3,中考核心,2,,,中考考纲核心词汇,初中
dialogue,ˈdaɪəˌlɔɡ,n. 对话；意见交换；vt. 用对话表达；vi. 对话,,dialogue.mp3,中考核心,2,,,中考考纲核心词汇,初中
shell,ʃɛl,n. 壳，贝壳；炮弹；外形；vt. 剥皮；炮轰；vi. 剥落；设定命令行解释器的位置,,shell.mp3,中考核心,2,,,中考考纲核心词汇,初中
result,rɪˈzʌlt,n. 结果；成绩；答案；比赛结果；vi. 结果；导致；产生,,result.mp3,中考核心,2,,,中考考纲核心词汇,初中
act,ækt,n. 行为，行动；法令，法案；（戏剧，歌剧的）一幕，段；装腔作势；vt. 扮演；装作，举动像；vi. 行动；扮演，充当；表现，举止；假装，演戏；起作用，见效,,act.mp3,中考核心,2,,,中考考纲核心词汇,初中
chain,ʧeɪn,n. 链；束缚；枷锁；vt. 束缚；囚禁；用铁链锁住,,chain.mp3,中考核心,2,,,中考考纲核心词汇,初中
performer,pərˈfɔrmər,n. 演出者；执行者；演奏者,,performer.mp3,中考核心,2,,,中考考纲核心词汇,初中
death,dɛθ,n. 死；死亡；死神；毁灭,,death.mp3,中考核心,2,,,中考考纲核心词汇,初中
invent,ɪnˈvɛnt,vt. 发明；创造；虚构,,invent.mp3,中考核心,2,,,中考考纲核心词汇,初中
wake,weɪk,n. 尾迹；守夜；守丧；vt. 叫醒；激发；vi. 醒来；唤醒；警觉,,wake.mp3,中考核心,2,,,中考考纲核心词汇,初中
distance,ˈdɪstəns,n. 距离；远方；疏远；间隔；vt. 疏远；把…远远甩在后面,,distance.mp3,中考核心,2,,,中考考纲核心词汇,初中
hug,hʌɡ,n. 拥抱；紧抱；固执；vi. 拥抱；紧抱在一起；挤在一起；vt. 拥抱；紧抱；抱有，坚持,,hug.mp3,中考核心,2,,,中考考纲核心词汇,初中
awake,əˈweɪk,adj. 醒着的；vt. 唤醒；使觉醒；激起，唤起；vi. 觉醒，意识到；醒来；被唤起,,awake.mp3,中考核心,2,,,中考考纲核心词汇,初中
waste,weɪst,n. 浪费；废物；荒地；损耗；地面风化物；adj. 废弃的；多余的；荒芜的；vt. 浪费；消耗；使荒芜；vi. 浪费；变消瘦；挥霍钱财,,waste.mp3,中考核心,2,,,中考考纲核心词汇,初中
lettuce,ˈlɛtəs,n.  生菜；莴苣；（美）纸币,,lettuce.mp3,中考核心,2,,,中考考纲核心词汇,初中
disbelief,ˌdɪsbɪˈlif,n. 怀疑，不信,,disbelief.mp3,中考核心,2,,,中考考纲核心词汇,初中
block,blɑk,n. 块；街区；大厦；障碍物；adj. 成批的，大块的；交通堵塞的；vt. 阻止；阻塞；限制；封盖,,block.mp3,中考核心,2,,,中考考纲核心词汇,初中
door,dɔr,n. 门；家，户；门口；通道,,door.mp3,中考核心,2,,,中考考纲核心词汇,初中
teenager,ˈtiˌneɪʤər,n. 十几岁的青少年；十三岁到十九岁的少年,,teenager.mp3,中考核心,2,,,中考考纲核心词汇,初中
bottle,ˈbɑtəl,n. 瓶子；一瓶的容量；vt. 控制；把…装入瓶中；vi. （街头艺人演出后）收拢钱币,,bottle.mp3,中考核心,2,,,中考考纲核心词汇,初中
warmth,wɔrmθ,n. 温暖；热情；激动,,warmth.mp3,中考核心,2,,,中考考纲核心词汇,初中
bright,braɪt,n. 车头灯光；adj. 明亮的，鲜明的；聪明的；愉快的；adv. 明亮地；光明地；欢快地,,bright.mp3,中考核心,2,,,中考考纲核心词汇,初中
course,kɔrs,n. 科目；课程；过程；进程；道路；路线，航向；一道菜；vt. 追赶；跑过；vi. 指引航线；快跑,,course.mp3,中考核心,2,,,中考考纲核心词汇,初中
hurry,ˈhɜri,n. 匆忙，急忙；v. 仓促（做某事）；催促；（朝某方向）迅速移动；迅速处理,,hurry.mp3,中考核心,2,,,中考考纲核心词汇,初中
recall,ˈriˌkɔl,n. 召回；回忆；撤消；vt. 召回；回想起，记起；取消,,recall.mp3,中考核心,2,,,中考考纲核心词汇,初中
style,staɪl,n. 风格；时尚；类型；字体；vt. 设计；称呼；使合潮流；vi. 设计式样；用刻刀作装饰画,,style.mp3,中考核心,2,,,中考考纲核心词汇,初中
boring,ˈbɔrɪŋ,n. 钻孔；adj. 无聊的；令人厌烦的；v. 钻孔；使厌烦；挖空（bore的ing形式）,,boring.mp3,中考核心,2,,,中考考纲核心词汇,初中
German,ˈʤɜrmən,n. 德语；德国人；adj. 德国的；德语的，德国人的,,german.mp3,中考核心,2,,,中考考纲核心词汇,初中
these,ðiz,adj. 这些的；pron. 这些,,these.mp3,中考核心,2,,,中考考纲核心词汇,初中
tomorrow,təˈmɑˌroʊ,n. 明天；未来；adv. 明天；未来地（等于to-morrow）,,tomorrow.mp3,中考核心,2,,,中考考纲核心词汇,初中
whole,hoʊl,n. 整体；全部；adj. 完整的；纯粹的,,whole.mp3,中考核心,2,,,中考考纲核心词汇,初中
violinist,vaɪəˈlɪnəst,n. 小提琴演奏者，小提琴家,,violinist.mp3,中考核心,2,,,中考考纲核心词汇,初中
missing,ˈmɪsɪŋ,adj. 失踪的；缺少的；v. 错过（miss的ing形式）；想念；漏掉,,missing.mp3,中考核心,2,,,中考考纲核心词汇,初中
overnight,ˈoʊvərˈnaɪt,adv. 通宵；突然；昨晚；adj. 晚上的；通宵的；前夜的；n. 头天晚上；一夜的逗留；vt. 连夜快递；vi. 过一夜,,overnight.mp3,中考核心,2,,,中考考纲核心词汇,初中
forward,ˈfɔrwərd,n. 前锋；adj. 向前的；早的；迅速的；adv. 向前地；向将来；vt. 促进；转寄；运送,,forward.mp3,中考核心,2,,,中考考纲核心词汇,初中
king,kɪŋ,n. 国王；最有势力者；王棋；vi. 统治；做国王；vt. 立…为王；adj. 主要的，最重要的，最大的,,king.mp3,中考核心,2,,,中考考纲核心词汇,初中
try,traɪ,n. 尝试；努力；试验；vt. 试图，努力；试验；审判；考验；vi. 尝试；努力；试验,,try.mp3,中考核心,2,,,中考考纲核心词汇,初中
uneasy,əˈnizi,adj. 不舒服的；心神不安的；不稳定的,,uneasy.mp3,中考核心,2,,,中考考纲核心词汇,初中
share,ʃɛr,n. 份额；股份；vt. 分享，分担；分配；vi. 共享；分担,,share.mp3,中考核心,2,,,中考考纲核心词汇,初中
iron,ˈaɪərn,n. 熨斗；烙铁；坚强；adj. 铁的；残酷的；刚强的；vt. 熨；用铁铸成；vi. 熨衣；烫平,,iron.mp3,中考核心,2,,,中考考纲核心词汇,初中
natural,ˈnæʧərəl,adj. 自然的；物质的；天生的；不做作的；n. 自然的事情；白痴；本位音,,natural.mp3,中考核心,2,,,中考考纲核心词汇,初中
necessary,ˈnɛsəˌsɛri,adj. 必要的；必需的；必然的；n. 必需品,,necessary.mp3,中考核心,2,,,中考考纲核心词汇,初中
hear,hir,vi. 听；听见；vt. 听到，听；听说；审理,,hear.mp3,中考核心,2,,,中考考纲核心词汇,初中
ours,ˈaʊərz,pron. 我们的,,ours.mp3,中考核心,2,,,中考考纲核心词汇,初中
path,pæθ,n. 道路；小路；轨道,,path.mp3,中考核心,2,,,中考考纲核心词汇,初中
clearly,ˈklɪrli,adv. 清晰地；明显地；无疑地；明净地,,clearly.mp3,中考核心,2,,,中考考纲核心词汇,初中
kitchen,ˈkɪʧən,n. 厨房；炊具；炊事人员,,kitchen.mp3,中考核心,2,,,中考考纲核心词汇,初中
talented,ˈtæləntəd,adj. 有才能的；多才的,,talented.mp3,中考核心,2,,,中考考纲核心词汇,初中
clap,klæp,n. 鼓掌；拍手声；vt. 拍手，鼓掌；轻轻拍打某人；vi. 鼓掌，拍手；啪地关上,,clap.mp3,中考核心,2,,,中考考纲核心词汇,初中
interested,ˈɪntrəstəd,v. 使…感兴趣（interest的过去分词）；adj. 感兴趣的；有权益的；有成见的,,interested.mp3,中考核心,2,,,中考考纲核心词汇,初中
either,ˈiðər,conj. 也（用于否定句或否定词组后）；根本；prep. 任何一个；adj. 两者之中任一的；两者之中每一的；pron. 任一，两方，随便哪一个；两者中的一个或另一个,,either.mp3,中考核心,2,,,中考考纲核心词汇,初中
bored,bɔrd,v. 使厌烦（bore的过去式）；烦扰；adj. 无聊的；无趣的；烦人的,,bored.mp3,中考核心,2,,,中考考纲核心词汇,初中
personality,ˌpɜrsəˈnælɪti,n. 个性；品格；名人,,personality.mp3,中考核心,2,,,中考考纲核心词汇,初中
tonight,təˈnaɪt,n. 今晚；adv. 在今晚,,tonight.mp3,中考核心,2,,,中考考纲核心词汇,初中
whoever,huˈɛvər,pron. 无论谁；任何人；n. 《爱谁谁》（电影名）,,whoever.mp3,中考核心,2,,,中考考纲核心词汇,初中
fan,fæn,n. 迷；风扇；爱好者；vt. 煽动；刺激；吹拂；vi. 成扇形散开；飘动,,fan.mp3,中考核心,2,,,中考考纲核心词汇,初中
better,ˈbɛtər,n. 长辈；较好者；打赌的人（等于bettor）；adj. 较好的；vt. 改善；胜过；adv. 更好的；更多的；较大程度地；vi. 变得较好,,better.mp3,中考核心,2,,,中考考纲核心词汇,初中
outstanding,ˌaʊtˈstændɪŋ,adj. 杰出的；显著的；未解决的；未偿付的；n. 未偿贷款,,outstanding.mp3,中考核心,2,,,中考考纲核心词汇,初中
choose,ʧuz,vt. 选择，决定；vi. 选择，挑选,,choose.mp3,中考核心,2,,,中考考纲核心词汇,初中
tool,tul,n. 工具，用具；器械，机床；手段；vt. 用工具给……加工；vi. 使用工具；用机床装备工厂,,tool.mp3,中考核心,2,,,中考考纲核心词汇,初中
Italian,ɪˈtæljən,n. 意大利人；意大利语；adj. 意大利的；意大利文化的；意大利语的,,italian.mp3,中考核心,2,,,中考考纲核心词汇,初中
thought,θɔt,n. 思想；思考；想法；关心；v. 想，思考；认为（think的过去式和过去分词）,,thought.mp3,中考核心,2,,,中考考纲核心词汇,初中
past,pæst,n. 过去；往事；prep. 越过；晚于；adj. 过去的；结束的；adv. 过；经过,,past.mp3,中考核心,2,,,中考考纲核心词汇,初中
although,ˌɔlˈðoʊ,conj. 尽管；虽然；但是；然而,,although.mp3,中考核心,2,,,中考考纲核心词汇,初中
copy,ˈkɑpi,n. 副本；一册；摹仿；vt. 复制；复印；抄袭；vi. 复制；复印；抄袭,,copy.mp3,中考核心,2,,,中考考纲核心词汇,初中
certainly,ˈsɜrtənli,adv. 当然；行（用于回答）；必定,,certainly.mp3,中考核心,2,,,中考考纲核心词汇,初中
fin,fɪn,n. 鳍；鱼翅；鳍状物；vt. 切除鳍；装上翅；vi. 猛挥鳍；潜泳,,fin.mp3,中考核心,2,,,中考考纲核心词汇,初中
when,wɛn,conj. 考虑到；既然；当…时；在…时；如果；n. 时间，时候；日期；场合；adv. 什么时候，何时；（用于时间的表达方式之后）在那时；其时；当时；pron. 那时；什么时侯,,when.mp3,中考核心,2,,,中考考纲核心词汇,初中
repeat,rɪˈpit,n. 重复；副本；vi. 重做；重复发生；vt. 重复；复制；背诵,,repeat.mp3,中考核心,2,,,中考考纲核心词汇,初中
creativity,ˌkrieɪˈtɪvəti,n. 创造力；创造性,,creativity.mp3,中考核心,2,,,中考考纲核心词汇,初中
collector,kəˈlɛktər,n. 收藏家； 集电极；收税员；征收者,,collector.mp3,中考核心,2,,,中考考纲核心词汇,初中
produce,ˈproʊdus,n. 农产品，产品；vt. 生产；引起；创作；生育，繁殖；vi. 生产，创作,,produce.mp3,中考核心,2,,,中考考纲核心词汇,初中
hot,hɑt,adj. 热的；辣的；热情的；激动的；紧迫的；vt. 增加；给…加温；adv. 热；紧迫地；vi. 变热,,hot.mp3,中考核心,2,,,中考考纲核心词汇,初中
surprising,sərˈpraɪzɪŋ,v. 使惊奇；意外发现（surprise的ing形式）；adj. 令人惊讶的；意外的,,surprising.mp3,中考核心,2,,,中考考纲核心词汇,初中
concert,ˈkɑnsɜrt,n. 音乐会；一致；和谐；adj. 音乐会用的；在音乐会上演出的；vt. 使协调；协同安排；vi. 协调；协力,,concert.mp3,中考核心,2,,,中考考纲核心词汇,初中
middle,ˈmɪdəl,adj. 中间的，中部的；中级的，中等的；n. 中间，中央；腰部,,middle.mp3,中考核心,2,,,中考考纲核心词汇,初中
wine,waɪn,n. 酒，葡萄酒；紫红色；vt. 请…喝酒；vi. 喝酒,,wine.mp3,中考核心,2,,,中考考纲核心词汇,初中
tradition,trəˈdɪʃən,n. 惯例，传统；传说,,tradition.mp3,中考核心,2,,,中考考纲核心词汇,初中
musical,ˈmjuzɪkəl,adj. 音乐的；悦耳的；n. 音乐片,,musical.mp3,中考核心,2,,,中考考纲核心词汇,初中
soup,sup,n. 汤，羹；马力；vt. 加速；增加马力,,soup.mp3,中考核心,2,,,中考考纲核心词汇,初中
duck,dʌk,n. 鸭子；鸭肉；（英）宝贝儿；零分；vt. 躲避；猛按…入水；vi. 闪避；没入水中,,duck.mp3,中考核心,2,,,中考考纲核心词汇,初中
policewoman,pəˈliˌswʊmən,n. 女警察；女警官,,policewoman.mp3,中考核心,2,,,中考考纲核心词汇,初中
Mr,ˈmɪstər,abbr. 先生（Mister）,,mr.mp3,中考核心,2,,,中考考纲核心词汇,初中
taxi,ˈtæksi,n. 出租汽车；vt. 使滑行；用出租车送；vi. 乘出租车；滑行,,taxi.mp3,中考核心,2,,,中考考纲核心词汇,初中
secret,ˈsikrət,n. 秘密；秘诀；机密；adj. 秘密的；机密的,,secret.mp3,中考核心,2,,,中考考纲核心词汇,初中
subway,ˈsʌˌbweɪ,n. 地铁；地道；vi. 乘地铁,,subway.mp3,中考核心,2,,,中考考纲核心词汇,初中
depend,dɪˈpɛnd,vi. 依赖，依靠；取决于；相信，信赖,,depend.mp3,中考核心,2,,,中考考纲核心词汇,初中
sock,sɑk,vt. 重击；给……穿袜；n. 短袜；一击；adv. 正着地；不偏不倚地；adj. 非常成功的,,sock.mp3,中考核心,2,,,中考考纲核心词汇,初中
escape,ɪˈskeɪp,n. 逃跑；逃亡；逃走；逃跑工具或方法；野生种；泄漏；vi. 逃脱；避开；溜走；（气体，液体等）漏出；（未受伤或只受了一点伤害而）逃脱；声音（不自觉地）由…发出；vt. 逃避，避开，,,escape.mp3,中考核心,2,,,中考考纲核心词汇,初中
kingdom,ˈkɪŋdəm,n. 王国；界；领域,,kingdom.mp3,中考核心,2,,,中考考纲核心词汇,初中
sky,skaɪ,n. 天空；顶点；vt. 把…投向空中；把…挂得过高；vi. 踢或击高空球；把桨叶翘得过高；飞涨,,sky.mp3,中考核心,2,,,中考考纲核心词汇,初中
sunshine,ˈsʌnˌʃaɪn,n. 阳光；愉快；晴天；快活,,sunshine.mp3,中考核心,2,,,中考考纲核心词汇,初中
need,nid,n. 需要，要求；缺乏；必要之物；vt. 需要；vi. 需要,,need.mp3,中考核心,2,,,中考考纲核心词汇,初中
especially,əˈspɛʃli,adv. 特别；尤其；格外,,especially.mp3,中考核心,2,,,中考考纲核心词汇,初中
scoop,skup,n. 勺；铲子；独家新闻；凹处；vt. 掘；舀取；抢先获得；搜集,,scoop.mp3,中考核心,2,,,中考考纲核心词汇,初中
laughter,ˈlæftər,n. 笑；笑声,,laughter.mp3,中考核心,2,,,中考考纲核心词汇,初中
joke,ʤoʊk,n. 玩笑，笑话；笑柄；vt. 开…的玩笑；vi. 开玩笑,,joke.mp3,中考核心,2,,,中考考纲核心词汇,初中
help,hɛlp,n. 帮助；补救办法；帮忙者；有益的东西；vt. 帮助；促进；治疗；补救；vi. 帮助；有用；招待,,help.mp3,中考核心,2,,,中考考纲核心词汇,初中
hallway,ˈhɔlˌweɪ,n. 走廊；门厅；玄关,,hallway.mp3,中考核心,2,,,中考考纲核心词汇,初中
environmental,ɪnˌvaɪrənˈmɛntəl,adj. 环境的，周围的；有关环境的,,environmental.mp3,中考核心,2,,,中考考纲核心词汇,初中
rainy,ˈreɪni,adj. 下雨的；多雨的,,rainy.mp3,中考核心,2,,,中考考纲核心词汇,初中
holiday,ˈhɑləˌdeɪ,n. 假日；节日；休息日；vi. 外出度假,,holiday.mp3,中考核心,2,,,中考考纲核心词汇,初中
pollute,pəˈlut,vt. 污染；玷污；败坏,,pollute.mp3,中考核心,2,,,中考考纲核心词汇,初中
impossible,ɪmˈpɑsəbəl,n. 不可能；不可能的事；adj. 不可能的；不可能存在的；难以忍受的；不真实的,,impossible.mp3,中考核心,2,,,中考考纲核心词汇,初中
stay,steɪ,n. 逗留；停止；支柱；vi. 停留；坚持；暂住；停下；vt. 坚持；暂住；抑制,,stay.mp3,中考核心,2,,,中考考纲核心词汇,初中
June,ʤun,n. 六月；琼（人名，来源于拉丁语，含义是“年轻气盛的六月”）,,june.mp3,中考核心,2,,,中考考纲核心词汇,初中
wood,wʊd,n. 木材；木制品；树林；vt. 植林于；给…添加木柴；vi. 收集木材,,wood.mp3,中考核心,2,,,中考考纲核心词汇,初中
saint,seɪnt,找不到解释,,saint.mp3,中考核心,2,,,中考考纲核心词汇,初中
card,kɑrd,n. 卡片；纸牌；明信片；vt. 记于卡片上,,card.mp3,中考核心,2,,,中考考纲核心词汇,初中
English,ˈɪŋɡlɪʃ,n. 英语；英国人；英文；英格兰人；adj. 英国人的；英国的；英文的；vt. 把…译成英语,,english.mp3,中考核心,2,,,中考考纲核心词汇,初中
rank,ræŋk,n. 排；等级；军衔；队列；adj. 讨厌的；恶臭的；繁茂的；vt. 排列；把…分等；vi. 列为；列队,,rank.mp3,中考核心,2,,,中考考纲核心词汇,初中
courage,ˈkɜrəʤ,n. 勇气；胆量,,courage.mp3,中考核心,2,,,中考考纲核心词汇,初中
wear,wɛr,n. 衣物；磨损；耐久性；v. 穿着；用旧；耗损；面露,,wear.mp3,中考核心,2,,,中考考纲核心词汇,初中
succeed,səkˈsid,vi. 成功；继承；继任；兴旺；vt. 继承；接替；继…之后,,succeed.mp3,中考核心,2,,,中考考纲核心词汇,初中
china,ˈʧaɪnə,找不到解释,,china.mp3,中考核心,2,,,中考考纲核心词汇,初中
Germany,ˈʤɜrməni,n. 德国,,germany.mp3,中考核心,2,,,中考考纲核心词汇,初中
primary,ˈpraɪˌmɛri,n. 原色；最主要者；adj. 主要的；初级的；基本的,,primary.mp3,中考核心,2,,,中考考纲核心词汇,初中
finally,ˈfaɪnəli,adv. 最后；终于；决定性地,,finally.mp3,中考核心,2,,,中考考纲核心词汇,初中
excitement,ɪkˈsaɪtmənt,n. 兴奋；刺激；令人兴奋的事物,,excitement.mp3,中考核心,2,,,中考考纲核心词汇,初中
noisy,ˈnɔɪzi,adj. .嘈杂的；喧闹的；聒噪的,,noisy.mp3,中考核心,2,,,中考考纲核心词汇,初中
pack,pæk,n. 包装；一群；背包；包裹；一副；vt. 包装；压紧；捆扎；挑选；塞满；vi. 挤；包装货物；被包装；群集,,pack.mp3,中考核心,2,,,中考考纲核心词汇,初中
garage,ɡəˈrɑʒ,n. 车库；汽车修理厂；飞机库；vt. 把……送入车库；把（汽车）开进车库,,garage.mp3,中考核心,2,,,中考考纲核心词汇,初中
serious,ˈsɪriəs,adj. 严肃的，严重的；认真的；庄重的；危急的,,serious.mp3,中考核心,2,,,中考考纲核心词汇,初中
pleasant,ˈplɛzənt,adj. 令人愉快的，舒适的；讨人喜欢的，和蔼可亲的,,pleasant.mp3,中考核心,2,,,中考考纲核心词汇,初中
newsletter,ˈnuˌzlɛtər,n. 时事通讯,,newsletter.mp3,中考核心,2,,,中考考纲核心词汇,初中
assistant,əˈsɪstənt,n. 助手，助理，助教；adj. 辅助的，助理的；有帮助的,,assistant.mp3,中考核心,2,,,中考考纲核心词汇,初中
fox,fɑks,n. 狐狸；狡猾的人；vt. 欺骗；使变酸；vi. 假装；耍狡猾手段,,fox.mp3,中考核心,2,,,中考考纲核心词汇,初中
could,kʊd,aux. 能够；v. 能（can的过去式）,,could.mp3,中考核心,2,,,中考考纲核心词汇,初中
loudly,ˈlaʊdli,adv. 大声地，响亮地,,loudly.mp3,中考核心,2,,,中考考纲核心词汇,初中
ocean,ˈoʊʃən,n. 海洋；大量；广阔,,ocean.mp3,中考核心,2,,,中考考纲核心词汇,初中
fire,ˈfaɪər,n. 火；火灾；炮火；炉火；热情；激情；磨难；vt. 点燃；解雇；开除；使发光；烧制；激动；放枪；vi. 着火；射击；开枪；激动；烧火,,fire.mp3,中考核心,2,,,中考考纲核心词汇,初中
sweater,ˈswɛtər,n. 毛线衣，运动衫；大量出汗的人，发汗剂,,sweater.mp3,中考核心,2,,,中考考纲核心词汇,初中
birthday,ˈbɜrθˌdeɪ,n. 生日，诞辰；诞生的日子,,birthday.mp3,中考核心,2,,,中考考纲核心词汇,初中
call,kɔl,n. 电话；呼叫；要求；访问；vi. 呼叫；拜访；叫牌；vt. 呼叫；称呼；召集,,call.mp3,中考核心,2,,,中考考纲核心词汇,初中
shout,ʃaʊt,n. 呼喊；呼叫；vi. 呼喊；喊叫；大声说；vt. 呼喊；大声说,,shout.mp3,中考核心,2,,,中考考纲核心词汇,初中
that,ðæt,conj. 因为；以至于；adj. 那；那个；pron. 那；那个；adv. 那么；那样,,that.mp3,中考核心,2,,,中考考纲核心词汇,初中
sea,si,n. 海；海洋；许多；大量,,sea.mp3,中考核心,2,,,中考考纲核心词汇,初中
pink,pɪŋk,n. 粉红色；化身，典范；石竹花；头面人物；adj. 粉红的；比较激进的；石竹科的；脸色发红的；vt. 扎，刺，戳；使…变粉红色；使…面红耳赤；vi. 变粉红色,,pink.mp3,中考核心,2,,,中考考纲核心词汇,初中
part-time,ˈpɑrtˈtaɪm,adj. 兼职的；部分时间的；adv. 兼职地；用部分时间地,,part-time.mp3,中考核心,2,,,中考考纲核心词汇,初中
rush,rʌʃ,n. 冲进；匆促；急流；灯心草；adj. 急需的；vt. 使冲；突袭；匆忙地做；飞跃；vi. 冲；奔；闯；赶紧；涌现,,rush.mp3,中考核心,2,,,中考考纲核心词汇,初中
metre,ˈmitər,n. 米；公尺；韵律,,metre.mp3,中考核心,2,,,中考考纲核心词汇,初中
shop,ʃɑp,n. 商店；店铺；vt. 购物；vi. 购物；买东西,,shop.mp3,中考核心,2,,,中考考纲核心词汇,初中
main,meɪn,n. 主要部分，要点；体力；总管道；adj. 主要的，最重要的；全力的,,main.mp3,中考核心,2,,,中考考纲核心词汇,初中
exercise,ˈɛksərˌsaɪz,n. 运动；练习；运用；操练；礼拜；典礼；vt. 锻炼；练习；使用；使忙碌；使惊恐；vi. 运动；练习,,exercise.mp3,中考核心,2,,,中考考纲核心词汇,初中
artist,ˈɑrtəst,n. 艺术家；美术家（尤指画家）；大师,,artist.mp3,中考核心,2,,,中考考纲核心词汇,初中
expert,ˈɛkspərt,n. 专家；行家；能手；adj. 熟练的；内行的；老练的；vt. 当专家；在…中当行家,,expert.mp3,中考核心,2,,,中考考纲核心词汇,初中
visit,ˈvɪzət,n. 访问；参观；逗留；vt. 访问；参观；视察；vi. 访问；暂住；闲谈,,visit.mp3,中考核心,2,,,中考考纲核心词汇,初中
lemon,ˈlɛmən,adj. 柠檬色的；n. 柠檬,,lemon.mp3,中考核心,2,,,中考考纲核心词汇,初中
following,ˈfɑloʊɪŋ,n. 下列事物；一批追随者；v. 跟随；沿行（follow的ing形式）；adj. 下面的；其次的，接着的,,following.mp3,中考核心,2,,,中考考纲核心词汇,初中
eighteenth,eɪˈtinθ,num. 第十八；十八分之一；adj. 第十八的，第十八个的；十八分之一的,,eighteenth.mp3,中考核心,2,,,中考考纲核心词汇,初中
yet,jɛt,conj. 但是；然而；adv. 还；但是；已经,,yet.mp3,中考核心,2,,,中考考纲核心词汇,初中
apartment,əˈpɑrtmənt,n. 公寓；房间,,apartment.mp3,中考核心,2,,,中考考纲核心词汇,初中
wallet,ˈwɔlət,n. 钱包，皮夹,,wallet.mp3,中考核心,2,,,中考考纲核心词汇,初中
grandfather,ˈɡrændˌfɑðər,n. 祖父；始祖；vt. 不受新规定限制,,grandfather.mp3,中考核心,2,,,中考考纲核心词汇,初中
besides,bɪˈsaɪdz,prep. 除…之外；adv. 此外；而且,,besides.mp3,中考核心,2,,,中考考纲核心词汇,初中
absent,ˈæbsənt,adj. 缺席的；缺少的；心不在焉的；茫然的；vt. 使缺席,,absent.mp3,中考核心,2,,,中考考纲核心词汇,初中
unhappy,ənˈhæpi,adj. 不快乐的；不幸福的；不适当的,,unhappy.mp3,中考核心,2,,,中考考纲核心词汇,初中
ever,ˈɛvər,adv. 永远；曾经；究竟,,ever.mp3,中考核心,2,,,中考考纲核心词汇,初中
change,ʧeɪnʤ,n. 变化；找回的零钱；vt. 改变；交换；vi. 改变；兑换,,change.mp3,中考核心,2,,,中考考纲核心词汇,初中
wisely,ˈwaɪzli,adv. 明智地；聪明地；精明地,,wisely.mp3,中考核心,2,,,中考考纲核心词汇,初中
give,ɡɪv,n. 弹性；弯曲；伸展性；vi. 捐赠；面向；有弹性；气候转暖；vt. 给；产生；让步；举办；授予,,give.mp3,中考核心,2,,,中考考纲核心词汇,初中
volleyball,ˈvɑliˌbɔl,n. 排球,,volleyball.mp3,中考核心,2,,,中考考纲核心词汇,初中
basketball,ˈbæskətˌbɔl,n. 篮球；篮球运动,,basketball.mp3,中考核心,2,,,中考考纲核心词汇,初中
Japan,ʤəˈpæn,n. 日本（东亚国家名）,,japan.mp3,中考核心,2,,,中考考纲核心词汇,初中
display,dɪˈspleɪ,n. 显示；炫耀；vt. 显示；表现；陈列；adj. 展览的；陈列用的；vi.  作炫耀行为,,display.mp3,中考核心,2,,,中考考纲核心词汇,初中
ton,tʌn,n. 吨；很多，大量,,ton.mp3,中考核心,2,,,中考考纲核心词汇,初中
sail,seɪl,n. 帆，篷；航行；vi. 航行；启航，开船；vt. 航行,,sail.mp3,中考核心,2,,,中考考纲核心词汇,初中
culture,ˈkʌlʧər,n. 文化，文明；修养；栽培；vt.  培养（等于cultivate）,,culture.mp3,中考核心,2,,,中考考纲核心词汇,初中
hour,ˈaʊər,n. 小时；钟头；课时；…点钟,,hour.mp3,中考核心,2,,,中考考纲核心词汇,初中
zipper,ˈzɪpər,齐珀,,zipper.mp3,中考核心,2,,,中考考纲核心词汇,初中
piano,piˈænoʊ,n. 钢琴,,piano.mp3,中考核心,2,,,中考考纲核心词汇,初中
screen,skrin,n. 屏，幕；屏风；vt. 筛；拍摄；放映；掩蔽；vi. 拍电影,,screen.mp3,中考核心,2,,,中考考纲核心词汇,初中
Italy,ˈɪtəli,n. 意大利（欧洲南部国家）,,italy.mp3,中考核心,2,,,中考考纲核心词汇,初中
contest,ˈkɑntɛst,n. 竞赛；争夺；争论；vt. 争辩；质疑；vi. 竞争；争辩,,contest.mp3,中考核心,2,,,中考考纲核心词汇,初中
ninth,naɪnθ,num. 第九；adj. 第九的；九分之一的；n. 九分之一,,ninth.mp3,中考核心,2,,,中考考纲核心词汇,初中
human,ˈhjumən,n. 人；人类；adj. 人的；人类的,,human.mp3,中考核心,2,,,中考考纲核心词汇,初中
snake,sneɪk,n. 蛇；阴险的人；vt. 拉（木材等）；迂回前进；vi. 迂回前进,,snake.mp3,中考核心,2,,,中考考纲核心词汇,初中
before,bɪˈfɔr,prep. 在…之前，先于；conj. 在…以前；在…之前；adv. 以前；在前,,before.mp3,中考核心,2,,,中考考纲核心词汇,初中
situation,ˌsɪʧuˈeɪʃən,n. 情况；形势；处境；位置,,situation.mp3,中考核心,2,,,中考考纲核心词汇,初中
vehicle,ˈvihɪkəl,n.  车辆；工具；交通工具；运载工具；传播媒介；媒介物,,vehicle.mp3,中考核心,2,,,中考考纲核心词汇,初中
game,ɡeɪm,n. 游戏；比赛；adj. 勇敢的；vi. 赌博,,game.mp3,中考核心,2,,,中考考纲核心词汇,初中
well,wɛl,n. 井；源泉；adj. 良好的；健康的；适宜的；adv. 很好地；充分地；满意地；适当地；v. 涌出,,well.mp3,中考核心,2,,,中考考纲核心词汇,初中
sleep,slip,n. 睡眠；vi. 睡，睡觉,,sleep.mp3,中考核心,2,,,中考考纲核心词汇,初中
pain,peɪn,n. 疼痛；努力；vt. 使…痛苦；使…烦恼；vi. 感到疼痛；引起疼痛,,pain.mp3,中考核心,2,,,中考考纲核心词汇,初中
great,ɡreɪt,n. 大师；大人物；伟人们；adj. 伟大的，重大的；极好的，好的；主要的,,great.mp3,中考核心,2,,,中考考纲核心词汇,初中
regard,rəˈɡɑrd,n. 注意；尊重；问候；凝视；vi. 注意，注重；注视；vt. 注重，考虑；看待；尊敬；把…看作；与…有关,,regard.mp3,中考核心,2,,,中考考纲核心词汇,初中
avenue,ˈævəˌnu,n. 大街；林荫大道；(达到某物的)途径，手段，方法，渠道,,avenue.mp3,中考核心,2,,,中考考纲核心词汇,初中
lonely,ˈloʊnli,adj. 寂寞的；偏僻的；n. 孤独者,,lonely.mp3,中考核心,2,,,中考考纲核心词汇,初中
spaghetti,spəˈɡɛti,n. 意大利式细面条,,spaghetti.mp3,中考核心,2,,,中考考纲核心词汇,初中
simply,ˈsɪmpli,adv. 简单地；仅仅；简直；朴素地；坦白地,,simply.mp3,中考核心,2,,,中考考纲核心词汇,初中
excited,ɪkˈsaɪtəd,v. 激动；唤起（excite的过去分词）；adj. 兴奋的；激动的；活跃的,,excited.mp3,中考核心,2,,,中考考纲核心词汇,初中
row,roʊ,n. 行，排；划船；街道；吵闹；vt. 划船；使……成排；vi. 划船；争吵,,row.mp3,中考核心,2,,,中考考纲核心词汇,初中
rich,rɪʧ,adj. 富有的；肥沃的；昂贵的；adj. 油腻的，含有很多脂肪,,rich.mp3,中考核心,2,,,中考考纲核心词汇,初中
glasses,ˈɡlæsəz,n.  眼镜；玻璃（glass的复数形式）；双筒望远镜；v. 把…装入玻璃容器内；给…装上玻璃（glass的第三人称单数形式）,,glasses.mp3,中考核心,2,,,中考考纲核心词汇,初中
hold,hoʊld,n. 控制；保留；vi. 支持；有效；持续；vt. 持有；拥有；保存；拘留；约束或控制；又作“Hold住”使用，中英混用词汇，表示轻松掌控全局。；,,hold.mp3,中考核心,2,,,中考考纲核心词汇,初中
no,noʊ,adv. 不；adj. 没有；不是；n. 不；否决票；abbr. 数字（number）；元素锘（nobelium）的符号,,no.mp3,中考核心,2,,,中考考纲核心词汇,初中
couple,ˈkʌpəl,n. 对；夫妇；数个；vt. 结合；连接；连合；vi. 结合；成婚,,couple.mp3,中考核心,2,,,中考考纲核心词汇,初中
hoax,hoʊks,n. 骗局；恶作剧；vt. 愚弄；欺骗,,hoax.mp3,中考核心,2,,,中考考纲核心词汇,初中
underground,ˈʌndərˌɡraʊnd,n. 地下；地铁；地道；地下组织；秘密活动；先锋派团体；adj. 地下的；秘密的；先锋派的；adv. 在地下；秘密地,,underground.mp3,中考核心,2,,,中考考纲核心词汇,初中
cost,kɑst,n. 费用，代价，成本；损失；vt. 花费；使付出；使花许多钱；vi. 花费,,cost.mp3,中考核心,2,,,中考考纲核心词汇,初中
congratulate,kənˈɡræʧəˌleɪt,vt. 祝贺；恭喜；庆贺,,congratulate.mp3,中考核心,2,,,中考考纲核心词汇,初中
street,strit,n. 街道；adj. 街道的,,street.mp3,中考核心,2,,,中考考纲核心词汇,初中
chemistry,ˈkɛməstri,n. 化学；化学过程,,chemistry.mp3,中考核心,2,,,中考考纲核心词汇,初中
land,lænd,n. 国土；陆地；地面；vt. 使…登陆；使…陷于；将…卸下；vi. 登陆；到达,,land.mp3,中考核心,2,,,中考考纲核心词汇,初中
prefer,prəˈfɜr,vt. 更喜欢；宁愿；提出；提升；vi. 喜欢；愿意,,prefer.mp3,中考核心,2,,,中考考纲核心词汇,初中
accidental,ˌæksəˈdɛntəl,n. 次要方面；非主要的特性；临时记号；adj. 意外的；偶然的；附属的；临时记号的,,accidental.mp3,中考核心,2,,,中考考纲核心词汇,初中
fool,ful,n. 傻瓜；愚人；受骗者；vt. 欺骗，愚弄；adj. 傻的；vi. 欺骗；开玩笑；戏弄,,fool.mp3,中考核心,2,,,中考考纲核心词汇,初中
paragraph,ˈpærəˌɡræf,n. 段落；短评；段落符号；vt. 将…分段,,paragraph.mp3,中考核心,2,,,中考考纲核心词汇,初中
around,əˈraʊnd,prep. 四处；在…周围；adv. 大约；到处；在附近,,around.mp3,中考核心,2,,,中考考纲核心词汇,初中
direction,dəˈrɛkʃən,n. 方向；指导；趋势；用法说明,,direction.mp3,中考核心,2,,,中考考纲核心词汇,初中
postman,ˈpoʊstmən,n. 邮递员；邮差,,postman.mp3,中考核心,2,,,中考考纲核心词汇,初中
criminal,ˈkrɪmənəl,n. 罪犯；adj. 刑事的；犯罪的；罪恶的,,criminal.mp3,中考核心,2,,,中考考纲核心词汇,初中
increase,ˈɪnˌkris,n. 增加，增长；提高；vt. 增加，加大；vi. 增加，增大；繁殖,,increase.mp3,中考核心,2,,,中考考纲核心词汇,初中
modern,ˈmɑdərn,adj. 现代的，近代的；时髦的；n. 现代人；有思想的人,,modern.mp3,中考核心,2,,,中考考纲核心词汇,初中
workday,ˈwɜrkˌdeɪ,n. 工作日；adj. 日常的，工作日的；平凡的,,workday.mp3,中考核心,2,,,中考考纲核心词汇,初中
first,fɜrst,num. 第一；n. 第一；开始；冠军；adj. 第一的；基本的；最早的；adv. 第一；首先；优先；宁愿,,first.mp3,中考核心,2,,,中考考纲核心词汇,初中
uncomfortable,ənˈkʌmfərtəbəl,adj. 不舒服的；不安的,,uncomfortable.mp3,中考核心,2,,,中考考纲核心词汇,初中
remain,rɪˈmeɪn,n. 遗迹；剩余物，残骸；vi. 保持；依然；留下；剩余；逗留；残存,,remain.mp3,中考核心,2,,,中考考纲核心词汇,初中
hard,hɑrd,adj. 努力的；硬的；困难的；辛苦的；确实的；严厉的；猛烈的；冷酷无情的；adv. 努力地；困难地；辛苦地；接近地；猛烈地；牢固地,,hard.mp3,中考核心,2,,,中考考纲核心词汇,初中
corn,kɔrn,n. （美）玉米；（英）谷物； 鸡眼；vt. 腌；使成颗粒,,corn.mp3,中考核心,2,,,中考考纲核心词汇,初中
turkey,ˈtɜrki,n. 土耳其（横跨欧亚两洲的国家）,,turkey.mp3,中考核心,2,,,中考考纲核心词汇,初中
prime,praɪm,n. 初期；青年；精华；全盛时期；adj. 主要的；最好的；基本的；vt. 使准备好；填装；vi. 作准备；adv. 极好地,,prime.mp3,中考核心,2,,,中考考纲核心词汇,初中
rent,rɛnt,n. 租金；vt. 出租；租用；租借；vi. 租；出租,,rent.mp3,中考核心,2,,,中考考纲核心词汇,初中
Russia,ˈrʌʃə,n. 俄罗斯,,russia.mp3,中考核心,2,,,中考考纲核心词汇,初中
public,ˈpʌblɪk,n. 公众；社会；公共场所；adj. 公众的；政府的；公用的；公立的,,public.mp3,中考核心,2,,,中考考纲核心词汇,初中
outgoing,ˈaʊtˌɡoʊɪŋ,adj. 对人友好的，开朗的；出发的，外出的；即将离职的；乐于助人的；n. 外出；流出；开支；v. 超过；优于（outgo的ing形式）,,outgoing.mp3,中考核心,2,,,中考考纲核心词汇,初中
teammate,ˈtiˌmeɪt,n. 队友，同队队员,,teammate.mp3,中考核心,2,,,中考考纲核心词汇,初中
word,wɜrd,n.  单词；话语；消息；诺言；命令；vt. 用言辞表达,,word.mp3,中考核心,2,,,中考考纲核心词汇,初中
wind,wɪnd,vi. 缠绕；上发条；吹响号角；n. 风；呼吸；气味；卷绕；vt. 缠绕；上发条；使弯曲；吹号角；绕住或缠住某人,,wind.mp3,中考核心,2,,,中考考纲核心词汇,初中
Dr,ˈdɑktər,abbr. 速度三角形定位法（dead reckoning）；数据记录器（Data Recorder）,,dr.mp3,中考核心,2,,,中考考纲核心词汇,初中
sandwich,ˈsændwɪʧ,n. 三明治；夹心面包；vt. 夹入；挤进；把...做成三明治,,sandwich.mp3,中考核心,2,,,中考考纲核心词汇,初中
pan,pæn,n. 平底锅；盘状的器皿；淘盘子，金盘，秤盘；vi. 淘金；在淘洗中收获金子；vt. 淘金；在浅锅中烹调（食物）；严厉的批评,,pan.mp3,中考核心,2,,,中考考纲核心词汇,初中
unfair,ənˈfɛr,adj. 不公平的，不公正的,,unfair.mp3,中考核心,2,,,中考考纲核心词汇,初中
ask,æsk,vt. 问，询问；要求；需要；邀请；讨价；vi. 问，询问；要求,,ask.mp3,中考核心,2,,,中考考纲核心词汇,初中
educate,ˈɛʤəˌkeɪt,vt. 教育；培养；训练；vi. 教育；训练,,educate.mp3,中考核心,2,,,中考考纲核心词汇,初中
company,ˈkʌmpəni,n. 公司；陪伴，同伴；连队；vt. 陪伴；vi. 交往,,company.mp3,中考核心,2,,,中考考纲核心词汇,初中
bamboo,bæmˈbu,n. 竹，竹子；adj. 竹制的；土著居民的；vt. 为…装上篾条,,bamboo.mp3,中考核心,2,,,中考考纲核心词汇,初中
promise,ˈprɑməs,n. 许诺，允诺；希望；vt. 允诺，许诺；给人以…的指望或希望；vi. 许诺；有指望，有前途,,promise.mp3,中考核心,2,,,中考考纲核心词汇,初中
DJ,di-ʤeɪ,abbr. 流行音乐播音员，流行音乐节目主持人（disc jockey）；地方初审法院法官（District Judge）；司法部（Department of Justice）,,dj.mp3,中考核心,2,,,中考考纲核心词汇,初中
ghost,ɡoʊst,n. 鬼，幽灵；vt. 作祟于；替…捉刀；为人代笔；vi. 替人代笔,,ghost.mp3,中考核心,2,,,中考考纲核心词汇,初中
reusable,riˈuzəbəl,adj. 可以再度使用的，可重复使用的,,reusable.mp3,中考核心,2,,,中考考纲核心词汇,初中
thick,θɪk,n. 最拥挤部分；活动最多部分；事物的粗大浓密部分；adj. 厚的；浓的；粗大的；adv. 密集地；浓浓地，厚厚地,,thick.mp3,中考核心,2,,,中考考纲核心词汇,初中
condition,kənˈdɪʃən,n. 条件；情况；环境；身份；vt. 决定；使适应；使健康；以…为条件,,condition.mp3,中考核心,2,,,中考考纲核心词汇,初中
hers,hərz,pron. 她的（所有格）,,hers.mp3,中考核心,2,,,中考考纲核心词汇,初中
airplane,ˈɛrˌpleɪn,n. 飞机,,airplane.mp3,中考核心,2,,,中考考纲核心词汇,初中
flash,flæʃ,n. 闪光，闪现；一瞬间；adj. 闪光的，火速的；vt. 使闪光；反射；vi. 闪光，闪现；反射,,flash.mp3,中考核心,2,,,中考考纲核心词汇,初中
cream,krim,n. 奶油，乳脂；精华；面霜；乳酪,,cream.mp3,中考核心,2,,,中考考纲核心词汇,初中
lose,luz,vt. 浪费；使沉溺于；使迷路；遗失；错过；vi. 失败；受损失,,lose.mp3,中考核心,2,,,中考考纲核心词汇,初中
fishing,ˈfɪʃɪŋ,n. 渔业；捕鱼（术）；试探；装配；adj. 钓鱼的；钓鱼用的；v. 捕鱼（fish的ing形式）,,fishing.mp3,中考核心,2,,,中考考纲核心词汇,初中
page,peɪʤ,n. 页；记录；大事件，时期；男侍者；vt. 给…标页码；vi. 翻书页，浏览,,page.mp3,中考核心,2,,,中考考纲核心词汇,初中
peel,pil,n. 皮；v. 剥，剥落；削,,peel.mp3,中考核心,2,,,中考考纲核心词汇,初中
wound,wund,n. 创伤，伤口；vt. 使受伤；vi. 受伤，伤害,,wound.mp3,中考核心,2,,,中考考纲核心词汇,初中
compete,kəmˈpit,vi. 竞争；比赛；对抗,,compete.mp3,中考核心,2,,,中考考纲核心词汇,初中
ecosystem,ˈikoʊˌsɪstəm,n. 生态系统,,ecosystem.mp3,中考核心,2,,,中考考纲核心词汇,初中
home-made,ˈhoʊmˈmeɪd,adj. （本）国产的；自制的；家里做的,,home-made.mp3,中考核心,2,,,中考考纲核心词汇,初中
everyday,ˈɛvriˈdeɪ,n. 平时；寻常日子；adj. 每天的，日常的,,everyday.mp3,中考核心,2,,,中考考纲核心词汇,初中
agreement,əˈɡrimənt,n. 协议；同意，一致,,agreement.mp3,中考核心,2,,,中考考纲核心词汇,初中
Asian,ˈeɪʒən,n. 亚洲人；adj. 亚洲的；亚洲人的,,asian.mp3,中考核心,2,,,中考考纲核心词汇,初中
balance,ˈbæləns,n. 平衡；余额；匀称；vt. 使平衡；结算；使相称；vi. 保持平衡；相称；抵销,,balance.mp3,中考核心,2,,,中考考纲核心词汇,初中
handwriting,ˈhænˌdraɪtɪŋ,n. 笔迹；书法；书写；手稿；v. 亲手写（handwrite的ing形式）,,handwriting.mp3,中考核心,2,,,中考考纲核心词汇,初中
sofa,ˈsoʊfə,n. 沙发；长椅,,sofa.mp3,中考核心,2,,,中考考纲核心词汇,初中
snack,snæk,n. 小吃，快餐；一份，部分；vi. 吃快餐，吃点心,,snack.mp3,中考核心,2,,,中考考纲核心词汇,初中
picture,ˈpɪkʧər,n. 照片，图画；影片；景色；化身；vt. 画；想像；描写,,picture.mp3,中考核心,2,,,中考考纲核心词汇,初中
plane,pleɪn,n. 飞机；平面；程度，水平；adj. 平的；平面的；vt. 刨平；用刨子刨；掠过水面；vi. 刨；乘飞机旅行；翱翔,,plane.mp3,中考核心,2,,,中考考纲核心词汇,初中
Internet,ˈɪntərˌnɛt,找不到解释,,internet.mp3,中考核心,2,,,中考考纲核心词汇,初中
wise,waɪz,adj. 明智的；聪明的；博学的；vt. 使知道；教导；vi. 了解,,wise.mp3,中考核心,2,,,中考考纲核心词汇,初中
short,ʃɔrt,n. 短；缺乏；短路；短裤；adj. 短的；不足的；矮的，低的；adv. 不足；突然；唐突地,,short.mp3,中考核心,2,,,中考考纲核心词汇,初中
down,daʊn,prep. 沿着，往下；n. 软毛，绒毛； 开阔的高地；adj. 向下的；vt. 打倒，击败；adv. 向下，下去；在下面；vi. 下降；下去,,down.mp3,中考核心,2,,,中考考纲核心词汇,初中
meet,mit,vt. 满足；遇见；对付；vi. 相遇；接触；n. 集会；adj. 合适的；适宜的,,meet.mp3,中考核心,2,,,中考考纲核心词汇,初中
plate,pleɪt,n. 碟；金属板；金属牌；感光底片；vt. 电镀；给…装甲,,plate.mp3,中考核心,2,,,中考考纲核心词汇,初中
reach,riʧ,n. 范围；延伸；河段；横风行驶；vi. 达到；延伸；伸出手；传开；vt. 达到；影响；抵达；伸出,,reach.mp3,中考核心,2,,,中考考纲核心词汇,初中
chance,ʧæns,n. 机会，际遇；运气，侥幸；可能性；vt. 偶然发生；冒……的险；vi. 碰巧；偶然被发现,,chance.mp3,中考核心,2,,,中考考纲核心词汇,初中
always,ˈɔlˌweɪz,adv. 永远，一直；总是；常常,,always.mp3,中考核心,2,,,中考考纲核心词汇,初中
murder,ˈmɜrdər,vt. 谋杀，凶杀；n. 谋杀，凶杀；vi. 杀人，犯杀人罪,,murder.mp3,中考核心,2,,,中考考纲核心词汇,初中
forget,fərˈɡɛt,vi. 忘记；vt. 忘记；忽略,,forget.mp3,中考核心,2,,,中考考纲核心词汇,初中
thirsty,ˈθɜrsti,adj. 口渴的，口干的；渴望的，热望的,,thirsty.mp3,中考核心,2,,,中考考纲核心词汇,初中
celebrate,ˈsɛləˌbreɪt,vt. 庆祝；举行；赞美；祝贺；宣告；vi. 庆祝；过节；举行宗教仪式,,celebrate.mp3,中考核心,2,,,中考考纲核心词汇,初中
sand,sænd,n. 沙；沙地；沙洲；沙滩；沙子；vt. 撒沙于；以沙掩盖；用砂纸等擦平或磨光某物；使撒沙似地布满；给…掺沙子；vi. 被沙堵塞,,sand.mp3,中考核心,2,,,中考考纲核心词汇,初中
girlfriend,ˈɡɜrlˌfrɛnd,n. 女朋友；女伴,,girlfriend.mp3,中考核心,2,,,中考考纲核心词汇,初中
yogurt,ˈjoʊɡərt,n. 酸奶酪， 酸乳（等于yoghurt）,,yogurt.mp3,中考核心,2,,,中考考纲核心词汇,初中
suggest,səɡˈʤɛst,vt. 提议，建议；启发；使人想起；显示；暗示,,suggest.mp3,中考核心,2,,,中考考纲核心词汇,初中
officer,ˈɔfəsər,n. 军官，警官；公务员，政府官员；船长；vt. 指挥,,officer.mp3,中考核心,2,,,中考考纲核心词汇,初中
throw,θroʊ,n. 投掷；冒险；vt. 投；抛；掷；vi. 抛；投掷,,throw.mp3,中考核心,2,,,中考考纲核心词汇,初中
playground,ˈpleɪˌɡraʊnd,n. 运动场，操场；游乐场,,playground.mp3,中考核心,2,,,中考考纲核心词汇,初中
importance,ɪmˈpɔrtəns,n. 价值；重要；重大；傲慢,,importance.mp3,中考核心,2,,,中考考纲核心词汇,初中
buy,baɪ,n. 购买，买卖；所购的物品；vi. 买，采购；vt. 购买；获得；贿赂,,buy.mp3,中考核心,2,,,中考考纲核心词汇,初中
victory,ˈvɪktəri,n. 胜利；成功；克服,,victory.mp3,中考核心,2,,,中考考纲核心词汇,初中
outdoors,ˈaʊtˈdɔrz,adv. 在户外；n. 户外；adj. 户外的（等于outdoor）,,outdoors.mp3,中考核心,2,,,中考考纲核心词汇,初中
like,laɪk,vt. 喜欢；想；愿意；vi. 喜欢；希望；prep. 像；如同；adj. 同样的；相似的；n. 爱好；同样的人或物；adv. 可能；conj. 好像,,like.mp3,中考核心,2,,,中考考纲核心词汇,初中
believable,bəˈlivəbəl,adj. 可信的,,believable.mp3,中考核心,2,,,中考考纲核心词汇,初中
thing,θɪŋ,n. 事情；东西；事物；情况,,thing.mp3,中考核心,2,,,中考考纲核心词汇,初中
fix,fɪks,n. 困境；方位；贿赂；vt. 使固定；修理；安装；准备；vi. 固定；注视,,fix.mp3,中考核心,2,,,中考考纲核心词汇,初中
package,ˈpækəʤ,n. 包，包裹；套装软件， 程序包；adj. 一揽子的；vt. 打包；将…包装,,package.mp3,中考核心,2,,,中考考纲核心词汇,初中
p.m.,pi.ɛm.,找不到解释,,pm.mp3,中考核心,2,,,中考考纲核心词汇,初中
ear,ir,n. 耳朵；穗；听觉；倾听；vi. （美俚）听见；抽穗,,ear.mp3,中考核心,2,,,中考考纲核心词汇,初中
operation,ˌɑpəˈreɪʃən,n. 操作；经营； 手术； 运算,,operation.mp3,中考核心,2,,,中考考纲核心词汇,初中
step,stɛp,n. 步，脚步；步骤；步伐；梯级；vt. 走，迈步；vi. 踏，踩；走,,step.mp3,中考核心,2,,,中考考纲核心词汇,初中
recipe,ˈrɛsəpi,n. 食谱； 处方；秘诀；烹饪法,,recipe.mp3,中考核心,2,,,中考考纲核心词汇,初中
count,kaʊnt,n. 计数；计算；伯爵；vt. 计算；认为；vi. 计数；有价值,,count.mp3,中考核心,2,,,中考考纲核心词汇,初中
magic,ˈmæʤɪk,n. 巫术；魔法；戏法；adj. 不可思议的；有魔力的；魔术的,,magic.mp3,中考核心,2,,,中考考纲核心词汇,初中
talent,ˈtælənt,n. 才能；天才；天资,,talent.mp3,中考核心,2,,,中考考纲核心词汇,初中
valuable,ˈvæljəbəl,n. 贵重物品；adj. 有价值的；贵重的；可估价的,,valuable.mp3,中考核心,2,,,中考考纲核心词汇,初中
expensive,ɪkˈspɛnsɪv,adj. 昂贵的；花钱的,,expensive.mp3,中考核心,2,,,中考考纲核心词汇,初中
understanding,ˌʌndərˈstændɪŋ,n. 谅解，理解；理解力；协议；v. 理解；明白（understand的ing形式）；adj. 了解的；聪明的；有理解力的,,understanding.mp3,中考核心,2,,,中考考纲核心词汇,初中
cry,kraɪ,n. 叫喊；叫声；口号；呼叫；vi. 哭；叫；喊；vt. 叫喊；哭出；大声说,,cry.mp3,中考核心,2,,,中考考纲核心词汇,初中
dictionary,ˈdɪkʃəˌnɛri,n. 字典；词典,,dictionary.mp3,中考核心,2,,,中考考纲核心词汇,初中
pop,pɑp,abbr. 卖点广告（Point of Purchase）,,pop.mp3,中考核心,2,,,中考考纲核心词汇,初中
backpack,ˈbækˌpæk,n. 双肩背包，背包；远足用的背包；vt. 挑运；把…放入背包；vi. 背负简便行李旅行；挑运,,backpack.mp3,中考核心,2,,,中考考纲核心词汇,初中
nineteenth,ˈnaɪnˈtinθ,num. 第十九；十九分之一,,nineteenth.mp3,中考核心,2,,,中考考纲核心词汇,初中
available,əˈveɪləbəl,adj. 可获得的；可购得的；可找到的；有空的,,available.mp3,中考核心,2,,,中考考纲核心词汇,初中
useful,ˈjusfəl,adj. 有用的，有益的；有帮助的,,useful.mp3,中考核心,2,,,中考考纲核心词汇,初中
separate,ˈsɛprət,n. .分开；抽印本；adj. 单独的；分开的；不同的；各自的；；vt. 使分离；使分开；使分居；vi. 分开；隔开；分居,,separate.mp3,中考核心,2,,,中考考纲核心词汇,初中
salt,sɔlt,n. 盐；风趣，刺激性；adj. 咸水的；含盐的，咸味的；盐腌的；猥亵的；vt. 用盐腌；给…加盐；将盐撒在道路上使冰或雪融化,,salt.mp3,中考核心,2,,,中考考纲核心词汇,初中
recite,rəˈsaɪt,vt. 背诵；叙述；列举；vi. 背诵；叙述,,recite.mp3,中考核心,2,,,中考考纲核心词汇,初中
Friday,ˈfraɪˌdeɪ,n. 星期五,,friday.mp3,中考核心,2,,,中考考纲核心词汇,初中
map,mæp,vt. 映射；计划；绘制地图；确定基因在染色体中的位置；n. 地图；示意图；染色体图；vi. 基因被安置,,map.mp3,中考核心,2,,,中考考纲核心词汇,初中
pal,pæl,n. 朋友，伙伴；同志；vi. 结为朋友,,pal.mp3,中考核心,2,,,中考考纲核心词汇,初中
second,ˈsɛkənd,num. 第二；n. 秒；第二名；瞬间；二等品；adj. 第二的；次要的；附加的；vt. 支持；adv. 第二；其次；居第二位,,second.mp3,中考核心,2,,,中考考纲核心词汇,初中
special,ˈspɛʃəl,n. 特使，特派人员；特刊；特色菜；专车；特价商品；adj. 特别的；专门的，专用的,,special.mp3,中考核心,2,,,中考考纲核心词汇,初中
wild,waɪld,n. 荒野；adj. 野生的；野蛮的；狂热的；荒凉的；adv. 疯狂地；胡乱地,,wild.mp3,中考核心,2,,,中考考纲核心词汇,初中
kangaroo,ˌkæŋɡəˈru,n. 袋鼠,,kangaroo.mp3,中考核心,2,,,中考考纲核心词汇,初中
touch,tʌʧ,n. 接触；触觉；格调；少许；vt. 接触；触动；使轻度受害；vi. 触摸；涉及；接近；提到,,touch.mp3,中考核心,2,,,中考考纲核心词汇,初中
homeland,ˈhoʊmˌlænd,n. 祖国；故乡,,homeland.mp3,中考核心,2,,,中考考纲核心词汇,初中
rainstorm,ˈreɪnˌstɔrm,n. 暴风雨，大暴雨,,rainstorm.mp3,中考核心,2,,,中考考纲核心词汇,初中
moment,ˈmoʊmənt,n. 片刻，瞬间，时刻；重要，契机,,moment.mp3,中考核心,2,,,中考考纲核心词汇,初中
roof,ruf,n. 屋顶；最高处，顶部；最高限度；vt. 给…盖屋顶，覆盖,,roof.mp3,中考核心,2,,,中考考纲核心词汇,初中
food,fud,n. 食物；养料,,food.mp3,中考核心,2,,,中考考纲核心词汇,初中
old,oʊld,adj. 陈旧的，古老的；年老的；n. 古时,,old.mp3,中考核心,2,,,中考考纲核心词汇,初中
save,seɪv,prep. 除...之外；n. 救援；vi. 节省；挽救；vt. 节省；保存；储蓄；解救,,save.mp3,中考核心,2,,,中考考纲核心词汇,初中
daily,ˈdeɪli,n. 日报；朝来夜去的女佣；adj. 日常的；每日的；adv. 日常地；每日；天天,,daily.mp3,中考核心,2,,,中考考纲核心词汇,初中
ready,ˈrɛdi,n. 现款；预备好的状态；adj. 准备好；现成的；迅速的；情愿的；快要…的；vt. 使准备好；adv. 迅速地；预先,,ready.mp3,中考核心,2,,,中考考纲核心词汇,初中
slice,slaɪs,n. 薄片；部分；菜刀，火铲；vt. 切下；把…分成部分；将…切成薄片；vi. 切开；割破,,slice.mp3,中考核心,2,,,中考考纲核心词汇,初中
comfortable,ˈkʌmfərtəbəl,n. 盖被；adj. 舒适的，舒服的,,comfortable.mp3,中考核心,2,,,中考考纲核心词汇,初中
eight,eɪt,num. 八；八个；第八；n. 八字形；adj. 八的,,eight.mp3,中考核心,2,,,中考考纲核心词汇,初中
actually,ˈækʧuəli,adv. 实际上；事实上,,actually.mp3,中考核心,2,,,中考考纲核心词汇,初中
horse,hɔrs,n. 马；骑兵；脚架；海洛因；vt. 使骑马；系马于；捉弄；vi. 骑马；作弄人,,horse.mp3,中考核心,2,,,中考考纲核心词汇,初中
honest,ˈɑnəst,adj. 诚实的，实在的；可靠的；坦率的,,honest.mp3,中考核心,2,,,中考考纲核心词汇,初中
predict,prɪˈdɪkt,vi. 作出预言；作预料，作预报；vt. 预报，预言；预知,,predict.mp3,中考核心,2,,,中考考纲核心词汇,初中
point,pɔɪnt,n. 要点；得分；标点； 尖端；vt. 指向；弄尖；加标点于；vi. 表明；指向,,point.mp3,中考核心,2,,,中考考纲核心词汇,初中
seventeen,ˈsɛvənˈtin,n. 十七，十七个；num. 十七；adj. 十七岁的；十七的，十七个的,,seventeen.mp3,中考核心,2,,,中考考纲核心词汇,初中
seal,sil,n. 密封；印章；海豹；封条；标志；vt. 密封；盖章；vi. 猎海豹,,seal.mp3,中考核心,2,,,中考考纲核心词汇,初中
long,lɔŋ,n. 长时间； 长音节；（服装的）长尺寸；长裤；adj. 长的；过长的；做多头的；长时间的；冗长的，长音；vi. 渴望；热望；adv. 长期地；始终,,long.mp3,中考核心,2,,,中考考纲核心词汇,初中
private,ˈpraɪvət,n. 列兵；二等兵；adj. 私人的；私有的；私下的,,private.mp3,中考核心,2,,,中考考纲核心词汇,初中
price,praɪs,n. 价格；价值；代价；vt. 给……定价；问……的价格,,price.mp3,中考核心,2,,,中考考纲核心词汇,初中
tall,tɔl,adj. 高的；长的；过分的；夸大的；adv. 夸大地,,tall.mp3,中考核心,2,,,中考考纲核心词汇,初中
parrot,ˈpɛrət,n. 鹦鹉；学舌者，应声虫；机械模仿别人的人；vt. 机械地模仿,,parrot.mp3,中考核心,2,,,中考考纲核心词汇,初中
stocking,ˈstɑkɪŋ,n. 长袜,,stocking.mp3,中考核心,2,,,中考考纲核心词汇,初中
class,klæs,n. 阶级；班级；种类；班；等级；adj. 极好的；很好的，优秀的，出色的；vt. 分类；把…分等级；把…归入某等级，把…看作（或分类、归类）；把…编入某一班级；vi. 属于…类（或等级）,,class.mp3,中考核心,2,,,中考考纲核心词汇,初中
smoke,smoʊk,n. 烟；抽烟；无常的事物；vt. 吸烟；抽；vi. 冒烟，吸烟；抽烟；弥漫,,smoke.mp3,中考核心,2,,,中考考纲核心词汇,初中
sale,seɪl,n. 销售；出售；拍卖；销售额；廉价出售,,sale.mp3,中考核心,2,,,中考考纲核心词汇,初中
practice,ˈpræktəs,n. 实践；练习；惯例；vt. 练习；实习；实行；vi. 练习；实习；实行,,practice.mp3,中考核心,2,,,中考考纲核心词汇,初中
reason,ˈrizən,n. 理由；理性；动机；vt. 说服；推论；辩论；vi. 推论；劝说,,reason.mp3,中考核心,2,,,中考考纲核心词汇,初中
ago,əˈɡoʊ,adj. 以前的；过去的；adv. 以前，以往,,ago.mp3,中考核心,2,,,中考考纲核心词汇,初中
pass,pæs,n. 及格；经过；护照；途径；传球；vt. 通过；经过；传递；vi. 经过；传递；变化；终止,,pass.mp3,中考核心,2,,,中考考纲核心词汇,初中
serve,sɜrv,n. 发球，轮到发球；vi. 服役，服务；适合，足够；发球；招待，侍候；vt. 招待，供应；为…服务；对…有用；可作…用,,serve.mp3,中考核心,2,,,中考考纲核心词汇,初中
warn,wɔrn,vt. 警告，提醒；通知；vi. 发出警告，发出预告,,warn.mp3,中考核心,2,,,中考考纲核心词汇,初中
survey,ˈsɜrˌveɪ,n. 调查；测量；审视；纵览；vt. 调查；勘测；俯瞰；vi. 测量土地,,survey.mp3,中考核心,2,,,中考考纲核心词汇,初中
number,ˈnʌmbər,n. 数；（杂志等的）期；号码；数字；算术；vi. 计入；总数达到；vt. 编号；计入；数…的数目；使为数有限,,number.mp3,中考核心,2,,,中考考纲核心词汇,初中
badminton,ˈbædˌmɪntən,n. 羽毛球,,badminton.mp3,中考核心,2,,,中考考纲核心词汇,初中
kind,kaɪnd,n. 种类；性质；adj. 和蔼的；宽容的；令人感激的,,kind.mp3,中考核心,2,,,中考考纲核心词汇,初中
eighteen,eɪˈtin,n. 十八，十八个；num. 十八；adj. 十八个的，十八的,,eighteen.mp3,中考核心,2,,,中考考纲核心词汇,初中
vacation,veɪˈkeɪʃən,n. 假期；（房屋）搬出；vi. 休假，度假,,vacation.mp3,中考核心,2,,,中考考纲核心词汇,初中
stress,strɛs,n. 压力；强调；紧张；重要性；重读；vt. 强调；使紧张；加压力于；用重音读,,stress.mp3,中考核心,2,,,中考考纲核心词汇,初中
clock,klɑk,n. 时钟；计时器；vt. 记录；记时；vi. 打卡；记录时间,,clock.mp3,中考核心,2,,,中考考纲核心词汇,初中
offer,ˈɔfər,vt. 提供；出价；试图；n. 提议；出价；意图；录取通知书；vi. 提议；出现；献祭；求婚,,offer.mp3,中考核心,2,,,中考考纲核心词汇,初中
away,əˈweɪ,adv. 离去，离开；在远处,,away.mp3,中考核心,2,,,中考考纲核心词汇,初中
listen,ˈlɪsən,vi. 听，倾听；听从，听信；n. 听，倾听,,listen.mp3,中考核心,2,,,中考考纲核心词汇,初中
greet,ɡrit,vt. 欢迎，迎接；致敬，致意；映入眼帘,,greet.mp3,中考核心,2,,,中考考纲核心词汇,初中
jeans,ʤinz,n. 牛仔裤；工装裤,,jeans.mp3,中考核心,2,,,中考考纲核心词汇,初中
mile,maɪl,n. 英里；一英里赛跑；较大的距离,,mile.mp3,中考核心,2,,,中考考纲核心词汇,初中
influence,ˈɪnfluəns,n. 影响；势力；感化；有影响的人或事；vt. 影响；改变,,influence.mp3,中考核心,2,,,中考考纲核心词汇,初中
clear,klɪr,n. 清除；空隙；adj. 清楚的；清澈的；晴朗的；无罪的；vt. 通过；清除；使干净；跳过；vi. 放晴；变清澈；adv. 清晰地；完全地,,clear.mp3,中考核心,2,,,中考考纲核心词汇,初中
cotton,ˈkɑtən,n. 棉花；棉布；棉线；adj. 棉的；棉制的；vi. 一致；理解；和谐；亲近,,cotton.mp3,中考核心,2,,,中考考纲核心词汇,初中
swim,swɪm,n. 游泳；漂浮；眩晕；adj. 游泳时穿戴的；vi. 游泳；漂浮；浸；眩晕；vt. 游过；使浮起,,swim.mp3,中考核心,2,,,中考考纲核心词汇,初中
impress,ˈɪmˌprɛs,n. 印象，印记；特征，痕迹；vi. 给人印象；vt. 盖印；强征；传送；给予某人深刻印象,,impress.mp3,中考核心,2,,,中考考纲核心词汇,初中
everything,ˈɛvriˌθɪŋ,pron. 每件事物；最重要的东西；（有关的）一切；万事,,everything.mp3,中考核心,2,,,中考考纲核心词汇,初中
icy,ˈaɪsi,adj. 冰冷的；冷淡的；结满冰的,,icy.mp3,中考核心,2,,,中考考纲核心词汇,初中
December,dɪˈsɛmbər,n. 十二月,,december.mp3,中考核心,2,,,中考考纲核心词汇,初中
wet,wɛt,n. 雨天；湿气；adj.  潮湿的；有雨的；vt. 弄湿；vi. 变湿,,wet.mp3,中考核心,2,,,中考考纲核心词汇,初中
dream,drim,n. 梦想，愿望；梦；adj. 梦的；理想的；不切实际的；vt. 梦想；做梦；想到；vi. 梦想；做梦，梦见；想到,,dream.mp3,中考核心,2,,,中考考纲核心词汇,初中
PC,ˈpiˈsi,abbr. 个人电脑（Personal Computer）；巡逻车（Patrol Car）,,pc.mp3,中考核心,2,,,中考考纲核心词汇,初中
believe,bɪˈliv,vi. 信任；料想；笃信宗教；vt. 相信；认为；信任,,believe.mp3,中考核心,2,,,中考考纲核心词汇,初中
pleased,plizd,adj. 高兴的；喜欢的；乐意做某事；v. 满意；愿意（please的过去分词形式）,,pleased.mp3,中考核心,2,,,中考考纲核心词汇,初中
double,ˈdʌbəl,n. 两倍；双精度型；adj. 双重的；两倍的；vt. 使加倍；adv. 双重地；两倍地；弓身地；vi. 加倍，加倍努力；快步走,,double.mp3,中考核心,2,,,中考考纲核心词汇,初中
I,aɪ,n. 碘元素；英语字母I；pron. 我,,i.mp3,中考核心,2,,,中考考纲核心词汇,初中
climb,klaɪm,n. 爬；攀登；vi. 爬；攀登；上升；vt. 爬；攀登；上升,,climb.mp3,中考核心,2,,,中考考纲核心词汇,初中
sixteen,sɪkˈstin,num. 十六；adj. 十六的，十六个的,,sixteen.mp3,中考核心,2,,,中考考纲核心词汇,初中
oneself,ˌwʌnˈsɛlf,pron. 自己；亲自,,oneself.mp3,中考核心,2,,,中考考纲核心词汇,初中
neither,ˈniðər,conj. 也不；既不；adv. 两个都不；既不……也不；adj. 两者都不的；pron. 两者都不,,neither.mp3,中考核心,2,,,中考考纲核心词汇,初中
swing,swɪŋ,n. 摇摆；摆动；秋千；音律；涨落；adj. 旋转的；悬挂的；强节奏爵士音乐的；vt. 使旋转；挥舞；悬挂；vi. 摇摆；转向；悬挂；大摇大摆地行走,,swing.mp3,中考核心,2,,,中考考纲核心词汇,初中
windy,ˈwɪndi,adj. 多风的，有风的；腹胀的；吹牛的,,windy.mp3,中考核心,2,,,中考考纲核心词汇,初中
robot,ˈroʊˌbɑt,n. 机器人；遥控设备，自动机械；机械般工作的人,,robot.mp3,中考核心,2,,,中考考纲核心词汇,初中
shorts,ʃɔrts,n. 短裤,,shorts.mp3,中考核心,2,,,中考考纲核心词汇,初中
east,ist,n. 东方；东风；东方国家；adj. 东方的；向东的；从东方来的；adv. 向东方，在东方,,east.mp3,中考核心,2,,,中考考纲核心词汇,初中
rule,rul,n. 统治；规则；vt. 统治；规定；管理；裁决；支配；vi. 统治；管辖；裁定,,rule.mp3,中考核心,2,,,中考考纲核心词汇,初中
box,bɑks,n. 箱，盒子；包厢；一拳；vt. 拳击；装…入盒中；打耳光；vi. 拳击,,box.mp3,中考核心,2,,,中考考纲核心词汇,初中
impolite,ɪmpəˌlaɪt,adj. 无礼的；粗鲁的,,impolite.mp3,中考核心,2,,,中考考纲核心词汇,初中
napkin,ˈnæpkɪn,n. 餐巾；餐巾纸；尿布,,napkin.mp3,中考核心,2,,,中考考纲核心词汇,初中
speech,spiʧ,n. 演讲；讲话； 语音；演说,,speech.mp3,中考核心,2,,,中考考纲核心词汇,初中
possibly,ˈpɑsəbli,adv. 可能地；也许；大概,,possibly.mp3,中考核心,2,,,中考考纲核心词汇,初中
group,ɡrup,n. 组；团体；adj. 群的；团体的；vt. 把…聚集；把…分组；vi. 聚合,,group.mp3,中考核心,2,,,中考考纲核心词汇,初中
spend,spɛnd,n. 预算；vt. 度过，消磨（时光）；花费；浪费；用尽；vi. 花钱；用尽，耗尽,,spend.mp3,中考核心,2,,,中考考纲核心词汇,初中
air,ɛr,n. 空气，大气；天空；样子；曲调；vt. 使通风，晾干；夸耀；vi. 通风,,air.mp3,中考核心,2,,,中考考纲核心词汇,初中
any,ˈɛni,adj. 任何的；所有的；丝毫；pron. 任何；任何一个；若干；adv. 稍微；少许,,any.mp3,中考核心,2,,,中考考纲核心词汇,初中
small,smɔl,n. 小件物品；矮小的人；adj. 少的，小的；微弱的；几乎没有的；不重要的；幼小的；adv. 小小地；卑鄙地,,small.mp3,中考核心,2,,,中考考纲核心词汇,初中
wide,waɪd,n. 大千世界；adj. 广泛的；宽的，广阔的；张大的；远离目标的；adv. 广泛地；广阔地；充分地,,wide.mp3,中考核心,2,,,中考考纲核心词汇,初中
foot,fʊt,n. 脚；英尺；步调；末尾；vt. 支付；给……换底；vi. 步行；跳舞；总计,,foot.mp3,中考核心,2,,,中考考纲核心词汇,初中
July,ˌʤuˈlaɪ,n. 七月,,july.mp3,中考核心,2,,,中考考纲核心词汇,初中
sure,ʃʊr,adj. 确信的；可靠的；必定的；adv. 当然；的确,,sure.mp3,中考核心,2,,,中考考纲核心词汇,初中
endangered,ɛnˈdeɪnʤərd,adj. 濒临灭绝的；有生命危险的,,endangered.mp3,中考核心,2,,,中考考纲核心词汇,初中
guest,ɡɛst,n. 客人，宾客；顾客；adj. 客人的；特邀的，客座的；vt. 款待，招待；vi. 作客，寄宿,,guest.mp3,中考核心,2,,,中考考纲核心词汇,初中
usual,ˈjuʒəwəl,adj. 通常的，惯例的；平常的,,usual.mp3,中考核心,2,,,中考考纲核心词汇,初中
Indian,ˈɪndiən,n. 印度人；印第安人；印第安语；adj. 印度的；印第安人的；印第安语的,,indian.mp3,中考核心,2,,,中考考纲核心词汇,初中
now,naʊ,adv. 现在；如今；立刻；adj. 现在的；n. 现在；目前；conj. 由于；既然,,now.mp3,中考核心,2,,,中考考纲核心词汇,初中
cross,krɔs,n. 交叉，十字；十字架，十字形物；adj. 交叉的，相反的；乖戾的；生气的；vt. 杂交；渡过；使相交；vi. 交叉；杂交；横过,,cross.mp3,中考核心,2,,,中考考纲核心词汇,初中
late,leɪt,adj. 晚的；迟的；已故的；最近的；adv. 晚；迟；最近；在晚期,,late.mp3,中考核心,2,,,中考考纲核心词汇,初中
accident,ˈæksədənt,n. 事故；意外； 意外事件；机遇,,accident.mp3,中考核心,2,,,中考考纲核心词汇,初中
knee,ni,n. 膝盖，膝；vt. 用膝盖碰,,knee.mp3,中考核心,2,,,中考考纲核心词汇,初中
pond,pɑnd,n. 池塘；vt. 筑成池塘；vi. 筑成池塘,,pond.mp3,中考核心,2,,,中考考纲核心词汇,初中
exhibition,ˌɛksəˈbɪʃən,n. 展览，显示；展览会；展览品,,exhibition.mp3,中考核心,2,,,中考考纲核心词汇,初中
fear,fɪr,n. 害怕；恐惧；敬畏；担心；vt. 害怕；敬畏；为…担心；vi. 害怕；敬畏；为…担心,,fear.mp3,中考核心,2,,,中考考纲核心词汇,初中
dumpling,ˈdʌmplɪŋ,n. 饺子，汤团；面团布丁,,dumpling.mp3,中考核心,2,,,中考考纲核心词汇,初中
granny,ˈɡræni,n. 奶奶；外婆；婆婆妈妈的人,,granny.mp3,中考核心,2,,,中考考纲核心词汇,初中
apart,əˈpɑrt,adj. 分离的；与众不同的；adv. 相距；与众不同地；分离着,,apart.mp3,中考核心,2,,,中考考纲核心词汇,初中
pound,paʊnd,n. 英镑；重击，重击声；兽栏；拘留所；vt. 捣烂；敲打；监禁，拘留；vi. 连续重击，猛击,,pound.mp3,中考核心,2,,,中考考纲核心词汇,初中
alarm,əˈlɑrm,n. 闹钟；警报，警告器；惊慌；vt. 警告；使惊恐,,alarm.mp3,中考核心,2,,,中考考纲核心词汇,初中
truly,ˈtruli,adv. 真实地，不假；真诚地,,truly.mp3,中考核心,2,,,中考考纲核心词汇,初中
salty,ˈsɔlti,adj. 咸的；含盐的,,salty.mp3,中考核心,2,,,中考考纲核心词汇,初中
lab,læb,n. 实验室，研究室,,lab.mp3,中考核心,2,,,中考考纲核心词汇,初中
plenty,ˈplɛnti,n. 丰富，大量；充足；adj. 足够的，很多的；adv. 足够,,plenty.mp3,中考核心,2,,,中考考纲核心词汇,初中
everyone,ˈɛvriˌwʌn,n. 每个人；pron. 每个人；人人,,everyone.mp3,中考核心,2,,,中考考纲核心词汇,初中
grass,ɡræs,n. 草；草地，草坪；vt. 放牧；使……长满草；使……吃草；vi. 长草,,grass.mp3,中考核心,2,,,中考考纲核心词汇,初中
camel,ˈkæməl,n.  骆驼；打捞浮筒；工作作风官僚；adj. 驼色的；暗棕色的；vi. 工作刻板平庸,,camel.mp3,中考核心,2,,,中考考纲核心词汇,初中
fourteen,ˈfɔrˈtin,num. 十四；十四个；第十四；n. 十四的记号；十四岁；十四点钟；十五世纪,,fourteen.mp3,中考核心,2,,,中考考纲核心词汇,初中
OK,ˈoʊˈkeɪ,adj. 好的；不错的；adv. 行；很好；int. 好；可以；vt. 对…表示同意；n. 同意,,ok.mp3,中考核心,2,,,中考考纲核心词汇,初中
angry,ˈæŋɡri,adj. 生气的；愤怒的；狂暴的；（伤口等）发炎的,,angry.mp3,中考核心,2,,,中考考纲核心词汇,初中
him,hɪm,pron. 他（宾格）,,him.mp3,中考核心,2,,,中考考纲核心词汇,初中
prove,pruv,vi. 证明是；vt. 证明；检验；显示,,prove.mp3,中考核心,2,,,中考考纲核心词汇,初中
habit,ˈhæbət,n. 习惯，习性；嗜好；vt. 使穿衣,,habit.mp3,中考核心,2,,,中考考纲核心词汇,初中
way,weɪ,n. 方法；道路；方向；行业；习惯；adj. 途中的；adv. 大大地；远远地,,way.mp3,中考核心,2,,,中考考纲核心词汇,初中
weekly,ˈwikli,n. 周刊；adj. 每周的；周刊的；一周一次的；adv. 每周一次；逐周,,weekly.mp3,中考核心,2,,,中考考纲核心词汇,初中
fine,faɪn,n. 罚款；adj. 好的；优良的；细小的，精美的；健康的；晴朗的；vt. 罚款；澄清；adv. 很好地；精巧地,,fine.mp3,中考核心,2,,,中考考纲核心词汇,初中
truth,truθ,n. 真理；事实；诚实；实质,,truth.mp3,中考核心,2,,,中考考纲核心词汇,初中
fairly,ˈfɛrli,adv. 相当地；公平地；简直,,fairly.mp3,中考核心,2,,,中考考纲核心词汇,初中
winner,ˈwɪnər,n. 胜利者,,winner.mp3,中考核心,2,,,中考考纲核心词汇,初中
task,tæsk,n. 工作，作业；任务；vt. 分派任务,,task.mp3,中考核心,2,,,中考考纲核心词汇,初中
shy,ʃaɪ,n. 投掷；惊跳；adj. 害羞的；畏缩的，胆怯的；vi. 投；畏缩；惊退；厌恶；vt. 投；乱掷,,shy.mp3,中考核心,2,,,中考考纲核心词汇,初中
foreign,ˈfɔrən,adj. 外国的；外交的；异质的；不相关的,,foreign.mp3,中考核心,2,,,中考考纲核心词汇,初中
decision,dɪˈsɪʒən,n. 决定，决心；决议,,decision.mp3,中考核心,2,,,中考考纲核心词汇,初中
important,ɪmˈpɔrtənt,adj. 重要的，重大的；有地位的；有权力的,,important.mp3,中考核心,2,,,中考考纲核心词汇,初中
cut,kʌt,n. 伤口；切口；削减；（服装等的）式样；削球；切入；adj. 割下的；雕过的；缩减的；vt.  切割；削减；缩短；刺痛；vi.  切割；相交；切牌；停拍；不出席,,cut.mp3,中考核心,2,,,中考考纲核心词汇,初中
head,hɛd,n. 头；头痛；上端；最前的部分；理解力；adj. 头的；主要的；在顶端的；vt. 前进；用头顶；作为…的首领；站在…的前头；给…加标题；vi. 出发；成头状物；船驶往,,head.mp3,中考核心,2,,,中考考纲核心词汇,初中
mostly,ˈmoʊstli,adv. 主要地；通常；多半地,,mostly.mp3,中考核心,2,,,中考考纲核心词汇,初中
Asia,ˈeɪʒə,n. 亚洲,,asia.mp3,中考核心,2,,,中考考纲核心词汇,初中
position,pəˈzɪʃən,n. 位置，方位；职位，工作；姿态；站位；vt. 安置；把……放在适当位置,,position.mp3,中考核心,2,,,中考考纲核心词汇,初中
careful,ˈkɛrfəl,adj. 仔细的，小心的,,careful.mp3,中考核心,2,,,中考考纲核心词汇,初中
oven,ˈʌvən,n. 炉，灶；烤炉，烤箱,,oven.mp3,中考核心,2,,,中考考纲核心词汇,初中
grandmother,ˈɡrændˌmʌðər,n. 祖母；女祖先；vt. 当…的祖母；vi. 当祖母,,grandmother.mp3,中考核心,2,,,中考考纲核心词汇,初中
Britain,ˈbrɪtən,n. 英国；不列颠,,britain.mp3,中考核心,2,,,中考考纲核心词汇,初中
only,ˈoʊnli,adv. 只，仅仅；不料；adj. 唯一的，仅有的；最合适的；conj. 但是；不过；可是,,only.mp3,中考核心,2,,,中考考纲核心词汇,初中
plastic,ˈplæstɪk,n. 塑料制品；整形；可塑体；adj. 塑料的；（外科）造型的；可塑的,,plastic.mp3,中考核心,2,,,中考考纲核心词汇,初中
drawer,drɔr,n. 抽屉；开票人；出票人；起草者；酒馆侍,,drawer.mp3,中考核心,2,,,中考考纲核心词汇,初中
week,wik,n. 周，星期,,week.mp3,中考核心,2,,,中考考纲核心词汇,初中
hometown,ˈhoʊmˌtaʊn,n. 家乡；故乡,,hometown.mp3,中考核心,2,,,中考考纲核心词汇,初中
silence,ˈsaɪləns,n. 沉默；寂静；缄默；不谈；无声状态；vt. 使沉默；使安静；压制；消除噪音；int. 安静！；别作声！,,silence.mp3,中考核心,2,,,中考考纲核心词汇,初中
goddess,ˈɡɑdəs,n. 女神，受崇拜的女性,,goddess.mp3,中考核心,2,,,中考考纲核心词汇,初中
suddenly,ˈsʌdənli,adv. 突然地；忽然,,suddenly.mp3,中考核心,2,,,中考考纲核心词汇,初中
above,əˈbʌv,prep. 超过；在……上面；在……之上；n. 上文；adj. 上文的；adv. 在上面；在上文,,above.mp3,中考核心,2,,,中考考纲核心词汇,初中
introduce,ˌɪntrəˈdus,vt. 介绍；引进；提出；采用,,introduce.mp3,中考核心,2,,,中考考纲核心词汇,初中
blonde,blɑnd,n. 白肤金发碧眼的女人；adj. 亚麻色的；金色的；白皙的；白肤金发碧眼的,,blonde.mp3,中考核心,2,,,中考考纲核心词汇,初中
worth,wɜrθ,n. 价值；财产；adj. 值…的,,worth.mp3,中考核心,2,,,中考考纲核心词汇,初中
am,æm,找不到解释,,am.mp3,中考核心,2,,,中考考纲核心词汇,初中
match,mæʧ,vt. 使比赛；使相配；敌得过，比得上；相配；与…竞争；vi. 比赛；匹配；相配，相称；相比；n. 比赛，竞赛；匹配；对手；火柴,,match.mp3,中考核心,2,,,中考考纲核心词汇,初中
desk,dɛsk,n. 办公桌；服务台；编辑部；（美）讲道台；乐谱架；adj. 书桌的；桌上用的；伏案做的,,desk.mp3,中考核心,2,,,中考考纲核心词汇,初中
terrible,ˈtɛrəbəl,adj. 可怕的；很糟的；令人讨厌的；adv. 很，非常,,terrible.mp3,中考核心,2,,,中考考纲核心词汇,初中
telephone,ˈtɛləˌfoʊn,n. （美）电话；电话机；电话耳机；vt. 打电话给…；vi. 打电话,,telephone.mp3,中考核心,2,,,中考考纲核心词汇,初中
scissors,ˈsɪzərz,n. 剪刀；剪式跳法；v. 剪开；删除（scissor的第三人称单数）,,scissors.mp3,中考核心,2,,,中考考纲核心词汇,初中
some,sʌm,adj. 一些；某个；大约；相当多的；pron. 一些；若干；其中的一部分；（数量不确切时用）有些人；adv. 非常；相当；<美>稍微,,some.mp3,中考核心,2,,,中考考纲核心词汇,初中
farmer,ˈfɑrmər,n. 农夫，农民,,farmer.mp3,中考核心,2,,,中考考纲核心词汇,初中
seventy,ˈsɛvənti,n. 七十；七十个；七十岁；七十年代；num. 七十；adj. 七十的；七十个的；七十岁的,,seventy.mp3,中考核心,2,,,中考考纲核心词汇,初中
somebody,ˈsʌmˌbɑdi,n. 大人物；重要人物；pron. 有人；某人,,somebody.mp3,中考核心,2,,,中考考纲核心词汇,初中
role,roʊl,n. 角色；任务,,role.mp3,中考核心,2,,,中考考纲核心词汇,初中
do,du,vi. 行，足够；生长；n. 要求；规定；C大调音阶中的第一音；v. 做；干；学习；研究；进行；完成；解答；整理；算出；引起；行过；aux. 助动词（构成疑问句和否定句）；（代替动词）；（,,do.mp3,中考核心,2,,,中考考纲核心词汇,初中
mind,maɪnd,n. 理智，精神；意见；智力；记忆力；vt. 介意；专心于；照料；vi. 介意；注意,,mind.mp3,中考核心,2,,,中考考纲核心词汇,初中
guitar,ɡɪˈtɑr,n. 吉他，六弦琴；vi. 弹吉他,,guitar.mp3,中考核心,2,,,中考考纲核心词汇,初中
boat,boʊt,n. 小船；轮船；vi. 划船,,boat.mp3,中考核心,2,,,中考考纲核心词汇,初中
together,təˈɡɛðər,adj. 新潮的；情绪稳定的，做事有效率的；adv. 一起；同时；相互；连续地；总共,,together.mp3,中考核心,2,,,中考考纲核心词汇,初中
a.m.,eɪ.ɛm.,abbr. 上午，午前（ante meridiem）,,am.mp3,中考核心,2,,,中考考纲核心词汇,初中
pour,pɔr,n. 倾泻；流出；骤雨；vt. 灌，注；倒；倾泻；倾吐；vi. 倾泻；涌流；斟茶,,pour.mp3,中考核心,2,,,中考考纲核心词汇,初中
may,meɪ,aux. 可以，能够；可能，也许；祝，愿；会，能,,may.mp3,中考核心,2,,,中考考纲核心词汇,初中
elephant,ˈɛləfənt,n. 象；大号图画纸,,elephant.mp3,中考核心,2,,,中考考纲核心词汇,初中
life,laɪf,n. 生活，生存；寿命,,life.mp3,中考核心,2,,,中考考纲核心词汇,初中
fortunately,ˈfɔrʧənətli,adv. 幸运地,,fortunately.mp3,中考核心,2,,,中考考纲核心词汇,初中
full,fʊl,n. 全部；完整；adj. 完全的，完整的；满的，充满的；丰富的；完美的；丰满的；详尽的；vt. 把衣服缝得宽大；adv. 十分，非常；完全地；整整,,full.mp3,中考核心,2,,,中考考纲核心词汇,初中
weather,ˈwɛðər,n. 天气；气象；气候；处境；vt. 经受住；使风化；侵蚀；使受风吹雨打；adj. 露天的；迎风的；vi. 风化；受侵蚀；经受风雨,,weather.mp3,中考核心,2,,,中考考纲核心词汇,初中
technology,tɛkˈnɑləʤi,n. 技术；工艺；术语,,technology.mp3,中考核心,2,,,中考考纲核心词汇,初中
intention,ɪnˈtɛnʧən,n. 意图；目的；意向；愈合,,intention.mp3,中考核心,2,,,中考考纲核心词汇,初中
inch,ɪnʧ,n. 英寸；身高；少许；vt. 使缓慢地移动；vi. 慢慢前进,,inch.mp3,中考核心,2,,,中考考纲核心词汇,初中
director,dəˈrɛktər,n. 主任，主管；导演；人事助理,,director.mp3,中考核心,2,,,中考考纲核心词汇,初中
nor,nɔr,conj. 也不；也不是；adv. 也不；也没有,,nor.mp3,中考核心,2,,,中考考纲核心词汇,初中
percent,pərˈsɛnt,n. 百分比，百分率；部分；百分数；adj. 百分之…的；adv. 以百分之…地,,percent.mp3,中考核心,2,,,中考考纲核心词汇,初中
direct,dəˈrɛkt,adj. 直接的；直系的；亲身的；恰好的；vt. 管理；指挥；导演；指向；adv. 直接地；正好；按直系关系；vi. 指导；指挥,,direct.mp3,中考核心,2,,,中考考纲核心词汇,初中
the,ði,art. 这；那；adv. 更加（用于比较级，最高级前）,,the.mp3,中考核心,2,,,中考考纲核心词汇,初中
bandage,ˈbændɪʤ,n. 绷带；vt. 用绷带包扎,,bandage.mp3,中考核心,2,,,中考考纲核心词汇,初中
yes,jɛs,n. 是（表示肯定）；adv. 是， 是的,,yes.mp3,中考核心,2,,,中考考纲核心词汇,初中
pretty,ˈprɪti,n. 有吸引力的事物（尤指饰品）；漂亮的人；adj. 漂亮的；可爱的；优美的；adv. 相当地；颇,,pretty.mp3,中考核心,2,,,中考考纲核心词汇,初中
accept,ækˈsɛpt,vi. 承认；同意；承兑；vt. 接受；承认；承担；承兑；容纳,,accept.mp3,中考核心,2,,,中考考纲核心词汇,初中
biscuit,ˈbɪskət,n. 小点心，饼干,,biscuit.mp3,中考核心,2,,,中考考纲核心词汇,初中
bean,bin,n. 豆；嘴峰；毫无价值的东西；vt. 击…的头部,,bean.mp3,中考核心,2,,,中考考纲核心词汇,初中
research,riˈsɜrʧ,n. 研究；调查；vt. 研究；调查；vi. 研究；调查；,,research.mp3,中考核心,2,,,中考考纲核心词汇,初中
himself,hɪmˈsɛlf,pron. 他自己；他亲自，他本人,,himself.mp3,中考核心,2,,,中考考纲核心词汇,初中
notice,ˈnoʊtəs,n. 通知，布告；注意；公告；vt. 通知；注意到；留心；vi. 引起注意,,notice.mp3,中考核心,2,,,中考考纲核心词汇,初中
towards,təˈwɔrdz,prep. 朝，向；对于；有助于,,towards.mp3,中考核心,2,,,中考考纲核心词汇,初中
sun,sʌn,n. 太阳；vt. 使晒；vi. 晒太阳,,sun.mp3,中考核心,2,,,中考考纲核心词汇,初中
clerk,klɜrk,n. 职员，办事员；店员；书记；记账员；<古>牧师，教士；vi. 当销售员，当店员；当职员,,clerk.mp3,中考核心,2,,,中考考纲核心词汇,初中
international,ˌɪntərˈnæʃənəl,n. 国际组织；国际体育比赛；外国居留者；国际股票；adj. 国际的；两国（或以上）国家的；超越国界的；国际关系的；世界的,,international.mp3,中考核心,2,,,中考考纲核心词汇,初中
pencil-box,ˈpɛnsəl-bɑks,n. 铅笔盒,,pencil-box.mp3,中考核心,2,,,中考考纲核心词汇,初中
enough,ɪˈnʌf,n. 很多；充足；adj. 充足的；adv. 足够地，充足地；int. 够了！,,enough.mp3,中考核心,2,,,中考考纲核心词汇,初中
overseas,ˈoʊvərˈsiz,adv. 在海外，海外；adj. 海外的，国外的,,overseas.mp3,中考核心,2,,,中考考纲核心词汇,初中
soccer,ˈsɑkər,n. 英式足球，足球,,soccer.mp3,中考核心,2,,,中考考纲核心词汇,初中
during,ˈdʊrɪŋ,prep. 在…的时候，在…的期间,,during.mp3,中考核心,2,,,中考考纲核心词汇,初中
if,ɪf,conj. （表条件）如果；即使；是否；（表假设）假如；n. 条件；设想,,if.mp3,中考核心,2,,,中考考纲核心词汇,初中
ground,ɡraʊnd,n. 地面；土地；范围；战场;根据；v. 研磨（grind的过去分词）；压迫；adj. 土地的；地面上的；磨碎的；磨过的；vt. 使接触地面；打基础；使搁浅；vi. 着陆；搁浅,,ground.mp3,中考核心,2,,,中考考纲核心词汇,初中
find,faɪnd,n. 发现；vi. 裁决；vt. 查找，找到；发现；认为；感到；获得,,find.mp3,中考核心,2,,,中考考纲核心词汇,初中
moved,muvd,v. 移动，移动到；感动（move的过去式，过去分词）；adj. 感动的；被移动的,,moved.mp3,中考核心,2,,,中考考纲核心词汇,初中
allow,əˈlaʊ,vi. 容许；考虑；vt. 允许；给予；认可,,allow.mp3,中考核心,2,,,中考考纲核心词汇,初中
heart,hɑrt,n. 心脏；感情；勇气；心形；要点；vt. 鼓励；铭记；vi. 结心,,heart.mp3,中考核心,2,,,中考考纲核心词汇,初中
birth,bɜrθ,n. 出生；血统，出身；起源,,birth.mp3,中考核心,2,,,中考考纲核心词汇,初中
opposite,ˈɑpəzət,adj. 相反的；对面的；对立的；n. 对立面；反义词；prep. 在…的对面；adv. 在对面,,opposite.mp3,中考核心,2,,,中考考纲核心词汇,初中
blind,blaɪnd,n. 掩饰，借口；百叶窗；adj. 盲目的；瞎的；vt. 使失明；使失去理智；adv. 盲目地；看不见地,,blind.mp3,中考核心,2,,,中考考纲核心词汇,初中
student,ˈstudənt,n. 学生；学者,,student.mp3,中考核心,2,,,中考考纲核心词汇,初中
wish,wɪʃ,n. 希望；祝福；心愿；vt. 祝愿；渴望；向…致问候语；vi. 愿望；需要,,wish.mp3,中考核心,2,,,中考考纲核心词汇,初中
suitcase,ˈsutˌkeɪs,n.  手提箱；衣箱,,suitcase.mp3,中考核心,2,,,中考考纲核心词汇,初中
hotel,hoʊˈtɛl,n. 旅馆，饭店；客栈；vt. 使…在饭店下榻；vi. 进行旅馆式办公,,hotel.mp3,中考核心,2,,,中考考纲核心词汇,初中
thankful,ˈθæŋkfəl,adj. 感谢的；欣慰的,,thankful.mp3,中考核心,2,,,中考考纲核心词汇,初中
flight,flaɪt,n. 飞行；班机；逃走；vt. 射击；使惊飞；vi. 迁徙,,flight.mp3,中考核心,2,,,中考考纲核心词汇,初中
drama,ˈdrɑmə,n. 戏剧，戏剧艺术；剧本；戏剧性事件,,drama.mp3,中考核心,2,,,中考考纲核心词汇,初中
eat,it,vt. 吃，喝；腐蚀；烦扰；vi. 进食；腐蚀，侵蚀,,eat.mp3,中考核心,2,,,中考考纲核心词汇,初中
record,ˈrɛkərd,n. 档案，履历；唱片；最高纪录；adj. 创纪录的；vt. 记录，记载；标明；将...录音；vi. 记录；录音,,record.mp3,中考核心,2,,,中考考纲核心词汇,初中
hobby,ˈhɑbi,n. 嗜好；业余爱好,,hobby.mp3,中考核心,2,,,中考考纲核心词汇,初中
personal,ˈpɜrsɪnɪl,n. 人事消息栏；人称代名词；adj. 个人的；身体的；亲自的,,personal.mp3,中考核心,2,,,中考考纲核心词汇,初中
rice,raɪs,n. 稻；米饭；vt. 把…捣成米糊状,,rice.mp3,中考核心,2,,,中考考纲核心词汇,初中
cruel,ˈkruəl,adj. 残酷的，残忍的；使人痛苦的，让人受难的；无情的，严酷的,,cruel.mp3,中考核心,2,,,中考考纲核心词汇,初中
deal,dil,n. 交易；（美）政策；待遇；份量；vi. 处理；讨论；对待；做生意；vt. 处理；给予；分配；发牌,,deal.mp3,中考核心,2,,,中考考纲核心词汇,初中
sweep,swip,n. 打扫，扫除；范围；全胜；vt. 扫除；猛拉；掸去；vi. 扫，打扫；席卷；扫视；袭击,,sweep.mp3,中考核心,2,,,中考考纲核心词汇,初中
till,tɪl,prep. 直到；conj. 直到...为止；n.  冰碛；放钱的抽屉；备用现金；vt. 耕种；犁；vi. 耕种；耕耘,,till.mp3,中考核心,2,,,中考考纲核心词汇,初中
environment,ɪnˈvaɪrənmənt,n. 环境，外界,,environment.mp3,中考核心,2,,,中考考纲核心词汇,初中
spider,ˈspaɪdər,n. 蜘蛛；设圈套者；三脚架,,spider.mp3,中考核心,2,,,中考考纲核心词汇,初中
hope,hoʊp,n. 希望；期望；信心；vi. 希望；期待；信赖；vt. 希望；期望,,hope.mp3,中考核心,2,,,中考考纲核心词汇,初中
railway,ˈreɪlˌweɪ,n. （英）铁路；轨道；铁道部门；vi. 乘火车旅行,,railway.mp3,中考核心,2,,,中考考纲核心词汇,初中
snow,snoʊ,n. 雪，积雪；下雪；vt. 使纷纷落下；使变白；vi. 降雪,,snow.mp3,中考核心,2,,,中考考纲核心词汇,初中
six,sɪks,num. 六，六个；n. 六，六个,,six.mp3,中考核心,2,,,中考考纲核心词汇,初中
luckily,ˈlʌkəli,adv. 幸好，侥幸；幸运地,,luckily.mp3,中考核心,2,,,中考考纲核心词汇,初中
seven,ˈsɛvən,num. 七个，七；n. 七个，七；adj. 七的；七个的,,seven.mp3,中考核心,2,,,中考考纲核心词汇,初中
violin,vaɪəˈlɪn,n. 小提琴；小提琴手,,violin.mp3,中考核心,2,,,中考考纲核心词汇,初中
subject,ˈsʌbʤɪkt,n. 主题；科目； 主语；国民；adj. 服从的；易患…的；受制于…的；vt. 使…隶属；使屈从于…,,subject.mp3,中考核心,2,,,中考考纲核心词汇,初中
successful,səkˈsɛsfəl,adj. 成功的；一帆风顺的,,successful.mp3,中考核心,2,,,中考考纲核心词汇,初中
meaningless,ˈminɪŋləs,adj. 无意义的；无目的的,,meaningless.mp3,中考核心,2,,,中考考纲核心词汇,初中
which,wɪʧ,adj. 哪一个；哪一些；pron. 哪/那一个；哪/那一些,,which.mp3,中考核心,2,,,中考考纲核心词汇,初中
treat,trit,n. 请客；款待；vi. 探讨；请客；协商；vt. 治疗；对待；探讨；视为,,treat.mp3,中考核心,2,,,中考考纲核心词汇,初中
lead,lid,n. 领导；铅；导线；榜样；vt. 领导；致使；引导；指挥；vi. 领导；导致；用水砣测深；adj. 带头的；最重要的,,lead.mp3,中考核心,2,,,中考考纲核心词汇,初中
piece,pis,n. 块；件；篇；硬币；vt. 修补；接合；凑合,,piece.mp3,中考核心,2,,,中考考纲核心词汇,初中
stop,stɑp,n. 停止；车站；障碍；逗留；vi. 停止；中止；逗留；被塞住；vt. 停止；堵塞；断绝,,stop.mp3,中考核心,2,,,中考考纲核心词汇,初中
kiss,kɪs,vt. 吻；（风等）轻拂；vi. 接吻；（风等）轻触；n. 吻；轻拂,,kiss.mp3,中考核心,2,,,中考考纲核心词汇,初中
nurse,nɜrs,vt. 看护，护理；照顾；培养；给…喂奶；vi. 照料，护理；喂奶；当保姆；n. 护士；奶妈，保姆,,nurse.mp3,中考核心,2,,,中考考纲核心词汇,初中
end,ɛnd,n. 结束；目标；尽头；末端；死亡；vi. 结束，终止；终结；vt. 结束，终止；终结,,end.mp3,中考核心,2,,,中考考纲核心词汇,初中
morning,ˈmɔrnɪŋ,n. 早晨；黎明；初期,,morning.mp3,中考核心,2,,,中考考纲核心词汇,初中
stair,stɛr,n. 楼梯，阶梯；梯级,,stair.mp3,中考核心,2,,,中考考纲核心词汇,初中
cannibal,ˈkænəbəl,n. 食人者；吃同类的动物；adj. 食同类的；吃人肉的；凶残的,,cannibal.mp3,中考核心,2,,,中考考纲核心词汇,初中
something,ˈsʌmθɪŋ,n. 重要的人；值得重视的事；adj. 大约；有点象；adv. 非常；有点；大约；pron. 某事；某物,,something.mp3,中考核心,2,,,中考考纲核心词汇,初中
question,ˈkwɛsʧən,n. 问题，疑问；询问；疑问句；vt. 询问；怀疑；审问；vi. 询问；怀疑；审问,,question.mp3,中考核心,2,,,中考考纲核心词汇,初中
coat,koʊt,n. 外套；vt. 覆盖…的表面,,coat.mp3,中考核心,2,,,中考考纲核心词汇,初中
sometimes,səmˈtaɪmz,adv. 有时，间或,,sometimes.mp3,中考核心,2,,,中考考纲核心词汇,初中
seat,sit,n. 座位；所在地；职位；vt. 使…坐下；可容纳…的；使就职,,seat.mp3,中考核心,2,,,中考考纲核心词汇,初中
station,ˈsteɪʃən,n. 车站；驻地；地位；身份；vt. 配置；安置；驻扎,,station.mp3,中考核心,2,,,中考考纲核心词汇,初中
popular,ˈpɑpjələr,adj. 流行的，通俗的；受欢迎的；大众的；普及的,,popular.mp3,中考核心,2,,,中考考纲核心词汇,初中
common,ˈkɑmən,n. 普通；平民；公有地；adj. 共同的；普通的；一般的；通常的,,common.mp3,中考核心,2,,,中考考纲核心词汇,初中
knock,nɑk,vi. 敲；打；敲击；vt. 敲；打；敲击；批评；n. 敲；敲打；爆震声,,knock.mp3,中考核心,2,,,中考考纲核心词汇,初中
nothing,ˈnʌθɪŋ,neg. 没什么；毫不；n. 无；零；不关紧要之事；adv. 毫不；决不；pron. 无事；无物；int. 什么也没有,,nothing.mp3,中考核心,2,,,中考考纲核心词汇,初中
club,klʌb,n. 俱乐部，社团；夜总会；棍棒；（扑克牌中的）梅花；adj. 俱乐部的；vt. 用棍棒打；募集；vi. 集资；组成俱乐部,,club.mp3,中考核心,2,,,中考考纲核心词汇,初中
injured,ˈɪnʤərd,adj. 受伤的；受损害的,,injured.mp3,中考核心,2,,,中考考纲核心词汇,初中
indoors,ˈɪnˌdɔrz,adv. 在室内，在户内,,indoors.mp3,中考核心,2,,,中考考纲核心词汇,初中
meaning,ˈminɪŋ,n. 意义；含义；意图；adj. 意味深长的；v. 意味；意思是（mean的ing形式）,,meaning.mp3,中考核心,2,,,中考考纲核心词汇,初中
fight,faɪt,n. 打架；战斗，斗志；vi. 打架；与…打仗，与…斗争；反对…提案,,fight.mp3,中考核心,2,,,中考考纲核心词汇,初中
bathroom,ˈbæˌθrum,n. 浴室；厕所；盥洗室,,bathroom.mp3,中考核心,2,,,中考考纲核心词汇,初中
typical,ˈtɪpəkəl,adj. 典型的；特有的；象征性的,,typical.mp3,中考核心,2,,,中考考纲核心词汇,初中
film,fɪlm,n. 电影；薄膜；胶卷；轻烟；vt. 在…上覆以薄膜；把…拍成电影；vi. 摄制电影；生薄膜；变得朦胧,,film.mp3,中考核心,2,,,中考考纲核心词汇,初中
agree,əˈɡri,vi. vi. 同意，意见一致；约定，商定；vt. 同意，赞成；承认；约定，商定,,agree.mp3,中考核心,2,,,中考考纲核心词汇,初中
too,tu,adv. 太；也；很；还；非常；过度,,too.mp3,中考核心,2,,,中考考纲核心词汇,初中
his,hɪz,pron. 他的,,his.mp3,中考核心,2,,,中考考纲核心词汇,初中
halfway,ˈhæˈfweɪ,adj. 中途的；不彻底的；adv. 到一半；在中途,,halfway.mp3,中考核心,2,,,中考考纲核心词汇,初中
chore,ʧɔr,n. 家庭杂务；日常的零星事务；讨厌的或累人的工作,,chore.mp3,中考核心,2,,,中考考纲核心词汇,初中
immediately,ɪˈmidiətli,conj. 一…就；adv. 立即，立刻；直接地,,immediately.mp3,中考核心,2,,,中考考纲核心词汇,初中
real,riəl,n. 现实；实数；adj. 实际的；真实的；实在的；adv. 真正地；确实地,,real.mp3,中考核心,2,,,中考考纲核心词汇,初中
farthest,ˈfɑrðəst,adj. 最远的；最久的（far的最高级）；adv. 最远地（far的最高级）；最大程度地,,farthest.mp3,中考核心,2,,,中考考纲核心词汇,初中
minute,ˈmɪnət,n. 分，分钟；片刻，一会儿；备忘录，笔记；会议记录；vt. 将…记录下来；adj. 微小的，详细的,,minute.mp3,中考核心,2,,,中考考纲核心词汇,初中
policeman,pəˈlismən,n. 警察，警员； 淀帚（橡皮头玻璃搅棒）,,policeman.mp3,中考核心,2,,,中考考纲核心词汇,初中
TV,ˈtiˈvi,abbr. 电视（television）,,tv.mp3,中考核心,2,,,中考考纲核心词汇,初中
of,ʌv,prep. 关于；属于；…的；由…组成的,,of.mp3,中考核心,2,,,中考考纲核心词汇,初中
pity,ˈpɪti,n. 怜悯，同情；遗憾；vt. 对……表示怜悯；对……感到同情,,pity.mp3,中考核心,2,,,中考考纲核心词汇,初中
party,ˈpɑrti,n. 政党，党派；聚会，派对；当事人 ；vi. 参加社交聚会,,party.mp3,中考核心,2,,,中考考纲核心词汇,初中
capital,ˈkæpətəl,n. 首都，省会；资金；大写字母；资本家；adj. 首都的；重要的；大写的,,capital.mp3,中考核心,2,,,中考考纲核心词汇,初中
lazy,ˈleɪzi,adj. 懒惰的；懒洋洋的；怠惰的；慢吞吞的,,lazy.mp3,中考核心,2,,,中考考纲核心词汇,初中
sunny,ˈsʌni,adj. 阳光充足的，和煦的；快活的；性情开朗的,,sunny.mp3,中考核心,2,,,中考考纲核心词汇,初中
ancient,ˈeɪnʧənt,n. 古代人；老人；adj. 古代的；古老的，过时的；年老的,,ancient.mp3,中考核心,2,,,中考考纲核心词汇,初中
amazing,əˈmeɪzɪŋ,adj. 令人惊异的；v. 使吃惊（amaze的ing形式）,,amazing.mp3,中考核心,2,,,中考考纲核心词汇,初中
mainly,ˈmeɪnli,adv. 主要地，大体上,,mainly.mp3,中考核心,2,,,中考考纲核心词汇,初中
textbook,ˈtɛkstˌbʊk,n. 教科书，课本,,textbook.mp3,中考核心,2,,,中考考纲核心词汇,初中
business,ˈbɪznəs,n. 商业； 生意； 交易；事情,,business.mp3,中考核心,2,,,中考考纲核心词汇,初中
sheep,ʃip,n. 羊，绵羊；胆小鬼,,sheep.mp3,中考核心,2,,,中考考纲核心词汇,初中
fat,fæt,n. 脂肪，肥肉；adj. 肥的，胖的；油腻的；丰满的；vt. 养肥；在…中加入脂肪；vi. 长肥,,fat.mp3,中考核心,2,,,中考考纲核心词汇,初中
freedom,ˈfridəm,n. 自由，自主；直率,,freedom.mp3,中考核心,2,,,中考考纲核心词汇,初中
danger,ˈdeɪnʤər,n. 危险；危险物，威胁,,danger.mp3,中考核心,2,,,中考考纲核心词汇,初中
just,ʤʌst,adv. 只是，仅仅；刚才，刚刚；正好，恰好；实在；刚要；adj. 公正的，合理的；正直的，正义的；正确的；公平的；应得的,,just.mp3,中考核心,2,,,中考考纲核心词汇,初中
beautifully,ˈbjutəfli,adv. 漂亮地；美好地,,beautifully.mp3,中考核心,2,,,中考考纲核心词汇,初中
flag,flæɡ,n. 标志；旗子；vt. 标记；插旗；vi. 标记；衰退；枯萎,,flag.mp3,中考核心,2,,,中考考纲核心词汇,初中
bank,bæŋk,n. 银行；岸；浅滩；储库；vt. 将…存入银行；倾斜转弯；vi. 堆积；倾斜转弯,,bank.mp3,中考核心,2,,,中考考纲核心词汇,初中
wealth,wɛlθ,n. 财富；大量；富有,,wealth.mp3,中考核心,2,,,中考考纲核心词汇,初中
AD,æd,找不到解释,,ad.mp3,中考核心,2,,,中考考纲核心词汇,初中
asleep,əˈslip,adj. 睡着的；麻木的；长眠的；adv. 熟睡地；进入睡眠状态,,asleep.mp3,中考核心,2,,,中考考纲核心词汇,初中
theatre,ˈθiətər,n. 电影院，戏院；戏剧；阶梯式讲堂,,theatre.mp3,中考核心,2,,,中考考纲核心词汇,初中
Greece,ɡris,希腊（欧洲南部国家）,,greece.mp3,中考核心,2,,,中考考纲核心词汇,初中
form,fɔrm,n. 形式，形状；形态，外形；方式；表格；vt. 构成，组成；排列，组织；产生，塑造；vi. 形成，构成；排列,,form.mp3,中考核心,2,,,中考考纲核心词汇,初中
anyway,ˈɛniˌweɪ,adv. 无论如何，不管怎样；总之,,anyway.mp3,中考核心,2,,,中考考纲核心词汇,初中
pear,pɛr,n.  梨树；梨子,,pear.mp3,中考核心,2,,,中考考纲核心词汇,初中
ill,ɪl,n. 疾病；不幸；adj. 生病的；坏的；邪恶的；不吉利的；adv. 不利地；恶劣地；几乎不,,ill.mp3,中考核心,2,,,中考考纲核心词汇,初中
museum,mjuˈziəm,n. 博物馆,,museum.mp3,中考核心,2,,,中考考纲核心词汇,初中
back,bæk,n. 后面；背部；靠背；足球等的后卫；书报等的末尾；adj. 后面的；过去的；拖欠的；vt. 支持；后退；背书；下赌注；adv. 以前；向后地；来回地；上溯；回来；回原处；vi. 后退；背靠；倒退,,back.mp3,中考核心,2,,,中考考纲核心词汇,初中
whenever,wɛˈnɛvər,conj. 每当；无论何时；adv. 不论何时；随便什么时候,,whenever.mp3,中考核心,2,,,中考考纲核心词汇,初中
goal,ɡoʊl,n. 目标；球门，得分数；终点；vi. 攻门，射门得分,,goal.mp3,中考核心,2,,,中考考纲核心词汇,初中
mend,mɛnd,vt. 修理，修补；改善；修改；vi. 改善，好转；n. 好转，改进；修补处,,mend.mp3,中考核心,2,,,中考考纲核心词汇,初中
kilogram,ˈkɪləˌɡræm,n. 公斤；千克,,kilogram.mp3,中考核心,2,,,中考考纲核心词汇,初中
keyboard,ˈkiˌbɔrd,n. 键盘；vt. 键入；用键盘式排字机排字；vi. 用键盘进行操作；作键盘式排字机排字,,keyboard.mp3,中考核心,2,,,中考考纲核心词汇,初中
weekend,ˈwiˌkɛnd,n. 周末，周末休假；周末聚会；adj. 周末的，周末用的；vi. 度周末,,weekend.mp3,中考核心,2,,,中考考纲核心词汇,初中
process,ˈprɑˌsɛs,n. 过程，进行；方法，步骤；作用；程序；推移；adj. 经过特殊加工（或处理）的；vt. 处理；加工；vi. 列队前进,,process.mp3,中考核心,2,,,中考考纲核心词汇,初中
haunted,ˈhɔntəd,v. 常去；缠住；使担忧（haunt的过去式和过去分词）；adj. 闹鬼的；反复出现的；受到困扰的,,haunted.mp3,中考核心,2,,,中考考纲核心词汇,初中
for,fɔr,prep. 为，为了；因为；给；对于；至于；适合于；conj. 因为,,for.mp3,中考核心,2,,,中考考纲核心词汇,初中
cm,cm,找不到解释,,cm.mp3,中考核心,2,,,中考考纲核心词汇,初中
traditional,trəˈdɪʃənəl,adj. 传统的；惯例的,,traditional.mp3,中考核心,2,,,中考考纲核心词汇,初中
nervous,ˈnɜrvəs,adj. 神经的；紧张不安的；强健有力的,,nervous.mp3,中考核心,2,,,中考考纲核心词汇,初中
strongly,ˈstrɔŋli,adv. 强有力地；坚强地；激烈地；气味浓地,,strongly.mp3,中考核心,2,,,中考考纲核心词汇,初中
die,daɪ,n. 冲模，钢模；骰子；vi. 死亡；凋零；熄灭；vt. 死，死于…,,die.mp3,中考核心,2,,,中考考纲核心词汇,初中
topic,ˈtɑpɪk,n. 主题（等于theme）；题目；一般规则；总论,,topic.mp3,中考核心,2,,,中考考纲核心词汇,初中
glove,ɡlʌv,n. 手套；vt. 给…戴手套,,glove.mp3,中考核心,2,,,中考考纲核心词汇,初中
everybody,ˈɛvriˌbɑdi,pron. 每个人；人人,,everybody.mp3,中考核心,2,,,中考考纲核心词汇,初中
connect,kəˈnɛkt,vt. 连接；联合；关连；vi. 连接，连结；联合,,connect.mp3,中考核心,2,,,中考考纲核心词汇,初中
servant,ˈsɜrvənt,n. 仆人，佣人；公务员；雇工,,servant.mp3,中考核心,2,,,中考考纲核心词汇,初中
eye,aɪ,n. 眼睛；视力；眼光；见解，观点；vt. 注视，看,,eye.mp3,中考核心,2,,,中考考纲核心词汇,初中
labour,ˈleɪˌbaʊr,n. （英国）工党,,labour.mp3,中考核心,2,,,中考考纲核心词汇,初中
mistake,mɪsˈteɪk,n. 错误；误会；过失；vt. 弄错；误解；vi. 弄错；误解,,mistake.mp3,中考核心,2,,,中考考纲核心词汇,初中
much,mʌʧ,adv. 非常，很；adj. 大量的；n. 许多，大量；pron. 许多，大量,,much.mp3,中考核心,2,,,中考考纲核心词汇,初中
pancake,ˈpænˌkeɪk,n. 薄烤饼；粉饼；平降（全称pancake landing）；vt. 使平坠著陆；使平展；vi. 平坠着陆；平展,,pancake.mp3,中考核心,2,,,中考考纲核心词汇,初中
pilot,ˈpaɪlət,n. 飞行员；领航员；adj. 试点的；v. 驾驶；领航；试用,,pilot.mp3,中考核心,2,,,中考考纲核心词汇,初中
VCD,vi-si-di,找不到解释,,vcd.mp3,中考核心,2,,,中考考纲核心词汇,初中
hang,hæŋ,n. 悬挂；暂停，中止；vt. 悬挂，垂下；装饰；绞死；使悬而未决；vi. 悬着，垂下；被绞死；悬而不决,,hang.mp3,中考核心,2,,,中考考纲核心词汇,初中
inside,ɪnˈsaɪd,prep. 少于；在…之内；n. 里面；内部；内情；内脏；adj. 里面的；内部的；秘密的；adv. 在里面,,inside.mp3,中考核心,2,,,中考考纲核心词汇,初中
why,waɪ,int. 哎呀！什么？；adv. 为什么,,why.mp3,中考核心,2,,,中考考纲核心词汇,初中
west,wɛst,n. 西；西方；西部；adj. 西方的；朝西的；adv. 在西方；向西方；自西方,,west.mp3,中考核心,2,,,中考考纲核心词汇,初中
they,ðeɪ,pron. 他们；它们；她们,,they.mp3,中考核心,2,,,中考考纲核心词汇,初中
kilometre,ˌkɪˈlɔˌmʌtər,n.  公里； 千米,,kilometre.mp3,中考核心,2,,,中考考纲核心词汇,初中
stupid,ˈstupəd,n. 傻瓜，笨蛋；adj. 愚蠢的；麻木的；乏味的,,stupid.mp3,中考核心,2,,,中考考纲核心词汇,初中
lift,lɪft,vt. 举起；提升；鼓舞；空运；抄袭；vi. 消散；升起；耸立；n. 电梯；举起；起重机；搭车,,lift.mp3,中考核心,2,,,中考考纲核心词汇,初中
warm,wɔrm,n. 取暖；加热；adj. 温暖的；热情的；vt. 使…兴奋；使…温暖；使…感兴趣；vi. 同情；激动；变温暖,,warm.mp3,中考核心,2,,,中考考纲核心词汇,初中
strange,streɪnʤ,adj. 奇怪的；陌生的；外行的；adv. 奇怪地；陌生地，冷淡地,,strange.mp3,中考核心,2,,,中考考纲核心词汇,初中
college,ˈkɑlɪʤ,n. 大学；学院；学会,,college.mp3,中考核心,2,,,中考考纲核心词汇,初中
health,hɛlθ,n. 健康；卫生；保健；兴旺,,health.mp3,中考核心,2,,,中考考纲核心词汇,初中
ending,ˈɛndɪŋ,n. 结局；结尾,,ending.mp3,中考核心,2,,,中考考纲核心词汇,初中
type,taɪp,n. 类型，品种；模范；样式；vt. 打字；测定（血等）类型；vi. 打字,,type.mp3,中考核心,2,,,中考考纲核心词汇,初中
disabled,dɪˈseɪbəld,adj. 残废的，有缺陷的；v. 使…失去能力（disable的过去分词）,,disabled.mp3,中考核心,2,,,中考考纲核心词汇,初中
document,ˈdɑkjəmɛnt,n. 文件，公文； 文档；证件；vt. 用文件证明,,document.mp3,中考核心,2,,,中考考纲核心词汇,初中
spirit,ˈspɪrət,n. 精神；心灵；情绪；志气；烈酒；vt. 鼓励；鼓舞；诱拐,,spirit.mp3,中考核心,2,,,中考考纲核心词汇,初中
twelfth,twɛlfθ,n. 第十二；月的第十二日；adj. 第十二的，第十二个的；十二分之一的,,twelfth.mp3,中考核心,2,,,中考考纲核心词汇,初中
gesture,ˈʤɛsʧər,n. 姿态；手势；vt. 用动作表示；vi. 作手势；用动作示意,,gesture.mp3,中考核心,2,,,中考考纲核心词汇,初中
mean,min,adj. 平均的；卑鄙的；低劣的；吝啬的；vt. 意味；想要；意欲；n. 平均值；vi. 用意,,mean.mp3,中考核心,2,,,中考考纲核心词汇,初中
ten,tɛn,num. 十个，十,,ten.mp3,中考核心,2,,,中考考纲核心词汇,初中
comedy,ˈkɑmədi,n. 喜剧；喜剧性；有趣的事情,,comedy.mp3,中考核心,2,,,中考考纲核心词汇,初中
he,hi,n. 男孩，男人；它（雄性动物）；pron. 他,,he.mp3,中考核心,2,,,中考考纲核心词汇,初中
well known,wɛl noʊn,adj. 众所周知的；著名的；出名的；为人所熟知的（或熟悉的、认可的）； 知名的；人所共知,,well_known.mp3,中考核心,2,,,中考考纲核心词汇,初中
dear,dɪr,n. 亲爱的人；adj. 亲爱的；尊敬的；昂贵的；adv. 高价地；疼爱地；int. 哎呀,,dear.mp3,中考核心,2,,,中考考纲核心词汇,初中
villager,ˈvɪlɪʤər,n. 乡村居民，村民,,villager.mp3,中考核心,2,,,中考考纲核心词汇,初中
frog,frɑɡ,n. 青蛙； 辙叉；饰扣；vi. 捕蛙,,frog.mp3,中考核心,2,,,中考考纲核心词汇,初中
left,lɛft,adj. 左边的；左派的；剩下的；adv. 在左面；n. 左边；左派；激进分子；v. 离开（leave的过去式）,,left.mp3,中考核心,2,,,中考考纲核心词汇,初中
nine,naɪn,n. 九，九个；num. 九；九个；adj. 九的，九个的,,nine.mp3,中考核心,2,,,中考考纲核心词汇,初中
coach,koʊʧ,n. 教练；旅客车厢；长途公车；四轮大马车；vt. 训练；指导；vi. 作指导；接受辅导；坐马车旅行；n.  蔻驰（皮革品牌）,,coach.mp3,中考核心,2,,,中考考纲核心词汇,初中
cover,ˈkʌvər,n. 封面，封皮；盖子；掩蔽物;幌子，借口；vt. 包括；采访，报导；涉及；vi. 覆盖；代替,,cover.mp3,中考核心,2,,,中考考纲核心词汇,初中
print,prɪnt,n. 印刷业；印花布；印刷字体；印章；印记；vt. 印刷；打印；刊载；用印刷体写；在…印花样；vi. 印刷；出版；用印刷体写,,print.mp3,中考核心,2,,,中考考纲核心词汇,初中
ugly,ˈʌɡli,adj. 丑陋的；邪恶的；令人厌恶的,,ugly.mp3,中考核心,2,,,中考考纲核心词汇,初中
address,ˈæˌdrɛs,n. 地址；演讲；致辞；说话的技巧；称呼；vt. 演说；从事；忙于；写姓名地址；向…致辞；与…说话；提出；处理,,address.mp3,中考核心,2,,,中考考纲核心词汇,初中
relationship,riˈleɪʃənˌʃɪp,n. 关系；关联,,relationship.mp3,中考核心,2,,,中考考纲核心词汇,初中
learner,ˈlɜrnər,n. 初学者，学习者,,learner.mp3,中考核心,2,,,中考考纲核心词汇,初中
set,sɛt,n.  集合；一套；布景； 装置；adj. 固定的；规定的；固执的；vi. (日，月)落沉；凝固；结果；vt. 树立；点燃；点缀；,,set.mp3,中考核心,2,,,中考考纲核心词汇,初中
o'clock,əˈklɑk,abbr. …点钟（等于of the clock）,,oclock.mp3,中考核心,2,,,中考考纲核心词汇,初中
trousers,ˈtraʊzərz,n. 裤子，长裤,,trousers.mp3,中考核心,2,,,中考考纲核心词汇,初中
hair,hɛr,n. 头发；毛发；些微；adj. 毛发的；护理毛发的；用毛发制成的；vt. 除去…的毛发；vi. 生长毛发；形成毛状纤维,,hair.mp3,中考核心,2,,,中考考纲核心词汇,初中
side,saɪd,n. 方面；侧面；旁边；adj. 旁的，侧的；vt. 同意，支持；vi. 支持；赞助；偏袒,,side.mp3,中考核心,2,,,中考考纲核心词汇,初中
heavy,ˈhɛvi,n. 重物；严肃角色；adj. 沉重的；繁重的，巨大的；拥挤的；阴沉的；adv. 大量地；笨重地,,heavy.mp3,中考核心,2,,,中考考纲核心词汇,初中
far,fɑr,n. 远方；adj. 远的；久远的；adv. 很；遥远地；久远地；到很远的距离；到很深的程度,,far.mp3,中考核心,2,,,中考考纲核心词汇,初中
dinner,ˈdɪnər,n. 晚餐，晚宴；宴会；正餐,,dinner.mp3,中考核心,2,,,中考考纲核心词汇,初中
professor,prəˈfɛsər,n. 教授；教师；公开表示信仰的人,,professor.mp3,中考核心,2,,,中考考纲核心词汇,初中
guide,ɡaɪd,n. 指南；向导；入门书；vt. 引导；带领；操纵；vi. 担任向导,,guide.mp3,中考核心,2,,,中考考纲核心词汇,初中
each,iʧ,adj. 每；各自的；pron. 每个；各自；adv. 每个；各自,,each.mp3,中考核心,2,,,中考考纲核心词汇,初中
creative,kriˈeɪtɪv,adj. 创造性的,,creative.mp3,中考核心,2,,,中考考纲核心词汇,初中
shut,ʃʌt,n. 关闭；adj. 关闭的；围绕的；vi. 关上；停止营业；vt. 关闭；停业；幽禁,,shut.mp3,中考核心,2,,,中考考纲核心词汇,初中
thousand,ˈθaʊzənd,n. 一千；一千个；许许多多；adj. 成千的；无数的,,thousand.mp3,中考核心,2,,,中考考纲核心词汇,初中
mark,mɑrk,n. 标志；马克；符号；痕迹；分数；vi. 作记号；vt. .标志；做标记于；打分数；n. . 标志；做标记于；打分数,,mark.mp3,中考核心,2,,,中考考纲核心词汇,初中
maybe,ˈmeɪbi,adv. 也许；可能；大概；n. 可能性；不确定性,,maybe.mp3,中考核心,2,,,中考考纲核心词汇,初中
into,ˈɪntu,prep. 到…里；深入…之中；成为…状况；进入到…之内,,into.mp3,中考核心,2,,,中考考纲核心词汇,初中
eraser,ɪˈreɪsər,n. 橡皮；擦除器； 清除器,,eraser.mp3,中考核心,2,,,中考考纲核心词汇,初中
favourite,favourite,n. 特别喜爱的人（或物）；adj. 特别受喜爱的,,favourite.mp3,中考核心,2,,,中考考纲核心词汇,初中
pepper,ˈpɛpər,n. 胡椒；辣椒；胡椒粉；vt. 加胡椒粉于；使布满,,pepper.mp3,中考核心,2,,,中考考纲核心词汇,初中
ant,ænt,n. 蚂蚁,,ant.mp3,中考核心,2,,,中考考纲核心词汇,初中
program,ˈproʊˌɡræm,n. 程序；计划；大纲；vt. 用程序指令；为…制订计划；为…安排节目；vi. 编程序；安排节目；设计电脑程式,,program.mp3,中考核心,2,,,中考考纲核心词汇,初中
pool,pul,n. 联营；撞球；水塘；共同资金；vt. 合伙经营；vi. 联营，合伙经营,,pool.mp3,中考核心,2,,,中考考纲核心词汇,初中
movie,ˈmuvi,n. 电影；电影院；电影业；adj. 电影的,,movie.mp3,中考核心,2,,,中考考纲核心词汇,初中
Chinese,ʧaɪˈniz,n. 中文，汉语；中国人；adj. 中国的，中国人的；中国话的,,chinese.mp3,中考核心,2,,,中考考纲核心词汇,初中
gym,ʤɪm,n. 健身房；体育；体育馆,,gym.mp3,中考核心,2,,,中考考纲核心词汇,初中
country,ˈkʌntri,n. 国家，国土；国民；乡下，农村；乡村；故乡；adj. 祖国的，故乡的；地方的，乡村的；国家的；粗鲁的；乡村音乐的,,country.mp3,中考核心,2,,,中考考纲核心词汇,初中
clean,klin,n. 打扫；adj. 清洁的，干净的；清白的；vt. 使干净；vi. 打扫，清扫；adv. 完全地,,clean.mp3,中考核心,2,,,中考考纲核心词汇,初中
finish,ˈfɪnɪʃ,n. 结束；完美；回味（葡萄酒）；vt. 完成；结束；用完；vi. 结束，终止；终结,,finish.mp3,中考核心,2,,,中考考纲核心词汇,初中
skin,skɪn,n. 皮肤；外皮；vt. 剥皮；vi. 愈合；长皮,,skin.mp3,中考核心,2,,,中考考纲核心词汇,初中
prepare,priˈpɛr,vt. 准备；使适合；装备；起草；vi. 预备；做好思想准备,,prepare.mp3,中考核心,2,,,中考考纲核心词汇,初中
staff,stæf,n. 职员；参谋；棒；支撑；adj. 职员的；行政工作的；vt. 供给人员；给…配备职员；vi. 雇用工作人员,,staff.mp3,中考核心,2,,,中考考纲核心词汇,初中
refrigerator,rəˈfrɪʤəˌreɪtər,n. 冰箱，冷藏库,,refrigerator.mp3,中考核心,2,,,中考考纲核心词汇,初中
blouse,blaʊs,n. 宽松的上衣；女装衬衫；vt. 使…宽松下垂；vi. 宽松下垂,,blouse.mp3,中考核心,2,,,中考考纲核心词汇,初中
partner,ˈpɑrtnər,n. 伙伴；合伙人；配偶；vt. 使合作；与…合伙；vi. 合伙；合股；成为搭档,,partner.mp3,中考核心,2,,,中考考纲核心词汇,初中
best,bɛst,n. 最好的人，最好的事物；最佳状态；adj. 最好的；vt. 打败，胜过；adv. 最好地,,best.mp3,中考核心,2,,,中考考纲核心词汇,初中
steal,stil,n. 偷窃；便宜货；偷垒；断球；vt. 剽窃；偷偷地做；偷窃；vi. 窃取；偷偷地行动；偷垒,,steal.mp3,中考核心,2,,,中考考纲核心词汇,初中
intelligent,ɪnˈtɛləʤənt,adj. 智能的；聪明的；理解力强的,,intelligent.mp3,中考核心,2,,,中考考纲核心词汇,初中
lesson,ˈlɛsən,n. 教训；课；vt. 教训；上课,,lesson.mp3,中考核心,2,,,中考考纲核心词汇,初中
nature,ˈneɪʧər,n. 自然；性质；本性；种类,,nature.mp3,中考核心,2,,,中考考纲核心词汇,初中
twin,twɪn,n. 双胞胎中一人；adj. 双胞胎的；vt. 使成对；vi. 成对；生双胞胎,,twin.mp3,中考核心,2,,,中考考纲核心词汇,初中
rapidly,ˈræpədli,adv. 迅速地；很快地；立即,,rapidly.mp3,中考核心,2,,,中考考纲核心词汇,初中
golf,ɡɑlf,n. 高尔夫球；高尔夫球运动；vi. 打高尔夫球,,golf.mp3,中考核心,2,,,中考考纲核心词汇,初中
have,hæv,aux. 已经；vt. 有；让；拿；从事；允许,,have.mp3,中考核心,2,,,中考考纲核心词汇,初中
master,ˈmæstər,vt. 控制；精通；征服；n. 硕士；主人；大师；教师；adj. 主人的；主要的；熟练的,,master.mp3,中考核心,2,,,中考考纲核心词汇,初中
lifetime,ˈlaɪfˌtaɪm,n. 一生；寿命；终生；使用期；adj. 一生的；终身的,,lifetime.mp3,中考核心,2,,,中考考纲核心词汇,初中
blender,ˈblɛndər,n. （美）搅拌机；掺和者；混合物,,blender.mp3,中考核心,2,,,中考考纲核心词汇,初中
sixth,sɪksθ,n. 月的第六日，（与the连用的）第六个；六分之一；adj. （与 the 连用）第六的，第六个的；六分之一的,,sixth.mp3,中考核心,2,,,中考考纲核心词汇,初中
method,ˈmɛθəd,n. 方法；条理；类函数；adj. 使用体验派表演方法的,,method.mp3,中考核心,2,,,中考考纲核心词汇,初中
sugar,ˈʃʊɡər,n. 糖；食糖；甜言蜜语；vt. 加糖于；粉饰；vi. 形成糖,,sugar.mp3,中考核心,2,,,中考考纲核心词汇,初中
climber,ˈklaɪmər,n. 登山者；攀缘植物；尽力改善自己社会地位的人,,climber.mp3,中考核心,2,,,中考考纲核心词汇,初中
historical,hɪˈstɔrɪkəl,adj. 历史的；史学的；基于史实的,,historical.mp3,中考核心,2,,,中考考纲核心词汇,初中
poster,ˈpoʊstər,n. 海报，广告；招贴,,poster.mp3,中考核心,2,,,中考考纲核心词汇,初中
we,wi,pron. 我们（主格）；笔者，本人（作者或演讲人使用）；朕，寡人,,we.mp3,中考核心,2,,,中考考纲核心词汇,初中
it,ɪt,abbr. 信息技术information technology；abbr. 意大利Italy；意大利的Italian,,it.mp3,中考核心,2,,,中考考纲核心词汇,初中
bird,bɜrd,n. 鸟；家伙；羽毛球；vt. 向…喝倒彩；起哄；vi. 猎鸟；观察研究野鸟,,bird.mp3,中考核心,2,,,中考考纲核心词汇,初中
India,ˈɪndiə,n. 印度（南亚国家）,,india.mp3,中考核心,2,,,中考考纲核心词汇,初中
sightseeing,ˈsaɪtˈsiɪŋ,n. 观光；游览；v. 观光（sightsee的ing形式）；游览；adj. 观光的；游览的,,sightseeing.mp3,中考核心,2,,,中考考纲核心词汇,初中
theirs,ðɛrz,pron. 他们的；她们的；它们的,,theirs.mp3,中考核心,2,,,中考考纲核心词汇,初中
other,ˈʌðər,adj. 其他的，另外的；pron. 另外一个,,other.mp3,中考核心,2,,,中考考纲核心词汇,初中
nod,nɑd,n. 点头；打盹；摆动；vt. 点头；点头表示；vi. 点头；打盹；摆动,,nod.mp3,中考核心,2,,,中考考纲核心词汇,初中
dishonest,dɪˈsɑnəst,adj. 不诚实的；欺诈的,,dishonest.mp3,中考核心,2,,,中考考纲核心词汇,初中
T-shirt,ti-ʃɜrt,n. 短袖圆领汗衫,,t-shirt.mp3,中考核心,2,,,中考考纲核心词汇,初中
what,wɑt,pron. 什么；多么；多少；adv. 到什么程度，在哪一方面；adj. 什么；多么；何等；int. 什么；多么,,what.mp3,中考核心,2,,,中考考纲核心词汇,初中
more,mɔr,adv. 更多；此外；更大程度地；adj. 更多的；附加的；pron. 更多的数量；n. 更多,,more.mp3,中考核心,2,,,中考考纲核心词汇,初中
protection,prəˈtɛkʃən,n. 保护；防卫；护照,,protection.mp3,中考核心,2,,,中考考纲核心词汇,初中
downstairs,ˈdaʊnˈstɛrz,n. 楼下；adj. 楼下的；adv. 在楼下,,downstairs.mp3,中考核心,2,,,中考考纲核心词汇,初中
introduction,ˌɪntrəˈdʌkʃən,n. 介绍；引进；采用；入门；传入,,introduction.mp3,中考核心,2,,,中考考纲核心词汇,初中
tomato,təˈmeɪˌtoʊ,n. 番茄，西红柿,,tomato.mp3,中考核心,2,,,中考考纲核心词汇,初中
tape,teɪp,n. 胶带；磁带；带子；卷尺；vt. 录音；用带子捆扎；用胶布把…封住；vi. 用磁带录音,,tape.mp3,中考核心,2,,,中考考纲核心词汇,初中
junior,ˈʤunjər,adj. 年少的；后进的；下级的；n. 年少者，晚辈；地位较低者；大学三年级学生,,junior.mp3,中考核心,2,,,中考考纲核心词汇,初中
to,tu,prep. 到；向；（表示时间、方向）朝…方向；adv. 向前；（门等）关上,,to.mp3,中考核心,2,,,中考考纲核心词汇,初中
crime,kraɪm,n. 罪行，犯罪；罪恶；犯罪活动；vt. 控告……违反纪律,,crime.mp3,中考核心,2,,,中考考纲核心词汇,初中
tower,ˈtaʊər,n. 塔；高楼；堡垒；vi. 高耸；超越,,tower.mp3,中考核心,2,,,中考考纲核心词汇,初中
afford,əˈfɔrd,vt. 给予，提供；买得起,,afford.mp3,中考核心,2,,,中考考纲核心词汇,初中
burial,ˈbɛriəl,n. 埋葬；葬礼；弃绝；adj. 埋葬的,,burial.mp3,中考核心,2,,,中考考纲核心词汇,初中
big,bɪɡ,adj. 大的；重要的；量大的；adv. 大量地；顺利；夸大地,,big.mp3,中考核心,2,,,中考考纲核心词汇,初中
mention,ˈmɛnʃən,vt. 提到，谈到；提及，论及；说起；n. 提及，说起,,mention.mp3,中考核心,2,,,中考考纲核心词汇,初中
decorate,ˈdɛkəˌreɪt,vt. 装饰；布置；授勋给；vi. 装饰；布置,,decorate.mp3,中考核心,2,,,中考考纲核心词汇,初中
army,ˈɑrmi,n. 陆军，军队,,army.mp3,中考核心,2,,,中考考纲核心词汇,初中
cold,koʊld,n. 寒冷；感冒；adj. 寒冷的；冷淡的，不热情的；失去知觉的；adv. 完全地,,cold.mp3,中考核心,2,,,中考考纲核心词汇,初中
fault,fɔlt,n. 故障； 断层；错误；缺点；毛病；（网球等）发球失误；vt. （通常用于疑问句或否定句）挑剔；vi. 弄错；产生断层,,fault.mp3,中考核心,2,,,中考考纲核心词汇,初中
man,mæn,n. 人；男人；人类；丈夫；雇工；vt. 操纵；给…配置人员；使增强勇气；在…就位,,man.mp3,中考核心,2,,,中考考纲核心词汇,初中
trust,trʌst,n. 信任，信赖；责任；托拉斯；vt. 信任，信赖；盼望；赊卖给；vi. 信任，信赖；依靠,,trust.mp3,中考核心,2,,,中考考纲核心词汇,初中
mail,meɪl,n. 邮件；邮政，邮递；盔甲；vt. 邮寄；给…穿盔甲；vi. 邮寄；寄出,,mail.mp3,中考核心,2,,,中考考纲核心词汇,初中
dirty,ˈdɜrti,adj. 下流的，卑鄙的；肮脏的；恶劣的；暗淡的；vt. 弄脏；vi. 变脏,,dirty.mp3,中考核心,2,,,中考考纲核心词汇,初中
trip,trɪp,n. 旅行；绊倒；差错；vt. 绊倒；使犯错；vi. 绊倒；远足；犯错误；轻快地走,,trip.mp3,中考核心,2,,,中考考纲核心词汇,初中
glue,ɡlu,n. 胶；各种胶合物；vt. 粘合；似胶般固着于,,glue.mp3,中考核心,2,,,中考考纲核心词汇,初中
awful,ˈɑfəl,adj. 可怕的；极坏的；使人敬畏的,,awful.mp3,中考核心,2,,,中考考纲核心词汇,初中
passenger,ˈpæsənʤər,n. 旅客；乘客；过路人；碍手碍脚的人,,passenger.mp3,中考核心,2,,,中考考纲核心词汇,初中
pull,pʊl,n. 拉，拉绳；拉力，牵引力；拖；vt. 拉；拔；拖；vi. 拉，拖；拔,,pull.mp3,中考核心,2,,,中考考纲核心词汇,初中
shower,ˈʃaʊər,n. 淋浴；（倾泻般出现的）一阵，一大批；阵雨；vt. 大量地给予；把……弄湿；vi. 淋浴；下阵雨,,shower.mp3,中考核心,2,,,中考考纲核心词汇,初中
dry,draɪ,n. 干涸；adj. 干的；口渴的；枯燥无味的；禁酒的；vt. 把…弄干；vi. 变干,,dry.mp3,中考核心,2,,,中考考纲核心词汇,初中
fill,fɪl,n. 满足；填满的量；装填物；vt. 装满，使充满；满足；堵塞；任职；vi. 被充满，膨胀,,fill.mp3,中考核心,2,,,中考考纲核心词汇,初中
tale,teɪl,n. 故事；传说；叙述；流言蜚语,,tale.mp3,中考核心,2,,,中考考纲核心词汇,初中
day,deɪ,n. 一天；时期；白昼；adj. 日间的；逐日的；adv. 每天；经常在白天地,,day.mp3,中考核心,2,,,中考考纲核心词汇,初中
stomachache,stomachache,n. 腹痛，肚子痛；胃痛,,stomachache.mp3,中考核心,2,,,中考考纲核心词汇,初中
very,ˈvɛri,adv. 非常，很；完全；adj. 恰好是，正是；甚至；十足的；特有的,,very.mp3,中考核心,2,,,中考考纲核心词汇,初中
even,ˈivɪn,adj.  偶数的；平坦的；相等的；adv. 甚至；即使；还；实际上；vt. 使平坦；使相等；vi. 变平；变得可比较；成为相等,,even.mp3,中考核心,2,,,中考考纲核心词汇,初中
emperor,ˈɛmpərər,n. 皇帝，君主,,emperor.mp3,中考核心,2,,,中考考纲核心词汇,初中
relaxing,rɪˈlæksɪŋ,v. 放松；休息（relax的ing形式）；缓和；松懈；adj. 令人轻松的,,relaxing.mp3,中考核心,2,,,中考考纲核心词汇,初中
instrument,ˈɪnstrəmənt,n. 仪器；工具；乐器；手段；器械,,instrument.mp3,中考核心,2,,,中考考纲核心词汇,初中
extra,ˈɛkstrə,n. 临时演员；号外；额外的事物；上等产品；adj. 额外的，另外收费的；特大的；adv. 特别地，非常；另外,,extra.mp3,中考核心,2,,,中考考纲核心词汇,初中
juice,ʤus,n. （水果）汁，液；果汁,,juice.mp3,中考核心,2,,,中考考纲核心词汇,初中
MS,mɪz,abbr. 存贮系统（Memory System）；主存储器（Main Storage）；主程序装置（Master Sequecer）；中速，平均速度（Medium Speed）；主（总）开关（Master Switch）,,ms.mp3,中考核心,2,,,中考考纲核心词汇,初中
astronaut,ˈæstrəˌnɑt,n. 宇航员，航天员；太空旅行者,,astronaut.mp3,中考核心,2,,,中考考纲核心词汇,初中
follow,ˈfɑloʊ,n. 跟随；追随；vi. 跟随；接着；vt. 跟随；遵循；追求；密切注意，注视；注意；倾听,,follow.mp3,中考核心,2,,,中考考纲核心词汇,初中
wooden,ˈwʊdən,adj. 木制的；僵硬的，呆板的,,wooden.mp3,中考核心,2,,,中考考纲核心词汇,初中
traffic,ˈtræfɪk,n. 交通；运输；贸易； 通信量；vt. 用…作交换；在…通行；vi. 交易，买卖,,traffic.mp3,中考核心,2,,,中考考纲核心词汇,初中
homeless,ˈhoʊmləs,adj. 无家可归的；无家可归的人；无家可归,,homeless.mp3,中考核心,2,,,中考考纲核心词汇,初中
queen,kwin,n. 女王，王后；（纸牌中的）皇后；（蜜蜂等的）蜂王；vt. 使…成为女王或王后；vi. 做女王,,queen.mp3,中考核心,2,,,中考考纲核心词汇,初中
half,hæf,n. 一半；半场；半学年；adj. 一半的；不完全的；半途的；adv. 一半地；部分地,,half.mp3,中考核心,2,,,中考考纲核心词汇,初中
space,speɪs,n. 空间；太空；距离；vt. 隔开；vi. 留间隔,,space.mp3,中考核心,2,,,中考考纲核心词汇,初中
lively,ˈlaɪvli,adj. 活泼的；生动的；真实的；生气勃勃的,,lively.mp3,中考核心,2,,,中考考纲核心词汇,初中
gun,ɡʌn,n. 枪支；枪状物；持枪歹徒；vt. 向…开枪；开大油门；vi. 用枪射击；加大油门快速前进,,gun.mp3,中考核心,2,,,中考考纲核心词汇,初中
opening,ˈoʊpənɪŋ,n. 开始；机会；通路；空缺的职位；adj. 开始的；v. 开放（open的ing形式）；打开；公开,,opening.mp3,中考核心,2,,,中考考纲核心词汇,初中
shall,ʃæl,aux. 应；会；将；必须,,shall.mp3,中考核心,2,,,中考考纲核心词汇,初中
sing,sɪŋ,n. 演唱；鸣声；呼啸声；vt. 唱；用诗赞颂；唱着使；vi. 唱歌；歌颂；鸣叫；呼号,,sing.mp3,中考核心,2,,,中考考纲核心词汇,初中
flu,flu,n. 流感,,flu.mp3,中考核心,2,,,中考考纲核心词汇,初中
agent,ˈeɪʤənt,n. 代理人，代理商；药剂；特工；adj. 代理的；vt. 由…作中介；由…代理,,agent.mp3,中考核心,2,,,中考考纲核心词汇,初中
winter,ˈwɪntər,n. 冬季；年岁；萧条期；adj. 冬天的；越冬的；vi. 过冬,,winter.mp3,中考核心,2,,,中考考纲核心词汇,初中
husband,ˈhʌzbənd,n. 丈夫；vt. 节约地使用（或管理）,,husband.mp3,中考核心,2,,,中考考纲核心词汇,初中
cage,keɪʤ,n. 笼，兽笼；牢房，监狱；vt. 把…关进笼子；把…囚禁起来,,cage.mp3,中考核心,2,,,中考考纲核心词汇,初中
grammar,ˈɡræmər,n. 语法；语法书,,grammar.mp3,中考核心,2,,,中考考纲核心词汇,初中
action,ˈækʃən,n. 行动；活动；功能；战斗；情节,,action.mp3,中考核心,2,,,中考考纲核心词汇,初中
might,maɪt,n. 力量；威力；势力；v. 可以；或许（may的过去式）；应该；aux. 可能；也许,,might.mp3,中考核心,2,,,中考考纲核心词汇,初中
express,ɪkˈsprɛs,n. 快车，快递，专使；捷运公司；vt. 表达；快递；adj. 明确的；迅速的；专门的,,express.mp3,中考核心,2,,,中考考纲核心词汇,初中
graduate,ˈɡræʤuɪt,n. 研究生；毕业生；adj. 毕业的；研究生的；vt. 授予…学位；分等级；标上刻度；vi. 毕业；渐变,,graduate.mp3,中考核心,2,,,中考考纲核心词汇,初中
upset,əpˈsɛt,n. 混乱；翻倒；颠覆；adj. 心烦的；混乱的；弄翻的；vt. 使心烦；颠覆；扰乱；vi. 翻倒,,upset.mp3,中考核心,2,,,中考考纲核心词汇,初中
celebration,ˌsɛləˈbreɪʃən,n. 庆典，庆祝会；庆祝；颂扬,,celebration.mp3,中考核心,2,,,中考考纲核心词汇,初中
go,ɡoʊ,n. 去；进行；尝试；vi. 走；达到；运转；趋于；vt. 忍受；出产；以…打赌；,,go.mp3,中考核心,2,,,中考考纲核心词汇,初中
afternoon,ˌæftərˈnun,n. 午后，下午,,afternoon.mp3,中考核心,2,,,中考考纲核心词汇,初中
should,ʃʊd,aux. 应该；就；可能；将要,,should.mp3,中考核心,2,,,中考考纲核心词汇,初中
board,bɔrd,n. 董事会；木板；甲板；膳食；vt. 上（飞机、车、船等）；用板盖上；给提供膳宿；vi. 寄宿,,board.mp3,中考核心,2,,,中考考纲核心词汇,初中
pardon,ˈpɑrdən,n. 原谅；赦免；宽恕；vt. 原谅；赦免；宽恕,,pardon.mp3,中考核心,2,,,中考考纲核心词汇,初中
tired,ˈtaɪərd,v. 疲倦；对…腻烦（tire的过去分词形式）；adj. 疲倦的；厌倦的，厌烦的,,tired.mp3,中考核心,2,,,中考考纲核心词汇,初中
forest,ˈfɔrəst,n. 森林；vt. 植树于，使成为森林,,forest.mp3,中考核心,2,,,中考考纲核心词汇,初中
eleventh,ɪˈlɛvənθ,num. 第十一；十一分之一；n. 第十一；十一分之一；adj. 第十一的；十一分之一的,,eleventh.mp3,中考核心,2,,,中考考纲核心词汇,初中
right,raɪt,n. 正确；右边；正义；adj. 正确的；直接的；右方的；vt. 纠正；adv. 正确地；恰当地；彻底地；vi. 复正；恢复平稳,,right.mp3,中考核心,2,,,中考考纲核心词汇,初中
cough,kɑf,n. 咳嗽，咳嗽声；咳嗽病；vt. 咳出；vi. 咳嗽,,cough.mp3,中考核心,2,,,中考考纲核心词汇,初中
hunger,ˈhʌŋɡər,n. 饿，饥饿；渴望；vt. 使……挨饿；vi. 渴望；挨饿,,hunger.mp3,中考核心,2,,,中考考纲核心词汇,初中
roll,roʊl,n. 卷，卷形物；名单；摇晃；vt. 卷；滚动，转动；辗；vi. 卷；滚动；转动；起伏，摇晃,,roll.mp3,中考核心,2,,,中考考纲核心词汇,初中
machine,məˈʃin,n. 机械，机器；机构；机械般工作的人；vt. 用机器制造,,machine.mp3,中考核心,2,,,中考考纲核心词汇,初中
until,ənˈtɪl,prep. 在…以前；到…为止；conj. 在…以前；直到…时,,until.mp3,中考核心,2,,,中考考纲核心词汇,初中
least,list,adj. 最小的；最少的（little的最高级）；adv. 最小；最少；n. 最小；最少,,least.mp3,中考核心,2,,,中考考纲核心词汇,初中
secondly,ˈsɛkəndli,adv. 其次；第二,,secondly.mp3,中考核心,2,,,中考考纲核心词汇,初中
come,kʌm,vi. 来；开始；出现；发生；变成；到达；vt. 做；假装；将满（…岁）；int. 嗨！,,come.mp3,中考核心,2,,,中考考纲核心词汇,初中
sister,ˈsɪstər,n. 姐妹；（称志同道合者）姐妹；修女；护士；adj. 姐妹般的；同类型的,,sister.mp3,中考核心,2,,,中考考纲核心词汇,初中
washroom,ˈwɑˌʃrum,n. 洗手间；盥洗室；厕所,,washroom.mp3,中考核心,2,,,中考考纲核心词汇,初中
relation,riˈleɪʃən,n. 关系；叙述；故事；亲属关系,,relation.mp3,中考核心,2,,,中考考纲核心词汇,初中
Russian,ˈrʌʃən,n. 俄语；俄国人；adj. 俄国的；俄语的,,russian.mp3,中考核心,2,,,中考考纲核心词汇,初中
doubt,daʊt,n. 怀疑；疑问；疑惑；v. 怀疑；不信；恐怕；拿不准,,doubt.mp3,中考核心,2,,,中考考纲核心词汇,初中
Tuesday,ˈtuzˌdeɪ,n. 星期二,,tuesday.mp3,中考核心,2,,,中考考纲核心词汇,初中
people,ˈpipəl,n. 人；人类；民族；公民；vt. 居住于；使住满人,,people.mp3,中考核心,2,,,中考考纲核心词汇,初中
Australian,ɔˈstreɪljən,adj. 澳大利亚的，澳大利亚人的；n. 澳大利亚人,,australian.mp3,中考核心,2,,,中考考纲核心词汇,初中
yourselves,jʊrˈsɛlvz,pron. 你们自己；你们本人（yourself的复数）,,yourselves.mp3,中考核心,2,,,中考考纲核心词汇,初中
level,ˈlɛvəl,n. 水平；标准；水平面；adj. 水平的；平坦的；同高的；vi. 瞄准；拉平；变得平坦；vt. 使同等；对准；弄平,,level.mp3,中考核心,2,,,中考考纲核心词汇,初中
expect,ɪkˈspɛkt,vi. 期待；预期；vt. 期望；指望；认为；预料,,expect.mp3,中考核心,2,,,中考考纲核心词汇,初中
enjoy,ɛnˈʤɔɪ,vt. 欣赏，享受；喜爱；使过得快活,,enjoy.mp3,中考核心,2,,,中考考纲核心词汇,初中
fifth,fɪfθ,num. 第五；n. 第五；五分之一；adj. 第五的；五分之一的,,fifth.mp3,中考核心,2,,,中考考纲核心词汇,初中
centimetre,ˈsɛntəˌmitər,n. 厘米；公分,,centimetre.mp3,中考核心,2,,,中考考纲核心词汇,初中
compare,kəmˈpɛr,vi. 相比，匹敌；比较，区别；比拟（常与to连用）；vt. 比拟，喻为；构成；n. 比较,,compare.mp3,中考核心,2,,,中考考纲核心词汇,初中
Japanese,ˌʤæpəˈniz,n. 日本人；日语；adj. 日本（人）的；日语的,,japanese.mp3,中考核心,2,,,中考考纲核心词汇,初中
tennis,ˈtɛnəs,n. 网球（运动）,,tennis.mp3,中考核心,2,,,中考考纲核心词汇,初中
year,jɪr,n. 年；年度；历年；年纪；一年的期间；某年级的学生,,year.mp3,中考核心,2,,,中考考纲核心词汇,初中
menu,ˈmɛnju,n. 菜单；饭菜,,menu.mp3,中考核心,2,,,中考考纲核心词汇,初中
family,ˈfæməli,n. 家庭；亲属；家族；子女；科；语族；族；adj. 家庭的；家族的；适合于全家的,,family.mp3,中考核心,2,,,中考考纲核心词汇,初中
garden,ˈɡɑrdən,n. 花园；菜园；vt. 栽培花木；vi. 从事园艺；在园中种植,,garden.mp3,中考核心,2,,,中考考纲核心词汇,初中
fifty,ˈfɪfti,n. 五十；五十个；编号为50的东西；adj. 五十的；五十个的；众多的,,fifty.mp3,中考核心,2,,,中考考纲核心词汇,初中
passage,ˈpæsəʤ,n. 一段（文章）；走廊；通路,,passage.mp3,中考核心,2,,,中考考纲核心词汇,初中
song,sɔŋ,n. 歌曲；歌唱；诗歌；鸣声,,song.mp3,中考核心,2,,,中考考纲核心词汇,初中
teacher,ˈtiʧər,n. 教师；导师,,teacher.mp3,中考核心,2,,,中考考纲核心词汇,初中
brain,breɪn,n. 头脑，智力；脑袋；vt. 猛击…的头部,,brain.mp3,中考核心,2,,,中考考纲核心词汇,初中
view,vju,n. 观察；视野；意见；风景；vt. 观察；考虑；查看,,view.mp3,中考核心,2,,,中考考纲核心词汇,初中
ability,əˈbɪləti,n. 能力，能耐；才能,,ability.mp3,中考核心,2,,,中考考纲核心词汇,初中
aloud,əˈlaʊd,adv. 大声地；出声地,,aloud.mp3,中考核心,2,,,中考考纲核心词汇,初中
vegetable,ˈvɛʤtəbəl,n. 蔬菜；植物；植物人；adj. 蔬菜的；植物的,,vegetable.mp3,中考核心,2,,,中考考纲核心词汇,初中
picnic,ˈpɪkˌnɪk,n. 野餐；vi. 去野餐,,picnic.mp3,中考核心,2,,,中考考纲核心词汇,初中
trader,ˈtreɪdər,n. 交易者；商人；商船,,trader.mp3,中考核心,2,,,中考考纲核心词汇,初中
recycle,riˈsaɪkəl,n. 再生；再循环；重复利用；vt. 使再循环；使…重新利用；vi. 重复利用,,recycle.mp3,中考核心,2,,,中考考纲核心词汇,初中
another,əˈnʌðər,prep. 另一个；另一个人；adj. 又一，另一；另外的；不同的；pron. 另一个；又一个,,another.mp3,中考核心,2,,,中考考纲核心词汇,初中
education,ˌɛʤəˈkeɪʃən,n. 教育；培养；教育学,,education.mp3,中考核心,2,,,中考考纲核心词汇,初中
safety,ˈseɪfti,n. 安全；保险；安全设备；保险装置；安打,,safety.mp3,中考核心,2,,,中考考纲核心词汇,初中
often,ˈɔfən,adv. 常常，时常,,often.mp3,中考核心,2,,,中考考纲核心词汇,初中
golfer,ˈɡɑlfər,n. 高尔夫球手,,golfer.mp3,中考核心,2,,,中考考纲核心词汇,初中
matter,ˈmætər,n. 物质；事件；vi. 有关系；要紧,,matter.mp3,中考核心,2,,,中考考纲核心词汇,初中
walk,wɔk,n. 步行，走；散步；vi. 走，步行；散步；vt. 散步；走过,,walk.mp3,中考核心,2,,,中考考纲核心词汇,初中
floor,flɔr,n. 地板，地面；楼层；基底；议员席；vt. 铺地板；打倒，击倒；（被困难）难倒,,floor.mp3,中考核心,2,,,中考考纲核心词汇,初中
south,saʊθ,n. 南方，南边；南部；adj. 南的，南方的；adv. 在南方，向南方,,south.mp3,中考核心,2,,,中考考纲核心词汇,初中
say,seɪ,vt. 讲；说明；例如；声称；假设；指明；vi. 讲；表示；念；假定；背诵,,say.mp3,中考核心,2,,,中考考纲核心词汇,初中
noodle,ˈnudəl,n. 面条；笨蛋,,noodle.mp3,中考核心,2,,,中考考纲核心词汇,初中
term,tɜrm,n. 术语；学期；期限；条款；(代数式等的)项；vt. 把…叫做,,term.mp3,中考核心,2,,,中考考纲核心词汇,初中
lyrics,ˈlɪrɪks,n. 歌词；抒情诗（lyric的复数）,,lyrics.mp3,中考核心,2,,,中考考纲核心词汇,初中
koala,koʊˈɑlə,n. 树袋熊，无尾熊（产于澳大利亚，又名考拉）,,koala.mp3,中考核心,2,,,中考考纲核心词汇,初中
leg,lɛɡ,n. 腿；支柱,,leg.mp3,中考核心,2,,,中考考纲核心词汇,初中
America,əˈmɛrəkə,n. 美洲（包括北美和南美洲）；美国,,america.mp3,中考核心,2,,,中考考纲核心词汇,初中
colour,colour,n. 颜色；风格；气色，面色；外貌；vt. 把…涂颜色，粉饰；歪曲；使脸红；vi. 变色,,colour.mp3,中考核心,2,,,中考考纲核心词汇,初中
hit,hɪt,n. 打；打击；（演出等）成功；讽刺；vt. 打击；袭击；碰撞；偶然发现；伤…的感情；vi. 打；打击；碰撞；偶然碰上,,hit.mp3,中考核心,2,,,中考考纲核心词汇,初中
improve,ɪmˈpruv,vt. 改善，增进；提高…的价值；vi. 增加；变得更好,,improve.mp3,中考核心,2,,,中考考纲核心词汇,初中
terrorist,ˈtɛrərɪst,n. 恐怖主义者，恐怖分子,,terrorist.mp3,中考核心,2,,,中考考纲核心词汇,初中
post,poʊst,n. 岗位；邮件；标杆；vt. 张贴；公布；邮递；布置；vi. 快速行进,,post.mp3,中考核心,2,,,中考考纲核心词汇,初中
arm,ɑrm,n. 手臂；武器；袖子；装备；部门；vt. 武装；备战；vi. 武装起来,,arm.mp3,中考核心,2,,,中考考纲核心词汇,初中
car,kɑr,n. 汽车；车厢,,car.mp3,中考核心,2,,,中考考纲核心词汇,初中
pick,pɪk,n. 选择；鹤嘴锄；挖；掩护；vi. 挑选；采摘；挖；vt. 拾取；精选；采摘；掘,,pick.mp3,中考核心,2,,,中考考纲核心词汇,初中
sport,spɔrt,n. 运动；游戏；娱乐；运动会；玩笑；adj. 运动的；vt. 游戏；参加体育运动；夸耀；vi. 游戏,,sport.mp3,中考核心,2,,,中考考纲核心词汇,初中
gatekeeper,ˈɡeɪtˌkipər,n. 看门人,,gatekeeper.mp3,中考核心,2,,,中考考纲核心词汇,初中
thank,θæŋk,n. 感谢；vt. 感谢；int. 谢谢,,thank.mp3,中考核心,2,,,中考考纲核心词汇,初中
break,breɪk,vi. 打破；折断；弄坏；削弱；vt. （使）破；打破（纪录）；（常指好天气）突变；开始；vi. （嗓音）突变；突破；破晓；（价格）突然下跌；n. 破裂；间断；（持续一段时间的状况的）改变,,break.mp3,中考核心,2,,,中考考纲核心词汇,初中
housework,ˈhaʊˌswɜrk,n. 家务事,,housework.mp3,中考核心,2,,,中考考纲核心词汇,初中
grey,ɡreɪ,n. 灰色；adj. 灰色的；灰白的；vt. 使变成灰色；使变老；vi. 变成灰色；老化,,grey.mp3,中考核心,2,,,中考考纲核心词汇,初中
speed,spid,n. 速度，速率；迅速，快速；昌盛，繁荣；vt. 加快…的速度；使成功，使繁荣；vi. 超速，加速；加速，迅速前行；兴隆,,speed.mp3,中考核心,2,,,中考考纲核心词汇,初中
PLA,plɑ,abbr. 中国人民解放军（Chinese People's Liberation Army）；原生质树脂活动（plasma resin activity）,,pla.mp3,中考核心,2,,,中考考纲核心词汇,初中
today,təˈdeɪ,n. 今天；现今；adv. 今天；现今,,today.mp3,中考核心,2,,,中考考纲核心词汇,初中
park,pɑrk,n. 公园； 停车场；vt. 停放；放置；寄存；vi. 停放车辆,,park.mp3,中考核心,2,,,中考考纲核心词汇,初中
fresh,frɛʃ,n. 开始；新生；泛滥；adj. 新鲜的；清新的；淡水的；无经验的；adv. 刚刚，才；最新地,,fresh.mp3,中考核心,2,,,中考考纲核心词汇,初中
a,eɪ,n. 字母A；第一流的；学业成绩达最高标准的评价符号；abbr. 安（ampere）,,a.mp3,中考核心,2,,,中考考纲核心词汇,初中
season,ˈsizən,n. 时期；季节；赛季；vt. 给…调味；使适应；vi. 变得成熟；变干燥,,season.mp3,中考核心,2,,,中考考纲核心词汇,初中
protect,prəˈtɛkt,vt. 保护，防卫；警戒,,protect.mp3,中考核心,2,,,中考考纲核心词汇,初中
hamburger,ˈhæmbərɡər,n. 汉堡包，火腿汉堡；牛肉饼，肉饼；碎牛肉,,hamburger.mp3,中考核心,2,,,中考考纲核心词汇,初中
than,ðæn,conj. 比（用于形容词、副词的比较级之后）；除…外（用于other等之后）；与其…（用于 rather等之后）；一…就（用于 no sooner等之后）；prep. 比；超过,,than.mp3,中考核心,2,,,中考考纲核心词汇,初中
seem,sim,vi. 似乎；像是；装作,,seem.mp3,中考核心,2,,,中考考纲核心词汇,初中
sandy,ˈsændi,adj. 沙地的；多沙的；含沙的,,sandy.mp3,中考核心,2,,,中考考纲核心词汇,初中
gradually,ˈɡræʤuəli,adv. 逐步地；渐渐地,,gradually.mp3,中考核心,2,,,中考考纲核心词汇,初中
shirt,ʃɜrt,n. 衬衫；汗衫，内衣,,shirt.mp3,中考核心,2,,,中考考纲核心词汇,初中
bee,bi,n. 蜜蜂，蜂；勤劳的人,,bee.mp3,中考核心,2,,,中考考纲核心词汇,初中
mixture,ˈmɪksʧər,n. 混合；混合物；混合剂,,mixture.mp3,中考核心,2,,,中考考纲核心词汇,初中
prevent,prɪˈvɛnt,vt. 预防，防止；阻止；vi. 妨碍，阻止,,prevent.mp3,中考核心,2,,,中考考纲核心词汇,初中
similar,ˈsɪmələr,n. 类似物；adj. 相似的,,similar.mp3,中考核心,2,,,中考考纲核心词汇,初中
traveler,ˈtrævələr,n. 旅行者；旅客；旅行推销员（等于traveller）,,traveler.mp3,中考核心,2,,,中考考纲核心词汇,初中
satisfied,ˈsætəˌsfaɪd,v. 使满意（satisfy的过去式）；adj. 感到满意的,,satisfied.mp3,中考核心,2,,,中考考纲核心词汇,初中
perhaps,pərˈhæps,n. 假定；猜想；未定之事；adv. 或许；（表示不确定）也许；（用于粗略的估计）或许；（表示勉强同意或其实不赞成）也许；可能,,perhaps.mp3,中考核心,2,,,中考考纲核心词汇,初中
communication,kəmˌjunəˈkeɪʃən,n. 通讯， 通信；交流；信函,,communication.mp3,中考核心,2,,,中考考纲核心词汇,初中
mountain,ˈmaʊntən,n. 山；山脉,,mountain.mp3,中考核心,2,,,中考考纲核心词汇,初中
top,tɑp,n. 顶部，顶端；上部；首席；陀螺；adj. 最高的，顶上的；头等的；vt. 超越，超过；给…加盖；达到…的顶端；vi. 高出，超越；结束；达到顶点,,top.mp3,中考核心,2,,,中考考纲核心词汇,初中
online,ˈɔnˌlaɪn,adj. 联机的；在线的；adv. 在线地,,online.mp3,中考核心,2,,,中考考纲核心词汇,初中
PRC,pi-ɑr-si,abbr. 中华人民共和国（People's Republic of China）,,prc.mp3,中考核心,2,,,中考考纲核心词汇,初中
sweet,swit,n. 糖果；乐趣；芳香；宝贝；adj. 甜的；悦耳的；芳香的；亲切的；（俚）酷毙了,,sweet.mp3,中考核心,2,,,中考考纲核心词汇,初中
flashlight,ˈflæˌʃlaɪt,n. 手电筒；闪光灯,,flashlight.mp3,中考核心,2,,,中考考纲核心词汇,初中
feeling,ˈfilɪŋ,n. 感觉，触觉；感情，情绪；同情；v. 感觉；认为（feel的现在分词）；触摸；adj. 有感觉的；有同情心的；富于感情的,,feeling.mp3,中考核心,2,,,中考考纲核心词汇,初中
expression,ɪkˈsprɛʃən,n. 表现，表示，表达；表情，脸色，态度，腔调，声调；式，符号；词句，语句，措辞，说法,,expression.mp3,中考核心,2,,,中考考纲核心词汇,初中
catch,kæʧ,n. 捕捉；捕获物；窗钩；vt. 赶上；抓住；感染；了解；vi. 赶上；抓住,,catch.mp3,中考核心,2,,,中考考纲核心词汇,初中
mom,mɑm,n. 妈妈,,mom.mp3,中考核心,2,,,中考考纲核心词汇,初中
disagree,dɪsəˈɡri,vi. 不同意；不一致；争执；不适宜,,disagree.mp3,中考核心,2,,,中考考纲核心词汇,初中
costume,kɑˈstum,n. 服装，装束；戏装，剧装；vt. 给…穿上服装,,costume.mp3,中考核心,2,,,中考考纲核心词汇,初中
travel,ˈtrævəl,n. 旅行；游历；漫游；vt. 经过；在…旅行；vi. 旅行；行进；步行；交往,,travel.mp3,中考核心,2,,,中考考纲核心词汇,初中
anything,ˈɛniˌθɪŋ,pron. 任何事,,anything.mp3,中考核心,2,,,中考考纲核心词汇,初中
wing,wɪŋ,n. 翼；翅膀；飞翔；派别；侧厅，耳房，厢房；vt. 使飞；飞过；空运；增加…速度；装以翼；vi. 飞行,,wing.mp3,中考核心,2,,,中考考纲核心词汇,初中
wool,wʊl,n. 羊毛；毛线；绒线；毛织品；毛料衣物,,wool.mp3,中考核心,2,,,中考考纲核心词汇,初中
sleepy,ˈslipi,adj. 欲睡的；困乏的；不活跃的,,sleepy.mp3,中考核心,2,,,中考考纲核心词汇,初中
fair,fɛr,n. 展览会；市集；美人；adj. 公平的；美丽的，白皙的； 晴朗的；vi. 转晴；adv. 公平地；直接地；清楚地,,fair.mp3,中考核心,2,,,中考考纲核心词汇,初中
war,wɔr,n. 战争，斗争；军事，战术；冲突，对抗，竞争；vi. 打仗，作战；对抗,,war.mp3,中考核心,2,,,中考考纲核心词汇,初中
ancestor,ˈænˌsɛstər,n. 始祖，祖先；被继承人,,ancestor.mp3,中考核心,2,,,中考考纲核心词汇,初中
fold,foʊld,n. 折痕；信徒；羊栏；vt. 折叠；合拢；抱住；笼罩；vi. 折叠起来；彻底失败,,fold.mp3,中考核心,2,,,中考考纲核心词汇,初中
custom,ˈkʌstəm,n. 习惯，惯例；风俗；海关，关税；经常光顾；（经常性的）顾客；adj. （衣服等）定做的，定制的,,custom.mp3,中考核心,2,,,中考考纲核心词汇,初中
polite,pəˈlaɪt,adj. 有礼貌的，客气的；文雅的；上流的；优雅的,,polite.mp3,中考核心,2,,,中考考纲核心词汇,初中
southwestern,ˌsaʊˈθwɛstərn,adj. 西南部的；向西南的；来自西南的,,southwestern.mp3,中考核心,2,,,中考考纲核心词汇,初中
white,waɪt,n. 白色；洁白；白种人；adj. 白色的；白种的；纯洁的,,white.mp3,中考核心,2,,,中考考纲核心词汇,初中
independent,ˌɪndɪˈpɛndənt,n. 独立自主者；无党派者；adj. 独立的；单独的；无党派的；不受约束的,,independent.mp3,中考核心,2,,,中考考纲核心词汇,初中
eastern,ˈistərn,n. 东方人；（美国）东部地区的人；adj. 东方的；朝东的；东洋的,,eastern.mp3,中考核心,2,,,中考考纲核心词汇,初中
child,ʧaɪld,n. 儿童，小孩，孩子；产物；子孙；幼稚的人；弟子,,child.mp3,中考核心,2,,,中考考纲核心词汇,初中
homework,ˈhoʊmˌwɜrk,n. 家庭作业，课外作业,,homework.mp3,中考核心,2,,,中考考纲核心词汇,初中
mirror,ˈmɪrər,n. 镜子；真实的写照；榜样；vt. 反射；反映,,mirror.mp3,中考核心,2,,,中考考纲核心词汇,初中
drive,draɪv,n. 驱动器；驾车； 内驱力，推进力；快车道；vi. 开车；猛击；飞跑；vt. 推动，发动（机器等）；驾驶（马车，汽车等）；驱赶,,drive.mp3,中考核心,2,,,中考考纲核心词汇,初中
bed,bɛd,n. 床；基础；河底， 海底；vt. 使睡觉；安置，嵌入；栽种；vi. 上床；分层,,bed.mp3,中考核心,2,,,中考考纲核心词汇,初中
hi,haɪ,int. 嗨！（表示问候或用以唤起注意）,,hi.mp3,中考核心,2,,,中考考纲核心词汇,初中
toilet,ˈtɔɪlət,n. 厕所，盥洗室；梳妆，打扮；vt. 给…梳妆打扮；vi. 梳妆，打扮,,toilet.mp3,中考核心,2,,,中考考纲核心词汇,初中
object,ˈɑbʤɛkt,n. 目标；物体；客体；宾语；vt. 提出…作为反对的理由；vi. 反对；拒绝,,object.mp3,中考核心,2,,,中考考纲核心词汇,初中
rocket,ˈrɑkət,n. 火箭；vt. 用火箭运载；vi. 飞驰，飞快地移动；迅速增加,,rocket.mp3,中考核心,2,,,中考考纲核心词汇,初中
hill,hɪl,n. 小山；丘陵；斜坡；山冈,,hill.mp3,中考核心,2,,,中考考纲核心词汇,初中
never,ˈnɛvər,adv. 从未；决不,,never.mp3,中考核心,2,,,中考考纲核心词汇,初中
clothes,kloʊðz,n. 衣服,,clothes.mp3,中考核心,2,,,中考考纲核心词汇,初中
outside,ˈaʊtˈsaɪd,adj. 外面的，外部的；外来的；n. 外部；外观；adv. 在外面，向外面；在室外；prep. 在…范围之外,,outside.mp3,中考核心,2,,,中考考纲核心词汇,初中
add,æd,n. 加法，加法运算；vi. 加；增加；加起来；做加法；vt. 增加，添加；补充说；计算…总和,,add.mp3,中考核心,2,,,中考考纲核心词汇,初中
reflect,rəˈflɛkt,vt. 反映；反射，照出；表达；显示;反省；vi. 反射，映现；深思,,reflect.mp3,中考核心,2,,,中考考纲核心词汇,初中
fifteen,fɪfˈtin,n. 十五；十五个；十五人组成的橄榄球队；num. 十五；adj. 十五的,,fifteen.mp3,中考核心,2,,,中考考纲核心词汇,初中
planet,ˈplænət,n. 行星,,planet.mp3,中考核心,2,,,中考考纲核心词汇,初中
swimming,ˈswɪmɪŋ,n. 游泳；目眩；adj. 游泳的；游泳用的；善于游泳的；晕眩的；v. 游泳；漂浮；旋转（swim的ing形式）,,swimming.mp3,中考核心,2,,,中考考纲核心词汇,初中
fast,fæst,n. 斋戒；绝食；adj. 快速的，迅速的；紧的，稳固的；adv. 迅速地；紧紧地；彻底地；vi. 禁食，斋戒,,fast.mp3,中考核心,2,,,中考考纲核心词汇,初中
farm,fɑrm,n. 农场；农家；畜牧场；vt. 养殖；耕种；佃出（土地）；vi. 种田，务农；经营农场,,farm.mp3,中考核心,2,,,中考考纲核心词汇,初中
radio,ˈreɪdiˌoʊ,n. 收音机；无线电广播设备；vt. 用无线电发送；vi. 用无线电进行通信,,radio.mp3,中考核心,2,,,中考考纲核心词汇,初中
bin,bɪn,n. 箱子，容器；二进制；vt. 把…放入箱中,,bin.mp3,中考核心,2,,,中考考纲核心词汇,初中
how,haʊ,adv. 如何；多少；多么；n. 方法；方式；conj. 如何,,how.mp3,中考核心,2,,,中考考纲核心词汇,初中
blood,blʌd,n. 血，血液；血统；vt. 从…抽血；使先取得经验,,blood.mp3,中考核心,2,,,中考考纲核心词汇,初中
case,keɪs,n. 情况；实例；箱；vt. 包围；把…装于容器中,,case.mp3,中考核心,2,,,中考考纲核心词汇,初中
ring,rɪŋ,n. 戒指；铃声，钟声；拳击场；环形物；vi. 按铃；敲钟；回响；成环形；vt. 按铃；包围；敲钟；套住,,ring.mp3,中考核心,2,,,中考考纲核心词汇,初中
become,bɪˈkʌm,vt. 适合；相称；vi. 成为；变得；变成,,become.mp3,中考核心,2,,,中考考纲核心词汇,初中
and,ænd,conj. 和，与；就；而且；但是；然后,,and.mp3,中考核心,2,,,中考考纲核心词汇,初中
belong,bɪˈlɔŋ,vi. 属于，应归入；居住；适宜；应被放置,,belong.mp3,中考核心,2,,,中考考纲核心词汇,初中
tell,tɛl,vt. 告诉，说；辨别；吩咐；断定；vi. 讲述；告发，泄密；识别,,tell.mp3,中考核心,2,,,中考考纲核心词汇,初中
bottom,ˈbɑtəm,n. 底部；末端；臀部；尽头；adj. 底部的；vt. 装底；测量深浅；查明真相；vi. 到达底部；建立基础,,bottom.mp3,中考核心,2,,,中考考纲核心词汇,初中
silver,ˈsɪlvər,n. 银；银器；银币；银质奖章；餐具；银灰色；adj. 银的；含银的；有银色光泽的；口才流利的；第二十五周年的婚姻；vt. 镀银；使有银色光泽；vi. 变成银色,,silver.mp3,中考核心,2,,,中考考纲核心词汇,初中
pleasure,ˈplɛʒər,n. 快乐；希望；娱乐；令人高兴的事；vt. 使高兴；使满意；vi. 高兴；寻欢作乐,,pleasure.mp3,中考核心,2,,,中考考纲核心词汇,初中
born,bɔrn,v. 出世（bear的过去分词）；adj. 天生的,,born.mp3,中考核心,2,,,中考考纲核心词汇,初中
competition,ˌkɑmpəˈtɪʃən,n. 竞争；比赛，竞赛,,competition.mp3,中考核心,2,,,中考考纲核心词汇,初中
safe,seɪf,n. 保险箱；冷藏室；纱橱；adj. 安全的；可靠的；平安的,,safe.mp3,中考核心,2,,,中考考纲核心词汇,初中
cinema,ˈsɪnəmə,n. 电影；电影院；电影业，电影制作术,,cinema.mp3,中考核心,2,,,中考考纲核心词汇,初中
salad,ˈsæləd,n. 色拉；尤指莴苣,,salad.mp3,中考核心,2,,,中考考纲核心词汇,初中
rapid,ˈræpəd,n. 急流；高速交通工具，高速交通网；adj. 迅速的，急促的；飞快的；险峻的,,rapid.mp3,中考核心,2,,,中考考纲核心词汇,初中
communicate,kəmˈjunəˌkeɪt,vi. 通讯，传达；相通；交流；感染；vt. 传达；感染；显露,,communicate.mp3,中考核心,2,,,中考考纲核心词汇,初中
twice,twaɪs,adv. 两次；两倍,,twice.mp3,中考核心,2,,,中考考纲核心词汇,初中
lately,ˈleɪtli,adv. 近来，不久前,,lately.mp3,中考核心,2,,,中考考纲核心词汇,初中
foreigner,ˈfɔrənər,n. 外地人，外国人,,foreigner.mp3,中考核心,2,,,中考考纲核心词汇,初中
cake,keɪk,n. 蛋糕；块状物；利益总额；vt. 使结块；vi. 结成块状,,cake.mp3,中考核心,2,,,中考考纲核心词汇,初中
experience,ɪkˈspɪriəns,n. 经验；经历；体验；vt. 经验；经历；体验,,experience.mp3,中考核心,2,,,中考考纲核心词汇,初中
friendship,ˈfrɛndʃɪp,n. 友谊；友爱；友善,,friendship.mp3,中考核心,2,,,中考考纲核心词汇,初中
strategy,ˈstrætəʤi,n. 战略，策略,,strategy.mp3,中考核心,2,,,中考考纲核心词汇,初中
as,æz,conj. 因为；随着；虽然；依照；当…时；prep. 如同；当作；以…的身份；adv. 同样地；和…一样的,,as.mp3,中考核心,2,,,中考考纲核心词汇,初中
guy,ɡaɪ,n. 男人，家伙；vt. 嘲弄，取笑；vi. 逃跑,,guy.mp3,中考核心,2,,,中考考纲核心词汇,初中
factory,ˈfæktəri,n. 工厂；制造厂；代理店,,factory.mp3,中考核心,2,,,中考考纲核心词汇,初中
delete,dɪˈlit,vt. 删除,,delete.mp3,中考核心,2,,,中考考纲核心词汇,初中
excite,ɪkˈsaɪt,vt. 激起；刺激…，使…兴奋；vi. 激动,,excite.mp3,中考核心,2,,,中考考纲核心词汇,初中
breath,brɛθ,n. 呼吸，气息；一口气，（呼吸的）一次；瞬间，瞬息；微风；迹象；无声音，气音,,breath.mp3,中考核心,2,,,中考考纲核心词汇,初中
banker,ˈbæŋkər,n. 银行家；银行业者；掘土工,,banker.mp3,中考核心,2,,,中考考纲核心词汇,初中
potato,pəˈteɪˌtoʊ,n.  土豆， 马铃薯,,potato.mp3,中考核心,2,,,中考考纲核心词汇,初中
driver,ˈdraɪvər,n. 驾驶员；驱动程序；起子；传动器,,driver.mp3,中考核心,2,,,中考考纲核心词汇,初中
slowly,ˈsloʊli,adv. 缓慢地，慢慢地,,slowly.mp3,中考核心,2,,,中考考纲核心词汇,初中
painful,ˈpeɪnfəl,adj. 痛苦的；疼痛的；令人不快的,,painful.mp3,中考核心,2,,,中考考纲核心词汇,初中
tour,tʊr,n. 旅游，旅行；巡回演出；vt. 旅行，在……旅游；在……作巡回演出；vi. 旅行，旅游；作巡回演出,,tour.mp3,中考核心,2,,,中考考纲核心词汇,初中
independence,ˌɪndɪˈpɛndəns,n. 独立性，自立性；自主,,independence.mp3,中考核心,2,,,中考考纲核心词汇,初中
curly,ˈkɜrli,adj. 卷曲的；卷毛的；（木材）有皱状纹理的；蜷缩的,,curly.mp3,中考核心,2,,,中考考纲核心词汇,初中
gum,ɡʌm,n. 口香糖；树胶；橡皮；vt. 用胶粘，涂以树胶；使…有粘性,,gum.mp3,中考核心,2,,,中考考纲核心词汇,初中
snowy,ˈsnoʊi,adj. 下雪的，多雪的；被雪覆盖的；洁白无瑕的,,snowy.mp3,中考核心,2,,,中考考纲核心词汇,初中
desert,ˈdɛzɜrt,n. 沙漠；荒原；应得的赏罚；vt. 遗弃；放弃；逃跑；adj. 沙漠的；荒凉的；不毛的；vi. 遗弃；开小差；逃掉,,desert.mp3,中考核心,2,,,中考考纲核心词汇,初中
near,nɪr,adj. 近的；亲近的；近似的；adv. 近；接近；prep. 靠近；近似于,,near.mp3,中考核心,2,,,中考考纲核心词汇,初中
manage,ˈmænəʤ,vt. 管理；经营；控制；设法；vi. 处理；应付过去,,manage.mp3,中考核心,2,,,中考考纲核心词汇,初中
transportation,ˌtrænspərˈteɪʃən,n. 运输；运输系统；运输工具；流放,,transportation.mp3,中考核心,2,,,中考考纲核心词汇,初中
properly,ˈprɑpərli,adv. 适当地；正确地；恰当地,,properly.mp3,中考核心,2,,,中考考纲核心词汇,初中
are,ɑr,v. 是（be的第二人称单复数现在式）；n. 公亩,,are.mp3,中考核心,2,,,中考考纲核心词汇,初中
centimeter,ˈsɛntəˌmitər,n.  厘米； 公分,,centimeter.mp3,中考核心,2,,,中考考纲核心词汇,初中
kick,kɪk,vt. 踢；反冲，朝后座；n. 踢；反冲，后座力；vi. 踢；反冲,,kick.mp3,中考核心,2,,,中考考纲核心词汇,初中
book,bʊk,n. 书籍；卷；帐簿；名册；工作簿；vt. 预订；登记,,book.mp3,中考核心,2,,,中考考纲核心词汇,初中
semester,səˈmɛstər,n. 学期；半年,,semester.mp3,中考核心,2,,,中考考纲核心词汇,初中
knowledge,ˈnɑləʤ,n. 知识，学问；知道，认识；学科,,knowledge.mp3,中考核心,2,,,中考考纲核心词汇,初中
area,ˈɛriə,n. 区域，地区；面积；范围,,area.mp3,中考核心,2,,,中考考纲核心词汇,初中
junk,ʤʌŋk,n. 垃圾，废物；舢板,,junk.mp3,中考核心,2,,,中考考纲核心词汇,初中
them,ðɛm,pron. 他们；它们；她们,,them.mp3,中考核心,2,,,中考考纲核心词汇,初中
understand,ˌʌndərˈstænd,vi. 理解；懂得；熟悉；vt. 理解；懂；获悉；推断；省略,,understand.mp3,中考核心,2,,,中考考纲核心词汇,初中
ticket,ˈtɪkət,vt. 加标签于；指派；对…开出交通违规罚单,,ticket.mp3,中考核心,2,,,中考考纲核心词汇,初中
though,ðoʊ,conj. 虽然；尽管；prep. 但；adv. 可是，虽然；不过；然而,,though.mp3,中考核心,2,,,中考考纲核心词汇,初中
sentence,ˈsɛntəns,n.  句子，命题；宣判，判决；vt. 判决，宣判,,sentence.mp3,中考核心,2,,,中考考纲核心词汇,初中
show,ʃoʊ,n. 显示；表演；炫耀；vt. 显示；说明；演出；展出；vi. 显示；说明；指示,,show.mp3,中考核心,2,,,中考考纲核心词汇,初中
rest,rɛst,n. 休息，静止；休息时间；剩余部分；支架；vt. 使休息，使轻松；把…寄托于；vi. 休息；静止；依赖；安置,,rest.mp3,中考核心,2,,,中考考纲核心词汇,初中
UK,ju-keɪ,n. 英国；abbr. 联合王国（United Kingdom）,,uk.mp3,中考核心,2,,,中考考纲核心词汇,初中
rock,rɑk,n. 岩石；摇滚乐；暗礁；vt. 摇动；使摇晃；vi. 摇动；摇晃,,rock.mp3,中考核心,2,,,中考考纲核心词汇,初中
childhood,ˈʧaɪldˌhʊd,n. 童年时期；幼年时代,,childhood.mp3,中考核心,2,,,中考考纲核心词汇,初中
put,pʊt,n. 掷；笨蛋；投击；怪人；adj. 固定不动的；vi. 出发；击；航行；发芽；vt. 放；表达；移动；安置；赋予,,put.mp3,中考核心,2,,,中考考纲核心词汇,初中
provide,prəˈvaɪd,vt. 提供；规定；准备；装备；vi. 规定；抚养；作准备,,provide.mp3,中考核心,2,,,中考考纲核心词汇,初中
north,nɔrθ,找不到解释,,north.mp3,中考核心,2,,,中考考纲核心词汇,初中
exactly,ɪɡˈzæktli,adv. 恰好地；正是；精确地；正确地,,exactly.mp3,中考核心,2,,,中考考纲核心词汇,初中
invite,ɪnˈvaɪt,n. 邀请；vt. 邀请，招待；招致,,invite.mp3,中考核心,2,,,中考考纲核心词汇,初中
front,frʌnt,n. 前面；正面；前线；adj. 前面的；正面的；vt. 面对；朝向；对付；vi. 朝向；adv. 在前面；向前,,front.mp3,中考核心,2,,,中考考纲核心词汇,初中
crossing,ˈkrɔsɪŋ,n. 十字路口；杂交；横渡；横道；v. 横越（cross的现在分词）,,crossing.mp3,中考核心,2,,,中考考纲核心词汇,初中
woolen,ˈwʊlən,n. 毛织品；adj. 羊毛的；羊毛制的,,woolen.mp3,中考核心,2,,,中考考纲核心词汇,初中
pattern,ˈpætərn,n. 模式；图案；样品；vt. 模仿；以图案装饰；vi. 形成图案,,pattern.mp3,中考核心,2,,,中考考纲核心词汇,初中
unfriendly,ənˈfrɛndli,adj. 不友好的；不利的；adv. 不友善地,,unfriendly.mp3,中考核心,2,,,中考考纲核心词汇,初中
lady,ˈleɪdi,n. 女士，夫人；小姐；妻子,,lady.mp3,中考核心,2,,,中考考纲核心词汇,初中
abroad,əˈbrɔd,n. 海外；异国；adj. 往国外的；adv. 在国外；到海外,,abroad.mp3,中考核心,2,,,中考考纲核心词汇,初中
lifelong,ˈlaɪˈflɔŋ,adj. 终身的,,lifelong.mp3,中考核心,2,,,中考考纲核心词汇,初中
arrive,əˈraɪv,vi. 到达；成功；达成；出生,,arrive.mp3,中考核心,2,,,中考考纲核心词汇,初中
performance,pərˈfɔrməns,n. 性能；绩效；表演；执行；表现,,performance.mp3,中考核心,2,,,中考考纲核心词汇,初中
whether,ˈwɛðər,conj. 是否；不论；pron. 两个中的哪一个,,whether.mp3,中考核心,2,,,中考考纲核心词汇,初中
carrot,ˈkærət,n. 胡萝卜；诱饵,,carrot.mp3,中考核心,2,,,中考考纲核心词汇,初中
prisoner,ˈprɪzənər,n. 囚犯，犯人；俘虏；刑事被告,,prisoner.mp3,中考核心,2,,,中考考纲核心词汇,初中
sour,ˈsaʊər,n. 酸味；苦事；adj. 酸的；发酵的；刺耳的；酸臭的；讨厌的；vt. 使变酸；使失望；vi. 发酵；变酸；厌烦,,sour.mp3,中考核心,2,,,中考考纲核心词汇,初中
September,sɛpˈtɛmbər,n. 九月,,september.mp3,中考核心,2,,,中考考纲核心词汇,初中
keep,kip,vt. 保持；经营；遵守；饲养；vi. 保持；继续不断；n. 保持；生计；生活费,,keep.mp3,中考核心,2,,,中考考纲核心词汇,初中
trash,træʃ,n. 垃圾；废物；vt. 丢弃；修剪树枝,,trash.mp3,中考核心,2,,,中考考纲核心词汇,初中
energetic,ˌɛnərˈʤɛtɪk,adj. 精力充沛的；积极的；有力的,,energetic.mp3,中考核心,2,,,中考考纲核心词汇,初中
rain,reɪn,n. 雨；下雨；雨天；雨季；vt. 大量地给；使大量落下；vi. 下雨；降雨,,rain.mp3,中考核心,2,,,中考考纲核心词汇,初中
Australia,ɔˈstreɪljə,n. 澳大利亚，澳洲,,australia.mp3,中考核心,2,,,中考考纲核心词汇,初中
corner,ˈkɔrnər,n. 角落，拐角处；地区，偏僻处；困境，窘境；vt. 垄断；迫至一隅；使陷入绝境；把…难住；vi. 囤积；相交成角,,corner.mp3,中考核心,2,,,中考考纲核心词汇,初中
you,ju,pron. 你；你们,,you.mp3,中考核心,2,,,中考考纲核心词汇,初中
moon,mun,n. 月亮；月球；月光；卫星；vi. 闲荡；出神；vt. 虚度,,moon.mp3,中考核心,2,,,中考考纲核心词汇,初中
Sunday,ˈsʌnˌdeɪ,n. 星期日；礼拜日,,sunday.mp3,中考核心,2,,,中考考纲核心词汇,初中
test,tɛst,n. 试验；检验；vt. 试验；测试；vi. 试验；测试,,test.mp3,中考核心,2,,,中考考纲核心词汇,初中
hey,heɪ,n. 干草（等于hay）；int. 喂！（引起注意等）；你好！（表示问候）,,hey.mp3,中考核心,2,,,中考考纲核心词汇,初中
hardly,ˈhɑrdli,adv. 几乎不，简直不；刚刚,,hardly.mp3,中考核心,2,,,中考考纲核心词汇,初中
enemy,ˈɛnəmi,n. 敌人，仇敌；敌军；adj. 敌人的，敌方的,,enemy.mp3,中考核心,2,,,中考考纲核心词汇,初中
secretary,ˈsɛkrəˌtɛri,n. 秘书；书记；部长；大臣,,secretary.mp3,中考核心,2,,,中考考纲核心词汇,初中
island,ˈaɪlənd,n. 岛；岛屿；安全岛；岛状物；adj. 岛的；vt. 孤立；使成岛状,,island.mp3,中考核心,2,,,中考考纲核心词汇,初中
unit,ˈjunət,n. 单位，单元；装置； 部队；部件,,unit.mp3,中考核心,2,,,中考考纲核心词汇,初中
outdoor,ˈaʊtˌdɔr,adj. 户外的；露天的；野外的（等于out-of-door）,,outdoor.mp3,中考核心,2,,,中考考纲核心词汇,初中
scientist,ˈsaɪəntɪst,n. 科学家,,scientist.mp3,中考核心,2,,,中考考纲核心词汇,初中
reader,ˈridər,n. 读者；阅读器；读物,,reader.mp3,中考核心,2,,,中考考纲核心词汇,初中
inspiration,ˌɪnspəˈreɪʃən,n. 灵感；鼓舞；吸气；妙计,,inspiration.mp3,中考核心,2,,,中考考纲核心词汇,初中
quickly,ˈkwɪkli,adv. 迅速地；很快地,,quickly.mp3,中考核心,2,,,中考考纲核心词汇,初中
our,ˈaʊər,pron. 我们的,,our.mp3,中考核心,2,,,中考考纲核心词汇,初中
noon,nun,n. 中午；正午；全盛期,,noon.mp3,中考核心,2,,,中考考纲核心词汇,初中
else,ɛls,adj. 别的；其他的；adv. 其他；否则；另外,,else.mp3,中考核心,2,,,中考考纲核心词汇,初中
hat,hæt,n. 帽子；vt. 给……戴上帽子；vi. 供应帽子；制造帽子,,hat.mp3,中考核心,2,,,中考考纲核心词汇,初中
waitress,ˈweɪtrəs,n. 女服务员；女侍者；vi. 做女服务生,,waitress.mp3,中考核心,2,,,中考考纲核心词汇,初中
western,ˈwɛstərn,n. 西方人；西部片，西部小说；adj. 西方的，西部的；有西方特征的,,western.mp3,中考核心,2,,,中考考纲核心词汇,初中
appear,əˈpɪr,vi. 出现；显得；似乎；出庭；登场,,appear.mp3,中考核心,2,,,中考考纲核心词汇,初中
must,mʌst,aux. 必须，一定；可以，应当；很可能；n. 绝对必要的事物；未发酵葡萄汁,,must.mp3,中考核心,2,,,中考考纲核心词汇,初中
discovery,dɪˈskʌvəri,n. 发现，发觉；被发现的事物,,discovery.mp3,中考核心,2,,,中考考纲核心词汇,初中
according to,əˈkɔrdɪŋ tu,prep. 根据；按照；据（…所说）；按（…所报道）； 依照；根据…所说；依据,,according_to.mp3,中考核心,2,,,中考考纲核心词汇,初中
weak,wik,adj.  疲软的；虚弱的；无力的；不牢固的,,weak.mp3,中考核心,2,,,中考考纲核心词汇,初中
magician,məˈʤɪʃən,n. 魔术师，变戏法的人,,magician.mp3,中考核心,2,,,中考考纲核心词汇,初中
orange,ˈɔrənʤ,adj. 橙色的；橘色的；n. 橙；橙色；桔子,,orange.mp3,中考核心,2,,,中考考纲核心词汇,初中
check,ʧɛk,n. <美>支票；制止，抑制；检验，核对；vi. 核实，查核；中止；打勾；将一军；vt. 检查，核对；制止，抑制；在…上打勾,,check.mp3,中考核心,2,,,中考考纲核心词汇,初中
toothache,toothache,n.  牙痛,,toothache.mp3,中考核心,2,,,中考考纲核心词汇,初中
this,ðɪs,adj. 这；本；这个；今；pron. 这；这个；这里；adv. 这样地；这么,,this.mp3,中考核心,2,,,中考考纲核心词汇,初中
saying,ˈseɪɪŋ,n. 话；谚语；言论；v. 说（say的ing形式）,,saying.mp3,中考核心,2,,,中考考纲核心词汇,初中
cute,kjut,adj. 可爱的；漂亮的；聪明的，伶俐的,,cute.mp3,中考核心,2,,,中考考纲核心词汇,初中
mouse,maʊs,n. 鼠标；老鼠；胆小羞怯的人；vt. 探出；vi. 捕鼠；窥探,,mouse.mp3,中考核心,2,,,中考考纲核心词汇,初中
read,rid,n. 阅读；读物；adj. 有学问的；vi. 读；读起来；vt. 阅读；读懂，理解,,read.mp3,中考核心,2,,,中考考纲核心词汇,初中
dish,dɪʃ,n. 盘；餐具；一盘食物；外貌有吸引力的人；vt. 盛于碟盘中；分发；使某人的希望破灭；说（某人）的闲话；vi. 成碟状；闲谈,,dish.mp3,中考核心,2,,,中考考纲核心词汇,初中
new,nu,adj. 新的，新鲜的；更新的；初见的；adv. 新近,,new.mp3,中考核心,2,,,中考考纲核心词汇,初中
pair,pɛr,n. 一对，一双，一副；vt. 把…组成一对,,pair.mp3,中考核心,2,,,中考考纲核心词汇,初中
son,sʌn,n. 儿子；孩子（对年轻人的称呼）；男性后裔,,son.mp3,中考核心,2,,,中考考纲核心词汇,初中
open,ˈoʊpən,adj. 公开的；敞开的；空旷的；坦率的；营业着的；vi. 开始；展现；vt. 公开；打开；n. 公开；空旷；户外,,open.mp3,中考核心,2,,,中考考纲核心词汇,初中
doctor,ˈdɑktər,vt. 修理；篡改，伪造；为…治病；授以博士学位；n. 医生；博士；vi. 就医；行医,,doctor.mp3,中考核心,2,,,中考考纲核心词汇,初中
storm,stɔrm,n. 暴风雨；大动荡；vt. 猛攻；怒骂；vi. 起风暴；横冲直撞；狂怒咆哮,,storm.mp3,中考核心,2,,,中考考纲核心词汇,初中
early,ˈɜrli,adj. 早期的；早熟的；adv. 提早；在初期,,early.mp3,中考核心,2,,,中考考纲核心词汇,初中
perform,pərˈfɔrm,vt. 执行；完成；演奏；vi. 执行，机器运转；表演,,perform.mp3,中考核心,2,,,中考考纲核心词汇,初中
dead,dɛd,n. 死者；adj. 无生命的；呆板的；废弃了的；adv. 完全地,,dead.mp3,中考核心,2,,,中考考纲核心词汇,初中
kindness,ˈkaɪndnəs,n. 仁慈；好意；友好的行为,,kindness.mp3,中考核心,2,,,中考考纲核心词汇,初中
quite,kwaɪt,adv. 很；相当；完全,,quite.mp3,中考核心,2,,,中考考纲核心词汇,初中
fourteenth,ˈfɔrˈtinθ,num. 第十四；n. 第十四；月的第十四日；十四分之一；adj. 第十四的；第十四个的,,fourteenth.mp3,中考核心,2,,,中考考纲核心词汇,初中
huge,hjuʤ,adj. 巨大的；庞大的；无限的,,huge.mp3,中考核心,2,,,中考考纲核心词汇,初中
two,tu,num. 二；n. 两个；adj. 两个的,,two.mp3,中考核心,2,,,中考考纲核心词汇,初中
grandchild,ˈɡrændˌʧaɪld,n. 孙子；孙女；外孙；外孙女,,grandchild.mp3,中考核心,2,,,中考考纲核心词汇,初中
history,ˈhɪstəri,n. 历史，历史学；历史记录；来历,,history.mp3,中考核心,2,,,中考考纲核心词汇,初中
many,ˈmɛni,pron. 许多；许多人；adj. 许多的,,many.mp3,中考核心,2,,,中考考纲核心词汇,初中
century,ˈsɛnʧəri,n. 世纪，百年；（板球）一百分,,century.mp3,中考核心,2,,,中考考纲核心词汇,初中
unhealthy,ənˈhɛlθi,adj. 不健康的；危险的；有害身心健康的,,unhealthy.mp3,中考核心,2,,,中考考纲核心词汇,初中
borrow,ˈbɑˌroʊ,vt. 借；借用；vi. 借；借用；从其他语言中引入,,borrow.mp3,中考核心,2,,,中考考纲核心词汇,初中
still,stɪl,conj. 仍然；但是；尽管如此；n. 寂静；剧照；蒸馏室；adj. 静止的，不动的；寂静的，平静的；不起泡的；adv. 仍然；更；静止地；vt. 蒸馏；使…静止；使…平静下来；vi. 静止；平静；蒸馏,,still.mp3,中考核心,2,,,中考考纲核心词汇,初中
meat,mit,n. 肉，肉类（食用）,,meat.mp3,中考核心,2,,,中考考纲核心词汇,初中
cheese,ʧiz,n.  奶酪；干酪；要人；adj. 叛变的；胆小的；vt. 停止,,cheese.mp3,中考核心,2,,,中考考纲核心词汇,初中
know,noʊ,vt. 知道；认识；懂得；vi. 了解；熟悉；确信,,know.mp3,中考核心,2,,,中考考纲核心词汇,初中
speak,spik,vi. 说话；演讲；表明；陈述；vt. 讲话；发言；讲演,,speak.mp3,中考核心,2,,,中考考纲核心词汇,初中
beach,biʧ,n. 海滩；湖滨；vt. 将…拖上岸；vi. 搁浅；定居,,beach.mp3,中考核心,2,,,中考考纲核心词汇,初中
Mrs,ˈmɪsɪz,n. 太太；夫人（用于已婚妇女姓名前的尊称）,,mrs.mp3,中考核心,2,,,中考考纲核心词汇,初中
panda,ˈpændə,n. 熊猫；猫熊,,panda.mp3,中考核心,2,,,中考考纲核心词汇,初中
heat,hit,n. 高温；压力；热度；热烈；vt. 使激动；把…加热,,heat.mp3,中考核心,2,,,中考考纲核心词汇,初中
three,θri,num. 三；n. 三，三个；adj. 三的，三个的,,three.mp3,中考核心,2,,,中考考纲核心词汇,初中
tooth,tuθ,n. 牙齿；vt. 给……装齿；vi. 啮合,,tooth.mp3,中考核心,2,,,中考考纲核心词汇,初中
star,stɑr,n. 星，恒星；明星；星形物；adj. 明星的，主角的；星形的；vt. 用星号标于；由…主演，由…担任主角；vi. 担任主角,,star.mp3,中考核心,2,,,中考考纲核心词汇,初中
whatever,ˌwʌˈtɛvər,conj. 无论什么；adj. 不管什么样的；pron. 无论什么；诸如此类,,whatever.mp3,中考核心,2,,,中考考纲核心词汇,初中
training,ˈtreɪnɪŋ,n. 训练；培养；瞄准；整枝；v. 训练；教养（train的ing形式）,,training.mp3,中考核心,2,,,中考考纲核心词汇,初中
parent,ˈpɛrənt,n. 父亲（或母亲）；父母亲；根源,,parent.mp3,中考核心,2,,,中考考纲核心词汇,初中
simple,ˈsɪmpəl,n. 笨蛋；愚蠢的行为；出身低微者；adj. 简单的；单纯的；天真的,,simple.mp3,中考核心,2,,,中考考纲核心词汇,初中
passport,ˈpæˌspɔrt,n. 护照，通行证；手段,,passport.mp3,中考核心,2,,,中考考纲核心词汇,初中
next,nɛkst,adv. 然后；下次；其次；adj. 下一个的；其次的；贴近的；n. 下一个；prep. 靠近；居于…之后,,next.mp3,中考核心,2,,,中考考纲核心词汇,初中
quietly,ˈkwaɪətli,adv. 安静地；秘密地；平稳地,,quietly.mp3,中考核心,2,,,中考考纲核心词汇,初中
feed,fid,n. 饲料；饲养；（动物或婴儿的）一餐；vt. 喂养；供给；放牧；抚养（家庭等）；靠…为生；vi. 吃东西；流入,,feed.mp3,中考核心,2,,,中考考纲核心词汇,初中
instead,ɪnˈstɛd,adv. 代替；反而；相反,,instead.mp3,中考核心,2,,,中考考纲核心词汇,初中
harmful,ˈhɑrmfəl,adj. 有害的；能造成损害的,,harmful.mp3,中考核心,2,,,中考考纲核心词汇,初中
restroom,ˈrɛˌstrum,n. 厕所；洗手间,,restroom.mp3,中考核心,2,,,中考考纲核心词汇,初中
worker,ˈwɜrkər,n. 工人；劳动者；职蚁,,worker.mp3,中考核心,2,,,中考考纲核心词汇,初中
praise,preɪz,n. 赞扬；称赞；荣耀；崇拜；vt. 赞美，歌颂；表扬；vi. 赞美；赞扬,,praise.mp3,中考核心,2,,,中考考纲核心词汇,初中
low,loʊ,adj. 低的，浅的；卑贱的；粗俗的；消沉的；adv. 低声地；谦卑地，低下地；n. 低；低价；低点；牛叫声；vi. 牛叫,,low.mp3,中考核心,2,,,中考考纲核心词汇,初中
eighth,eɪtθ,num. 第八；八分之一；adj. 第八的；八分之一的,,eighth.mp3,中考核心,2,,,中考考纲核心词汇,初中
my,maɪ,pron. 我的；int. 哎呀（表示惊奇等）；喔唷,,my.mp3,中考核心,2,,,中考考纲核心词汇,初中
bell,bɛl,n. 铃，钟；钟声，铃声；钟状物；vt. 装钟于，系铃于；vi. 鸣钟；成钟状鼓起,,bell.mp3,中考核心,2,,,中考考纲核心词汇,初中
bookstore,ˈbʊkˌstɔr,n. 书店（等于bookshop）,,bookstore.mp3,中考核心,2,,,中考考纲核心词汇,初中
national,ˈnæʃənəl,adj. 国家的；国民的；民族的；国立的；n. 国民,,national.mp3,中考核心,2,,,中考考纲核心词汇,初中
silly,ˈsɪli,n. 傻瓜；adj. 愚蠢的；不明事理的；没头脑的,,silly.mp3,中考核心,2,,,中考考纲核心词汇,初中
join,ʤɔɪn,vt. 参加；结合；连接；vi. 加入；参加；结合；n. 结合；连接；接合点,,join.mp3,中考核心,2,,,中考考纲核心词汇,初中
hand,hænd,n. 手，手艺；帮助；指针；插手；vt. 传递，交给；支持；搀扶,,hand.mp3,中考核心,2,,,中考考纲核心词汇,初中
race,reɪs,n. 属，种；种族，人种；家庭，门第；vt. 使参加比赛；和…竞赛；使急走，使全速行进；vi. 比速度，参加竞赛；全速行进,,race.mp3,中考核心,2,,,中考考纲核心词汇,初中
use,juz,n. 使用；用途；发挥；vt. 利用；耗费；vi. 使用，运用,,use.mp3,中考核心,2,,,中考考纲核心词汇,初中
pupil,ˈpjupəl,n. 学生； 瞳孔；未成年人,,pupil.mp3,中考核心,2,,,中考考纲核心词汇,初中
finger,ˈfɪŋɡər,n. 手指；指针，指状物；vt. 伸出；用手指拨弄；vi. 用指触摸；拨弄,,finger.mp3,中考核心,2,,,中考考纲核心词汇,初中
there,ðɛr,n. 那个地方；adv. 在那里；在那边；在那点上；int. 你瞧,,there.mp3,中考核心,2,,,中考考纲核心词汇,初中
Olympics,oʊˈlɪmpɪks,找不到解释,,olympics.mp3,中考核心,2,,,中考考纲核心词汇,初中
hard-working,hɑrd-ˈwɜrkɪŋ,adj. 勤勉的；勤奋的；勤劳的,,hard-working.mp3,中考核心,2,,,中考考纲核心词汇,初中
except,ɪkˈsɛpt,conj. 除了；要不是；prep. 除…之外；vt. 不计；把…除外；vi. 反对,,except.mp3,中考核心,2,,,中考考纲核心词汇,初中
polluted,pəˈlutəd,adj. 受污染的；被玷污的；v. 污染（pollute的过去式和过去分词）,,polluted.mp3,中考核心,2,,,中考考纲核心词汇,初中
size,saɪz,n. 大小；尺寸；adj. 一定尺寸的；vt. 依大小排列；vi. 可比拟,,size.mp3,中考核心,2,,,中考考纲核心词汇,初中
month,mʌnθ,n. 月，一个月的时间,,month.mp3,中考核心,2,,,中考考纲核心词汇,初中
however,ˌhaʊˈɛvər,conj. 无论以何种方式; 不管怎样；adv. 无论如何；不管怎样（接副词或形容词）；然而；可是,,however.mp3,中考核心,2,,,中考考纲核心词汇,初中
send,sɛnd,n. 上升运动；vi. 派人；寄信；vt. 发送，寄；派遣；使进入；发射,,send.mp3,中考核心,2,,,中考考纲核心词汇,初中
building,ˈbɪldɪŋ,n. 建筑；建筑物；v. 建筑；建立；增加（build的ing形式）,,building.mp3,中考核心,2,,,中考考纲核心词汇,初中
mother,ˈmʌðər,n. 母亲；大娘；女修道院院长；vt. 生下；养育；像母亲般关怀或照管；adj. 母亲的；出生地的,,mother.mp3,中考核心,2,,,中考考纲核心词汇,初中
guilty,ˈɡɪlti,adj. 有罪的；内疚的,,guilty.mp3,中考核心,2,,,中考考纲核心词汇,初中
alien,ˈeɪliən,n. 外国人，外侨；外星人；adj. 外国的；相异的，性质不同的；不相容的；vt. 让渡，转让,,alien.mp3,中考核心,2,,,中考考纲核心词汇,初中
prediction,priˈdɪkʃən,n. 预报；预言,,prediction.mp3,中考核心,2,,,中考考纲核心词汇,初中
listener,ˈlɪsənər,n. 听众；倾听者,,listener.mp3,中考核心,2,,,中考考纲核心词汇,初中
activity,ækˈtɪvəti,n. 活动；行动；活跃,,activity.mp3,中考核心,2,,,中考考纲核心词汇,初中
anymore,ˌɛniˈmɔr,adv. 再也不，不再,,anymore.mp3,中考核心,2,,,中考考纲核心词汇,初中
France,fræns,n. 法国；法郎士（姓氏）,,france.mp3,中考核心,2,,,中考考纲核心词汇,初中
review,ˌriˈvju,n. 回顾；复习；评论；检讨；检阅；vt. 回顾；检查；复审；vi. 回顾；复习功课；写评论,,review.mp3,中考核心,2,,,中考考纲核心词汇,初中
February,ˈfɛbjəˌwɛri,n. 二月,,february.mp3,中考核心,2,,,中考考纲核心词汇,初中
poor,pur,adj. 贫穷的；可怜的；贫乏的；卑鄙的,,poor.mp3,中考核心,2,,,中考考纲核心词汇,初中
pioneer,ˌpaɪəˈnɪr,n. 先锋；拓荒者；vt. 开辟；倡导；提倡；vi. 作先驱,,pioneer.mp3,中考核心,2,,,中考考纲核心词汇,初中
monitor,ˈmɑnətər,n. 监视器；监听器；监控器；显示屏；班长；vt. 监控,,monitor.mp3,中考核心,2,,,中考考纲核心词汇,初中
behind,bɪˈhaɪnd,prep. 落后于；支持；晚于；n. 屁股；adv. 在后地；在原处,,behind.mp3,中考核心,2,,,中考考纲核心词汇,初中
magazine,ˈmæɡəˌzin,n. 杂志；弹药库；胶卷盒,,magazine.mp3,中考核心,2,,,中考考纲核心词汇,初中
bridge,brɪʤ,n. 桥；桥牌；桥接器；船桥；vt. 架桥；渡过,,bridge.mp3,中考核心,2,,,中考考纲核心词汇,初中
future,ˈfjuʧər,n. 未来；前途；期货；将来时；adj. 将来的，未来的,,future.mp3,中考核心,2,,,中考考纲核心词汇,初中
cheat,ʧit,n. 欺骗，作弊；骗子；vt. 欺骗；骗取；vi. 欺骗；作弊,,cheat.mp3,中考核心,2,,,中考考纲核心词汇,初中
practise,practise,vi. 练习，实践；实施，实行；从事；vt. 练习，实践；实施，实行,,practise.mp3,中考核心,2,,,中考考纲核心词汇,初中
mad,mæd,adj. 疯狂的；发疯的；愚蠢的；着迷的；n. 狂怒,,mad.mp3,中考核心,2,,,中考考纲核心词汇,初中
examine,ɪɡˈzæmɪn,vt. 检查；调查； 检测；考试；vi. 检查；调查,,examine.mp3,中考核心,2,,,中考考纲核心词汇,初中
wife,waɪf,n. 妻子，已婚妇女；夫人,,wife.mp3,中考核心,2,,,中考考纲核心词汇,初中
temperature,ˈtɛmprəʧər,n. 温度；体温；气温；发烧,,temperature.mp3,中考核心,2,,,中考考纲核心词汇,初中
PE,pi-i,abbr. 体育课，体能训练（physical education）,,pe.mp3,中考核心,2,,,中考考纲核心词汇,初中
announce,əˈnaʊns,vt. 宣布；述说；预示；播报；vi. 宣布参加竞选；当播音员,,announce.mp3,中考核心,2,,,中考考纲核心词汇,初中
healthy,ˈhɛlθi,adj. 健康的，健全的；有益于健康的,,healthy.mp3,中考核心,2,,,中考考纲核心词汇,初中
remind,riˈmaɪnd,vt. 提醒；使想起,,remind.mp3,中考核心,2,,,中考考纲核心词汇,初中
instance,ˈɪnstəns,n. 实例；情况；建议；vt. 举...为例,,instance.mp3,中考核心,2,,,中考考纲核心词汇,初中
voice,vɔɪs,n. 声音；嗓音；发言权；愿望；vt. 表达；吐露,,voice.mp3,中考核心,2,,,中考考纲核心词汇,初中
cancel,ˈkænsəl,vi. 取消，撤销；vt. 取消；删去；vi. 取消；相互抵消；n. 取消，撤销,,cancel.mp3,中考核心,2,,,中考考纲核心词汇,初中
themselves,ðɛmˈsɛlvz,pron. 他们自己；他们亲自,,themselves.mp3,中考核心,2,,,中考考纲核心词汇,初中
trade,treɪd,n. 贸易，交易；行业；职业；vt. 用…进行交换；vi. 交易，买卖；以物易物,,trade.mp3,中考核心,2,,,中考考纲核心词汇,初中
spread,sprɛd,n. 传播；伸展；adj. 伸展的；vt. 传播，散布；展开；伸展；铺开；vi. 传播；伸展,,spread.mp3,中考核心,2,,,中考考纲核心词汇,初中
May,meɪ,找不到解释,,may.mp3,中考核心,2,,,中考考纲核心词汇,初中
avoid,əˈvɔɪd,vt. 避免；避开，躲避；消除,,avoid.mp3,中考核心,2,,,中考考纲核心词汇,初中
scary,ˈskɛri,adj. （事物）可怕的；恐怖的；吓人的；（人）提心吊胆的；引起惊慌的；胆小的,,scary.mp3,中考核心,2,,,中考考纲核心词汇,初中
porridge,ˈpɔrəʤ,n. 粥，糊；麦片粥；vt. 服刑,,porridge.mp3,中考核心,2,,,中考考纲核心词汇,初中
correctly,kəˈrɛktli,adv. 正确地；得体地,,correctly.mp3,中考核心,2,,,中考考纲核心词汇,初中
plant,plænt,n. 工厂，车间；植物；设备；庄稼；vt. 种植；培养；栽培；安置；vi. 种植,,plant.mp3,中考核心,2,,,中考考纲核心词汇,初中
on,ɑn,adv. 向前地；作用中，行动中；继续着；prep. 向，朝……；关于；在……之上；在……时候；adj. 开着的；发生着的，正在进行中,,on.mp3,中考核心,2,,,中考考纲核心词汇,初中
pig,pɪɡ,n. 猪；猪肉；vi. 生小猪；像猪一样过活；n. 警察（俚语，带有攻击性）,,pig.mp3,中考核心,2,,,中考考纲核心词汇,初中
already,ɔlˈrɛdi,adv. 已经，早已；先前,,already.mp3,中考核心,2,,,中考考纲核心词汇,初中
phone,foʊn,n. 电话；耳机，听筒；vt. 打电话；vi. 打电话,,phone.mp3,中考核心,2,,,中考考纲核心词汇,初中
penny,ˈpɛni,n. （美）分；便士,,penny.mp3,中考核心,2,,,中考考纲核心词汇,初中
humorous,ˈhjumərəs,adj. 诙谐的，幽默的；滑稽的，可笑的,,humorous.mp3,中考核心,2,,,中考考纲核心词汇,初中
lifestyle,ˈlaɪfˌstaɪl,n. 生活方式；保健的,,lifestyle.mp3,中考核心,2,,,中考考纲核心词汇,初中
risk,rɪsk,n. 风险；危险；冒险；vt. 冒…的危险,,risk.mp3,中考核心,2,,,中考考纲核心词汇,初中
twentieth,ˈtwɛntiəθ,n. 二十分之一；num. 第二十；adj. 第二十的；二十分之一的,,twentieth.mp3,中考核心,2,,,中考考纲核心词汇,初中
me,mi,pron. 我（宾格）；n. 自我；极端自私的人；自我的一部分,,me.mp3,中考核心,2,,,中考考纲核心词汇,初中
turn,tɜrn,n. 转弯；变化；(损害或有益于别人的)行为，举动，举止；vi. 转向；转变；转动；vt. 转动，使旋转；转弯；翻过来；兑换,,turn.mp3,中考核心,2,,,中考考纲核心词汇,初中
nearby,ˈnɪrˈbaɪ,adj. 附近的，邻近的；adv. 在附近；prep. 在…附近,,nearby.mp3,中考核心,2,,,中考考纲核心词汇,初中
value,ˈvælju,n. 值；价值；价格；重要性；确切涵义；vt. 评价；重视；估价,,value.mp3,中考核心,2,,,中考考纲核心词汇,初中
March,mɑrʧ,找不到解释,,march.mp3,中考核心,2,,,中考考纲核心词汇,初中
helpful,ˈhɛlpfəl,adj. 有帮助的；有益的,,helpful.mp3,中考核心,2,,,中考考纲核心词汇,初中
drink,drɪŋk,n. 酒，饮料；喝酒；vt. 喝，饮；吸收；举杯庆贺；vi. 喝酒；饮水；干杯,,drink.mp3,中考核心,2,,,中考考纲核心词汇,初中
evening,ˈivnɪŋ,n. 晚上；傍晚；（联欢性的）晚会；后期；adj. 在晚上的；为晚上的；晚上用的；int. 晚上好（等于good evening）,,evening.mp3,中考核心,2,,,中考考纲核心词汇,初中
solve,sɑlv,vt. 解决；解答；溶解；vi. 作解答,,solve.mp3,中考核心,2,,,中考考纲核心词汇,初中
luck,lʌk,n. 运气；幸运；带来好运的东西；vi. 靠运气，走运；凑巧碰上,,luck.mp3,中考核心,2,,,中考考纲核心词汇,初中
visitor,ˈvɪzətər,n. 访问者，参观者；视察者；候鸟,,visitor.mp3,中考核心,2,,,中考考纲核心词汇,初中
skill,skɪl,n. 技能，技巧；本领，技术,,skill.mp3,中考核心,2,,,中考考纲核心词汇,初中
little,ˈlɪtəl,adj. 小的；很少的；短暂的；小巧可爱的；adv. 完全不；n. 少许；没有多少；短时间,,little.mp3,中考核心,2,,,中考考纲核心词汇,初中
letter,ˈlɛtər,n. 信；字母，文字；证书；文学，学问；字面意义；vt. 写字母于；vi. 写印刷体字母,,letter.mp3,中考核心,2,,,中考考纲核心词汇,初中
yours,jʊrz,pron. 你（们）的东西；你的责任；你的家属；来信，尊函；adj. 你（们）的（东西）；信末署名前用语,,yours.mp3,中考核心,2,,,中考考纲核心词汇,初中
reply,rɪˈplaɪ,n. 回答； 答辩；vt. 回答；答复；vi. 回答； 答辩；回击,,reply.mp3,中考核心,2,,,中考考纲核心词汇,初中
fiction,ˈfɪkʃən,n. 小说；虚构，编造；谎言,,fiction.mp3,中考核心,2,,,中考考纲核心词汇,初中
pork,pɔrk,n. 猪肉；vt. 与女子性交,,pork.mp3,中考核心,2,,,中考考纲核心词汇,初中
sore,sɔr,n. 溃疡，痛处；恨事，伤心事；adj. 疼痛的，痛心的；剧烈的，极度的；恼火的，发怒的；厉害的，迫切的,,sore.mp3,中考核心,2,,,中考考纲核心词汇,初中
highly,ˈhaɪli,adv. 高度地；非常；非常赞许地,,highly.mp3,中考核心,2,,,中考考纲核心词汇,初中
pianist,piˈænəst,n. 钢琴家；钢琴演奏者,,pianist.mp3,中考核心,2,,,中考考纲核心词汇,初中
nowadays,ˈnaʊəˌdeɪz,adv. 现今；时下；n. 当今,,nowadays.mp3,中考核心,2,,,中考考纲核心词汇,初中
ping-pong,pɪŋ-pɔŋ,n. 乒乓球；桌球,,ping-pong.mp3,中考核心,2,,,中考考纲核心词汇,初中
free,fri,adj. 免费的；自由的，不受约束的； 游离的；vt. 使自由，解放；释放；adv. 自由地；免费,,free.mp3,中考核心,2,,,中考考纲核心词汇,初中
make,meɪk,vt. 使得；进行；布置，准备，整理；制造；认为；获得；形成；安排；引起；构成；vi. 开始；前进；增大；被制造；n. 制造；构造；性情,,make.mp3,中考核心,2,,,中考考纲核心词汇,初中
咏鹅,骆宾王,鹅，鹅，鹅，曲项向天歌。白毛浮绿水，红掌拨清波。,鹅，鹅，鹅，曲项向天歌。,,小学古诗,1,,,小学必背古诗词,小学
江南,汉乐府,江南可采莲，莲叶何田田。鱼戏莲叶间。鱼戏莲叶东，鱼戏莲叶西，鱼戏莲叶南，鱼戏莲叶北。,江南可采莲，莲叶何田田。,,小学古诗,1,,,小学必背古诗词,小学
悯农,李绅,春种一粒粟，秋收万颗子。四海无闲田，农夫犹饿死。,春种一粒粟，秋收万颗子。,,小学古诗,1,,,小学必背古诗词,小学
古朗月行,李白,小时不识月，呼作白玉盘。又疑瑶台镜，飞在青云端。,小时不识月，呼作白玉盘。,,小学古诗,1,,,小学必背古诗词,小学
风,李峤,解落三秋叶，能开二月花。过江千尺浪，入竹万竿斜。,解落三秋叶，能开二月花。,,小学古诗,1,,,小学必背古诗词,小学
春晓,孟浩然,春眠不觉晓，处处闻啼鸟。夜来风雨声，花落知多少。,春眠不觉晓，处处闻啼鸟。,,小学古诗,1,,,小学必背古诗词,小学
赠汪伦,李白,李白乘舟将欲行，忽闻岸上踏歌声。桃花潭水深千尺，不及汪伦送我情。,李白乘舟将欲行，忽闻岸上踏歌声。,,小学古诗,1,,,小学必背古诗词,小学
寻隐者不遇,贾岛,松下问童子，言师采药去。只在此山中，云深不知处。,松下问童子，言师采药去。,,小学古诗,1,,,小学必背古诗词,小学
池上,白居易,小娃撑小艇，偷采白莲回。不解藏踪迹，浮萍一道开。,小娃撑小艇，偷采白莲回。,,小学古诗,1,,,小学必背古诗词,小学
静夜思,李白,床前明月光，疑是地上霜。举头望明月，低头思故乡。,床前明月光，疑是地上霜。,,小学古诗,1,,,小学必背古诗词,小学
敕勒歌,北朝民歌,敕勒川，阴山下。天似穹庐，笼盖四野。天苍苍，野茫茫。风吹草低见牛羊。,敕勒川，阴山下。,,小学古诗,1,,,小学必背古诗词,小学
登鹳雀楼,王之涣,白日依山尽，黄河入海流。欲穷千里目，更上一层楼。,白日依山尽，黄河入海流。,,小学古诗,1,,,小学必背古诗词,小学
望庐山瀑布,李白,日照香炉生紫烟，遥看瀑布挂前川。飞流直下三千尺，疑是银河落九天。,日照香炉生紫烟，遥看瀑布挂前川。,,小学古诗,1,,,小学必背古诗词,小学
江雪,柳宗元,千山鸟飞绝，万径人踪灭。孤舟蓑笠翁，独钓寒江雪。,千山鸟飞绝，万径人踪灭。,,小学古诗,1,,,小学必背古诗词,小学
梅花,王安石,墙角数枝梅，凌寒独自开。遥知不是雪，为有暗香来。,墙角数枝梅，凌寒独自开。,,小学古诗,1,,,小学必背古诗词,小学
夜宿山寺,李白,危楼高百尺，手可摘星辰。不敢高声语，恐惊天上人。,危楼高百尺，手可摘星辰。,,小学古诗,1,,,小学必背古诗词,小学
小儿垂钓,胡令能,蓬头稚子学垂纶，侧坐莓苔草映身。路人借问遥招手，怕得鱼惊不应人。,蓬头稚子学垂纶，侧坐莓苔草映身。,,小学古诗,1,,,小学必背古诗词,小学
咏柳,贺知章,碧玉妆成一树高，万条垂下绿丝绦。不知细叶谁裁出，二月春风似剪刀。,碧玉妆成一树高，万条垂下绿丝绦。,,小学古诗,1,,,小学必背古诗词,小学
绝句,杜甫,迟日江山丽，春风花草香。泥融飞燕子，沙暖睡鸳鸯。,迟日江山丽，春风花草香。,,小学古诗,1,,,小学必背古诗词,小学
早发白帝城,李白,朝辞白帝彩云间，千里江陵一日还。两岸猿声啼不住，轻舟已过万重山。,朝辞白帝彩云间，千里江陵一日还。,,小学古诗,1,,,小学必背古诗词,小学
望天门山,李白,天门中断楚江开，碧水东流至此回。两岸青山相对出，孤帆一片日边来。,天门中断楚江开，碧水东流至此回。,,小学古诗,1,,,小学必背古诗词,小学
山行,杜牧,远上寒山石径斜，白云生处有人家。停车坐爱枫林晚，霜叶红于二月花。,远上寒山石径斜，白云生处有人家。,,小学古诗,1,,,小学必背古诗词,小学
望洞庭,刘禹锡,湖光秋月两相和，潭面无风镜未磨。遥望洞庭山水翠，白银盘里一青螺。,湖光秋月两相和，潭面无风镜未磨。,,小学古诗,1,,,小学必背古诗词,小学
忆江南,白居易,江南好，风景旧曾谙。日出江花红胜火，春来江水绿如蓝。能不忆江南？,江南好，风景旧曾谙。,,小学古诗,1,,,小学必背古诗词,小学
九月九日忆山东兄弟,王维,独在异乡为异客，每逢佳节倍思亲。遥知兄弟登高处，遍插茱萸少一人。,独在异乡为异客，每逢佳节倍思亲。,,小学古诗,1,,,小学必背古诗词,小学
清明,杜牧,清明时节雨纷纷，路上行人欲断魂。借问酒家何处有？牧童遥指杏花村。,清明时节雨纷纷，路上行人欲断魂。,,小学古诗,1,,,小学必背古诗词,小学
滁州西涧,韦应物,独怜幽草涧边生，上有黄鹂深树鸣。春潮带雨晚来急，野渡无人舟自横。,独怜幽草涧边生，上有黄鹂深树鸣。,,小学古诗,1,,,小学必背古诗词,小学
鹿柴,王维,空山不见人，但闻人语响。返景入深林，复照青苔上。,空山不见人，但闻人语响。,,小学古诗,1,,,小学必背古诗词,小学
凉州词,王翰,葡萄美酒夜光杯，欲饮琵琶马上催。醉卧沙场君莫笑，古来征战几人回？,葡萄美酒夜光杯，欲饮琵琶马上催。,,小学古诗,1,,,小学必背古诗词,小学
别董大,高适,千里黄云白日曛，北风吹雁雪纷纷。莫愁前路无知己，天下谁人不识君？,千里黄云白日曛，北风吹雁雪纷纷。,,小学古诗,1,,,小学必背古诗词,小学
出塞,王昌龄,秦时明月汉时关，万里长征人未还。但使龙城飞将在，不教胡马度阴山。,秦时明月汉时关，万里长征人未还。,,小学古诗,1,,,小学必背古诗词,小学
浪淘沙,刘禹锡,九曲黄河万里沙，浪淘风簸自天涯。如今直上银河去，同到牵牛织女家。,九曲黄河万里沙，浪淘风簸自天涯。,,小学古诗,1,,,小学必背古诗词,小学
暮江吟,白居易,一道残阳铺水中，半江瑟瑟半江红。可怜九月初三夜，露似真珠月似弓。,一道残阳铺水中，半江瑟瑟半江红。,,小学古诗,1,,,小学必背古诗词,小学
嫦娥,李商隐,云母屏风烛影深，长河渐落晓星沉。嫦娥应悔偷灵药，碧海青天夜夜心。,云母屏风烛影深，长河渐落晓星沉。,,小学古诗,1,,,小学必背古诗词,小学
送元二使安西,王维,渭城朝雨浥轻尘，客舍青青柳色新。劝君更尽一杯酒，西出阳关无故人。,渭城朝雨浥轻尘，客舍青青柳色新。,,小学古诗,1,,,小学必背古诗词,小学
春夜喜雨,杜甫,好雨知时节，当春乃发生。随风潜入夜，润物细无声。野径云俱黑，江船火独明。晓看红湿处，花重锦官城。,好雨知时节，当春乃发生。,,小学古诗,1,,,小学必背古诗词,小学
长歌行,汉乐府,青青园中葵，朝露待日晞。阳春布德泽，万物生光辉。常恐秋节至，焜黄华叶衰。百川东到海，何时复西归？少壮不努力，老大徒伤悲！,青青园中葵，朝露待日晞。,,小学古诗,1,,,小学必背古诗词,小学
闻官军收河南河北,杜甫,剑外忽传收蓟北，初闻涕泪满衣裳。却看妻子愁何在，漫卷诗书喜欲狂。白日放歌须纵酒，青春作伴好还乡。即从巴峡穿巫峡，便下襄阳向洛阳。,剑外忽传收蓟北，初闻涕泪满衣裳。,,小学古诗,1,,,小学必背古诗词,小学
寒食,韩翃,春城无处不飞花，寒食东风御柳斜。日暮汉宫传蜡烛，轻烟散入五侯家。,春城无处不飞花，寒食东风御柳斜。,,小学古诗,1,,,小学必背古诗词,小学
马诗,李贺,大漠沙如雪，燕山月似钩。何当金络脑，快走踏清秋。,大漠沙如雪，燕山月似钩。,,小学古诗,1,,,小学必背古诗词,小学
采薇,诗经,昔我往矣，杨柳依依。今我来思，雨雪霏霏。行道迟迟，载渴载饥。我心伤悲，莫知我哀！,昔我往矣，杨柳依依。,,小学古诗,1,,,小学必背古诗词,小学
早春呈水部张十八员外,韩愈,天街小雨润如酥，草色遥看近却无。最是一年春好处，绝胜烟柳满皇都。,天街小雨润如酥，草色遥看近却无。,,小学古诗,1,,,小学必背古诗词,小学
迢迢牵牛星,古诗十九首,迢迢牵牛星，皎皎河汉女。纤纤擢素手，札札弄机杼。终日不成章，泣涕零如雨。河汉清且浅，相去复几许！盈盈一水间，脉脉不得语。,迢迢牵牛星，皎皎河汉女。,,小学古诗,1,,,小学必背古诗词,小学
十五夜望月,王建,中庭地白树栖鸦，冷露无声湿桂花。今夜月明人尽望，不知秋思落谁家。,中庭地白树栖鸦，冷露无声湿桂花。,,小学古诗,1,,,小学必背古诗词,小学
小池,杨万里,泉眼无声惜细流，树阴照水爱晴柔。小荷才露尖尖角，早有蜻蜓立上头。,泉眼无声惜细流，树阴照水爱晴柔。,,小学古诗,1,,,小学必背古诗词,小学
晓出净慈寺送林子方,杨万里,毕竟西湖六月中，风光不与四时同。接天莲叶无穷碧，映日荷花别样红。,毕竟西湖六月中，风光不与四时同。,,小学古诗,1,,,小学必背古诗词,小学
村居,高鼎,草长莺飞二月天，拂堤杨柳醉春烟。儿童散学归来早，忙趁东风放纸鸢。,草长莺飞二月天，拂堤杨柳醉春烟。,,小学古诗,1,,,小学必背古诗词,小学
所见,袁枚,牧童骑黄牛，歌声振林樾。意欲捕鸣蝉，忽然闭口立。,牧童骑黄牛，歌声振林樾。,,小学古诗,1,,,小学必背古诗词,小学
饮湖上初晴后雨,苏轼,水光潋滟晴方好，山色空蒙雨亦奇。欲把西湖比西子，淡妆浓抹总相宜。,水光潋滟晴方好，山色空蒙雨亦奇。,,小学古诗,1,,,小学必背古诗词,小学
夜书所见,叶绍翁,萧萧梧叶送寒声，江上秋风动客情。知有儿童挑促织，夜深篱落一灯明。,萧萧梧叶送寒声，江上秋风动客情。,,小学古诗,1,,,小学必背古诗词,小学
元日,王安石,爆竹声中一岁除，春风送暖入屠苏。千门万户曈曈日，总把新桃换旧符。,爆竹声中一岁除，春风送暖入屠苏。,,小学古诗,1,,,小学必背古诗词,小学
惠崇春江晚景,苏轼,竹外桃花三两枝，春江水暖鸭先知。蒌蒿满地芦芽短，正是河豚欲上时。,竹外桃花三两枝，春江水暖鸭先知。,,小学古诗,1,,,小学必背古诗词,小学
三衢道中,曾几,梅子黄时日日晴，小溪泛尽却山行。绿阴不减来时路，添得黄鹂四五声。,梅子黄时日日晴，小溪泛尽却山行。,,小学古诗,1,,,小学必背古诗词,小学
题西林壁,苏轼,横看成岭侧成峰，远近高低各不同。不识庐山真面目，只缘身在此山中。,横看成岭侧成峰，远近高低各不同。,,小学古诗,1,,,小学必背古诗词,小学
夏日绝句,李清照,生当作人杰，死亦为鬼雄。至今思项羽，不肯过江东。,生当作人杰，死亦为鬼雄。,,小学古诗,1,,,小学必背古诗词,小学
宿新市徐公店,杨万里,篱落疏疏一径深，树头新绿未成阴。儿童急走追黄蝶，飞入菜花无处寻。,篱落疏疏一径深，树头新绿未成阴。,,小学古诗,1,,,小学必背古诗词,小学
四时田园杂兴,范成大,梅子金黄杏子肥，麦花雪白菜花稀。日长篱落无人过，惟有蜻蜓蛱蝶飞。,梅子金黄杏子肥，麦花雪白菜花稀。,,小学古诗,1,,,小学必背古诗词,小学
清平乐·村居,辛弃疾,茅檐低小，溪上青青草。醉里吴音相媚好，白发谁家翁媪？大儿锄豆溪东，中儿正织鸡笼。最喜小儿亡赖，溪头卧剥莲蓬。,茅檐低小，溪上青青草。,,小学古诗,1,,,小学必背古诗词,小学
赠刘景文,苏轼,荷尽已无擎雨盖，菊残犹有傲霜枝。一年好景君须记，最是橙黄橘绿时。,荷尽已无擎雨盖，菊残犹有傲霜枝。,,小学古诗,1,,,小学必背古诗词,小学
观书有感（其一）,朱熹,半亩方塘一鉴开，天光云影共徘徊。问渠那得清如许？为有源头活水来。,半亩方塘一鉴开，天光云影共徘徊。,,小学古诗,1,,,小学必背古诗词,小学
观书有感（其二）,朱熹,昨夜江边春水生，蒙冲巨舰一毛轻。向来枉费推移力，此日中流自在行。,昨夜江边春水生，蒙冲巨舰一毛轻。,,小学古诗,1,,,小学必背古诗词,小学
乞巧,林杰,七夕今宵看碧霄，牵牛织女渡河桥。家家乞巧望秋月，穿尽红丝几万条。,七夕今宵看碧霄，牵牛织女渡河桥。,,小学古诗,1,,,小学必背古诗词,小学
长相思,纳兰性德,山一程，水一程，身向榆关那畔行，夜深千帐灯。风一更，雪一更，聒碎乡心梦不成，故园无此声。,山一程，水一程，身向榆关那畔行，夜深千帐灯。,,小学古诗,1,,,小学必背古诗词,小学
游子吟,孟郊,慈母手中线，游子身上衣。临行密密缝，意恐迟迟归。谁言寸草心，报得三春晖。,慈母手中线，游子身上衣。,,小学古诗,1,,,小学必背古诗词,小学
塞下曲,卢纶,月黑雁飞高，单于夜遁逃。欲将轻骑逐，大雪满弓刀。,月黑雁飞高，单于夜遁逃。,,小学古诗,1,,,小学必背古诗词,小学
墨梅,王冕,我家洗砚池头树，朵朵花开淡墨痕。不要人夸颜色好，只留清气满乾坤。,我家洗砚池头树，朵朵花开淡墨痕。,,小学古诗,1,,,小学必背古诗词,小学
蜂,罗隐,不论平地与山尖，无限风光尽被占。采得百花成蜜后，为谁辛苦为谁甜？,不论平地与山尖，无限风光尽被占。,,小学古诗,1,,,小学必背古诗词,小学
芙蓉楼送辛渐,王昌龄,寒雨连江夜入吴，平明送客楚山孤。洛阳亲友如相问，一片冰心在玉壶。,寒雨连江夜入吴，平明送客楚山孤。,,小学古诗,1,,,小学必背古诗词,小学
独坐敬亭山,李白,众鸟高飞尽，孤云独去闲。相看两不厌，只有敬亭山。,众鸟高飞尽，孤云独去闲。,,小学古诗,1,,,小学必背古诗词,小学
黄鹤楼送孟浩然之广陵,李白,故人西辞黄鹤楼，烟花三月下扬州。孤帆远影碧空尽，唯见长江天际流。,故人西辞黄鹤楼，烟花三月下扬州。,,小学古诗,1,,,小学必背古诗词,小学
渔歌子,张志和,西塞山前白鹭飞，桃花流水鳜鱼肥。青箬笠，绿蓑衣，斜风细雨不须归。,西塞山前白鹭飞，桃花流水鳜鱼肥。,,小学古诗,1,,,小学必背古诗词,小学
枫桥夜泊,张继,月落乌啼霜满天，江枫渔火对愁眠。姑苏城外寒山寺，夜半钟声到客船。,月落乌啼霜满天，江枫渔火对愁眠。,,小学古诗,1,,,小学必背古诗词,小学
题临安邸,林升,山外青山楼外楼，西湖歌舞几时休？暖风熏得游人醉，直把杭州作汴州。,山外青山楼外楼，西湖歌舞几时休？,,小学古诗,1,,,小学必背古诗词,小学
示儿,陆游,死去元知万事空，但悲不见九州同。王师北定中原日，家祭无忘告乃翁。,死去元知万事空，但悲不见九州同。,,小学古诗,1,,,小学必背古诗词,小学
己亥杂诗,龚自珍,九州生气恃风雷，万马齐喑究可哀。我劝天公重抖擞，不拘一格降人才。,九州生气恃风雷，万马齐喑究可哀。,,小学古诗,1,,,小学必背古诗词,小学
秋夜将晓出篱门迎凉有感,陆游,三万里河东入海，五千仞岳上摩天。遗民泪尽胡尘里，南望王师又一年。,三万里河东入海，五千仞岳上摩天。,,小学古诗,1,,,小学必背古诗词,小学
从军行,王昌龄,青海长云暗雪山，孤城遥望玉门关。黄沙百战穿金甲，不破楼兰终不还。,青海长云暗雪山，孤城遥望玉门关。,,小学古诗,1,,,小学必背古诗词,小学
鸟鸣涧,王维,人闲桂花落，夜静春山空。月出惊山鸟，时鸣春涧中。,人闲桂花落，夜静春山空。,,小学古诗,1,,,小学必背古诗词,小学
六月二十七日望湖楼醉书,苏轼,黑云翻墨未遮山，白雨跳珠乱入船。卷地风来忽吹散，望湖楼下水如天。,黑云翻墨未遮山，白雨跳珠乱入船。,,小学古诗,1,,,小学必背古诗词,小学
春日,朱熹,胜日寻芳泗水滨，无边光景一时新。等闲识得东风面，万紫千红总是春。,胜日寻芳泗水滨，无边光景一时新。,,小学古诗,1,,,小学必背古诗词,小学
江南春,杜牧,千里莺啼绿映红，水村山郭酒旗风。南朝四百八十寺，多少楼台烟雨中。,千里莺啼绿映红，水村山郭酒旗风。,,小学古诗,1,,,小学必背古诗词,小学
回乡偶书,贺知章,少小离家老大回，乡音无改鬓毛衰。儿童相见不相识，笑问客从何处来。,少小离家老大回，乡音无改鬓毛衰。,,小学古诗,1,,,小学必背古诗词,小学
宿建德江,孟浩然,移舟泊烟渚，日暮客愁新。野旷天低树，江清月近人。,移舟泊烟渚，日暮客愁新。,,小学古诗,1,,,小学必背古诗词,小学
江上渔者,范仲淹,江上往来人，但爱鲈鱼美。君看一叶舟，出没风波里。,江上往来人，但爱鲈鱼美。,,小学古诗,1,,,小学必背古诗词,小学
石灰吟,于谦,千锤万凿出深山，烈火焚烧若等闲。粉骨碎身浑不怕，要留清白在人间。,千锤万凿出深山，烈火焚烧若等闲。,,小学古诗,1,,,小学必背古诗词,小学
竹石,郑燮,咬定青山不放松，立根原在破岩中。千磨万击还坚劲，任尔东西南北风。,咬定青山不放松，立根原在破岩中。,,小学古诗,1,,,小学必背古诗词,小学
泊船瓜洲,王安石,京口瓜洲一水间，钟山只隔数重山。春风又绿江南岸，明月何时照我还？,京口瓜洲一水间，钟山只隔数重山。,,小学古诗,1,,,小学必背古诗词,小学
学弈,孟子,弈秋，通国之善弈者也。使弈秋诲二人弈，其一人专心致志，惟弈秋之为听；一人虽听之，一心以为有鸿鹄将至，思援弓缴而射之。虽与之俱学，弗若之矣。为是其智弗若与？曰：非然也。,弈秋，通国之善弈者也。,,小学古诗,1,,,小学必背古诗词,小学
两小儿辩日,列子,孔子东游，见两小儿辩斗，问其故。一儿曰：'我以日始出时去人近，而日中时远也。'一儿以日初出远，而日中时近也。一儿曰：'日初出大如车盖，及日中则如盘盂，此不为远者小而近者……,孔子东游，见两小儿辩斗，问其故。,,小学古诗,1,,,小学必背古诗词,小学
乡村四月,翁卷,绿遍山原白满川，子规声里雨如烟。乡村四月闲人少，才了蚕桑又插田。,绿遍山原白满川，子规声里雨如烟。,,小学古诗,1,,,小学必背古诗词,小学
观沧海,曹操,东临碣石，以观沧海。水何澹澹，山岛竦峙。树木丛生，百草丰茂。秋风萧瑟，洪波涌起。日月之行，若出其中；星汉灿烂，若出其里。幸甚至哉，歌以咏志。,东临碣石，以观沧海。,,初中古诗文,2,,,初中语文教材古诗文,初中
次北固山下,王湾,客路青山外，行舟绿水前。潮平两岸阔，风正一帆悬。海日生残夜，江春入旧年。乡书何处达？归雁洛阳边。,客路青山外，行舟绿水前。,,初中古诗文,2,,,初中语文教材古诗文,初中
闻王昌龄左迁龙标遥有此寄,李白,杨花落尽子规啼，闻道龙标过五溪。我寄愁心与明月，随风直到夜郎西。,杨花落尽子规啼，闻道龙标过五溪。,,初中古诗文,2,,,初中语文教材古诗文,初中
天净沙·秋思,马致远,枯藤老树昏鸦，小桥流水人家，古道西风瘦马。夕阳西下，断肠人在天涯。,枯藤老树昏鸦，小桥流水人家，古道西风瘦马。,,初中古诗文,2,,,初中语文教材古诗文,初中
峨眉山月歌,李白,峨眉山月半轮秋，影入平羌江水流。夜发清溪向三峡，思君不见下渝州。,峨眉山月半轮秋，影入平羌江水流。,,初中古诗文,2,,,初中语文教材古诗文,初中
咏雪,刘义庆组织编写（《世说新语》）,谢太傅寒雪日内集，与儿女讲论文义。俄而雪骤，公欣然曰：“白雪纷纷何所似？”兄子胡儿曰：“撒盐空中差可拟。”兄女曰：“未若柳絮因风起。”公大笑乐。即公大兄无奕女，左将……,谢太傅寒雪日内集，与儿女讲论文义。,,初中古诗文,2,,,初中语文教材古诗文,初中
江南逢李龟年,杜甫,岐王宅里寻常见，崔九堂前几度闻。正是江南好风景，落花时节又逢君。,岐王宅里寻常见，崔九堂前几度闻。,,初中古诗文,2,,,初中语文教材古诗文,初中
行军九日思长安故园,岑参,强欲登高去，无人送酒来。遥怜故园菊，应傍战场开。,强欲登高去，无人送酒来。,,初中古诗文,2,,,初中语文教材古诗文,初中
夜上受降城闻笛,李益,回乐烽前沙似雪，受降城外月如霜。不知何处吹芦管，一夜征人尽望乡。,回乐烽前沙似雪，受降城外月如霜。,,初中古诗文,2,,,初中语文教材古诗文,初中
秋词（其一）,刘禹锡,自古逢秋悲寂寥，我言秋日胜春朝。晴空一鹤排云上，便引诗情到碧霄。,自古逢秋悲寂寥，我言秋日胜春朝。,,初中古诗文,2,,,初中语文教材古诗文,初中
夜雨寄北,李商隐,君问归期未有期，巴山夜雨涨秋池。何当共剪西窗烛，却话巴山夜雨时。,君问归期未有期，巴山夜雨涨秋池。,,初中古诗文,2,,,初中语文教材古诗文,初中
十一月四日风雨大作二首（其二）,陆游,僵卧孤村不自哀，尚思为国戍轮台。夜阑卧听风吹雨，铁马冰河入梦来。,僵卧孤村不自哀，尚思为国戍轮台。,,初中古诗文,2,,,初中语文教材古诗文,初中
潼关,谭嗣同,终古高云簇此城，秋风吹散马蹄声。河流大野犹嫌束，山入潼关不解平。,终古高云簇此城，秋风吹散马蹄声。,,初中古诗文,2,,,初中语文教材古诗文,初中
竹里馆,王维,独坐幽篁里，弹琴复长啸。深林人不知，明月来相照。,独坐幽篁里，弹琴复长啸。,,初中古诗文,2,,,初中语文教材古诗文,初中
春夜洛城闻笛,李白,谁家玉笛暗飞声，散入春风满洛城。此夜曲中闻折柳，何人不起故园情。,谁家玉笛暗飞声，散入春风满洛城。,,初中古诗文,2,,,初中语文教材古诗文,初中
逢入京使,岑参,故园东望路漫漫，双袖龙钟泪不干。马上相逢无纸笔，凭君传语报平安。,故园东望路漫漫，双袖龙钟泪不干。,,初中古诗文,2,,,初中语文教材古诗文,初中
晚春,韩愈,草树知春不久归，百般红紫斗芳菲。杨花榆荚无才思，惟解漫天作雪飞。,草树知春不久归，百般红紫斗芳菲。,,初中古诗文,2,,,初中语文教材古诗文,初中
登幽州台歌,陈子昂,前不见古人，后不见来者。念天地之悠悠，独怆然而涕下。,前不见古人，后不见来者。,,初中古诗文,2,,,初中语文教材古诗文,初中
望岳,杜甫,岱宗夫如何？齐鲁青未了。造化钟神秀，阴阳割昏晓。荡胸生曾云，决眦入归鸟。会当凌绝顶，一览众山小。,岱宗夫如何？,,初中古诗文,2,,,初中语文教材古诗文,初中
登飞来峰,王安石,飞来峰上千寻塔，闻说鸡鸣见日升。不畏浮云遮望眼，自缘身在最高层。,飞来峰上千寻塔，闻说鸡鸣见日升。,,初中古诗文,2,,,初中语文教材古诗文,初中
游山西村,陆游,莫笑农家腊酒浑，丰年留客足鸡豚。山重水复疑无路，柳暗花明又一村。箫鼓追随春社近，衣冠简朴古风存。从今若许闲乘月，拄杖无时夜叩门。,莫笑农家腊酒浑，丰年留客足鸡豚。,,初中古诗文,2,,,初中语文教材古诗文,初中
己亥杂诗（其五）,龚自珍,浩荡离愁白日斜，吟鞭东指即天涯。落红不是无情物，化作春泥更护花。,浩荡离愁白日斜，吟鞭东指即天涯。,,初中古诗文,2,,,初中语文教材古诗文,初中
泊秦淮,杜牧,烟笼寒水月笼沙，夜泊秦淮近酒家。商女不知亡国恨，隔江犹唱后庭花。,烟笼寒水月笼沙，夜泊秦淮近酒家。,,初中古诗文,2,,,初中语文教材古诗文,初中
贾生,李商隐,宣室求贤访逐臣，贾生才调更无伦。可怜夜半虚前席，不问苍生问鬼神。,宣室求贤访逐臣，贾生才调更无伦。,,初中古诗文,2,,,初中语文教材古诗文,初中
过松源晨炊漆公店六首（其五）,杨万里,莫言下岭便无难，赚得行人错喜欢。政入万山围子里，一山放出一山拦。,莫言下岭便无难，赚得行人错喜欢。,,初中古诗文,2,,,初中语文教材古诗文,初中
野望,王绩,东皋薄暮望，徙倚欲何依。树树皆秋色，山山唯落晖。牧人驱犊返，猎马带禽归。相顾无相识，长歌怀采薇。,东皋薄暮望，徙倚欲何依。,,初中古诗文,2,,,初中语文教材古诗文,初中
黄鹤楼,崔颢,昔人已乘黄鹤去，此地空余黄鹤楼。黄鹤一去不复返，白云千载空悠悠。晴川历历汉阳树，芳草萋萋鹦鹉洲。日暮乡关何处是？烟波江上使人愁。,昔人已乘黄鹤去，此地空余黄鹤楼。,,初中古诗文,2,,,初中语文教材古诗文,初中
使至塞上,王维,单车欲问边，属国过居延。征蓬出汉塞，归雁入胡天。大漠孤烟直，长河落日圆。萧关逢候骑，都护在燕然。,单车欲问边，属国过居延。,,初中古诗文,2,,,初中语文教材古诗文,初中
渡荆门送别,李白,渡远荆门外，来从楚国游。山随平野尽，江入大荒流。月下飞天镜，云生结海楼。仍怜故乡水，万里送行舟。,渡远荆门外，来从楚国游。,,初中古诗文,2,,,初中语文教材古诗文,初中
钱塘湖春行,白居易,孤山寺北贾亭西，水面初平云脚低。几处早莺争暖树，谁家新燕啄春泥。乱花渐欲迷人眼，浅草才能没马蹄。最爱湖东行不足，绿杨阴里白沙堤。,孤山寺北贾亭西，水面初平云脚低。,,初中古诗文,2,,,初中语文教材古诗文,初中
庭中有奇树,佚名,庭中有奇树，绿叶发华滋。攀条折其荣，将以遗所思。馨香盈怀袖，路远莫致之。此物何足贵，但感别经时。,庭中有奇树，绿叶发华滋。,,初中古诗文,2,,,初中语文教材古诗文,初中
龟虽寿,曹操,神龟虽寿，犹有竟时。腾蛇乘雾，终为土灰。老骥伏枥，志在千里。烈士暮年，壮心不已。盈缩之期，不但在天；养怡之福，可得永年。幸甚至哉，歌以咏志。,神龟虽寿，犹有竟时。,,初中古诗文,2,,,初中语文教材古诗文,初中
赠从弟（其二）,刘桢,亭亭山上松，瑟瑟谷中风。风声一何盛，松枝一何劲！冰霜正惨凄，终岁常端正。岂不罹凝寒，松柏有本性！,亭亭山上松，瑟瑟谷中风。,,初中古诗文,2,,,初中语文教材古诗文,初中
梁甫行,曹植,八方各异气，千里殊风雨。剧哉边海民，寄身于草野。妻子象禽兽，行止依林阻。柴门何萧条，狐兔翔我宇。,八方各异气，千里殊风雨。,,初中古诗文,2,,,初中语文教材古诗文,初中
饮酒（其五）,陶渊明,结庐在人境，而无车马喧。问君何能尔？心远地自偏。采菊东篱下，悠然见南山。山气日夕佳，飞鸟相与还。此中有真意，欲辨已忘言。,结庐在人境，而无车马喧。,,初中古诗文,2,,,初中语文教材古诗文,初中
春望,杜甫,国破山河在，城春草木深。感时花溅泪，恨别鸟惊心。烽火连三月，家书抵万金。白头搔更短，浑欲不胜簪。,国破山河在，城春草木深。,,初中古诗文,2,,,初中语文教材古诗文,初中
雁门太守行,李贺,黑云压城城欲摧，甲光向日金鳞开。角声满天秋色里，塞上燕脂凝夜紫。半卷红旗临易水，霜重鼓寒声不起。报君黄金台上意，提携玉龙为君死。,黑云压城城欲摧，甲光向日金鳞开。,,初中古诗文,2,,,初中语文教材古诗文,初中
赤壁,杜牧,折戟沉沙铁未销，自将磨洗认前朝。东风不与周郎便，铜雀春深锁二乔。,折戟沉沙铁未销，自将磨洗认前朝。,,初中古诗文,2,,,初中语文教材古诗文,初中
渔家傲,李清照,天接云涛连晓雾，星河欲转千帆舞。仿佛梦魂归帝所，闻天语，殷勤问我归何处。我报路长嗟日暮，学诗谩有惊人句。九万里风鹏正举，风休住，蓬舟吹取三山去。,天接云涛连晓雾，星河欲转千帆舞。,,初中古诗文,2,,,初中语文教材古诗文,初中
浣溪沙,晏殊,一曲新词酒一杯，去年天气旧亭台。夕阳西下几时回？无可奈何花落去，似曾相识燕归来，小园香径独徘徊。,一曲新词酒一杯，去年天气旧亭台。,,初中古诗文,2,,,初中语文教材古诗文,初中
采桑子,欧阳修,轻舟短棹西湖好，绿水逶迤。芳草长堤，隐隐笙歌处处随。无风水面琉璃滑，不觉船移。微动涟漪，惊起沙禽掠岸飞。,轻舟短棹西湖好，绿水逶迤。,,初中古诗文,2,,,初中语文教材古诗文,初中
相见欢,朱敦儒,金陵城上西楼，倚清秋。万里夕阳垂地大江流。中原乱，簪缨散，几时收？试倩悲风吹泪过扬州。,金陵城上西楼，倚清秋。,,初中古诗文,2,,,初中语文教材古诗文,初中
如梦令,李清照,常记溪亭日暮，沉醉不知归路。兴尽晚回舟，误入藕花深处。争渡，争渡，惊起一滩鸥鹭。,常记溪亭日暮，沉醉不知归路。,,初中古诗文,2,,,初中语文教材古诗文,初中
关雎,诗经,关关雎鸠，在河之洲。窈窕淑女，君子好逑。参差荇菜，左右流之。窈窕淑女，寤寐求之。求之不得，寤寐思服。悠哉悠哉，辗转反侧。参差荇菜，左右采之。窈窕淑女，琴瑟友之。参差……,关关雎鸠，在河之洲。,,初中古诗文,2,,,初中语文教材古诗文,初中
蒹葭,诗经,蒹葭苍苍，白露为霜。所谓伊人，在水一方。溯洄从之，道阻且长。溯游从之，宛在水中央。蒹葭萋萋，白露未晞。所谓伊人，在水之湄。溯洄从之，道阻且跻。溯游从之，宛在水中坻。……,蒹葭苍苍，白露为霜。,,初中古诗文,2,,,初中语文教材古诗文,初中
式微,诗经,式微，式微！胡不归？微君之故，胡为乎中露！式微，式微！胡不归？微君之躬，胡为乎泥中！,式微，式微！,,初中古诗文,2,,,初中语文教材古诗文,初中
子衿,诗经,青青子衿，悠悠我心。纵我不往，子宁不嗣音？青青子佩，悠悠我思。纵我不往，子宁不来？挑兮达兮，在城阙兮。一日不见，如三月兮！,青青子衿，悠悠我心。,,初中古诗文,2,,,初中语文教材古诗文,初中
送杜少府之任蜀州,王勃,城阙辅三秦，风烟望五津。与君离别意，同是宦游人。海内存知己，天涯若比邻。无为在歧路，儿女共沾巾。,城阙辅三秦，风烟望五津。,,初中古诗文,2,,,初中语文教材古诗文,初中
望洞庭湖赠张丞相,孟浩然,八月湖水平，涵虚混太清。气蒸云梦泽，波撼岳阳城。欲济无舟楫，端居耻圣明。坐观垂钓者，空有羡鱼情。,八月湖水平，涵虚混太清。,,初中古诗文,2,,,初中语文教材古诗文,初中
石壕吏,杜甫,暮投石壕村，有吏夜捉人。老翁逾墙走，老妇出门看。吏呼一何怒！妇啼一何苦。听妇前致词，三男邺城戍。一男附书至，二男新战死。存者且偷生，死者长已矣！室中更无人，惟有乳下……,暮投石壕村，有吏夜捉人。,,初中古诗文,2,,,初中语文教材古诗文,初中
茅屋为秋风所破歌,杜甫,八月秋高风怒号，卷我屋上三重茅。茅飞渡江洒江郊，高者挂罥长林梢，下者飘转沉塘坳。南村群童欺我老无力，忍能对面为盗贼，公然抱茅入竹去。唇焦口燥呼不得，归来倚杖自叹息。……,八月秋高风怒号，卷我屋上三重茅。,,初中古诗文,2,,,初中语文教材古诗文,初中
题破山寺后禅院,常建,清晨入古寺，初日照高林。曲径通幽处，禅房花木深。山光悦鸟性，潭影空人心。万籁此都寂，但余钟磬音。,清晨入古寺，初日照高林。,,初中古诗文,2,,,初中语文教材古诗文,初中
送友人,李白,青山横北郭，白水绕东城。此地一为别，孤蓬万里征。浮云游子意，落日故人情。挥手自兹去，萧萧班马鸣。,青山横北郭，白水绕东城。,,初中古诗文,2,,,初中语文教材古诗文,初中
卜算子·黄州定慧院寓居作,苏轼,缺月挂疏桐，漏断人初静。谁见幽人独往来，缥缈孤鸿影。惊起却回头，有恨无人省。拣尽寒枝不肯栖，寂寞沙洲冷。,缺月挂疏桐，漏断人初静。,,初中古诗文,2,,,初中语文教材古诗文,初中
卜算子·咏梅,陆游,驿外断桥边，寂寞开无主。已是黄昏独自愁，更著风和雨。无意苦争春，一任群芳妒。零落成泥碾作尘，只有香如故。,驿外断桥边，寂寞开无主。,,初中古诗文,2,,,初中语文教材古诗文,初中
沁园春·雪,毛泽东,北国风光，千里冰封，万里雪飘。望长城内外，惟余莽莽；大河上下，顿失滔滔。山舞银蛇，原驰蜡象，欲与天公试比高。须晴日，看红装素裹，分外妖娆。江山如此多娇，引无数英雄竞……,北国风光，千里冰封，万里雪飘。,,初中古诗文,2,,,初中语文教材古诗文,初中
行路难（其一）,李白,金樽清酒斗十千，玉盘珍羞直万钱。停杯投箸不能食，拔剑四顾心茫然。欲渡黄河冰塞川，将登太行雪满山。闲来垂钓碧溪上，忽复乘舟梦日边。行路难！行路难！多歧路，今安在？长风……,金樽清酒斗十千，玉盘珍羞直万钱。,,初中古诗文,2,,,初中语文教材古诗文,初中
酬乐天扬州初逢席上见赠,刘禹锡,巴山楚水凄凉地，二十三年弃置身。怀旧空吟闻笛赋，到乡翻似烂柯人。沉舟侧畔千帆过，病树前头万木春。今日听君歌一曲，暂凭杯酒长精神。,巴山楚水凄凉地，二十三年弃置身。,,初中古诗文,2,,,初中语文教材古诗文,初中
水调歌头,苏轼,丙辰中秋，欢饮达旦，大醉，作此篇，兼怀子由。明月几时有？把酒问青天。不知天上宫阙，今夕是何年。我欲乘风归去，又恐琼楼玉宇，高处不胜寒。起舞弄清影，何似在人间？转朱阁……,丙辰中秋，欢饮达旦，大醉，作此篇，兼怀子由。,,初中古诗文,2,,,初中语文教材古诗文,初中
月夜忆舍弟,杜甫,戍鼓断人行，边秋一雁声。露从今夜白，月是故乡明。有弟皆分散，无家问死生。寄书长不达，况乃未休兵。,戍鼓断人行，边秋一雁声。,,初中古诗文,2,,,初中语文教材古诗文,初中
长沙过贾谊宅,刘长卿,三年谪宦此栖迟，万古惟留楚客悲。秋草独寻人去后，寒林空见日斜时。汉文有道恩犹薄，湘水无情吊岂知？寂寂江山摇落处，怜君何事到天涯！,三年谪宦此栖迟，万古惟留楚客悲。,,初中古诗文,2,,,初中语文教材古诗文,初中
左迁至蓝关示侄孙湘,韩愈,一封朝奏九重天，夕贬潮州路八千。欲为圣明除弊事，肯将衰朽惜残年！云横秦岭家何在？雪拥蓝关马不前。知汝远来应有意，好收吾骨瘴江边。,一封朝奏九重天，夕贬潮州路八千。,,初中古诗文,2,,,初中语文教材古诗文,初中
商山早行,温庭筠,晨起动征铎，客行悲故乡。鸡声茅店月，人迹板桥霜。槲叶落山路，枳花明驿墙。因思杜陵梦，凫雁满回塘。,晨起动征铎，客行悲故乡。,,初中古诗文,2,,,初中语文教材古诗文,初中
咸阳城东楼,许浑,一上高城万里愁，蒹葭杨柳似汀洲。溪云初起日沉阁，山雨欲来风满楼。鸟下绿芜秦苑夕，蝉鸣黄叶汉宫秋。行人莫问当年事，故国东来渭水流。,一上高城万里愁，蒹葭杨柳似汀洲。,,初中古诗文,2,,,初中语文教材古诗文,初中
行香子,秦观,树绕村庄，水满陂塘。倚东风、豪兴徜徉。小园几许，收尽春光。有桃花红，李花白，菜花黄。远远围墙，隐隐茅堂。飏青旗、流水桥旁。偶然乘兴，步过东冈。正莺儿啼，燕儿舞，蝶儿忙。,树绕村庄，水满陂塘。,,初中古诗文,2,,,初中语文教材古诗文,初中
丑奴儿·书博山道中壁,辛弃疾,少年不识愁滋味，爱上层楼。爱上层楼，为赋新词强说愁。而今识尽愁滋味，欲说还休。欲说还休，却道天凉好个秋！,少年不识愁滋味，爱上层楼。,,初中古诗文,2,,,初中语文教材古诗文,初中
梅岭三章,陈毅,一九三六年冬，梅山被围。余伤病伏丛莽间二十余日，虑不得脱，得诗三首留衣底。旋围解【其一】断头今日意如何？创业艰难百战多。此去泉台招旧部，旌旗十万斩阎罗。【其二】南国……,一九三六年冬，梅山被围。,,初中古诗文,2,,,初中语文教材古诗文,初中
渔家傲·秋思,范仲淹,塞下秋来风景异，衡阳雁去无留意。四面边声连角起，千嶂里，长烟落日孤城闭。浊酒一杯家万里，燕然未勒归无计。羌管悠悠霜满地，人不寐，将军白发征夫泪。,塞下秋来风景异，衡阳雁去无留意。,,初中古诗文,2,,,初中语文教材古诗文,初中
江城子·密州出猎,苏轼,老夫聊发少年狂，左牵黄，右擎苍，锦帽貂裘，千骑卷平冈。为报倾城随太守，亲射虎，看孙郎。酒酣胸胆尚开张，鬓微霜，又何妨？持节云中，何日遣冯唐？会挽雕弓如满月，西北望，……,老夫聊发少年狂，左牵黄，右擎苍，锦帽貂裘，千骑卷平冈。,,初中古诗文,2,,,初中语文教材古诗文,初中
破阵子·为陈同甫赋壮词以寄之,辛弃疾,醉里挑灯看剑，梦回吹角连营。八百里分麾下炙，五十弦翻塞外声，沙场秋点兵。马作的卢飞快，弓如霹雳弦惊。了却君王天下事，赢得生前身后名。可怜白发生！,醉里挑灯看剑，梦回吹角连营。,,初中古诗文,2,,,初中语文教材古诗文,初中
满江红,秋瑾,小住京华，早又是中秋佳节。为篱下黄花开遍，秋容如拭。四面歌残终破楚，八年风味徒思浙。苦将侬强派作蛾眉，殊未屑！身不得，男儿列；心却比，男儿烈。算平生肝胆，因人常热。……,小住京华，早又是中秋佳节。,,初中古诗文,2,,,初中语文教材古诗文,初中
定风波,苏轼,三月七日，沙湖道中遇雨。雨具先去，同行皆狼狈，余独不觉，已而遂晴，故作此词。莫听穿林打叶声，何妨吟啸且徐行。竹杖芒鞋轻胜马，谁怕？一蓑烟雨任平生。料峭春风吹酒醒，微……,三月七日，沙湖道中遇雨。,,初中古诗文,2,,,初中语文教材古诗文,初中
临江仙·夜登小阁，忆洛中旧游,陈与义,忆昔午桥桥上饮，坐中多是豪英。长沟流月去无声。杏花疏影里，吹笛到天明。二十馀年如一梦，此身虽在堪惊。闲登小阁看新晴。古今多少事，渔唱起三更。,忆昔午桥桥上饮，坐中多是豪英。,,初中古诗文,2,,,初中语文教材古诗文,初中
太常引·建康中秋夜为吕叔潜赋,辛弃疾,一轮秋影转金波，飞镜又重磨。把酒问姮娥：被白发、欺人奈何？乘风好去，长空万里，直下看山河。斫去桂婆娑，人道是、清光更多。,一轮秋影转金波，飞镜又重磨。,,初中古诗文,2,,,初中语文教材古诗文,初中
十五从军征,佚名,十五从军征，八十始得归。道逢乡里人，家中有阿谁？遥看是君家，松柏冢累累。兔从狗窦入，雉从梁上飞。中庭生旅谷，井上生旅葵。舂谷持作飰，采葵持作羹。羹饭一时熟，不知贻阿……,十五从军征，八十始得归。,,初中古诗文,2,,,初中语文教材古诗文,初中
白雪歌送武判官归京,岑参,北风卷地白草折，胡天八月即飞雪。忽如一夜春风来，千树万树梨花开。散入珠帘湿罗幕，狐裘不暖锦衾薄。将军角弓不得控，都护铁衣冷难着。瀚海阑干百丈冰，愁云惨淡万里凝。中军……,北风卷地白草折，胡天八月即飞雪。,,初中古诗文,2,,,初中语文教材古诗文,初中
南乡子·登京口北固亭有怀,辛弃疾,何处望神州？满眼风光北固楼。千古兴亡多少事？悠悠。不尽长江滚滚流。年少万兜鍪，坐断东南战未休。天下英雄谁敌手？曹刘。生子当如孙仲谋。,何处望神州？,,初中古诗文,2,,,初中语文教材古诗文,初中
过零丁洋,文天祥,辛苦遭逢起一经，干戈寥落四周星。山河破碎风飘絮，身世浮沉雨打萍。惶恐滩头说惶恐，零丁洋里叹零丁。人生自古谁无死，留取丹心照汗青。,辛苦遭逢起一经，干戈寥落四周星。,,初中古诗文,2,,,初中语文教材古诗文,初中
山坡羊·潼关怀古,张养浩,峰峦如聚，波涛如怒，山河表里潼关路。望西都，意踌躇。伤心秦汉经行处，宫阙万间都做了土。兴，百姓苦；亡，百姓苦！,峰峦如聚，波涛如怒，山河表里潼关路。,,初中古诗文,2,,,初中语文教材古诗文,初中
南安军,文天祥,梅花南北路，风雨湿征衣。出岭同谁出？归乡如不归！山河千古在，城郭一时非。饿死真吾志，梦中行采薇。,梅花南北路，风雨湿征衣。,,初中古诗文,2,,,初中语文教材古诗文,初中
别云间,夏完淳,三年羁旅客，今日又南冠。无限山河泪，谁言天地宽？已知泉路近，欲别故乡难。毅魄归来日，灵旗空际看。,三年羁旅客，今日又南冠。,,初中古诗文,2,,,初中语文教材古诗文,初中
山坡羊·骊山怀古,张养浩,骊山四顾，阿房一炬，当时奢侈今何处？只见草萧疏，水萦纡。至今遗恨迷烟树。列国周齐秦汉楚，赢，都变做了土；输，都变做了土。,骊山四顾，阿房一炬，当时奢侈今何处？,,初中古诗文,2,,,初中语文教材古诗文,初中
朝天子·咏喇叭,王磐,喇叭，唢呐，曲儿小腔儿大。官船来往乱如麻，全仗你抬声价。军听了军愁，民听了民怕。哪里去辨甚么真共假？眼见的吹翻了这家，吹伤了那家，只吹的水尽鹅飞罢！,喇叭，唢呐，曲儿小腔儿大。,,初中古诗文,2,,,初中语文教材古诗文,初中
陈太丘与友期行,刘义庆,陈太丘与友期行，期日中。过中不至，太丘舍去，去后乃至。元方时年七岁，门外戏。客问元方：尊君在不？答曰：待君久不至，已去。友人便怒曰：非人哉！与人期行，相委而去。元方……,陈太丘与友期行，期日中。,,初中古诗文,2,,,初中语文教材古诗文,初中
《论语》十二章,孔子及其再传弟子,子曰：学而时习之，不亦说乎？有朋自远方来，不亦乐乎？人不知而不愠，不亦君子乎？《学而》曾子曰：吾日三省吾身：为人谋而不忠乎？与朋友交而不信乎？传不习乎？《学而》子曰……,子曰：学而时习之，不亦说乎？,,初中古诗文,2,,,初中语文教材古诗文,初中
诫子书,诸葛亮,夫君子之行，静以修身，俭以养德。非淡泊无以明志，非宁静无以致远。夫学须静也，才须学也，非学无以广才，非志无以成学。淫慢则不能励精，险躁则不能治性。年与时驰，意与日去……,夫君子之行，静以修身，俭以养德。,,初中古诗文,2,,,初中语文教材古诗文,初中
狼,蒲松龄,一屠晚归，担中肉尽，止有剩骨。途中两狼，缀行甚远。屠惧，投以骨。一狼得骨止，一狼仍从。复投之，后狼止而前狼又至。骨已尽矣，而两狼之并驱如故。屠大窘，恐前后受其敌。顾……,一屠晚归，担中肉尽，止有剩骨。,,初中古诗文,2,,,初中语文教材古诗文,初中
穿井得一人,吕不韦,宋之丁氏，家无井而出溉汲，常一人居外。及其家穿井，告人曰：吾穿井得一人。有闻而传之者曰：丁氏穿井得一人。国人道之，闻之于宋君。宋君令人问之于丁氏，丁氏对曰：得一人之……,宋之丁氏，家无井而出溉汲，常一人居外。,,初中古诗文,2,,,初中语文教材古诗文,初中
杞人忧天,列子,杞国有人忧天地崩坠，身亡所寄，废寝食者。又有忧彼之所忧者，因往晓之，曰：天，积气耳，亡处亡气。若屈伸呼吸，终日在天中行止，奈何忧崩坠乎？其人曰：天果积气，日月星宿，……,杞国有人忧天地崩坠，身亡所寄，废寝食者。,,初中古诗文,2,,,初中语文教材古诗文,初中
孙权劝学,司马光,初，权谓吕蒙曰：卿今当涂掌事，不可不学！蒙辞以军中多务。权曰：孤岂欲卿治经为博士邪！但当涉猎，见往事耳。卿言多务，孰若孤？孤常读书，自以为大有所益。蒙乃始就学。及鲁……,初，权谓吕蒙曰：卿今当涂掌事，不可不学！,,初中古诗文,2,,,初中语文教材古诗文,初中
木兰诗,佚名,唧唧复唧唧，木兰当户织。不闻机杼声，唯闻女叹息。问女何所思，问女何所忆。女亦无所思，女亦无所忆。昨夜见军帖，可汗大点兵，军书十二卷，卷卷有爷名。阿爷无大儿，木兰无长……,唧唧复唧唧，木兰当户织。,,初中古诗文,2,,,初中语文教材古诗文,初中
卖油翁,欧阳修,陈康肃公善射，当世无双，公亦以此自矜。尝射于家圃，有卖油翁释担而立，睨之，久而不去。见其发矢十中八九，但微颔之。康肃问曰：汝亦知射乎？吾射不亦精乎？翁曰：无他，但手……,陈康肃公善射，当世无双，公亦以此自矜。,,初中古诗文,2,,,初中语文教材古诗文,初中
陋室铭,刘禹锡,山不在高，有仙则名。水不在深，有龙则灵。斯是陋室，惟吾德馨。苔痕上阶绿，草色入帘青。谈笑有鸿儒，往来无白丁。可以调素琴，阅金经。无丝竹之乱耳，无案牍之劳形。南阳诸葛……,山不在高，有仙则名。,,初中古诗文,2,,,初中语文教材古诗文,初中
爱莲说,周敦颐,水陆草木之花，可爱者甚蕃。晋陶渊明独爱菊。自李唐来，世人甚爱牡丹。予独爱莲之出淤泥而不染，濯清涟而不妖，中通外直，不蔓不枝，香远益清，亭亭净植，可远观而不可亵玩焉。……,水陆草木之花，可爱者甚蕃。,,初中古诗文,2,,,初中语文教材古诗文,初中
三峡,郦道元,自三峡七百里中，两岸连山，略无阙处。重岩叠嶂，隐天蔽日，自非亭午夜分，不见曦月。至于夏水襄陵，沿溯阻绝。或王命急宣，有时朝发白帝，暮到江陵，其间千二百里，虽乘奔御风……,自三峡七百里中，两岸连山，略无阙处。,,初中古诗文,2,,,初中语文教材古诗文,初中
答谢中书书,陶弘景,山川之美，古来共谈。高峰入云，清流见底。两岸石壁，五色交辉。青林翠竹，四时俱备。晓雾将歇，猿鸟乱鸣；夕日欲颓，沉鳞竞跃。实是欲界之仙都。自康乐以来，未复有能与其奇者。,山川之美，古来共谈。,,初中古诗文,2,,,初中语文教材古诗文,初中
记承天寺夜游,苏轼,元丰六年十月十二日夜，解衣欲睡，月色入户，欣然起行。念无与为乐者，遂至承天寺寻张怀民。怀民亦未寝，相与步于中庭。庭下如积水空明，水中藻、荇交横，盖竹柏影也。何夜无月……,元丰六年十月十二日夜，解衣欲睡，月色入户，欣然起行。,,初中古诗文,2,,,初中语文教材古诗文,初中
与朱元思书,吴均,风烟俱净，天山共色。从流飘荡，任意东西。自富阳至桐庐一百许里，奇山异水，天下独绝。水皆缥碧，千丈见底。游鱼细石，直视无碍。急湍甚箭，猛浪若奔。夹岸高山，皆生寒树，负……,风烟俱净，天山共色。,,初中古诗文,2,,,初中语文教材古诗文,初中
《孟子》三章,孟子及其弟子,得道多助，失道寡助：天时不如地利，地利不如人和。三里之城，七里之郭，环而攻之而不胜。夫环而攻之，必有得天时者矣，然而不胜者，是天时不如地利也。城非不高也，池非不深也……,得道多助，失道寡助：天时不如地利，地利不如人和。,,初中古诗文,2,,,初中语文教材古诗文,初中
愚公移山,列子,太行、王屋二山，方七百里，高万仞，本在冀州之南，河阳之北。北山愚公者，年且九十，面山而居。惩山北之塞，出入之迂也，聚室而谋曰：吾与汝俱平险，指通豫南，达于汉阴，可乎……,太行、王屋二山，方七百里，高万仞，本在冀州之南，河阳之北。,,初中古诗文,2,,,初中语文教材古诗文,初中
周亚夫军细柳,司马迁,文帝之后六年，匈奴大入边。乃以宗正刘礼为将军，军霸上；祝兹侯徐厉为将军，军棘门；以河内守亚夫为将军，军细柳：以备胡。上自劳军。至霸上及棘门军，直驰入，将以下骑送迎。……,文帝之后六年，匈奴大入边。,,初中古诗文,2,,,初中语文教材古诗文,初中
桃花源记,陶渊明,晋太元中，武陵人捕鱼为业。缘溪行，忘路之远近。忽逢桃花林，夹岸数百步，中无杂树，芳草鲜美，落英缤纷。渔人甚异之，复前行，欲穷其林。林尽水源，便得一山，山有小口，仿佛……,晋太元中，武陵人捕鱼为业。,,初中古诗文,2,,,初中语文教材古诗文,初中
小石潭记,柳宗元,从小丘西行百二十步，隔篁竹，闻水声，如鸣佩环，心乐之。伐竹取道，下见小潭，水尤清冽。全石以为底，近岸，卷石底以出，为坻，为屿，为嵁，为岩。青树翠蔓，蒙络摇缀，参差披……,从小丘西行百二十步，隔篁竹，闻水声，如鸣佩环，心乐之。,,初中古诗文,2,,,初中语文教材古诗文,初中
核舟记,魏学洢,明有奇巧人曰王叔远，能以径寸之木，为宫室、器皿、人物，以至鸟兽、木石，罔不因势象形，各具情态。尝贻余核舟一，盖大苏泛赤壁云。舟首尾长约八分有奇，高可二黍许。中轩敞者……,明有奇巧人曰王叔远，能以径寸之木，为宫室、器皿、人物，以至鸟兽、木石，罔不因势象形，各具情态。,,初中古诗文,2,,,初中语文教材古诗文,初中
《庄子》二则,庄子及其弟子,北冥有鱼：北冥有鱼，其名为鲲。鲲之大，不知其几千里也。化而为鸟，其名为鹏。鹏之背，不知其几千里也；怒而飞，其翼若垂天之云。是鸟也，海运则将徙于南冥。南冥者，天池也。……,北冥有鱼：北冥有鱼，其名为鲲。,,初中古诗文,2,,,初中语文教材古诗文,初中
《礼记》二则,戴圣,虽有嘉肴：虽有嘉肴，弗食，不知其旨也；虽有至道，弗学，不知其善也。是故学然后知不足，教然后知困。知不足，然后能自反也；知困，然后能自强也。故曰：教学相长也。《兑命》……,虽有嘉肴：虽有嘉肴，弗食，不知其旨也；虽有至道，弗学，不知其善也。,,初中古诗文,2,,,初中语文教材古诗文,初中
马说,韩愈,世有伯乐，然后有千里马。千里马常有，而伯乐不常有。故虽有名马，祗辱于奴隶人之手，骈死于槽枥之间，不以千里称也。马之千里者，一食或尽粟一石。食马者不知其能千里而食也。……,世有伯乐，然后有千里马。,,初中古诗文,2,,,初中语文教材古诗文,初中
岳阳楼记,范仲淹,庆历四年春，滕子京谪守巴陵郡。越明年，政通人和，百废具兴，乃重修岳阳楼，增其旧制，刻唐贤今人诗赋于其上。属予作文以记之。予观夫巴陵胜状，在洞庭一湖。衔远山，吞长江，……,庆历四年春，滕子京谪守巴陵郡。,,初中古诗文,2,,,初中语文教材古诗文,初中
醉翁亭记,欧阳修,环滁皆山也。其西南诸峰，林壑尤美。望之蔚然而深秀者，琅琊也。山行六七里，渐闻水声潺潺而泻出于两峰之间者，酿泉也。峰回路转，有亭翼然临于泉上者，醉翁亭也。作亭者谁？山……,环滁皆山也。,,初中古诗文,2,,,初中语文教材古诗文,初中
湖心亭看雪,张岱,崇祯五年十二月，余住西湖。大雪三日，湖中人鸟声俱绝。是日更定矣，余拏一小舟，拥毳衣炉火，独往湖心亭看雪。雾凇沆砀，天与云与山与水，上下一白。湖上影子，惟长堤一痕、湖……,崇祯五年十二月，余住西湖。,,初中古诗文,2,,,初中语文教材古诗文,初中
鱼我所欲也,孟子及其弟子,鱼，我所欲也；熊掌，亦我所欲也。二者不可得兼，舍鱼而取熊掌者也。生，亦我所欲也；义，亦我所欲也。二者不可得兼，舍生而取义者也。生亦我所欲，所欲有甚于生者，故不为苟得……,鱼，我所欲也；熊掌，亦我所欲也。,,初中古诗文,2,,,初中语文教材古诗文,初中
唐雎不辱使命,刘向,秦王使人谓安陵君曰：寡人欲以五百里之地易安陵，安陵君其许寡人！安陵君曰：大王加惠，以大易小，甚善；虽然，受地于先王，愿终守之，弗敢易！秦王不说。安陵君因使唐雎使于秦……,秦王使人谓安陵君曰：寡人欲以五百里之地易安陵，安陵君其许寡人！,,初中古诗文,2,,,初中语文教材古诗文,初中
送东阳马生序,宋濂,余幼时即嗜学。家贫，无从致书以观，每假借于藏书之家，手自笔录，计日以还。天大寒，砚冰坚，手指不可屈伸，弗之怠。录毕，走送之，不敢稍逾约。以是人多以书假余，余因得遍观……,余幼时即嗜学。,,初中古诗文,2,,,初中语文教材古诗文,初中
曹刿论战,左丘明,十年春，齐师伐我。公将战，曹刿请见。其乡人曰：肉食者谋之，又何间焉？刿曰：肉食者鄙，未能远谋。乃入见。问：何以战？公曰：衣食所安，弗敢专也，必以分人。对曰：小惠未遍……,十年春，齐师伐我。,,初中古诗文,2,,,初中语文教材古诗文,初中
邹忌讽秦王纳谏,刘向,邹忌修八尺有余，而形貌昳丽。朝服衣冠，窥镜，谓其妻曰：我孰与城北徐公美？其妻曰：君美甚，徐公何能及君也？城北徐公，齐国之美丽者也。忌不自信，而复问其妾曰：吾孰与徐公……,邹忌修八尺有余，而形貌昳丽。,,初中古诗文,2,,,初中语文教材古诗文,初中
陈涉世家,司马迁,陈胜者，阳城人也，字涉。吴广者，阳夏人也，字叔。陈涉少时，尝与人佣耕，辍耕之垄上，怅恨久之，曰：苟富贵，无相忘。佣者笑而应曰：若为佣耕，何富贵也？陈涉太息曰：嗟乎！……,陈胜者，阳城人也，字涉。,,初中古诗文,2,,,初中语文教材古诗文,初中
出师表,诸葛亮,先帝创业未半而中道崩殂，今天下三分，益州疲弊，此诚危急存亡之秋也。然侍卫之臣不懈于内，忠志之士忘身于外者，盖追先帝之殊遇，欲报之于陛下也。诚宜开张圣听，以光先帝遗德……,先帝创业未半而中道崩殂，今天下三分，益州疲弊，此诚危急存亡之秋也。,,初中古诗文,2,,,初中语文教材古诗文,初中
《论语》十二章,孔子弟子及再传弟子,子曰：“君子食无求饱，居无求安，敏于事而慎于言，就有道而正焉，可谓好学也已。”(《学而》)子曰：“人而不仁，如礼何？人而不仁，如乐何？”(《八佾》)子曰：“朝闻道，夕死……,子曰：“君子食无求饱，居无求安，敏于事而慎于言，就有道而正焉，可谓好学也已。,,高考古诗文,3,,,高考语文必背60篇,高中
劝学,《荀子》,君子曰：学不可以已。青，取之于蓝，而青于蓝；冰，水为之，而寒于水。木直中绳，𫐓以为轮，其曲中规。虽有槁暴，不复挺者，𫐓使之然也。故木受绳则直，金就砺则利，君子博学……,君子曰：学不可以已。,,高考古诗文,3,,,高考语文必背60篇,高中
屈原列传,司马迁,屈平疾王听之不聪也，谗谄之蔽明也，邪曲之害公也，方正之不容也，故忧愁幽思而作《离骚》。“离骚”者，犹离忧也。夫天者，人之始也；父母者，人之本也。人穷则反本，故劳苦倦……,屈平疾王听之不聪也，谗谄之蔽明也，邪曲之害公也，方正之不容也，故忧愁幽思而作《离骚》。,,高考古诗文,3,,,高考语文必背60篇,高中
谏太宗十思疏,魏征,臣闻求木之长者，必固其根本；欲流之远者，必浚其泉源；思国之安者，必积其德义。源不深而望流之远，根不固而求木之长，德不厚而思国之理，臣虽下愚，知其不可，而况于明哲乎！……,臣闻求木之长者，必固其根本；欲流之远者，必浚其泉源；思国之安者，必积其德义。,,高考古诗文,3,,,高考语文必背60篇,高中
师说,韩愈,古之学者必有师。师者，所以传道受业解惑也。人非生而知之者，孰能无惑？惑而不从师，其为惑也，终不解矣。生乎吾前，其闻道也固先乎吾，吾从而师之；生乎吾后，其闻道也亦先乎……,古之学者必有师。,,高考古诗文,3,,,高考语文必背60篇,高中
阿房宫赋,杜牧,六王毕，四海一，蜀山兀，阿房出。覆压三百余里，隔离天日。骊山北构而西折，直走咸阳。二川溶溶，流入宫墙。五步一楼，十步一阁；廊腰缦回，檐牙高啄；各抱地势，钩心斗角。盘……,六王毕，四海一，蜀山兀，阿房出。,,高考古诗文,3,,,高考语文必背60篇,高中
六国论,苏洵,六国破灭，非兵不利，战不善，弊在赂秦。赂秦而力亏，破灭之道也。或曰：六国互丧，率赂秦耶？曰：不赂者以赂者丧。盖失强援，不能独完。故曰：弊在赂秦也。秦以攻取之外，小则……,六国破灭，非兵不利，战不善，弊在赂秦。,,高考古诗文,3,,,高考语文必背60篇,高中
答司马谏议书,王安石,某启：昨日蒙教，窃以为与君实游处相好之日久，而议事每不合，所操之术多异故也。虽欲强聒，终必不蒙见察，故略上报，不复一一自辨。重念蒙君实视遇厚，于反覆不宜卤莽，故今具……,某启：昨日蒙教，窃以为与君实游处相好之日久，而议事每不合，所操之术多异故也。,,高考古诗文,3,,,高考语文必背60篇,高中
赤壁赋,苏轼,壬戌之秋，七月既望，苏子与客泛舟游于赤壁之下。清风徐来，水波不兴。举酒属客，诵明月之诗，歌窈窕之章。少焉，月出于东山之上，徘徊于斗牛之间。白露横江，水光接天。纵一苇……,壬戌之秋，七月既望，苏子与客泛舟游于赤壁之下。,,高考古诗文,3,,,高考语文必背60篇,高中
项脊轩志,归有光,项脊轩，旧南阁子也。室仅方丈，可容一人居。百年老屋，尘泥渗漉，雨泽下注；每移案，顾视无可置者。又北向，不能得日，日过午已昏。余稍为修葺，使不上漏。前辟四窗，垣墙周庭……,项脊轩，旧南阁子也。,,高考古诗文,3,,,高考语文必背60篇,高中
子路、曾晳、冉有、公西华侍坐,《论语》,子路、曾皙、冉有、公西华侍坐。子曰：“以吾一日长乎尔，毋吾以也。居则曰：‘不吾知也。’如或知尔，则何以哉？”子路率尔而对曰：“千乘之国，摄乎大国之间，加之以师旅，因……,子路、曾皙、冉有、公西华侍坐。,,高考古诗文,3,,,高考语文必背60篇,高中
报任安书,司马迁,古者富贵而名摩灭，不可胜记，唯倜傥非常之人称焉。盖文王拘而演《周易》；仲尼厄而作《春秋》；屈原放逐，乃赋《离骚》；左丘失明，厥有《国语》；孙子膑脚，《兵法》修列；不……,古者富贵而名摩灭，不可胜记，唯倜傥非常之人称焉。,,高考古诗文,3,,,高考语文必背60篇,高中
过秦论（上）,贾谊,秦孝公据崤函之固，拥雍州之地，君臣固守以窥周室，有席卷天下，包举宇内，囊括四海之意，并吞八荒之心。当是时也，商君佐之，内立法度，务耕织，修守战之具；外连衡而斗诸侯。……,秦孝公据崤函之固，拥雍州之地，君臣固守以窥周室，有席卷天下，包举宇内，囊括四海之意，并吞八荒之心。,,高考古诗文,3,,,高考语文必背60篇,高中
礼运,《礼记》,大道之行也，天下为公。选贤与能，讲信修睦。故人不独亲其亲，不独子其子，使老有所终，壮有所用，幼有所长，矜、寡、孤、独、废疾者皆有所养，男有分，女有归。货恶其弃于地也……,大道之行也，天下为公。,,高考古诗文,3,,,高考语文必背60篇,高中
陈情表,李密,臣密言：臣以险衅，夙遭闵凶。生孩六月，慈父见背；行年四岁，舅夺母志。祖母刘愍臣孤弱，躬亲抚养。臣少多疾病，九岁不行，零丁孤苦，至于成立。既无伯叔，终鲜兄弟，门衰祚薄……,臣密言：臣以险衅，夙遭闵凶。,,高考古诗文,3,,,高考语文必背60篇,高中
归去来兮辞,陶潜,归去来兮，田园将芜胡不归？既自以心为形役，奚惆怅而独悲？悟已往之不谏，知来者之可追。实迷途其未远，觉今是而昨非。舟遥遥以轻飏，风飘飘而吹衣。问征夫以前路，恨晨光之熹……,归去来兮，田园将芜胡不归？,,高考古诗文,3,,,高考语文必背60篇,高中
种树郭橐驼传,柳宗元,郭橐驼，不知始何名。病偻，隆然伏行，有类橐驼者，故乡人号之“驼”。驼闻之曰：“甚善。名我固当。”因舍其名，亦自谓“橐驼”云。其乡曰丰乐乡，在长安西。驼业种树，凡长安……,郭橐驼，不知始何名。,,高考古诗文,3,,,高考语文必背60篇,高中
五代史伶官传序,欧阳修,呜呼！盛衰之理，虽曰天命，岂非人事哉！原庄宗之所以得天下，与其所以失之者，可以知之矣。世言晋王之将终也，以三矢赐庄宗而告之曰：“梁，吾仇也；燕王吾所立，契丹与吾约为……,呜呼！,,高考古诗文,3,,,高考语文必背60篇,高中
石钟山记,苏轼,《水经》云：“彭蠡之口有石钟山焉。”郦元以为下临深潭，微风鼓浪，水石相搏，声如洪钟。是说也，人常疑之。今以钟磬置水中，虽大风浪不能鸣也，而况石乎！至唐李渤始访其遗踪……,《水经》云：“彭蠡之口有石钟山焉。,,高考古诗文,3,,,高考语文必背60篇,高中
登泰山记,姚鼐,泰山之阳，汶水西流；其阴，济水东流。阳谷皆入汶，阴谷皆入济。当其南北分者，古长城也。最高日观峰，在长城南十五里。余以乾隆三十九年十二月，自京师乘风雪，历齐河、长清，……,泰山之阳，汶水西流；其阴，济水东流。,,高考古诗文,3,,,高考语文必背60篇,高中
静女,《诗经·邶风》,静女其姝，俟我于城隅。爱而不见，搔首踟蹰。静女其娈，贻我彤管。彤管有炜，说怿女美。自牧归荑，洵美且异。匪女之为美，美人之贻。,静女其姝，俟我于城隅。,,高考古诗文,3,,,高考语文必背60篇,高中
无衣,《诗经·秦风》,岂曰无衣？与子同袍。王于兴师，修我戈矛，与子同仇。岂曰无衣？与子同泽。王于兴师，修我矛戟，与子偕作。岂曰无衣？与子同裳。王于兴师，修我甲兵，与子偕行。,岂曰无衣？,,高考古诗文,3,,,高考语文必背60篇,高中
离骚,屈原,帝高阳之苗裔兮，朕皇考曰伯庸。摄提贞于孟陬兮，惟庚寅吾以降。皇览揆余初度兮，肇锡余以嘉名。名余曰正则兮，字余曰灵均。纷吾既有此内美兮，又重之以修能。扈江离与辟芷兮，……,帝高阳之苗裔兮，朕皇考曰伯庸。,,高考古诗文,3,,,高考语文必背60篇,高中
涉江采芙蓉,《古诗十九首》,涉江采芙蓉，兰泽多芳草。采之欲遗谁？所思在远道。还顾望旧乡，长路漫浩浩。同心而离居，忧伤以终老。,涉江采芙蓉，兰泽多芳草。,,高考古诗文,3,,,高考语文必背60篇,高中
短歌行,曹操,对酒当歌，人生几何！譬如朝露，去日苦多。慨当以慷，忧思难忘。何以解忧？唯有杜康。青青子衿，悠悠我心。但为君故，沉吟至今。呦呦鹿鸣，食野之苹。我有嘉宾，鼓瑟吹笙。明明……,对酒当歌，人生几何！,,高考古诗文,3,,,高考语文必背60篇,高中
归园田居（其一）,陶潜,少无适俗韵，性本爱丘山。误落尘网中，一去三十年。羁鸟恋旧林，池鱼思故渊。开荒南野际，守拙归园田。方宅十余亩，草屋八九间。榆柳荫后檐，桃李罗堂前。暧暧远人村，依依墟里……,少无适俗韵，性本爱丘山。,,高考古诗文,3,,,高考语文必背60篇,高中
拟行路难（其四）,鲍照,泻水置平地，各自东西南北流。人生亦有命，安能行叹复坐愁！酌酒以自宽，举杯断绝歌《路难》。心非木石岂无感？吞声踯躅不敢言。,泻水置平地，各自东西南北流。,,高考古诗文,3,,,高考语文必背60篇,高中
春江花月夜,张若虚,春江潮水连海平，海上明月共潮生。滟滟随波千万里，何处春江无月明。江流宛转绕芳甸，月照花林皆似霰。空里流霜不觉飞，汀上白沙看不见。江天一色无纤尘，皎皎空中孤月轮。江畔……,春江潮水连海平，海上明月共潮生。,,高考古诗文,3,,,高考语文必背60篇,高中
山居秋暝,王维,空山新雨后，天气晚来秋。明月松间照，清泉石上流。竹喧归浣女，莲动下渔舟。随意春芳歇，王孙自可留。,空山新雨后，天气晚来秋。,,高考古诗文,3,,,高考语文必背60篇,高中
蜀道难,李白,噫吁嚱，危乎高哉！蜀道之难，难于上青天！蚕丛及鱼凫，开国何茫然！尔来四万八千岁，不与秦塞通人烟。西当太白有鸟道，可以横绝峨眉巅。地崩山摧壮士死，然后天梯石栈相钩连。……,噫吁嚱，危乎高哉！,,高考古诗文,3,,,高考语文必背60篇,高中
梦游天姥吟留别,李白,海客谈瀛洲，烟涛微茫信难求；越人语天姥，云霞明灭或可睹。天姥连天向天横，势拔五岳掩赤城。天台四万八千丈，对此欲倒东南倾。我欲因之梦吴越，一夜飞度镜湖月。湖月照我影，……,海客谈瀛洲，烟涛微茫信难求；越人语天姥，云霞明灭或可睹。,,高考古诗文,3,,,高考语文必背60篇,高中
将进酒,李白,君不见黄河之水天上来，奔流到海不复回。君不见高堂明镜悲白发，朝如青丝暮成雪。人生得意须尽欢，莫使金樽空对月。天生我材必有用，千金散尽还复来。烹羊宰牛且为乐，会须一饮……,君不见黄河之水天上来，奔流到海不复回。,,高考古诗文,3,,,高考语文必背60篇,高中
燕歌行,高适,汉家烟尘在东北，汉将辞家破残贼。男儿本自重横行，天子非常赐颜色。𪭢金伐鼓下榆关，旌旆逶迤碣石间。校尉羽书飞瀚海，单于猎火照狼山。山川萧条极边土，胡骑凭陵杂风雨。战……,汉家烟尘在东北，汉将辞家破残贼。,,高考古诗文,3,,,高考语文必背60篇,高中
蜀相,杜甫,丞相祠堂何处寻？锦官城外柏森森。映阶碧草自春色，隔叶黄鹂空好音。三顾频烦天下计，两朝开济老臣心。出师未捷身先死，长使英雄泪满襟。,丞相祠堂何处寻？,,高考古诗文,3,,,高考语文必背60篇,高中
客至,杜甫,舍南舍北皆春水，但见群鸥日日来。花径不曾缘客扫，蓬门今始为君开。盘飧市远无兼味，樽酒家贫只旧醅。肯与邻翁相对饮，隔篱呼取尽余杯。,舍南舍北皆春水，但见群鸥日日来。,,高考古诗文,3,,,高考语文必背60篇,高中
登高,杜甫,风急天高猿啸哀，渚清沙白鸟飞回。无边落木萧萧下，不尽长江滚滚来。万里悲秋常作客，百年多病独登台。艰难苦恨繁霜鬓，潦倒新停浊酒杯。,风急天高猿啸哀，渚清沙白鸟飞回。,,高考古诗文,3,,,高考语文必背60篇,高中
登岳阳楼,杜甫,昔闻洞庭水，今上岳阳楼。吴楚东南坼，乾坤日夜浮。亲朋无一字，老病有孤舟。戎马关山北，凭轩涕泗流。,昔闻洞庭水，今上岳阳楼。,,高考古诗文,3,,,高考语文必背60篇,高中
琵琶行,白居易,浔阳江头夜送客，枫叶荻花秋瑟瑟。主人下马客在船，举酒欲饮无管弦。醉不成欢惨将别，别时茫茫江浸月。忽闻水上琵琶声，主人忘归客不发。寻声暗问弹者谁，琵琶声停欲语迟。移船……,浔阳江头夜送客，枫叶荻花秋瑟瑟。,,高考古诗文,3,,,高考语文必背60篇,高中
李凭箜篌引,李贺,吴丝蜀桐张高秋，空山凝云颓不流。江娥啼竹素女愁，李凭中国弹箜篌。昆山玉碎凤凰叫，芙蓉泣露香兰笑。十二门前融冷光，二十三丝动紫皇。女娲炼石补天处，石破天惊逗秋雨。梦入……,吴丝蜀桐张高秋，空山凝云颓不流。,,高考古诗文,3,,,高考语文必背60篇,高中
菩萨蛮（小山重叠金明灭）,温庭筠,小山重叠金明灭，鬓云欲度香腮雪。懒起画蛾眉，弄妆梳洗迟。照花前后镜，花面交相映。新贴绣罗襦，双双金鹧鸪。,小山重叠金明灭，鬓云欲度香腮雪。,,高考古诗文,3,,,高考语文必背60篇,高中
锦瑟,李商隐,锦瑟无端五十弦，一弦一柱思华年。庄生晓梦迷蝴蝶，望帝春心托杜鹃。沧海月明珠有泪，蓝田日暖玉生烟。此情可待成追忆，只是当时已惘然。,锦瑟无端五十弦，一弦一柱思华年。,,高考古诗文,3,,,高考语文必背60篇,高中
虞美人（春花秋月何时了）,李煜,春花秋月何时了？往事知多少。小楼昨夜又东风，故国不堪回首月明中。雕栏玉砌应犹在，只是朱颜改。问君能有几多愁？恰似一江春水向东流。,春花秋月何时了？,,高考古诗文,3,,,高考语文必背60篇,高中
望海潮（东南形胜）,柳永,东南形胜，三吴都会，钱塘自古繁华。烟柳画桥，风帘翠幕，参差十万人家。云树绕堤沙，怒涛卷霜雪，天堑无涯。市列珠玑，户盈罗绮，竞豪奢。重湖叠𪩘清嘉，有三秋桂子，十里荷……,东南形胜，三吴都会，钱塘自古繁华。,,高考古诗文,3,,,高考语文必背60篇,高中
桂枝香·金陵怀古,王安石,登临送目，正故国晚秋，天气初肃。千里澄江似练，翠峰如簇。归帆去棹残阳里，背西风，酒旗斜矗。彩舟云淡，星河鹭起，画图难足。念往昔，繁华竞逐，叹门外楼头，悲恨相续。千古……,登临送目，正故国晚秋，天气初肃。,,高考古诗文,3,,,高考语文必背60篇,高中
江城子·乙卯正月二十日夜记梦,苏轼,十年生死两茫茫。不思量，自难忘。千里孤坟，无处话凄凉。纵使相逢应不识，尘满面，鬓如霜。夜来幽梦忽还乡。小轩窗，正梳妆。相顾无言，惟有泪千行。料得年年肠断处，明月夜，……,十年生死两茫茫。,,高考古诗文,3,,,高考语文必背60篇,高中
念奴娇·赤壁怀古,苏轼,大江东去，浪淘尽，千古风流人物。故垒西边，人道是，三国周郎赤壁。乱石穿空，惊涛拍岸，卷起千堆雪。江山如画，一时多少豪杰。遥想公瑾当年，小乔初嫁了，雄姿英发。羽扇纶巾……,大江东去，浪淘尽，千古风流人物。,,高考古诗文,3,,,高考语文必背60篇,高中
登快阁,黄庭坚,痴儿了却公家事，快阁东西倚晚晴。落木千山天远大，澄江一道月分明。朱弦已为佳人绝，青眼聊因美酒横。万里归船弄长笛，此心吾与白鸥盟。,痴儿了却公家事，快阁东西倚晚晴。,,高考古诗文,3,,,高考语文必背60篇,高中
鹊桥仙（纤云弄巧）,秦观,纤云弄巧，飞星传恨，银汉迢迢暗度。金风玉露一相逢，便胜却人间无数。柔情似水，佳期如梦，忍顾鹊桥归路！两情若是久长时，又岂在朝朝暮暮。,纤云弄巧，飞星传恨，银汉迢迢暗度。,,高考古诗文,3,,,高考语文必背60篇,高中
苏幕遮（燎沉香）,周邦彦,燎沉香，消溽暑。鸟雀呼晴，侵晓窥檐语。叶上初阳干宿雨，水面清圆，一一风荷举。故乡遥，何日去？家住吴门，久作长安旅。五月渔郎相忆否？小楫轻舟，梦入芙蓉浦。,燎沉香，消溽暑。,,高考古诗文,3,,,高考语文必背60篇,高中
声声慢（寻寻觅觅）,李清照,寻寻觅觅，冷冷清清，凄凄惨惨戚戚。乍暖还寒时候，最难将息。三杯两盏淡酒，怎敌他、晚来风急！雁过也，正伤心，却是旧时相识。满地黄花堆积，憔悴损，如今有谁堪摘？守着窗儿……,寻寻觅觅，冷冷清清，凄凄惨惨戚戚。,,高考古诗文,3,,,高考语文必背60篇,高中
书愤（早岁那知世事艰）,陆游,早岁那知世事艰，中原北望气如山。楼船夜雪瓜洲渡，铁马秋风大散关。塞上长城空自许，镜中衰鬓已先斑。出师一表真名世，千载谁堪伯仲间！,早岁那知世事艰，中原北望气如山。,,高考古诗文,3,,,高考语文必背60篇,高中
临安春雨初霁,陆游,世味年来薄似纱，谁令骑马客京华。小楼一夜听春雨，深巷明朝卖杏花。矮纸斜行闲作草，晴窗细乳戏分茶。素衣莫起风尘叹，犹及清明可到家。,世味年来薄似纱，谁令骑马客京华。,,高考古诗文,3,,,高考语文必背60篇,高中
念奴娇·过洞庭,张孝祥,洞庭青草，近中秋，更无一点风色。玉鉴琼田三万顷，着我扁舟一叶。素月分辉，明河共影，表里俱澄澈。悠然心会，妙处难与君说。应念岭海经年，孤光自照，肝肺皆冰雪。短发萧骚襟……,洞庭青草，近中秋，更无一点风色。,,高考古诗文,3,,,高考语文必背60篇,高中
永遇乐·京口北固亭怀古,辛弃疾,千古江山，英雄无觅，孙仲谋处。舞榭歌台，风流总被，雨打风吹去。斜阳草树，寻常巷陌，人道寄奴曾住。想当年，金戈铁马，气吞万里如虎。元嘉草草，封狼居胥，赢得仓皇北顾。四……,千古江山，英雄无觅，孙仲谋处。,,高考古诗文,3,,,高考语文必背60篇,高中
菩萨蛮·书江西造口壁,辛弃疾,郁孤台下清江水，中间多少行人泪？西北望长安，可怜无数山。青山遮不住，毕竟东流去。江晚正愁余，山深闻鹧鸪。,郁孤台下清江水，中间多少行人泪？,,高考古诗文,3,,,高考语文必背60篇,高中
青玉案·元夕,辛弃疾,东风夜放花千树，更吹落、星如雨。宝马雕车香满路。凤箫声动，玉壶光转，一夜鱼龙舞。蛾儿雪柳黄金缕，笑语盈盈暗香去。众里寻他千百度，蓦然回首，那人却在，灯火阑珊处。,东风夜放花千树，更吹落、星如雨。,,高考古诗文,3,,,高考语文必背60篇,高中
贺新郎（国脉微如缕）,刘克庄,国脉微如缕。问长缨何时入手，缚将戎主？未必人间无好汉，谁与宽些尺度？试看取当年韩五。岂有谷城公付授，也不干曾遇骊山母。谈笑起，两河路。少时棋柝曾联句。叹而今登楼揽镜……,国脉微如缕。,,高考古诗文,3,,,高考语文必背60篇,高中
扬州慢（淮左名都）,姜夔,淮左名都，竹西佳处，解鞍少驻初程。过春风十里，尽荠麦青青。自胡马窥江去后，废池乔木，犹厌言兵。渐黄昏，清角吹寒，都在空城。杜郎俊赏，算而今，重到须惊。纵豆蔻词工，青……,淮左名都，竹西佳处，解鞍少驻初程。,,高考古诗文,3,,,高考语文必背60篇,高中
长亭送别（【正宫】【端正好】）,王实甫,【正宫】【端正好】碧云天，黄花地，西风紧，北雁南飞。晓来谁染霜林醉？总是离人泪。,【正宫】【端正好】碧云天，黄花地，西风紧，北雁南飞。,,高考古诗文,3,,,高考语文必背60篇,高中
朝天子·咏喇叭,王磐,喇叭，唢呐，曲儿小腔儿大。官船来往乱如麻，全仗你抬声价。军听了军愁，民听了民怕。哪里去辨甚么真共假？眼见的吹翻了这家，吹伤了那家，只吹的水尽鹅飞罢！,喇叭，唢呐，曲儿小腔儿大。,,高考古诗文,3,,,高考语文必背60篇,高中
