text,phonetic,meaning,example,audio,tag,difficulty,root,inflections,source,grade
a,ə， eɪ,art. 一（个、件……）,,,高考3500,3,,,新课标高考词汇,高中
an,æn; ən,art. 一（个、件……）用于元音前,,,高考3500,3,,,新课标高考词汇,高中
abandon,əˈbændən,v.抛弃，舍弃，放弃,,,高考3500,3,,,新课标高考词汇,高中
ability,əˈbɪlɪtɪ,n. 能力；才能,,,高考3500,3,,,新课标高考词汇,高中
able,ˈeɪb(ə)l,a. 能够；有能力的,,,高考3500,3,,,新课标高考词汇,高中
abnormal,æbˈnɔːm(ə)l,a. 反常的，变态的,,,高考3500,3,,,新课标高考词汇,高中
aboard,əˈbɔːd,prep. 上（船，飞机，火车，汽车等）,,,高考3500,3,,,新课标高考词汇,高中
abolish,əˈbɔlɪʃ,v. 废除，废止,,,高考3500,3,,,新课标高考词汇,高中
abortion,əˈbɔːʃ(ə)n,v. 人工流产，堕胎,,,高考3500,3,,,新课标高考词汇,高中
about,əˈbaʊt,ad. 大约；到处；四处 prep. 关于；在各处；四处,,,高考3500,3,,,新课标高考词汇,高中
above,əˈbʌv,prep. 在……上面 a. 上面的 ad. 在……之上,,,高考3500,3,,,新课标高考词汇,高中
abroad,əˈbrɔːd,ad. 到（在）国外,,,高考3500,3,,,新课标高考词汇,高中
abrupt,əˈbrʌpt,a. 突然的，意外的，粗鲁,,,高考3500,3,,,新课标高考词汇,高中
absence,ˈæbsəns,n. 不在，缺席,,,高考3500,3,,,新课标高考词汇,高中
absent,ˈæbsənt,a. 缺席， 不在,,,高考3500,3,,,新课标高考词汇,高中
absolute,ˈæbsəluːt,a. 完全，全部，绝对的,,,高考3500,3,,,新课标高考词汇,高中
absorb,əbˈsɔːb,v. 吸收，使全神贯注,,,高考3500,3,,,新课标高考词汇,高中
abstract,ˈæbstrækt,a./ n. 抽象的（作品）,,,高考3500,3,,,新课标高考词汇,高中
absurd,əbˈsɜːd,a.荒谬的，怪诞不经的,,,高考3500,3,,,新课标高考词汇,高中
abundant,əˈbʌndənt,a.大量，丰盛的，充裕的,,,高考3500,3,,,新课标高考词汇,高中
abuse,əˈbjuːz,v.（酗酒）滥用，虐待，恶语,,,高考3500,3,,,新课标高考词汇,高中
academic,ækəˈdemɪk,a. / n. 学术的，教学的,,,高考3500,3,,,新课标高考词汇,高中
academy,əˈkædəmɪ,n.专科学院，（美）私立学校,,,高考3500,3,,,新课标高考词汇,高中
accelerate,əkˈseləreɪt,v.（使）加速，加快,,,高考3500,3,,,新课标高考词汇,高中
accent,ˈæksənt,n. 口音，音调,,,高考3500,3,,,新课标高考词汇,高中
accept,əkˈsept,vt. 接受,,,高考3500,3,,,新课标高考词汇,高中
access,ˈækses,n. / v. 通道，入径，存取（计算机文件）,,,高考3500,3,,,新课标高考词汇,高中
accessible,əkˈsesɪb(ə)l,a. 可到达的，可接受的，易相处的）,,,高考3500,3,,,新课标高考词汇,高中
accident,ˈæksɪdənt,n. 事故，意外的事,,,高考3500,3,,,新课标高考词汇,高中
accommodation,əkɔməˈdeɪʃ(ə)n,n.住宿，膳宿,,,高考3500,3,,,新课标高考词汇,高中
accompany,əˈkʌmpənɪ,v. 陪同，陪伴，与…同时发生,,,高考3500,3,,,新课标高考词汇,高中
accomplish,əˈkʌmplɪʃ,v. 完成,,,高考3500,3,,,新课标高考词汇,高中
according to,əˈkɔːdɪŋ tʊ,ad. 按照，根据,,,高考3500,3,,,新课标高考词汇,高中
account,əˈkaʊnt,n. 账目;描述,,,高考3500,3,,,新课标高考词汇,高中
accountant,əˈkaʊnt(ə)nt,n. 会计，会计师,,,高考3500,3,,,新课标高考词汇,高中
accumulate,əˈkjuːmjʊleɪt,v. 积累，积聚,,,高考3500,3,,,新课标高考词汇,高中
accuracy,ˈækjʊrəsɪ,n. 准确，精确,,,高考3500,3,,,新课标高考词汇,高中
accuse,əˈkjuːz,v. 正确无误的，精确的,,,高考3500,3,,,新课标高考词汇,高中
accustomed,əˈkʌstəmd,a. 习惯于，惯常的,,,高考3500,3,,,新课标高考词汇,高中
ache,eɪk,vi.& n. 痛，疼痛,,,高考3500,3,,,新课标高考词汇,高中
achieve,əˈtʃiːv,vt. 达到，取得,,,高考3500,3,,,新课标高考词汇,高中
achievement,əˈtʃiːvmənt,n. 成就，成绩，功绩,,,高考3500,3,,,新课标高考词汇,高中
acid,ˈæsɪd,a. 酸的,,,高考3500,3,,,新课标高考词汇,高中
acknowledge,əkˈnɔlɪdʒ,v. 承认,,,高考3500,3,,,新课标高考词汇,高中
acquaintance,əˈkweɪntəns,n. 熟人，（与某人）认识,,,高考3500,3,,,新课标高考词汇,高中
acquire,əˈkwaɪə(r),v. 获得，得到,,,高考3500,3,,,新课标高考词汇,高中
acquisition,ækwɪˈzɪʃ(ə)n,n. 获得，得到,,,高考3500,3,,,新课标高考词汇,高中
acre,ˈeɪkə(r),n. 英亩,,,高考3500,3,,,新课标高考词汇,高中
across,əˈkrɔs,prep. 横过，穿过,,,高考3500,3,,,新课标高考词汇,高中
act,ækt,n. 法令，条例 v. （戏）表演，扮演（角色），演出（戏）；行动，做事,,,高考3500,3,,,新课标高考词汇,高中
action,ˈækʃ(ə)n,n. 行动,,,高考3500,3,,,新课标高考词汇,高中
active,ˈæktɪv,a. 积极的，主动的,,,高考3500,3,,,新课标高考词汇,高中
activity,ækˈtɪvɪtɪ,n. 活动,,,高考3500,3,,,新课标高考词汇,高中
actor,ˈæktə(r),n. 男演员,,,高考3500,3,,,新课标高考词汇,高中
actress,ˈæktrɪs,n. 女演员,,,高考3500,3,,,新课标高考词汇,高中
actual,ˈæktʃʊəl,a. 实际的； 现实的,,,高考3500,3,,,新课标高考词汇,高中
acute,,a.十分严重的，（病）急性的,,,高考3500,3,,,新课标高考词汇,高中
AD,,n. 公元,,,高考3500,3,,,新课标高考词汇,高中
ad,æd,(缩) =advertisement n.广告,,,高考3500,3,,,新课标高考词汇,高中
adapt,əˈdæpt,v. 使适应，适合，改编,,,高考3500,3,,,新课标高考词汇,高中
adaptation,ədæpˈteɪʃ(ə)n,n. 适应，改编本,,,高考3500,3,,,新课标高考词汇,高中
add,æd,vt.添加，增加,,,高考3500,3,,,新课标高考词汇,高中
addicted,əˈdɪktɪd,a. 上瘾，成瘾，入迷,,,高考3500,3,,,新课标高考词汇,高中
addition,əˈdɪʃ(ə)n,n.增加;（算数用语）加,,,高考3500,3,,,新课标高考词汇,高中
address,əˈdres,n. 地址,,,高考3500,3,,,新课标高考词汇,高中
adequate,ˈædɪkwət,a. 合适的，合乎需要的,,,高考3500,3,,,新课标高考词汇,高中
adjust,əˈdʒʌst,v.调整，调节，适应，习惯,,,高考3500,3,,,新课标高考词汇,高中
adjustment,əˈdʒʌstmənt,n. 调整，适应,,,高考3500,3,,,新课标高考词汇,高中
administration,ədmɪnɪˈstreɪʃ(ə)n,n.管理，行政部门,,,高考3500,3,,,新课标高考词汇,高中
admirable,ˈædmərəb(ə)l,a.值得赞赏的，可钦佩的,,,高考3500,3,,,新课标高考词汇,高中
admire,ədˈmaɪə(r),v. 钦佩；羡慕,,,高考3500,3,,,新课标高考词汇,高中
admission,ədˈmɪʃ(ə)n,n. 准入， 接纳,,,高考3500,3,,,新课标高考词汇,高中
admit,ədˈmɪt,vt. 承认，准许（入场，入学，入会）,,,高考3500,3,,,新课标高考词汇,高中
adolescence,ædəʊˈlesns,n. 青春，青春期,,,高考3500,3,,,新课标高考词汇,高中
adolescent,ædəˈlesənt,n. 青少年,,,高考3500,3,,,新课标高考词汇,高中
adopt,əˈdɔpt,v. 收养，领养,,,高考3500,3,,,新课标高考词汇,高中
adore,əˈdɔː(r),v. （不用于进行时）热爱，爱慕某人,,,高考3500,3,,,新课标高考词汇,高中
adult,ˈædʌlt,n. 成年人,,,高考3500,3,,,新课标高考词汇,高中
advance,ədˈvɑːns; (US) ədˈvæns,v. 推进，促进；前进,,,高考3500,3,,,新课标高考词汇,高中
advantage,ədˈvɑːntɪdʒ,n. 优点； 好处,,,高考3500,3,,,新课标高考词汇,高中
adventure,ədˈventʃə(r),n. 冒险； 奇遇,,,高考3500,3,,,新课标高考词汇,高中
advertise,ˈædvətaɪz,vt. 为……做广告,,,高考3500,3,,,新课标高考词汇,高中
advertisement,ədˈvɜːtɪsmənt,n. 广告,,,高考3500,3,,,新课标高考词汇,高中
advice,ədˈvaɪs,n. 忠告，劝告，建议,,,高考3500,3,,,新课标高考词汇,高中
advise,ədˈvaɪz,vt. 忠告，劝告，建议,,,高考3500,3,,,新课标高考词汇,高中
advocate,ˈædvəkət,v. 拥护，支持，提倡,,,高考3500,3,,,新课标高考词汇,高中
aeroplane,`erə，pleɪn,n. (英)飞机,,,高考3500,3,,,新课标高考词汇,高中
affair,əˈfeə(r),n. 事，事情,,,高考3500,3,,,新课标高考词汇,高中
affect,əˈfekt,vt. 影响,,,高考3500,3,,,新课标高考词汇,高中
affection,əˈfekʃ(ə)n,n. 喜爱，钟爱,,,高考3500,3,,,新课标高考词汇,高中
afford,əˈfɔːd,vt. 负担得起（……的费用）；抽得出（时间）；提供,,,高考3500,3,,,新课标高考词汇,高中
afraid,əˈfreɪd,a. 害怕的；担心,,,高考3500,3,,,新课标高考词汇,高中
Africa,ˈæfrɪkə,* n. 非洲,,,高考3500,3,,,新课标高考词汇,高中
African,ˈæfrɪkən,a. 非洲的，非洲人的 n. 非洲人,,,高考3500,3,,,新课标高考词汇,高中
after,ˈɑːftə(r),r ad. 在后；后来prep. 在…之后；在 后面 conj. 在…以后,,,高考3500,3,,,新课标高考词汇,高中
afternoon,ɑːftəˈnuːn,n. 下午，午后,,,高考3500,3,,,新课标高考词汇,高中
afterward,ˈɑːftəwəd,ad. 后来,,,高考3500,3,,,新课标高考词汇,高中
again,əˈɡeɪn,ad. 再一次；再，又,,,高考3500,3,,,新课标高考词汇,高中
against,əˈɡeɪnst,prep. 对着，反对,,,高考3500,3,,,新课标高考词汇,高中
age,eɪdʒ,n. 年龄；时代,,,高考3500,3,,,新课标高考词汇,高中
agency,ˈeɪdʒənsɪ,n. 代理机构,,,高考3500,3,,,新课标高考词汇,高中
agenda,əˈdʒendə,n. （会议）议程表，议事日程,,,高考3500,3,,,新课标高考词汇,高中
agent,ˈeɪdʒənt,n. 代理人，经济人,,,高考3500,3,,,新课标高考词汇,高中
aggression,ˈəɡreʃ(ə)n,n. 侵略,,,高考3500,3,,,新课标高考词汇,高中
aggressive,ˈəɡresɪv,a. 侵略的；咄咄逼人,,,高考3500,3,,,新课标高考词汇,高中
ago,əˈɡəʊ,ad. 以前,,,高考3500,3,,,新课标高考词汇,高中
agree,əˈɡriː,v. 同意；应允,,,高考3500,3,,,新课标高考词汇,高中
agreement,əˈɡriːmənt,n. 同意，一致；协定，协议,,,高考3500,3,,,新课标高考词汇,高中
agricultural,æɡrɪˈkʌltʃər(ə)l,a. 农业的,,,高考3500,3,,,新课标高考词汇,高中
agriculture,ˈæɡrɪkʌltʃə(r),n. 农业，农学,,,高考3500,3,,,新课标高考词汇,高中
ahead,əˈhed,ad. 在前，向前,,,高考3500,3,,,新课标高考词汇,高中
aid,eɪd,n. 援助；救护；辅助器具,,,高考3500,3,,,新课标高考词汇,高中
AIDS,eɪdz,n. 艾滋病,,,高考3500,3,,,新课标高考词汇,高中
aim,eɪm,n.目的；目标 v. 计划，打算；瞄准；针对,,,高考3500,3,,,新课标高考词汇,高中
air,eə(r),n. 空气；大气,,,高考3500,3,,,新课标高考词汇,高中
aircraft,ˈeəkrɑːft,n. 飞机 (单复数同),,,高考3500,3,,,新课标高考词汇,高中
airline,'ɛrlaɪn,n. 航空公司；航空系统,,,高考3500,3,,,新课标高考词汇,高中
airmail,ˈeəmeɪl,n. 航空邮件,,,高考3500,3,,,新课标高考词汇,高中
airplane,ˈeəpleɪn,n. （美）飞机,,,高考3500,3,,,新课标高考词汇,高中
airport,ˈeəpɔːt,n. 航空站，飞机场,,,高考3500,3,,,新课标高考词汇,高中
airspace,ˈeəspeɪs,n.领空，（某国的）空域,,,高考3500,3,,,新课标高考词汇,高中
alarm,əˈlɑːm,n. 警报,,,高考3500,3,,,新课标高考词汇,高中
album,ˈælbəm,n. 相册，影集，集邮簿,,,高考3500,3,,,新课标高考词汇,高中
alcohol,ˈælkəhɔl,n. 含酒精饮料，酒,,,高考3500,3,,,新课标高考词汇,高中
alcoholic,ælkəˈhɔlɪk,a. / n. 含酒精的，酒鬼,,,高考3500,3,,,新课标高考词汇,高中
algebra,ˈældʒɪbrə,n. 代数,,,高考3500,3,,,新课标高考词汇,高中
alike,əˈlaɪk,ad. 很相似地，同样地,,,高考3500,3,,,新课标高考词汇,高中
alive,əˈlaɪv,a. 活着的，存在的,,,高考3500,3,,,新课标高考词汇,高中
all,ɔːl,ad. 全部地 a. 全（部）;所有的;总;整 pron.全部;全体人员,,,高考3500,3,,,新课标高考词汇,高中
allergic,əˈlɜːdʒɪk,a. 过敏的，厌恶,,,高考3500,3,,,新课标高考词汇,高中
alley,ˈælɪ,n. 小巷，胡同,,,高考3500,3,,,新课标高考词汇,高中
allocate,ˈæləkeɪt,v. 拨给，划归，分配…给,,,高考3500,3,,,新课标高考词汇,高中
allow,əˈlaʊ,vt. 允许，准许,,,高考3500,3,,,新课标高考词汇,高中
allowance,əˈlaʊəns,n. 津贴，补助,,,高考3500,3,,,新课标高考词汇,高中
almost,ˈɔːlməʊst,ad. 几乎，差不多,,,高考3500,3,,,新课标高考词汇,高中
alone,əˈləʊn,a. 单独的，孤独的,,,高考3500,3,,,新课标高考词汇,高中
along,əˈlɔŋ; (US) əˈlɔŋ,ad. 向前；和…一起；一同 prep. 沿着；顺着,,,高考3500,3,,,新课标高考词汇,高中
alongside,əlɔŋˈsaɪd; (US) əlɔːŋˈsaɪd,ad.在…旁边，与…同时,,,高考3500,3,,,新课标高考词汇,高中
aloud,əˈlaʊd,ad. 大声地,,,高考3500,3,,,新课标高考词汇,高中
alphabet,ˈælfəbet,n. 字母表，字母,,,高考3500,3,,,新课标高考词汇,高中
already,ɔːlˈredɪ,ad. 已经,,,高考3500,3,,,新课标高考词汇,高中
also,ˈɔːlsəʊ,ad. 也,,,高考3500,3,,,新课标高考词汇,高中
alternative,ɔːlˈtɜːnətɪv,a.可供替代，非传统的,,,高考3500,3,,,新课标高考词汇,高中
although,ɔːlˈðəʊ,conj. 虽然，尽管,,,高考3500,3,,,新课标高考词汇,高中
altitude,ˈæltɪtjuːd; (US) ælˈtɪtuːd,n. 海拔高度,,,高考3500,3,,,新课标高考词汇,高中
altogether,ɔːltəˈɡeðə(r),ad. 总共,,,高考3500,3,,,新课标高考词汇,高中
aluminium,æljʊˈmɪnɪəm,n. （化）铝,,,高考3500,3,,,新课标高考词汇,高中
always,ˈɔːlweɪz,ad. 总是；一直；永远,,,高考3500,3,,,新课标高考词汇,高中
am,æm,v. be的人称形式之一 ,,,高考3500,3,,,新课标高考词汇,高中
a.m.,,n. 午前，上午【小写】,,,高考3500,3,,,新课标高考词汇,高中
amateur,ˈæmətə(r),a. 业余爱好的,,,高考3500,3,,,新课标高考词汇,高中
amaze,əˈmeɪz,v. 惊奇，惊叹；震惊,,,高考3500,3,,,新课标高考词汇,高中
amazing,əˈmeɪzɪŋ,a.惊奇，惊叹的;震惊的,,,高考3500,3,,,新课标高考词汇,高中
ambassador ambassadress,æmˈbæsədə(r),n.大使,,,高考3500,3,,,新课标高考词汇,高中
ambassadress,æmˈbæsədres,n.大使夫人；女大使,,,高考3500,3,,,新课标高考词汇,高中
ambiguous,æmˈbɪɡjʊəs,a. 模棱两可的,,,高考3500,3,,,新课标高考词汇,高中
ambition,æmˈbɪʃ(ə)n,n.目标，野心，雄心，抱负,,,高考3500,3,,,新课标高考词汇,高中
ambulance,ˈæmbjʊləns,n. 救护车,,,高考3500,3,,,新课标高考词汇,高中
America,əˈmerɪkə,* n. 美国；美洲,,,高考3500,3,,,新课标高考词汇,高中
American,əˈmerɪkən,a. 美国的；美国人的n. 美国人,,,高考3500,3,,,新课标高考词汇,高中
among,əˈmʌŋ,prep. 在…中间；在（三个以上）之间,,,高考3500,3,,,新课标高考词汇,高中
amount,əˈmaʊnt,n. / v. 金额，数量，总计,,,高考3500,3,,,新课标高考词汇,高中
ample,ˈæmp(ə)l,a. 足够的，丰裕的,,,高考3500,3,,,新课标高考词汇,高中
amuse,əˈmjuːz,vt. （使人）快乐，逗乐,,,高考3500,3,,,新课标高考词汇,高中
amusement,əˈmjuːzmənt,n. 娱乐,,,高考3500,3,,,新课标高考词汇,高中
analyze,`ænl，aɪz,v. 分析,,,高考3500,3,,,新课标高考词汇,高中
analysis,əˈnæləsɪs,n. 分析，分析结果,,,高考3500,3,,,新课标高考词汇,高中
ancestor,ˈænsəstə(r),n. 祖宗； 祖先,,,高考3500,3,,,新课标高考词汇,高中
anchor,'æŋkɚ,v. / n. 锚，抛锚,,,高考3500,3,,,新课标高考词汇,高中
ancient,ˈeɪnʃənt,a. 古代的，古老的,,,高考3500,3,,,新课标高考词汇,高中
and,ənd， ænd,conj. 和；又；而,,,高考3500,3,,,新课标高考词汇,高中
anecdote,ˈænɪkdəʊt,n. 逸事，趣闻,,,高考3500,3,,,新课标高考词汇,高中
anger,ˈæŋɡə(r),n. 怒，愤怒,,,高考3500,3,,,新课标高考词汇,高中
angle,ˈæŋɡ(ə)l,n. 角度,,,高考3500,3,,,新课标高考词汇,高中
angry,ˈænɡrɪ,a. 生气的，愤怒的,,,高考3500,3,,,新课标高考词汇,高中
animal,ˈænɪm(ə)l,n. 动物,,,高考3500,3,,,新课标高考词汇,高中
ankle,ˈæŋk(ə)l,n. 踝，踝关节,,,高考3500,3,,,新课标高考词汇,高中
anniversary,ænɪˈvɜːsərɪ,n. 周年纪念日,,,高考3500,3,,,新课标高考词汇,高中
announce,əˈnaʊns,vt. 宣布，宣告,,,高考3500,3,,,新课标高考词汇,高中
announcement,əˈnaʊnsmənt,n. 通告，通知,,,高考3500,3,,,新课标高考词汇,高中
annoy,əˈnɔɪ,vt. （使）烦恼,,,高考3500,3,,,新课标高考词汇,高中
annual,ˈænjʊəl,a. 每年的，年度的，一年一次的,,,高考3500,3,,,新课标高考词汇,高中
another,əˈnʌðə(r),a. 再一；另一；别的；不同的 pron. 另一个,,,高考3500,3,,,新课标高考词汇,高中
answer,ˈɑːnsə(r); (US) ˈænsər,n.回答，答复;回信;答案 v.回答，答复;回信;（作出）答案,,,高考3500,3,,,新课标高考词汇,高中
ant,ænt,n. 蚂蚁,,,高考3500,3,,,新课标高考词汇,高中
Antarctic,ænˈtɑːktɪk,a. 南极的,,,高考3500,3,,,新课标高考词汇,高中
the Antarctic,ænˈtɑːktɪk,南极,,,高考3500,3,,,新课标高考词汇,高中
Antarctica,ænˈtɑ:ktikə,* n. 南极洲,,,高考3500,3,,,新课标高考词汇,高中
antique,ænˈtiːk,n. 古董,,,高考3500,3,,,新课标高考词汇,高中
anxiety,æŋˈzaɪətɪ,n. 担忧，焦虑,,,高考3500,3,,,新课标高考词汇,高中
anxious,ˈæŋkʃəs,a. 忧虑的，焦急的,,,高考3500,3,,,新课标高考词汇,高中
any,ˈenɪ,pron. （无论）哪一个；哪些 任何的；（用于疑问句、否定句）一些；什么,,,高考3500,3,,,新课标高考词汇,高中
anybody,ˈenɪbɔdɪ,pron. 任何人，无论谁,,,高考3500,3,,,新课标高考词汇,高中
anyhow,ˈenɪhaʊ,ad. 不管怎样,,,高考3500,3,,,新课标高考词汇,高中
anyone,ˈenɪwʌn,pron. 任何人，无论谁,,,高考3500,3,,,新课标高考词汇,高中
anything,ˈenɪθɪŋ,pron. 什么事（物）；任何事（物）,,,高考3500,3,,,新课标高考词汇,高中
anyway,ˈenɪweɪ,y ad. 不管怎样,,,高考3500,3,,,新课标高考词汇,高中
anywhere,ˈenɪweə(r),ad. 任何地方,,,高考3500,3,,,新课标高考词汇,高中
apart,əˈpɑːt,ad， / a. 相隔，相距，除外,,,高考3500,3,,,新课标高考词汇,高中
apartment,əˈpɑːtmənt,n. （美）楼中单元房，一套房间；房间,,,高考3500,3,,,新课标高考词汇,高中
apologize,əˈpɔlədʒaɪz,vi. 道歉，谢罪,,,高考3500,3,,,新课标高考词汇,高中
apology,əˈpɔlədʒɪ,n. 道歉；歉意,,,高考3500,3,,,新课标高考词汇,高中
apparent,əˈpærənt,a. 显而易见,,,高考3500,3,,,新课标高考词汇,高中
appeal,əˈpiːl,v. 上诉，申诉，吸引力,,,高考3500,3,,,新课标高考词汇,高中
appear,əˈpɪə(r),vi. 出现,,,高考3500,3,,,新课标高考词汇,高中
appearance,əˈpɪərəns,n. 出现，露面；容貌,,,高考3500,3,,,新课标高考词汇,高中
appendix,əˈpendɪks,n. 附录，阑尾,,,高考3500,3,,,新课标高考词汇,高中
appetite,ˈæpɪtaɪt,n. 食欲，胃口,,,高考3500,3,,,新课标高考词汇,高中
applaud,əˈplɔːd,v. / n. 鼓掌，赞许，赞赏,,,高考3500,3,,,新课标高考词汇,高中
apple,ˈæp(ə)l,n. 苹果,,,高考3500,3,,,新课标高考词汇,高中
applicant,ˈæplɪkənt,n. 申请人,,,高考3500,3,,,新课标高考词汇,高中
application,æplɪˈkeɪʃ(ə)n,n. 申请,,,高考3500,3,,,新课标高考词汇,高中
apply,əˈplaɪ,v. 申请,,,高考3500,3,,,新课标高考词汇,高中
appoint,əˈpɔɪnt,v. 任命，委任，安排，确定（时间，地点）,,,高考3500,3,,,新课标高考词汇,高中
appointment,əˈpɔɪntmənt,n. 约会,,,高考3500,3,,,新课标高考词汇,高中
appreciate,əˈpriːʃɪeɪt,v. 欣赏； 感激,,,高考3500,3,,,新课标高考词汇,高中
appreciation,əpriːʃɪˈeɪʃ(ə)n,n. 欣赏，鉴定，评估,,,高考3500,3,,,新课标高考词汇,高中
approach,əˈprəʊtʃ,n. / v. 靠近，接近，建议，要求,,,高考3500,3,,,新课标高考词汇,高中
appropriate,əˈprəʊprɪət,a. 合适的，恰当的,,,高考3500,3,,,新课标高考词汇,高中
approve,əˈpruːv,v.赞成，同意，批准，通过,,,高考3500,3,,,新课标高考词汇,高中
approximately,əprɔksɪˈmətlɪ,ad.近似，大约,,,高考3500,3,,,新课标高考词汇,高中
apron,ˈeɪprən,n. （机场的）停机坪,,,高考3500,3,,,新课标高考词汇,高中
arbitrary,ˈɑːbɪtrərɪ; (US) ˈɑːrbɪtrerɪ,a. 随心所欲的，独裁的，专断的,,,高考3500,3,,,新课标高考词汇,高中
arch,ɑːtʃ,n. 拱，拱门,,,高考3500,3,,,新课标高考词汇,高中
architect,ˈɑːkɪtekt,n. 建筑师，设计师,,,高考3500,3,,,新课标高考词汇,高中
architecture,ˈɑːkɪtektʃə(r),n.建筑学，建筑设计，风格,,,高考3500,3,,,新课标高考词汇,高中
April,ˈeɪpr(ə)l,n. 4月,,,高考3500,3,,,新课标高考词汇,高中
Arab,ˈærəb,* a. 阿拉伯的 n. 阿拉伯人,,,高考3500,3,,,新课标高考词汇,高中
Arabic,ˈærəbɪk,a. 阿拉伯语的 n. 阿拉伯语,,,高考3500,3,,,新课标高考词汇,高中
Arctic,ˈɑːktɪk,a. 北极的,,,高考3500,3,,,新课标高考词汇,高中
the Arctic,ˈɑːktɪk,北极,,,高考3500,3,,,新课标高考词汇,高中
the Arctic Ocean,ˈɑːktɪk ˈəʊʃ(ə)n,北冰洋,,,高考3500,3,,,新课标高考词汇,高中
are,ɑː(r),v.(be) 是,,,高考3500,3,,,新课标高考词汇,高中
area,ˈeərɪə,n. 面积；地域，地方，区域；范围，领域,,,高考3500,3,,,新课标高考词汇,高中
argue,ˈɑːɡjuː,vi. 争辩， 争论,,,高考3500,3,,,新课标高考词汇,高中
argument,ˈɑːɡjʊmənt,n. 争论，辩论,,,高考3500,3,,,新课标高考词汇,高中
arise arose arisen,əˈraɪz,vi. 起来，升起；出现 【一般现在 过去式 过去分词】,,,高考3500,3,,,新课标高考词汇,高中
arithmetic,əˈrɪθmətɪk,n. 算术,,,高考3500,3,,,新课标高考词汇,高中
arm,ɑːm,n. 臂，支架 v. 以…装备，武装起来n. （美）武器，武力,,,高考3500,3,,,新课标高考词汇,高中
armchair,ɑːmˈtʃeə(r),n. 扶手椅,,,高考3500,3,,,新课标高考词汇,高中
army,ˈɑːmɪ,n. 军队,,,高考3500,3,,,新课标高考词汇,高中
around,əˈraʊnd,ad. 在周围；在附近prep. 在……周围；大约,,,高考3500,3,,,新课标高考词汇,高中
arrange,əˈreɪndʒ,v. 安排，布置,,,高考3500,3,,,新课标高考词汇,高中
arrangement,əˈreɪndʒmənt,n. 安排，布置,,,高考3500,3,,,新课标高考词汇,高中
arrest,əˈrest,v. 逮捕，拘留,,,高考3500,3,,,新课标高考词汇,高中
arrival,əˈraɪv(ə)l,n. 到来，到达,,,高考3500,3,,,新课标高考词汇,高中
arrive,əˈraɪv,vi. 到达；达到,,,高考3500,3,,,新课标高考词汇,高中
arrow,ˈærəʊ,n. 箭；箭头,,,高考3500,3,,,新课标高考词汇,高中
art,ɑːt,n. 艺术，美术；技艺,,,高考3500,3,,,新课标高考词汇,高中
article,ˈɑːtɪk(ə)l,n.文章;东西，物品;冠词,,,高考3500,3,,,新课标高考词汇,高中
artificial,ɑːtɪˈfɪʃ(ə)l,a. 人工的，人造的,,,高考3500,3,,,新课标高考词汇,高中
artist,ˈɑːtɪst,n.艺术家,,,高考3500,3,,,新课标高考词汇,高中
as,əz， æz,ad.& conj.像……一样；如同；因为 prep. 作为，当做,,,高考3500,3,,,新课标高考词汇,高中
ash,æʃ,n. 灰； 灰末,,,高考3500,3,,,新课标高考词汇,高中
ashamed,əˈʃeɪmd,a. 惭愧； 害臊,,,高考3500,3,,,新课标高考词汇,高中
Asia,ˈeɪʃə,* n. 亚洲,,,高考3500,3,,,新课标高考词汇,高中
Asian,ˈeɪʃ(ə)n， ˈeɪʒ(ə)n,a. 亚洲（人）的n. 亚洲人,,,高考3500,3,,,新课标高考词汇,高中
aside,əˈsaɪd,ad. 在旁边,,,高考3500,3,,,新课标高考词汇,高中
ask,ɑːsk,v. 问；请求，要求；邀请,,,高考3500,3,,,新课标高考词汇,高中
asleep,əˈsliːp,a. 睡着的，熟睡,,,高考3500,3,,,新课标高考词汇,高中
aspect,ˈæspekt,n. 方面，外观，外表,,,高考3500,3,,,新课标高考词汇,高中
assess,əˈses,v.评价，评定（性质，质量）,,,高考3500,3,,,新课标高考词汇,高中
assessment,əˈsesmənt,n. 看法，评价,,,高考3500,3,,,新课标高考词汇,高中
assist,əˈsɪst,v. 帮助，协助,,,高考3500,3,,,新课标高考词汇,高中
assistance,əˈsɪst(ə)ns,n. 帮助，援助，支持,,,高考3500,3,,,新课标高考词汇,高中
assistant,əˈsɪst(ə)nt,n. 助手，助理,,,高考3500,3,,,新课标高考词汇,高中
associate,əˈsəʊʃɪeɪt,v. 联想，联系,,,高考3500,3,,,新课标高考词汇,高中
association,əsəʊsɪˈeɪʃ(ə)n,n. 协会，社团，联系,,,高考3500,3,,,新课标高考词汇,高中
assume,əˈsjuːm; (US) əˈsuːm,v. 假定，假设,,,高考3500,3,,,新课标高考词汇,高中
assumption,əˈsʌmpʃ(ə)n,n. 假定，假设,,,高考3500,3,,,新课标高考词汇,高中
astonish,əˈstɔnɪʃ,vt. 使惊讶,,,高考3500,3,,,新课标高考词汇,高中
astronaut,ˈæstrənɔːt,n. 宇航员,,,高考3500,3,,,新课标高考词汇,高中
astronomer,əˈstrɔnəmə(r),n. 天文学家,,,高考3500,3,,,新课标高考词汇,高中
astronomy,əˈstrɔnəmɪ,n. 天文学,,,高考3500,3,,,新课标高考词汇,高中
at,æt,prep.在（几点钟）;在（某处）,,,高考3500,3,,,新课标高考词汇,高中
athlete,ˈæθliːt,n. 运动员,,,高考3500,3,,,新课标高考词汇,高中
athletic,æθˈletɪk,a. 健壮的，体育运动的,,,高考3500,3,,,新课标高考词汇,高中
athletics,æθˈletɪks,n. 田径,,,高考3500,3,,,新课标高考词汇,高中
Atlantic,ətˈlæntɪk,a. 大西洋的,,,高考3500,3,,,新课标高考词汇,高中
the Atlantic Ocean,ətˈlæntɪk ˈəʊʃ(ə)n,大西洋,,,高考3500,3,,,新课标高考词汇,高中
atmosphere,ˈætməsfɪə(r),n. 大气；气氛,,,高考3500,3,,,新课标高考词汇,高中
atom,ˈætəm,n. 原子，微粒,,,高考3500,3,,,新课标高考词汇,高中
attach,əˈtætʃ,v. 把…固定，重视,,,高考3500,3,,,新课标高考词汇,高中
attack,əˈtæk,vt. / n. 攻击，袭击,,,高考3500,3,,,新课标高考词汇,高中
attain,əˈteɪn,v.（经过努力）获得，得到,,,高考3500,3,,,新课标高考词汇,高中
attempt,əˈtempt,vt. 试图，尝试,,,高考3500,3,,,新课标高考词汇,高中
attend,əˈtend,v. 看护，照料，服侍；出席，参加,,,高考3500,3,,,新课标高考词汇,高中
attention,əˈtenʃ(ə)n,n. 注意，关心,,,高考3500,3,,,新课标高考词汇,高中
attentively,əˈtentivli,ad. 注意地,,,高考3500,3,,,新课标高考词汇,高中
attitude,ˈætɪtjuːd; (US) ˈætɪtud,n. 态度，看法,,,高考3500,3,,,新课标高考词汇,高中
attract,əˈtrækt,v. 吸引，引起,,,高考3500,3,,,新课标高考词汇,高中
attraction,əˈtrækʃ(ə)n,n. 吸引，爱慕,,,高考3500,3,,,新课标高考词汇,高中
attractive,əˈtræktɪv,a. 迷人的，有吸引力的,,,高考3500,3,,,新课标高考词汇,高中
audience,ˈɔːdɪəns,n. 观众，听众,,,高考3500,3,,,新课标高考词汇,高中
authentic,ɜːˈθentɪk,a. 真正的，真品的,,,高考3500,3,,,新课标高考词汇,高中
author,ˈɔːθə(r),n. 作者，作家,,,高考3500,3,,,新课标高考词汇,高中
authority,ɔːˈθɔrɪtɪ,n.权力，权威，威信，官方,,,高考3500,3,,,新课标高考词汇,高中
automatic,ɔːtəˈmætɪk,a. 自动的，机械的,,,高考3500,3,,,新课标高考词汇,高中
autonomous,ɔːˈtɔnəməs,a. 自治的，自主的,,,高考3500,3,,,新课标高考词汇,高中
August,ˈɔːɡəst,n. 8月,,,高考3500,3,,,新课标高考词汇,高中
aunt,ɑːnt; (US) ænt,n. 伯母；舅母；婶；姑；姨,,,高考3500,3,,,新课标高考词汇,高中
Australia,ɔˈstreɪljə,* n. 澳洲；澳大利亚,,,高考3500,3,,,新课标高考词汇,高中
Australian,ɔˈstreɪlɪən,a. 澳洲的，澳大利亚人的 n. 澳大利亚人,,,高考3500,3,,,新课标高考词汇,高中
autumn,ˈɔːtəm,n. 秋天，秋季,,,高考3500,3,,,新课标高考词汇,高中
available,ˈɔːtəm,a. 可获得的，有空的,,,高考3500,3,,,新课标高考词汇,高中
avenue,ˈævənjuːˈævənuː,n. 大道,,,高考3500,3,,,新课标高考词汇,高中
average,ˈævərɪdʒ,a.平均；普通的 n.平均数,,,高考3500,3,,,新课标高考词汇,高中
avoid,əˈvɔɪd,v. 避免，躲开，逃避,,,高考3500,3,,,新课标高考词汇,高中
awake awoke awoken,əˈweɪk,v. 唤醒， adj. 醒着的 【一般现在 过去式 过去分词】,,,高考3500,3,,,新课标高考词汇,高中
award,wɔːd,n. 奖品，奖励,,,高考3500,3,,,新课标高考词汇,高中
aware,əˈweə(r),a. 知道，意识到，发觉,,,高考3500,3,,,新课标高考词汇,高中
away,əˈweɪ,ad. 离开；远离,,,高考3500,3,,,新课标高考词汇,高中
awesome,ˈɔːsəm,a.令人惊叹，很困难的,,,高考3500,3,,,新课标高考词汇,高中
awful,ˈɔːfʊl,a. 很坏的，极讨厌的,,,高考3500,3,,,新课标高考词汇,高中
awkward,ˈɔːkwəd,a.令人尴尬，使人难堪的,,,高考3500,3,,,新课标高考词汇,高中
Baby,ˈbeɪbɪ,n. 婴儿,,,高考3500,3,,,新课标高考词汇,高中
bachelor,ˈbætʃələ(r),n. 未婚男子，单身汉,,,高考3500,3,,,新课标高考词汇,高中
back,bæk,ad. 回（原处）；向后 a. 后面的 n. 背后，后部；背,,,高考3500,3,,,新课标高考词汇,高中
backache,ˈbækeɪk,n. 背痛,,,高考3500,3,,,新课标高考词汇,高中
background,ˈbækɡraʊnd,n. 背景,,,高考3500,3,,,新课标高考词汇,高中
backward,ˈbækwəd,ad. 向后,,,高考3500,3,,,新课标高考词汇,高中
bacon,ˈbeɪkən,n. 咸猪肉；熏猪肉 ,,,高考3500,3,,,新课标高考词汇,高中
bacterium,bækˈtɪərɪəm,(复bacteria) n. 细菌,,,高考3500,3,,,新课标高考词汇,高中
bad worse worst,bæd,adj. 坏的；有害的，不利的；严重的【比较级 最高级】,,,高考3500,3,,,新课标高考词汇,高中
badly,ˈbædlɪ,ad. 坏，恶劣地,,,高考3500,3,,,新课标高考词汇,高中
badminton,ˈbædmɪntən,n. 羽毛球,,,高考3500,3,,,新课标高考词汇,高中
bag,bæɡ,n. 书包；提包；袋子,,,高考3500,3,,,新课标高考词汇,高中
baggage,ˈbæɡɪdʒ,n. 行李,,,高考3500,3,,,新课标高考词汇,高中
bake,beɪk,v. 烤； 烘（面包）,,,高考3500,3,,,新课标高考词汇,高中
bakery,ˈbeɪkərɪ,n. 面包店,,,高考3500,3,,,新课标高考词汇,高中
balance,ˈbæləns,n. 平衡,,,高考3500,3,,,新课标高考词汇,高中
balcony,ˈbælkənɪ,n. 阳台；楼座,,,高考3500,3,,,新课标高考词汇,高中
ball,bɔːl,n. 球 n. 舞会,,,高考3500,3,,,新课标高考词汇,高中
ballet,ˈbæleɪ,n. 芭蕾舞,,,高考3500,3,,,新课标高考词汇,高中
balloon,bəˈluːn,n. 气球,,,高考3500,3,,,新课标高考词汇,高中
ballpoint = ballpoint pen,`bɔl，pɔɪnt,圆珠笔,,,高考3500,3,,,新课标高考词汇,高中
bamboo,bæmˈbuː,n. 竹,,,高考3500,3,,,新课标高考词汇,高中
ban,bæn,n. 禁令 v. 禁止；取缔,,,高考3500,3,,,新课标高考词汇,高中
banana,bəˈnɑːnə; (US) bəˈnænə,n. 香蕉,,,高考3500,3,,,新课标高考词汇,高中
band,bænd,n. 乐队,,,高考3500,3,,,新课标高考词汇,高中
bandage,ˈbændɪdʒ,n. 绷带,,,高考3500,3,,,新课标高考词汇,高中
bang,bæŋ,int. 砰,,,高考3500,3,,,新课标高考词汇,高中
bank,bæŋk,n. （河海湖的）岸，堤 n. 银行,,,高考3500,3,,,新课标高考词汇,高中
bank account,bæŋk əˈkaʊnt,n. 银行账户,,,高考3500,3,,,新课标高考词汇,高中
bar,bɑː(r),n. 条（长方）块，棒，横木 n.（酒店的）买酒柜台；酒吧；（卖东西的）柜台,,,高考3500,3,,,新课标高考词汇,高中
barbecue,ˈbɑːbɪkjuː,n. 烤肉野餐,,,高考3500,3,,,新课标高考词汇,高中
barber,ˈbɑːbə(r),n. （为男人理发）理发师,,,高考3500,3,,,新课标高考词汇,高中
barbershop,`bɑrbər，ʃɑp,n. 理发店,,,高考3500,3,,,新课标高考词汇,高中
bare,beə(r),a. 裸露的，光秃秃的,,,高考3500,3,,,新课标高考词汇,高中
bargain,ˈbɑːɡɪn,n. （经讨价还价后）成交的商品；廉价货 v. 讨价还价,,,高考3500,3,,,新课标高考词汇,高中
bark,bɑːk,v. 狗叫 n. 狗叫声,,,高考3500,3,,,新课标高考词汇,高中
barrier,ˈbærɪə,n. 屏障，障碍，关卡,,,高考3500,3,,,新课标高考词汇,高中
base,beɪs,n. 根据地，基地（棒球）垒,,,高考3500,3,,,新课标高考词汇,高中
baseball,ˈbeɪsbɔːl,n. 棒球,,,高考3500,3,,,新课标高考词汇,高中
basement,ˈbeɪsmənt,n. 地下室,,,高考3500,3,,,新课标高考词汇,高中
basic,ˈbeɪsɪk,a. 基本的,,,高考3500,3,,,新课标高考词汇,高中
basin,ˈbeɪs(ə)n,n. 水盆，脸盆,,,高考3500,3,,,新课标高考词汇,高中
basis,ˈbeɪsɪs,n. 原因，缘由，要素,,,高考3500,3,,,新课标高考词汇,高中
basket,ˈbɑːskɪt; (US) ˈbæskɪt,n. 篮子,,,高考3500,3,,,新课标高考词汇,高中
basketball,ˈbɑːskɪtbɔːl,n. 篮球,,,高考3500,3,,,新课标高考词汇,高中
bat,bæt,n. （棒球、板球的）球棒 n. 蝙蝠,,,高考3500,3,,,新课标高考词汇,高中
bath,bɑːθ; (US) bæθ,n. 洗澡；浴室；澡盆,,,高考3500,3,,,新课标高考词汇,高中
bathe,beɪð,vi. 洗澡；游泳,,,高考3500,3,,,新课标高考词汇,高中
bathrobe,ˈbɑːθrəʊb,n. 浴衣,,,高考3500,3,,,新课标高考词汇,高中
bathroom,ˈbɑːθruːm,n. 浴室，盥洗室,,,高考3500,3,,,新课标高考词汇,高中
bathtub,ˈbɑ:θtʌb,n. 澡盆,,,高考3500,3,,,新课标高考词汇,高中
battery,ˈbætərɪ,n. 电池,,,高考3500,3,,,新课标高考词汇,高中
battle,ˈbæt(ə)l,n. 战斗；战役,,,高考3500,3,,,新课标高考词汇,高中
battleground,ˈbæt(ə)lɡraʊnd,n. 战场,,,高考3500,3,,,新课标高考词汇,高中
bay,beɪ,n. 湾； 海湾,,,高考3500,3,,,新课标高考词汇,高中
BC,ˌbiːˈsiː,n. 公元前,,,高考3500,3,,,新课标高考词汇,高中
be,biː,v. 是（原形），其人称和时态形式有(am， is， are， was， were， being， been)；成为,,,高考3500,3,,,新课标高考词汇,高中
beach,biːtʃ,n. 海滨，海滩,,,高考3500,3,,,新课标高考词汇,高中
beam,biːm,n. 平衡木,,,高考3500,3,,,新课标高考词汇,高中
bean,biːn,n. 豆，豆科植物,,,高考3500,3,,,新课标高考词汇,高中
beancurd,ˈbi:nkə:d,n. 豆腐,,,高考3500,3,,,新课标高考词汇,高中
bear,beə(r),v. 承受，负担，承担；忍受；容忍 n. 熊,,,高考3500,3,,,新课标高考词汇,高中
beard,bɪəd,n. （下巴上的）胡须,,,高考3500,3,,,新课标高考词汇,高中
beast,biːst,n. 野兽；牲畜,,,高考3500,3,,,新课标高考词汇,高中
beat beat beaten,biːt,v. 敲打；跳动；打赢 n. （音乐）节拍 【一般现在 过去式 过去分词】,,,高考3500,3,,,新课标高考词汇,高中
beautiful,ˈbjuːtɪf(ə)l,a. 美，美丽，美观的,,,高考3500,3,,,新课标高考词汇,高中
beauty,ˈbjuːtɪ,n. 美丽，美人,,,高考3500,3,,,新课标高考词汇,高中
because,bɪˈkɔz; (US) bɪˈkɔːz,conj. 因为,,,高考3500,3,,,新课标高考词汇,高中
become,bɪˈkʌm,v. 变得；成为,,,高考3500,3,,,新课标高考词汇,高中
bed,bed,n. 床,,,高考3500,3,,,新课标高考词汇,高中
bedclothes,ˈbedkləʊðz,n. 铺盖（被褥等）,,,高考3500,3,,,新课标高考词汇,高中
beddings,ˈbedɪŋ,n. 卧具，铺盖,,,高考3500,3,,,新课标高考词汇,高中
bedroom,ˈbedruːm,n. 寝室，卧室,,,高考3500,3,,,新课标高考词汇,高中
bee,biː,n.. 蜜蜂,,,高考3500,3,,,新课标高考词汇,高中
beef,biːf,n. 牛肉,,,高考3500,3,,,新课标高考词汇,高中
beehive,ˈbiːhaɪv,n. 蜂箱,,,高考3500,3,,,新课标高考词汇,高中
beer,bɪə(r),n. 啤酒,,,高考3500,3,,,新课标高考词汇,高中
before,bɪˈfɔː(r),prep. 在…以前；在…前面 ad. 以前 conj. 在…之前,,,高考3500,3,,,新课标高考词汇,高中
beg,beɡ,v. 请求，乞求，乞讨 ,,,高考3500,3,,,新课标高考词汇,高中
begin began begun,bɪˈɡɪn,v.开始，着手【一般现在 过去式 过去分词】,,,高考3500,3,,,新课标高考词汇,高中
beginning,bɪˈɡɪnɪŋ,n. 开始，开端,,,高考3500,3,,,新课标高考词汇,高中
behalf,bɪˈhɑːf,n. 代表某人，为了某人,,,高考3500,3,,,新课标高考词汇,高中
behave,bɪˈheɪv,v. 守规矩，行为,,,高考3500,3,,,新课标高考词汇,高中
behaviour,bɪ`heɪvjər,n. 行为，举止,,,高考3500,3,,,新课标高考词汇,高中
behind,bɪˈhaɪnd,prep. (表示位置)在…后面 ad. 在后面；向后,,,高考3500,3,,,新课标高考词汇,高中
being,ˈbiːɪŋ,n. 物；生物；人,,,高考3500,3,,,新课标高考词汇,高中
Belgium,ˈbeldʒəm,* n. 比利时,,,高考3500,3,,,新课标高考词汇,高中
belief,bɪˈliːf,n. 信条，信念,,,高考3500,3,,,新课标高考词汇,高中
believe,bɪˈliːv,v. 相信，认为,,,高考3500,3,,,新课标高考词汇,高中
bell,bel,n. 钟，铃;钟(铃)声;钟形物,,,高考3500,3,,,新课标高考词汇,高中
belly,ˈbelɪ,n. 肚子,,,高考3500,3,,,新课标高考词汇,高中
belong,bɪˈlɔŋ,vi. 属，附属,,,高考3500,3,,,新课标高考词汇,高中
below,bɪˈləʊ,prep. 在……下面,,,高考3500,3,,,新课标高考词汇,高中
belt,belt,n. （皮）带,,,高考3500,3,,,新课标高考词汇,高中
bench,bentʃ,n. 长凳；工作台,,,高考3500,3,,,新课标高考词汇,高中
bend bent bent,bend,adj. 弯曲的，变形的；vt. 使弯曲 【一般现在 过去式 过去分词】,,,高考3500,3,,,新课标高考词汇,高中
beneath,bɪˈniːθ,prep. 在…下方（面）,,,高考3500,3,,,新课标高考词汇,高中
beneficial,benɪˈfɪʃ(ə)l,a. 有利的，有帮助的，有用的,,,高考3500,3,,,新课标高考词汇,高中
benefit,ˈbenɪfɪt,n. / v.优势，益处，使…受益,,,高考3500,3,,,新课标高考词汇,高中
bent,bent,a. 弯的,,,高考3500,3,,,新课标高考词汇,高中
beside,bɪˈsaɪd,prep. 在…旁边；靠近,,,高考3500,3,,,新课标高考词汇,高中
besides,bɪˈsaɪdz,prep. 除…以外（还有） ad. 还有，此外,,,高考3500,3,,,新课标高考词汇,高中
best,best,a. & ad.最好的；最好地，最 n. 最好的（人或物）,,,高考3500,3,,,新课标高考词汇,高中
bestseller,ˌbestˈselə(r),n. 畅销书,,,高考3500,3,,,新课标高考词汇,高中
better,ˈbetə(r),a.& ad. 较好的，更好的；好些； 更好地；更，更多n. 较好的事物；较优者 v. 改善；胜过,,,高考3500,3,,,新课标高考词汇,高中
betray,bɪˈtreɪ,v.出卖，泄露（机密），辜负,,,高考3500,3,,,新课标高考词汇,高中
between,bɪˈtwiːn,prep. 在（两者）之间；在…中间,,,高考3500,3,,,新课标高考词汇,高中
beyond,bɪˈjɔnd,prep. (表示位置) 在…的那边,,,高考3500,3,,,新课标高考词汇,高中
bicycle,ˈbaɪsɪk(ə)l,n. 自行车,,,高考3500,3,,,新课标高考词汇,高中
bid,bɪd,v./ n. 出价，投标，向（某人）道别,,,高考3500,3,,,新课标高考词汇,高中
big,bɪɡ,a. 大的,,,高考3500,3,,,新课标高考词汇,高中
bike = bicycle,baɪk,n. 自行车,,,高考3500,3,,,新课标高考词汇,高中
bill,bɪl,n.账单；法案，议案； （美）钞票，纸币,,,高考3500,3,,,新课标高考词汇,高中
billion,ˈbɪlɪən,num. 十亿，百亿,,,高考3500,3,,,新课标高考词汇,高中
bingo,ˈbɪŋɡəʊ,n. 宾戈游戏,,,高考3500,3,,,新课标高考词汇,高中
biochemistry,'baɪo'kɛmɪstri,n. 生物化学,,,高考3500,3,,,新课标高考词汇,高中
biography,baɪˈɔɡrəfɪ,n. 传记,,,高考3500,3,,,新课标高考词汇,高中
biology,baɪˈɔlədʒɪ,n. 生物（学）,,,高考3500,3,,,新课标高考词汇,高中
bird,bɜːd,n. 鸟,,,高考3500,3,,,新课标高考词汇,高中
birdcage,ˈbɜːdkeɪdʒ,n. 鸟笼,,,高考3500,3,,,新课标高考词汇,高中
birth,bɜːθ,n. 出生； 诞生,,,高考3500,3,,,新课标高考词汇,高中
birthday,ˈbɜːθdeɪ,n. 生日,,,高考3500,3,,,新课标高考词汇,高中
birthplace,ˈbɜːθpleɪs,n. 出生地；故乡,,,高考3500,3,,,新课标高考词汇,高中
biscuit,ˈbɪskɪt,n. 饼干,,,高考3500,3,,,新课标高考词汇,高中
bishop,ˈbɪʃəp,n. 主教,,,高考3500,3,,,新课标高考词汇,高中
bit,bɪt,n. 一点，一些，少量的,,,高考3500,3,,,新课标高考词汇,高中
bite bit bitten,baɪt,v. 咬；叮 【一般现在 过去式 过去分词】,,,高考3500,3,,,新课标高考词汇,高中
bitter,ˈbɪtə(r),a. 有苦味的；痛苦的，难过的；严酷的,,,高考3500,3,,,新课标高考词汇,高中
black,blæk,n. 黑色 a. 黑色的,,,高考3500,3,,,新课标高考词汇,高中
blackboard,ˈblækbɔːd,n. 黑板,,,高考3500,3,,,新课标高考词汇,高中
blame,bleɪm,n.& v. 责备；责怪,,,高考3500,3,,,新课标高考词汇,高中
blank,blæŋk,n.& a. 空格，空白（处）；空的；茫然无表情的,,,高考3500,3,,,新课标高考词汇,高中
blanket,ˈblæŋkɪt,n. 毛毯，毯子,,,高考3500,3,,,新课标高考词汇,高中
bleed,bliːd,vi. 出血，流血,,,高考3500,3,,,新课标高考词汇,高中
bless,bles,vt. 保佑，降福,,,高考3500,3,,,新课标高考词汇,高中
blind,blaɪnd,a. 瞎的,,,高考3500,3,,,新课标高考词汇,高中
block,blɔk,n. 大块；（木、石等）块；街区；路障 vt. 阻塞；阻挡,,,高考3500,3,,,新课标高考词汇,高中
blood,blʌd,n. 血，血液,,,高考3500,3,,,新课标高考词汇,高中
blouse,blaʊz; u.S. blaʊs,n. 宽罩衫；（妇女、儿童穿的）短上衣,,,高考3500,3,,,新课标高考词汇,高中
blow,bləʊ,n. 击；打击,,,高考3500,3,,,新课标高考词汇,高中
blow blew blown,bləʊ,v. 吹；刮风；吹气 【一般现在 过去式 过去分词】,,,高考3500,3,,,新课标高考词汇,高中
blue,bluː,n. 蓝色 a.蓝色的 a. 悲伤的；沮丧的,,,高考3500,3,,,新课标高考词汇,高中
board,bɔːd,n. 木板；布告牌；委员会；（政府的）部 v. 上（船、火车、飞机）,,,高考3500,3,,,新课标高考词汇,高中
boat,bəʊt,n. 小船，小舟,,,高考3500,3,,,新课标高考词汇,高中
boatrace,bəʊtˈreɪs,n. 划船比赛,,,高考3500,3,,,新课标高考词汇,高中
boating,ˈbəʊtɪŋ,n. 划船（游玩），泛舟 body n. 身体,,,高考3500,3,,,新课标高考词汇,高中
bodybuilding,ˈbɒdibɪldɪŋ,n. 健美,,,高考3500,3,,,新课标高考词汇,高中
boil,bɔɪl,v. 沸腾；烧开；煮……,,,高考3500,3,,,新课标高考词汇,高中
bomb,bɔm,n. 炸弹 v. 轰炸,,,高考3500,3,,,新课标高考词汇,高中
bond,bɔnd,n. /v. 纽带，联系，使牢固,,,高考3500,3,,,新课标高考词汇,高中
bone,bəʊn,n. 骨头，骨质（复数bones骨骼；骨骸）,,,高考3500,3,,,新课标高考词汇,高中
bonus,ˈbəʊnəs,n. 津贴，奖金，红利,,,高考3500,3,,,新课标高考词汇,高中
book,bʊk,n. 书；本子 v. 预定，定（房间、车票等）,,,高考3500,3,,,新课标高考词汇,高中
bookcase,ˈbʊkkeɪs,n. 书橱,,,高考3500,3,,,新课标高考词汇,高中
bookmark,ˈbʊkmɑːk,n. 书签,,,高考3500,3,,,新课标高考词汇,高中
bookshelf,`bʊk，ʃelf,n. 书架,,,高考3500,3,,,新课标高考词汇,高中
bookshop,ˈbʊkʃɔp,n. 书店,,,高考3500,3,,,新课标高考词汇,高中
bookstore,ˈbʊkstɔː(r),n. 书店,,,高考3500,3,,,新课标高考词汇,高中
boom,buːm,n. / v. 繁荣，轰鸣，激增,,,高考3500,3,,,新课标高考词汇,高中
boot,buːt,n. 长统靴；靴,,,高考3500,3,,,新课标高考词汇,高中
booth,buːð,n.岗；（为某种用途而设的）亭或小隔间,,,高考3500,3,,,新课标高考词汇,高中
telephone booth,ˈtelɪfəʊn- buːð,电话亭,,,高考3500,3,,,新课标高考词汇,高中
border,ˈbɔːdə(r),n. 边缘；边境，国界,,,高考3500,3,,,新课标高考词汇,高中
bored,bɔrd,a.（对人，事）厌倦的，烦闷的,,,高考3500,3,,,新课标高考词汇,高中
boring,`bɔrɪŋ,a. 乏味的，无聊的,,,高考3500,3,,,新课标高考词汇,高中
born,bɔːn,a. 出生,,,高考3500,3,,,新课标高考词汇,高中
borrow,ˈbɔrəʊ,v. （向别人）借用；借,,,高考3500,3,,,新课标高考词汇,高中
boss,bɔs,n. 领班；老板,,,高考3500,3,,,新课标高考词汇,高中
botanical,bəˈtænɪk(ə)l,a. 植物学的,,,高考3500,3,,,新课标高考词汇,高中
botany,ˈbɔtənɪ,n. 植物； 植物学,,,高考3500,3,,,新课标高考词汇,高中
both,bəʊθ,a. 两；双 pron. 两者；双方,,,高考3500,3,,,新课标高考词汇,高中
bottle,ˈbɔt(ə)l,n. 瓶子,,,高考3500,3,,,新课标高考词汇,高中
bottom,ˈbɔtəm,n. 底部；底,,,高考3500,3,,,新课标高考词汇,高中
bounce,baʊns,v. 弹起，蹦，上下晃动,,,高考3500,3,,,新课标高考词汇,高中
bound,baʊnd,a. 被束缚的；被绑的；有义务的  v.& n. 跳跃,,,高考3500,3,,,新课标高考词汇,高中
boundary,ˈbaʊndərɪ,n. 边界，界限,,,高考3500,3,,,新课标高考词汇,高中
bow,bəʊ,v.& n. 鞠躬，弯腰行礼,,,高考3500,3,,,新课标高考词汇,高中
bowl,bəʊl,n. 碗,,,高考3500,3,,,新课标高考词汇,高中
bowling,ˈbəʊlɪŋ,n. 保龄球,,,高考3500,3,,,新课标高考词汇,高中
box,bɔks,n. 盒子，箱子,,,高考3500,3,,,新课标高考词汇,高中
boxing,ˈbɔksɪŋ,n. 拳击（运动）,,,高考3500,3,,,新课标高考词汇,高中
boy,bɔɪ,n. 男孩,,,高考3500,3,,,新课标高考词汇,高中
boycott,ˈbɔɪkɔt,v. 拒绝购买，抵制,,,高考3500,3,,,新课标高考词汇,高中
brain,breɪn,n. 脑（子）,,,高考3500,3,,,新课标高考词汇,高中
brake,breɪk,n. 闸 vi. 刹车,,,高考3500,3,,,新课标高考词汇,高中
branch,brɑːntʃ,n. 树枝；分枝；分公司，分店；支部,,,高考3500,3,,,新课标高考词汇,高中
brand,brænd,n. 品牌,,,高考3500,3,,,新课标高考词汇,高中
brave,breɪv,a. 勇敢的,,,高考3500,3,,,新课标高考词汇,高中
bravery,ˈbreɪvərɪ,n. 勇气,,,高考3500,3,,,新课标高考词汇,高中
bread,bred,n. 面包,,,高考3500,3,,,新课标高考词汇,高中
break,breɪk,n. 间隙,,,高考3500,3,,,新课标高考词汇,高中
break broke broken,breɪk,v. 打破（断，碎）；损坏，撕开 【一般现在 过去式 过去分词】,,,高考3500,3,,,新课标高考词汇,高中
breakfast,ˈbrekfəst,n. 早餐,,,高考3500,3,,,新课标高考词汇,高中
breakthrough,ˈbreɪkθruː,n. 重大进展，突破,,,高考3500,3,,,新课标高考词汇,高中
breast,brest,n. 乳房，胸脯,,,高考3500,3,,,新课标高考词汇,高中
breath,breθ,n. 气息；呼吸,,,高考3500,3,,,新课标高考词汇,高中
breathe,briːð,vi. 呼吸,,,高考3500,3,,,新课标高考词汇,高中
breathless,ˈbreθlɪs,a. 气喘吁吁的，上气不接下气的,,,高考3500,3,,,新课标高考词汇,高中
brewery,ˈbruːərɪ,n. 啤酒厂（公司）,,,高考3500,3,,,新课标高考词汇,高中
brick,brɪk,n. 砖；砖块,,,高考3500,3,,,新课标高考词汇,高中
bride,braɪd,n. 新娘,,,高考3500,3,,,新课标高考词汇,高中
bridegroom,ˈbraɪdɡruːm,n. 新郎,,,高考3500,3,,,新课标高考词汇,高中
bridge,brɪdʒ,n. 桥,,,高考3500,3,,,新课标高考词汇,高中
brief,briːf,a. 简洁的,,,高考3500,3,,,新课标高考词汇,高中
bright,braɪt,a. 明亮的；聪明的,,,高考3500,3,,,新课标高考词汇,高中
brilliant,ˈbrɪlɪənt,a. 巧妙的，使人印象深刻的，技艺高的,,,高考3500,3,,,新课标高考词汇,高中
bring brought brought,brɪŋ,vt. 拿来，带来，取来 【一般现在 过去式 过去分词】,,,高考3500,3,,,新课标高考词汇,高中
Britain,ˈbrɪtən,* n. 英国；不列颠,,,高考3500,3,,,新课标高考词汇,高中
British,ˈbrɪtɪʃ,a. 英国的；大不列颠的；英国人的,,,高考3500,3,,,新课标高考词汇,高中
the British,ˈbrɪtɪʃ,n. 英国国民；大不列颠人,,,高考3500,3,,,新课标高考词汇,高中
broad,brɔːd,a. 宽的，宽大的,,,高考3500,3,,,新课标高考词汇,高中
broadcast,ˈbrɔːdkɑːst,n. 广播节目,,,高考3500,3,,,新课标高考词汇,高中
brochure,brəʊˈʃə(r); (US) brəʊˈʃʊər,n. 资料（或广告）手册,,,高考3500,3,,,新课标高考词汇,高中
broken,ˈbrəʊkən,a. 弄坏了的,,,高考3500,3,,,新课标高考词汇,高中
broom,bruːm,n. 扫帚,,,高考3500,3,,,新课标高考词汇,高中
brother,ˈbrʌðə(r),n. 兄；弟,,,高考3500,3,,,新课标高考词汇,高中
brotherhood,ˈbrʌðəhʊd,n. 兄弟般的关系,,,高考3500,3,,,新课标高考词汇,高中
brown,braʊn,n. 褐色，棕色 a. 褐色的，棕色的,,,高考3500,3,,,新课标高考词汇,高中
brunch,ˈbrʌntʃ,n. 早午饭（晚早饭）,,,高考3500,3,,,新课标高考词汇,高中
brush,brʌʃ,v. 刷；擦 n. 刷子,,,高考3500,3,,,新课标高考词汇,高中
bucket,ˈbʌkɪt,n. 铲斗；桶,,,高考3500,3,,,新课标高考词汇,高中
Buddhism,ˈbʊdɪz(ə)m,n. 佛教,,,高考3500,3,,,新课标高考词汇,高中
Buddhist,ˈbudist,n. 佛教徒,,,高考3500,3,,,新课标高考词汇,高中
budget,ˈbʌdʒɪt,n. 预算,,,高考3500,3,,,新课标高考词汇,高中
buffet,ˈbʊfeɪ; (US) bəˈfeɪ,n. 自助餐,,,高考3500,3,,,新课标高考词汇,高中
build built built,bɪld,v. 建筑；造 【一般现在 过去式 过去分词】,,,高考3500,3,,,新课标高考词汇,高中
building,ˈbɪldɪŋ,n. 建筑物；房屋；大楼,,,高考3500,3,,,新课标高考词汇,高中
bun,bʌn,n. 馒头；小甜面包,,,高考3500,3,,,新课标高考词汇,高中
bunch,bʌntʃ,n. 串，束，扎，大量，大批,,,高考3500,3,,,新课标高考词汇,高中
bungalow,ˈbʌŋɡələʊ,n. 平房,,,高考3500,3,,,新课标高考词汇,高中
burden,ˈbɜːd(ə)n,n. （义务，责任的）重担，负担,,,高考3500,3,,,新课标高考词汇,高中
bureaucratic,bjuəˌrəuˈkrætik,a. 官僚的,,,高考3500,3,,,新课标高考词汇,高中
burglar,ˈbɜːɡlə(r),n. 入室窃贼,,,高考3500,3,,,新课标高考词汇,高中
burial,ˈberɪəl,n. 埋葬,,,高考3500,3,,,新课标高考词汇,高中
burn,bɜːn,v. 燃，烧，着火；使烧焦；使晒黑 n. 烧伤；晒伤,,,高考3500,3,,,新课标高考词汇,高中
burst,ˈbɜːst,v. 突然发生； 突然发作,,,高考3500,3,,,新课标高考词汇,高中
bury,ˈberɪ,vt. 埋；葬,,,高考3500,3,,,新课标高考词汇,高中
bus,bʌs,n. 公共汽车,,,高考3500,3,,,新课标高考词汇,高中
bus stop,bʌs stɔp,n。公共汽车站,,,高考3500,3,,,新课标高考词汇,高中
bush,bʊʃ,n. 灌木丛，矮树丛,,,高考3500,3,,,新课标高考词汇,高中
business,ˈbɪznɪs,n. （本分）工作，职业；职责；生意，交易；事业,,,高考3500,3,,,新课标高考词汇,高中
businessman,ˈbɪznɪsmæn,n. 商人（男）；男企业家,,,高考3500,3,,,新课标高考词汇,高中
businesswoman,ˈbɪznɪswʊmæn,n. 商人（女）；女企业家,,,高考3500,3,,,新课标高考词汇,高中
busy,ˈbɪzɪ,a. 忙（碌）的,,,高考3500,3,,,新课标高考词汇,高中
but,bət， bʌt,conj. 但是，可是 prep. 除了， 除……外,,,高考3500,3,,,新课标高考词汇,高中
butcher,ˈbʊtʃə,n. vt. 肉店；屠夫 屠宰（动物）；残杀（人）,,,高考3500,3,,,新课标高考词汇,高中
butter,ˈbʌtə(r),n. 黄油，奶油,,,高考3500,3,,,新课标高考词汇,高中
butterfly,ˈbʌtəflaɪ,n. 蝴蝶,,,高考3500,3,,,新课标高考词汇,高中
the butterfly,,蝶泳,,,高考3500,3,,,新课标高考词汇,高中
button,ˈbʌt(ə)n,n. 纽扣；（电铃等的）按钮 v. 扣（纽扣） ,,,高考3500,3,,,新课标高考词汇,高中
buy bought bought,baɪ,vt. 买【一般现在 过去式 过去分词】,,,高考3500,3,,,新课标高考词汇,高中
by,baɪ,prep. 靠近，在…旁；在…时间；不迟于；被；用；由；乘（车）,,,高考3500,3,,,新课标高考词汇,高中
bye,baɪ,int. 再见,,,高考3500,3,,,新课标高考词汇,高中
cab,kæb,n. （美）出租车,,,高考3500,3,,,新课标高考词汇,高中
cabbage,ˈkæbɪdʒ,n. 卷心菜，洋白菜,,,高考3500,3,,,新课标高考词汇,高中
cafe,ˈkæfeɪ; (US) kæˈfeɪ,n. 咖啡馆； 餐馆,,,高考3500,3,,,新课标高考词汇,高中
cafeteria,kæfɪˈtɪərɪə,n. 自助餐厅,,,高考3500,3,,,新课标高考词汇,高中
cage,keɪdʒ,n 笼；鸟笼,,,高考3500,3,,,新课标高考词汇,高中
calculate,ˈkælkjʊleɪt,v. 计算，核算，推测,,,高考3500,3,,,新课标高考词汇,高中
cake,keɪk,n. 蛋糕，糕点；饼,,,高考3500,3,,,新课标高考词汇,高中
call,kɔːl,n. 喊，叫；电话，通话 v. 称呼；呼唤；喊，叫,,,高考3500,3,,,新课标高考词汇,高中
calm,kɑːm; (US) kɑːlm,a. 镇静，沉着的 v.镇静沉着,,,高考3500,3,,,新课标高考词汇,高中
camel,ˈkæm(ə)l,n. 骆驼,,,高考3500,3,,,新课标高考词汇,高中
camera,ˈkæmərə,n. 照相机；摄像机,,,高考3500,3,,,新课标高考词汇,高中
camp,kæmp,n.（夏令）营 vi.野营，宿营,,,高考3500,3,,,新课标高考词汇,高中
campaign,kæmˈpeɪn,n. 运动，战役,,,高考3500,3,,,新课标高考词汇,高中
can,ken， kæn,v. 可能；能够；可以 不能 n.（美）罐头；罐子,,,高考3500,3,,,新课标高考词汇,高中
a garbage can,ˈɡɑːbɪdʒ,（美）垃圾桶,,,高考3500,3,,,新课标高考词汇,高中
a can opener,ˈəʊpənə(r),开罐器,,,高考3500,3,,,新课标高考词汇,高中
Canada,ˈkænədə,* n. 加拿大,,,高考3500,3,,,新课标高考词汇,高中
Canadian,kəˈneɪdɪən,a. 加拿大的；加拿大人的 n. 加拿大人,,,高考3500,3,,,新课标高考词汇,高中
canal,kəˈnæl,n. 运河；水道,,,高考3500,3,,,新课标高考词汇,高中
cancel,ˈkæns(ə)l,vt. 取消,,,高考3500,3,,,新课标高考词汇,高中
cancer,ˈkænsə(r),r n. 癌,,,高考3500,3,,,新课标高考词汇,高中
candidate,ˈkændɪdət; (US) ˈkændɪdeɪt,n. 候选人，申请人,,,高考3500,3,,,新课标高考词汇,高中
candle,ˈkænd(ə)l,n. 蜡烛,,,高考3500,3,,,新课标高考词汇,高中
candy,ˈkændɪ,n. 糖果,,,高考3500,3,,,新课标高考词汇,高中
canteen,kænˈtiːn,n. 餐厅；食堂,,,高考3500,3,,,新课标高考词汇,高中
cap,kæp,n. （无檐的或仅在前面有檐的）帽子；（瓶子的）盖；（钢笔等的）笔套,,,高考3500,3,,,新课标高考词汇,高中
capital,ˈkæpɪt(ə)l,n.首都.省会.大写；资本,,,高考3500,3,,,新课标高考词汇,高中
capsule,ˈkæpsjuːl; (US) ˈkæpsl,n. （药）胶囊,,,高考3500,3,,,新课标高考词汇,高中
captain,ˈkæptɪn,n. （海军）上校；船长，舰长；队长,,,高考3500,3,,,新课标高考词汇,高中
caption,ˈkæpʃ(ə)n,n. （图片，漫画等的）说明文字,,,高考3500,3,,,新课标高考词汇,高中
car,kɑː(r),n. 汽车，小卧车,,,高考3500,3,,,新课标高考词汇,高中
carbon,ˈkɑːbən,n. 碳,,,高考3500,3,,,新课标高考词汇,高中
card,kɑːd,n.卡片；名片；纸牌,,,高考3500,3,,,新课标高考词汇,高中
card games,kɑːd ɡeɪm,纸牌游戏,,,高考3500,3,,,新课标高考词汇,高中
care,keə(r),n. 照料，保护；小心v. 介意……，在乎；关心,,,高考3500,3,,,新课标高考词汇,高中
careful,ˈkeəfʊl,a. 小心，仔细，谨慎的,,,高考3500,3,,,新课标高考词汇,高中
careless,ˈkeəlɪs,a. 粗心的，漫不经心的,,,高考3500,3,,,新课标高考词汇,高中
carpenter,ˈkɑːpɪntə(r),n. 木工，木匠,,,高考3500,3,,,新课标高考词汇,高中
carpet,ˈkɑːpɪt,n. 地毯,,,高考3500,3,,,新课标高考词汇,高中
carriage,ˈkærɪdʒ,n. 四轮马车;（火车）客车厢,,,高考3500,3,,,新课标高考词汇,高中
carrier,ˈkærɪə(r),n. 搬运者；媒介;（自行车等的）置物架；（车的）货架,,,高考3500,3,,,新课标高考词汇,高中
carrot,ˈkærət,n.胡萝卜,,,高考3500,3,,,新课标高考词汇,高中
carry,ˈkærɪ,vt. 拿，搬，带，提，抬，背，抱，运等,,,高考3500,3,,,新课标高考词汇,高中
cartoon,kɑːˈtuːn,n. 动画片，卡通；漫画,,,高考3500,3,,,新课标高考词汇,高中
carve,kɑːv,vt.刻；雕刻,,,高考3500,3,,,新课标高考词汇,高中
case,keɪs,n. 情况；病例；案件；真相  n. 箱；盒；容器,,,高考3500,3,,,新课标高考词汇,高中
cash,kæʃ,n. 现金，现钞 v. 兑现,,,高考3500,3,,,新课标高考词汇,高中
cassette,kæˈset,n. 磁带,,,高考3500,3,,,新课标高考词汇,高中
cast,kɑːst; (US) kæst,v. 扔，抛，撒,,,高考3500,3,,,新课标高考词汇,高中
castle,ˈkɑːs(ə)l; (US) ˈkæsl,n. 城堡,,,高考3500,3,,,新课标高考词汇,高中
casual,ˈkæʒʊəl,a. 漫不经心的，不经意的，非正式的,,,高考3500,3,,,新课标高考词汇,高中
cat,kæt,n. 猫 ,,,高考3500,3,,,新课标高考词汇,高中
catalogue,ˈkætəlɔg,n. 目录,,,高考3500,3,,,新课标高考词汇,高中
catastrophe,kəˈtæstrəfɪ,n. 灾难，灾祸，不幸事件,,,高考3500,3,,,新课标高考词汇,高中
catch caught caught,kætʃ,v. 接住；捉住；赶上；染上（疾病） 【一般现在 过去式 过去分词】,,,高考3500,3,,,新课标高考词汇,高中
category,ˈkætɪɡərɪ,n. 类别，种类,,,高考3500,3,,,新课标高考词汇,高中
cater,ˈkeɪtə(r),v. 提供饮食，承办酒席,,,高考3500,3,,,新课标高考词汇,高中
catholic,ˈkæθəlɪk,a. 天主教的,,,高考3500,3,,,新课标高考词汇,高中
cathedral,kəˈθiːdr(ə)l,n. 大教堂（天主教）,,,高考3500,3,,,新课标高考词汇,高中
cattle,ˈkæt(ə)l,n. 牛（总称），家畜,,,高考3500,3,,,新课标高考词汇,高中
cause,kɔːz,n. 原因，起因 vt. 促使，引起，使发生,,,高考3500,3,,,新课标高考词汇,高中
caution,ˈkɔːʃ(ə)n,n. 谨慎，小心，警告,,,高考3500,3,,,新课标高考词汇,高中
cautious,ˈkɔːʃəs,a. 小心的，谨慎的,,,高考3500,3,,,新课标高考词汇,高中
cave,keɪv,n. 洞，穴；地窖,,,高考3500,3,,,新课标高考词汇,高中
CD,ˌsi:ˈdi:,光盘 (compact disk的缩写),,,高考3500,3,,,新课标高考词汇,高中
CD-ROM,ˌsi:ˈdi: -rɔm，rəʊm,信息储存光盘(compact disk read-only memory的缩写),,,高考3500,3,,,新课标高考词汇,高中
ceiling,ˈsiːlɪŋ,n. 天花板，顶棚,,,高考3500,3,,,新课标高考词汇,高中
celebrate,ˈselɪbreɪt,v. 庆祝,,,高考3500,3,,,新课标高考词汇,高中
celebration,selɪˈbreɪʃ(ə)n,n. 庆祝；庆祝会,,,高考3500,3,,,新课标高考词汇,高中
cell,sel,n.（监狱的）单人牢房；（修道院等的）单人小室；（蜂巢的）小蜂窝，蜂房；［生物］ 细胞,,,高考3500,3,,,新课标高考词汇,高中
cellar,ˈselə(r),n. 地窖；地下储藏室,,,高考3500,3,,,新课标高考词汇,高中
cent,sent,n. 美分（100 cents = 1 dollar）,,,高考3500,3,,,新课标高考词汇,高中
centigrade,ˈsentɪɡreɪd,a. 摄氏的,,,高考3500,3,,,新课标高考词汇,高中
centimetre,ˈsentiˌmi:tə(r),(美 centimeter) n. 公分，厘米,,,高考3500,3,,,新课标高考词汇,高中
central,ˈsentr(ə)l,a. 中心，中央；主要的,,,高考3500,3,,,新课标高考词汇,高中
centre,ˈsentə(r),n. 中心，中央(英),,,高考3500,3,,,新课标高考词汇,高中
center,ˈsentə(r),n. 中心，中央(美),,,高考3500,3,,,新课标高考词汇,高中
century,ˈsentʃərɪ,n. 世纪，百年,,,高考3500,3,,,新课标高考词汇,高中
ceremony,ˈserɪmənɪ,n. 典礼，仪式，礼节,,,高考3500,3,,,新课标高考词汇,高中
certain,ˈsɜːt(ə)n,a. （未指明真实名称的）某…；确定的，无疑的；一定会…,,,高考3500,3,,,新课标高考词汇,高中
certainly,ˈsɜːtənlɪ,ad. 当然；一定，无疑,,,高考3500,3,,,新课标高考词汇,高中
certificate,səˈtɪfɪkət,n. 证明，证明书,,,高考3500,3,,,新课标高考词汇,高中
chain,tʃeɪn,n. 链； 链条,,,高考3500,3,,,新课标高考词汇,高中
chain store,tʃeɪn stɔː(r),连锁店【空格符号】,,,高考3500,3,,,新课标高考词汇,高中
chair,tʃeə(r),n. 椅子,,,高考3500,3,,,新课标高考词汇,高中
chairman,ˈtʃeəmən,(pl. chairmen) n. 主席，会长；议长,,,高考3500,3,,,新课标高考词汇,高中
chairwoman,ˈtʃɛəˌwumən,n. 女主席， 女会长；女议长,,,高考3500,3,,,新课标高考词汇,高中
chalk,tʃɔːk,n. 粉笔,,,高考3500,3,,,新课标高考词汇,高中
challenge,ˈtʃælɪndʒ,n.挑战(性),,,高考3500,3,,,新课标高考词汇,高中
challenging,ˈtʃælɪndʒɪŋ,a.具有挑战性的,,,高考3500,3,,,新课标高考词汇,高中
champion,ˈtʃæmpɪən,n. 冠军，优胜者,,,高考3500,3,,,新课标高考词汇,高中
chance,tʃɑːns; (US) tʃæns,n. 机会，可能性,,,高考3500,3,,,新课标高考词汇,高中
changeable,ˈtʃeɪndʒəb(ə)l,a.易变的，变化无常的,,,高考3500,3,,,新课标高考词汇,高中
change,tʃeɪndʒ,n. 零钱；找头v. 改变，变化；更换；兑换,,,高考3500,3,,,新课标高考词汇,高中
channel,ˈtʃæn(ə)l,n.频道；通道；水渠,,,高考3500,3,,,新课标高考词汇,高中
chant,tʃɑːnt,v./ n.反复呼喊,,,高考3500,3,,,新课标高考词汇,高中
chaos,ˈkeɪɔs,n. 混乱，杂乱，紊乱,,,高考3500,3,,,新课标高考词汇,高中
character,ˈkærɪktə(r),n.（汉）字.字体；品格,,,高考3500,3,,,新课标高考词汇,高中
characteristic,kærɪktəˈrɪstɪk,a. 典型的，独特的,,,高考3500,3,,,新课标高考词汇,高中
charge,tʃɑːdʒ,v. 要求收费；索价；将(电池)充电 n. 费用；价钱,,,高考3500,3,,,新课标高考词汇,高中
chapter,ˈtʃæptə(r),n. 章,,,高考3500,3,,,新课标高考词汇,高中
chart,tʃɑːt,n. 图表；航海图,,,高考3500,3,,,新课标高考词汇,高中
chat,tʃæt,n. & vi. 聊天，闲谈,,,高考3500,3,,,新课标高考词汇,高中
cheap,tʃiːp,a. 便宜的，贱,,,高考3500,3,,,新课标高考词汇,高中
cheat,tʃiːt,n. & v. 骗取，哄骗；作弊,,,高考3500,3,,,新课标高考词汇,高中
check,tʃek,n. 检查；批改 vt. 校对，核对； 检查；批改,,,高考3500,3,,,新课标高考词汇,高中
cheek,tʃiːk,n. 面颊，脸蛋,,,高考3500,3,,,新课标高考词汇,高中
cheer,tʃɪə(r),n. & vi.欢呼； 喝彩,,,高考3500,3,,,新课标高考词汇,高中
Cheer up,tʃɪə(r)-ʌp,振作起来！提起精神！,,,高考3500,3,,,新课标高考词汇,高中
cheerful,ˈtʃɪəfʊl,a.兴高采烈的，快活的,,,高考3500,3,,,新课标高考词汇,高中
cheers,tʃɪə(r),int. 干杯，(口)谢谢，再见,,,高考3500,3,,,新课标高考词汇,高中
cheese,tʃiːz,n. 奶酪,,,高考3500,3,,,新课标高考词汇,高中
chef,ʃef,n. 厨师长，主厨,,,高考3500,3,,,新课标高考词汇,高中
chemical,ˈkemɪk(ə)l,a. 化学的 n. 化学品,,,高考3500,3,,,新课标高考词汇,高中
chemist,ˈkemɪst,n. 药剂师；化学家,,,高考3500,3,,,新课标高考词汇,高中
chemistry,ˈkemɪstrɪ,n. 化学,,,高考3500,3,,,新课标高考词汇,高中
cheque,tʃek,(美check) n. 支票,,,高考3500,3,,,新课标高考词汇,高中
chess,tʃes,n. 棋,,,高考3500,3,,,新课标高考词汇,高中
chest,tʃest,n. 箱子；盒子；胸部,,,高考3500,3,,,新课标高考词汇,高中
chew,tʃuː,vt. 咀嚼,,,高考3500,3,,,新课标高考词汇,高中
chick,tʃɪk,n. 小鸡,,,高考3500,3,,,新课标高考词汇,高中
chicken,ˈtʃɪkən,n. 鸡；鸡肉,,,高考3500,3,,,新课标高考词汇,高中
chief,tʃiːf,a. 主要，首要的 n.领导，头,,,高考3500,3,,,新课标高考词汇,高中
child,tʃaɪld,n. 孩子，儿童,,,高考3500,3,,,新课标高考词汇,高中
children,ˈtʃɪldrən,n. 孩子们，儿童们,,,高考3500,3,,,新课标高考词汇,高中
childhood,ˈtʃaɪldhʊd,n. 幼年时代，童年,,,高考3500,3,,,新课标高考词汇,高中
chimney,ˈtʃɪmnɪ,n. 烟囱，烟筒,,,高考3500,3,,,新课标高考词汇,高中
China,ˈtʃaɪnə,* n. 中国,,,高考3500,3,,,新课标高考词汇,高中
Chinese,tʃaɪˈniːz,a.中国的；中国人的；中国话的，汉语的 n.中国人；中国话，汉语，中文,,,高考3500,3,,,新课标高考词汇,高中
chips,tʃɪp,n. (pl.)炸土豆条（片）,,,高考3500,3,,,新课标高考词汇,高中
chocolate,ˈtʃɔklət,n. 巧克力,,,高考3500,3,,,新课标高考词汇,高中
choice,tʃɔɪs,n. 选择；抉择,,,高考3500,3,,,新课标高考词汇,高中
choir,ˈkwaɪə(r),n. 合唱团，教堂的唱诗班,,,高考3500,3,,,新课标高考词汇,高中
choke,tʃəʊk,n. & v. 窒息,,,高考3500,3,,,新课标高考词汇,高中
choose chose chosen,tʃuːz,vt. 选择 【一般现在 过去式 过去分词】,,,高考3500,3,,,新课标高考词汇,高中
chopsticks,ˈtʃɔpstɪks,n. 筷子,,,高考3500,3,,,新课标高考词汇,高中
chorus,ˈkɔːrəs,n. 合唱曲，歌咏队,,,高考3500,3,,,新课标高考词汇,高中
Christian,ˈkrɪstɪən,n. 基督教徒和天主教徒的总称,,,高考3500,3,,,新课标高考词汇,高中
Christmas,ˈkrɪsməs,n. 圣诞节（12月25日）,,,高考3500,3,,,新课标高考词汇,高中
Christmas card,ˈkrɪsməs kɑːd,圣诞卡,,,高考3500,3,,,新课标高考词汇,高中
Christmas tree,ˈkrɪsməs triː,圣诞树,,,高考3500,3,,,新课标高考词汇,高中
Christmas Eve,ˈkrɪsməs iːv,圣诞（前）夜,,,高考3500,3,,,新课标高考词汇,高中
church,tʃɜːtʃ,n. 教堂；教会,,,高考3500,3,,,新课标高考词汇,高中
cigar,sɪˈɡɑː(r),n. 雪茄烟,,,高考3500,3,,,新课标高考词汇,高中
cigarette,sɪɡəˈret,n. 纸烟，香烟,,,高考3500,3,,,新课标高考词汇,高中
cinema,ˈsɪnəmə,n. 电影院；电影,,,高考3500,3,,,新课标高考词汇,高中
circle,ˈsɜːk(ə)l,n. /vt. 圆圈 将…圈起来,,,高考3500,3,,,新课标高考词汇,高中
circuit,ˈsɜːkɪt,n. 环形路线，巡回赛,,,高考3500,3,,,新课标高考词汇,高中
circulate,ˈsɜːkjʊleɪt,v. （液体或气体）环流，循环,,,高考3500,3,,,新课标高考词汇,高中
circumstance,ˈsɜːkəmstəns,n.条件，环境，状况,,,高考3500,3,,,新课标高考词汇,高中
circus,ˈsɜːkəs,n. 马戏团,,,高考3500,3,,,新课标高考词汇,高中
citizen,ˈsɪtɪz(ə)n,n. 公民；居民,,,高考3500,3,,,新课标高考词汇,高中
city,ˈsɪtɪ,n. 市，城市，都市,,,高考3500,3,,,新课标高考词汇,高中
civil,ˈsɪv(ə)l,a. 国内的；平民（非军人）的；民用的,,,高考3500,3,,,新课标高考词汇,高中
civilian,sɪˈvɪlɪən,n. 平民，老百姓,,,高考3500,3,,,新课标高考词汇,高中
civilization,sɪvɪlaɪˈzeɪʃ(ə)n; (US) sɪvəlɪˈzeɪʃən,n. 文明,,,高考3500,3,,,新课标高考词汇,高中
clap,klæp,vi. 拍手；鼓掌,,,高考3500,3,,,新课标高考词汇,高中
clarify,ˈklærɪfaɪ,v. 澄清，阐明,,,高考3500,3,,,新课标高考词汇,高中
class,klɑːs; (US) klæs,n. （学校的）班；年级；课,,,高考3500,3,,,新课标高考词汇,高中
classic,ˈklæsɪk,a. 一流的，典型的，有代表性的,,,高考3500,3,,,新课标高考词汇,高中
classical,ˈklæsɪk(ə)l,a. 传统的；古典的,,,高考3500,3,,,新课标高考词汇,高中
classify,ˈklæsɪfaɪ,v. 分类，归类,,,高考3500,3,,,新课标高考词汇,高中
classmate,ˈklɑːsmeɪt,n. 同班同学,,,高考3500,3,,,新课标高考词汇,高中
classroom,ˈklɑːsruːm,n. 教室,,,高考3500,3,,,新课标高考词汇,高中
claw,klɔː,n. 爪,,,高考3500,3,,,新课标高考词汇,高中
clay,kleɪ,n. 黏土，陶土,,,高考3500,3,,,新课标高考词汇,高中
clean,kliːn,vt. 弄干净，擦干净 a. 清洁的，干净的,,,高考3500,3,,,新课标高考词汇,高中
cleaner,kliːnə(r),n.清洁工.，清洁器.，清洁剂,,,高考3500,3,,,新课标高考词汇,高中
clear,klɪə(r),a. 清晰；明亮的；清楚的,,,高考3500,3,,,新课标高考词汇,高中
clearly,ˈklɪəlɪ,ad. 清楚地，无疑地,,,高考3500,3,,,新课标高考词汇,高中
clerk,klɑːk; (US) klərk,n. 书记员；办事员；职员,,,高考3500,3,,,新课标高考词汇,高中
clever,ˈklevə(r),a. 聪明的，伶俐的,,,高考3500,3,,,新课标高考词汇,高中
click,klɪk,v. 点击（计算机用语）,,,高考3500,3,,,新课标高考词汇,高中
climate,ˈklaɪmɪt,n. 气候,,,高考3500,3,,,新课标高考词汇,高中
climb,klaɪm,v. 爬，攀登,,,高考3500,3,,,新课标高考词汇,高中
clinic,ˈklɪnɪk,n. 诊所,,,高考3500,3,,,新课标高考词汇,高中
clock,klɔk,n. 钟,,,高考3500,3,,,新课标高考词汇,高中
clone,kləʊn,n.克隆（无性繁殖出来的有机体群）,,,高考3500,3,,,新课标高考词汇,高中
close,kləʊz,a. 亲密的；近，靠近 ad. 近，靠近 vt. 关，关闭,,,高考3500,3,,,新课标高考词汇,高中
cloth,klɔθ; (US) klɔθ,n. 布,,,高考3500,3,,,新课标高考词汇,高中
clothes,klɔðz; (US) kləʊz,n. 衣服；各种衣物,,,高考3500,3,,,新课标高考词汇,高中
clothing,ˈkləʊðɪŋ,n. (总称) 衣服,,,高考3500,3,,,新课标高考词汇,高中
cloud,ˈkləʊðɪŋ,n. 云；云状物；阴影,,,高考3500,3,,,新课标高考词汇,高中
cloudy,ˈklaʊdɪ,a. 多云的，阴天的,,,高考3500,3,,,新课标高考词汇,高中
club,klʌb,n. 俱乐部；纸牌中的梅花,,,高考3500,3,,,新课标高考词汇,高中
clumsy,ˈklʌmzɪ,a. 笨拙的，不灵巧的,,,高考3500,3,,,新课标高考词汇,高中
coach,kəʊtʃ,n. 教练；马车；长途车,,,高考3500,3,,,新课标高考词汇,高中
coal,kəʊl,n. 煤；煤块,,,高考3500,3,,,新课标高考词汇,高中
coast,kəʊst,n. 海岸；海滨,,,高考3500,3,,,新课标高考词汇,高中
coat,kəʊt,n. 外套；涂层；表皮；皮毛 vt. 给……穿外套；涂上,,,高考3500,3,,,新课标高考词汇,高中
cock,kɔk,n. 公鸡,,,高考3500,3,,,新课标高考词汇,高中
cocoa,ˈkəʊkəʊ,n. 可可粉,,,高考3500,3,,,新课标高考词汇,高中
coffee,ˈkɔfɪ; (US) ˈkɔːfɪ,n. 咖啡,,,高考3500,3,,,新课标高考词汇,高中
coin,kɔɪn,n. 硬币,,,高考3500,3,,,新课标高考词汇,高中
coincidence,kəʊɪnˈsɪdəns,n. 巧合，巧事,,,高考3500,3,,,新课标高考词汇,高中
coke,kəʊk,n. 可口可乐,,,高考3500,3,,,新课标高考词汇,高中
cold,kəʊld,a. 冷的，寒的 n. 寒冷；感冒，伤风,,,高考3500,3,,,新课标高考词汇,高中
coldblooded,kəʊld blʌdɪd,a. (动物) 冷血的,,,高考3500,3,,,新课标高考词汇,高中
collar,ˈkɔlə(r),n. 衣领； 硬领,,,高考3500,3,,,新课标高考词汇,高中
colleague,ˈkɔliːɡ,n. 同事,,,高考3500,3,,,新课标高考词汇,高中
collect,kəˈlekt,vt. 收集，搜集,,,高考3500,3,,,新课标高考词汇,高中
collection,kəˈlekʃ(ə)n,n. 收藏品，收集物,,,高考3500,3,,,新课标高考词汇,高中
college,ˈkɔlɪdʒ,n. 学院；专科学校,,,高考3500,3,,,新课标高考词汇,高中
collision,kəˈlɪʒ(ə)n,n. 碰撞事故,,,高考3500,3,,,新课标高考词汇,高中
colour,ˈkʌlə,n. 颜色 vt.给…着色，涂色【英】,,,高考3500,3,,,新课标高考词汇,高中
color,ˈkʌlə,n. 颜色 vt.给…着色，涂色【美】,,,高考3500,3,,,新课标高考词汇,高中
comb,kəʊm,n. 梳子 v. 梳,,,高考3500,3,,,新课标高考词汇,高中
combine,kəmˈbaɪn,vt. 使联合；使结合,,,高考3500,3,,,新课标高考词汇,高中
come came come,kʌm,vi. 来，来到 【一般现在 过去式 过去分词】,,,高考3500,3,,,新课标高考词汇,高中
comedy,ˈkɔmədɪ,n. 喜剧,,,高考3500,3,,,新课标高考词汇,高中
comfort,ˈkʌmfət,n. 安慰； 慰问,,,高考3500,3,,,新课标高考词汇,高中
comfortable,ˈkʌmfətəb(ə)l; (US) ˈkʌmfərtəbl,a. 舒服的；安逸的；舒服自在的,,,高考3500,3,,,新课标高考词汇,高中
comma,ˈkɔmə,n. 逗号,,,高考3500,3,,,新课标高考词汇,高中
command,kəˈmɑːnd; (US) kəˈmænd,n. & v. 命令,,,高考3500,3,,,新课标高考词汇,高中
comment,ˈkɔment,n. 评论,,,高考3500,3,,,新课标高考词汇,高中
commercial,,a.贸易的，商业的,,,高考3500,3,,,新课标高考词汇,高中
commit,kəˈmɪt,v.犯（罪，错），自杀,,,高考3500,3,,,新课标高考词汇,高中
commitment,kəˈmɪtmənt,n. 承诺，允诺，承担,,,高考3500,3,,,新课标高考词汇,高中
committee,kəˈmɪtɪ,n. 委员会,,,高考3500,3,,,新课标高考词汇,高中
common,ˈkɔmən,a. 普通，一般；共有的,,,高考3500,3,,,新课标高考词汇,高中
communicate,kəˈmjuːnɪkeɪt,v. 交际；传达（感情，信息等）,,,高考3500,3,,,新课标高考词汇,高中
communication,kəmjuːnɪˈkeɪʃ(ə)n,n.交际，交往;通讯,,,高考3500,3,,,新课标高考词汇,高中
communism,ˈkɔmjʊnɪz(ə)m,n. 共产主义,,,高考3500,3,,,新课标高考词汇,高中
communist,ˈkɔmjuːnɪst,n. 共产主义者 a. 共产党的；共产主义的,,,高考3500,3,,,新课标高考词汇,高中
companion,kəmˈpænɪən,n. 同伴；同事,,,高考3500,3,,,新课标高考词汇,高中
company,ˈkʌmpənɪ,n. 公司,,,高考3500,3,,,新课标高考词汇,高中
compare,kəmˈpeə(r),vt. 比较，对照,,,高考3500,3,,,新课标高考词汇,高中
compass,ˈkʌmpəs,n. 罗盘，指南针,,,高考3500,3,,,新课标高考词汇,高中
compensate,ˈkɔmpenseɪt,v. 补偿，弥补,,,高考3500,3,,,新课标高考词汇,高中
compete,kəmˈpiːt,vi. 比赛，竞赛,,,高考3500,3,,,新课标高考词汇,高中
competence,ˈkɔmpətəns,n.能力，胜任，管辖权,,,高考3500,3,,,新课标高考词汇,高中
competition,kɔmpəˈtɪʃ(ə)n,n. 比赛，竞赛,,,高考3500,3,,,新课标高考词汇,高中
competitor,kəmˈpetɪtə(r),n. 竞赛者，比赛者,,,高考3500,3,,,新课标高考词汇,高中
complete,kəmˈpliːt,a. 完成vt. 完成，结束,,,高考3500,3,,,新课标高考词汇,高中
complex,ˈkɔmpleks,a. / n. 复杂的，建筑群,,,高考3500,3,,,新课标高考词汇,高中
component,kəmˈpəʊnənt,n. 组成部分，部件,,,高考3500,3,,,新课标高考词汇,高中
composition,kɔmpəˈzɪʃ(ə)n,n. 作文；作曲,,,高考3500,3,,,新课标高考词汇,高中
comprehension,kɔmprɪˈhenʃ(ə)n,n. 理解,,,高考3500,3,,,新课标高考词汇,高中
compromise,ˈkɔmprəmaɪz,v. 妥协，折中，让步,,,高考3500,3,,,新课标高考词汇,高中
compulsory,kəmˈpʌlsərɪ,a. 强制的，必须做的,,,高考3500,3,,,新课标高考词汇,高中
computer,kəmˈpjuːtə(r),n. 电子计算机,,,高考3500,3,,,新课标高考词汇,高中
computer game,kəmˈpjuːtə(r) ɡeɪm,电子游戏,,,高考3500,3,,,新课标高考词汇,高中
comrade,ˈkɔmrɪd; (US) ˈkɑmræd,n. 同志,,,高考3500,3,,,新课标高考词汇,高中
concentrate,ˈkɔnsəntreɪt,v. 聚精会神,,,高考3500,3,,,新课标高考词汇,高中
concept,ˈkɔnsept,n. 概念,,,高考3500,3,,,新课标高考词汇,高中
concern,kənˈsɜːn,v. / n. 涉及，关心,,,高考3500,3,,,新课标高考词汇,高中
concert,ˈkɔnsət,n. 音乐会；演奏会,,,高考3500,3,,,新课标高考词汇,高中
conclude,kənˈkluːd,v. 完成，结束,,,高考3500,3,,,新课标高考词汇,高中
conclusion,kənˈkluːʒ(ə)n,n. 结论；结束,,,高考3500,3,,,新课标高考词汇,高中
concrete,ˈkɔŋkriːt,a. 混凝土制的,,,高考3500,3,,,新课标高考词汇,高中
condition,kənˈdɪʃ(ə)n,n. 条件，状况,,,高考3500,3,,,新课标高考词汇,高中
condemn,kənˈdem,v. 谴责，指责，宣判,,,高考3500,3,,,新课标高考词汇,高中
conduct,ˈkɔndʌkt,vt. 引导，带领,,,高考3500,3,,,新课标高考词汇,高中
conductor,kənˈdʌktə(r),n. 管理人；指导者；（车上的）售票员，列车员；乐队指挥,,,高考3500,3,,,新课标高考词汇,高中
confident,ˈkɔnfɪdənt,a. 自信的,,,高考3500,3,,,新课标高考词汇,高中
confidential,kɔnfɪˈdenʃ(ə)l,a. 机密的，保密的,,,高考3500,3,,,新课标高考词汇,高中
conference,ˈkɔnfərəns,n. (正式的)会议；讨论,,,高考3500,3,,,新课标高考词汇,高中
confirm,kənˈfɜːm,v. 证实，证明，确认,,,高考3500,3,,,新课标高考词汇,高中
conflict,ˈkɔnflɪkt,n. 冲突，争执，争论,,,高考3500,3,,,新课标高考词汇,高中
confuse,kənˈfjuːz,v. 使迷惑，混淆,,,高考3500,3,,,新课标高考词汇,高中
congratulate,kənˈɡrætjʊleɪt,vt. 祝贺,,,高考3500,3,,,新课标高考词汇,高中
congratulation,kənɡrætjʊˈleɪʃ(ə)n,n. 祝贺，庆贺,,,高考3500,3,,,新课标高考词汇,高中
connect,kəˈnekt,v. 连接，把…联系起来,,,高考3500,3,,,新课标高考词汇,高中
connection,kəˈnekʃ(ə)n,n.连接物;接触，联系,,,高考3500,3,,,新课标高考词汇,高中
conscience,ˈkɔnʃəns,n. 良心，良知，内疚,,,高考3500,3,,,新课标高考词汇,高中
consensus,kənˈsensəs,n. 一致的意见，共识,,,高考3500,3,,,新课标高考词汇,高中
consequence,ˈkɔnsɪkwəns; (US) ˈkɔnsɪkwens,n. 结果，后果,,,高考3500,3,,,新课标高考词汇,高中
conservation,kɔnsəˈveɪʃ(ə)n,n 保存；（自然资源的）保护，管理,,,高考3500,3,,,新课标高考词汇,高中
conservative,kənˈsɜːvətɪv,a. 保守的，守旧的；保守主义的；谨慎的 n.保守的人，保守主义,,,高考3500,3,,,新课标高考词汇,高中
consider,kənˈsɪdə(r),vt. 考虑,,,高考3500,3,,,新课标高考词汇,高中
considerate,kənˈsɪdərət,a. 体贴的,,,高考3500,3,,,新课标高考词汇,高中
consideration,kənsɪdəˈreɪʃ(ə)n,n. 考虑；关心,,,高考3500,3,,,新课标高考词汇,高中
consist,kənˈsɪst,v. 包含，组成，构成,,,高考3500,3,,,新课标高考词汇,高中
consistent,kənˈsɪst(ə)nt,a. 一致的，始终如一的，连续的,,,高考3500,3,,,新课标高考词汇,高中
constant,ˈkɔnstənt,a. 经常的，不断的,,,高考3500,3,,,新课标高考词汇,高中
constitution,kɔnstɪˈtjuːʃ(ə)n; (US) kɔnstəˈtuːʃən,n. 宪法，章程，身体素质,,,高考3500,3,,,新课标高考词汇,高中
construct,kənˈstrʌkt,v. 构筑；建造，建设,,,高考3500,3,,,新课标高考词汇,高中
construction,kənˈstrʌkʃ(ə)n,n.建造，建设，建筑物,,,高考3500,3,,,新课标高考词汇,高中
consult,kənˈsʌlt,v. 咨询，商量,,,高考3500,3,,,新课标高考词汇,高中
consultant,kənˈsʌltənt,n. 顾问,,,高考3500,3,,,新课标高考词汇,高中
consume,kənˈsʌltənt,v. 消耗，耗费（燃料，能量，时间等）,,,高考3500,3,,,新课标高考词汇,高中
contain,kənˈteɪn,v. 包含；包括；能容纳,,,高考3500,3,,,新课标高考词汇,高中
container,kənˈteɪnə(r),n. 容器,,,高考3500,3,,,新课标高考词汇,高中
contemporary,kənˈtempərərɪ; (US) kənˈtempərerɪ,a.属同时期的，同一时代的,,,高考3500,3,,,新课标高考词汇,高中
content,kənˈtent,a.甘愿的，满意的 n.内容,,,高考3500,3,,,新课标高考词汇,高中
continent,ˈkɔntɪnənt,n. 大陆，大洲；陆地,,,高考3500,3,,,新课标高考词汇,高中
continue,kənˈtɪnjuː,vi. 继续,,,高考3500,3,,,新课标高考词汇,高中
contradict,kɔntrəˈdɪkt,v. 反驳，驳斥，批驳,,,高考3500,3,,,新课标高考词汇,高中
contradictory,ˌkɔntrəˈdiktəri,a.相互矛盾，对立的,,,高考3500,3,,,新课标高考词汇,高中
contrary,ˈkɔntrərɪ; (US) ˈkɔntrerɪ,n. / a. 相反 相反的,,,高考3500,3,,,新课标高考词汇,高中
contribute,kənˈtrɪbjuːt,v. 贡献,,,高考3500,3,,,新课标高考词汇,高中
contribution,kɔnˈtrɪbjuːt,n. 贡献,,,高考3500,3,,,新课标高考词汇,高中
control,kənˈtrol,vt.& n. 控制,,,高考3500,3,,,新课标高考词汇,高中
controversial,kɔntrəˈvɜːʃ(ə)l,a.引起争论的，有争议的,,,高考3500,3,,,新课标高考词汇,高中
convenience,kənˈviːnɪəns,n. 便利,,,高考3500,3,,,新课标高考词汇,高中
convenient,kənˈviːnɪənt,a. 便利的，方便的,,,高考3500,3,,,新课标高考词汇,高中
conventional,kənˈvenʃən(ə)l,a. 依照惯例的，习惯的,,,高考3500,3,,,新课标高考词汇,高中
conversation,kɔnvəˈseɪʃ(ə)n,n. 谈话，交谈,,,高考3500,3,,,新课标高考词汇,高中
convey,kənˈveɪ,v. 表达，传递（思想，感情等）,,,高考3500,3,,,新课标高考词汇,高中
convince,kənˈvɪns,v. 使确信，使信服,,,高考3500,3,,,新课标高考词汇,高中
cook,kʊk,n.炊事员，厨师 v.烹调，做饭,,,高考3500,3,,,新课标高考词汇,高中
cooker,ˈkʊkə(r),n. 炊具(锅、炉灶、烤炉等),,,高考3500,3,,,新课标高考词汇,高中
cookie,ˈkʊkɪ,n. 小甜饼,,,高考3500,3,,,新课标高考词汇,高中
cool,kuːl,a. 凉的，凉爽的；酷,,,高考3500,3,,,新课标高考词汇,高中
copy,ˈkɔpɪ,n. 抄本，副本；一本（份，册……） v. 抄写；复印；（计算机用语）拷（备 份盘）,,,高考3500,3,,,新课标高考词汇,高中
coral,ˈkɔr(ə)l; (US) ˈkɔːrəl,n. 珊瑚；珊瑚虫,,,高考3500,3,,,新课标高考词汇,高中
cordless,ˈkɔːdlɪs,a. 无线的,,,高考3500,3,,,新课标高考词汇,高中
corn,kɔːn,n. 玉米，谷物,,,高考3500,3,,,新课标高考词汇,高中
corner,ˈkɔːnə(r),n. 角；角落；拐角,,,高考3500,3,,,新课标高考词汇,高中
corporation,kɔːpəˈreɪʃ(ə)n,n. （大）公司,,,高考3500,3,,,新课标高考词汇,高中
correct,kəˈrekt,v. 改正；纠正 a. 正确的，对的；恰当的,,,高考3500,3,,,新课标高考词汇,高中
correction,kəˈrekʃ(ə)n,n. 改正,,,高考3500,3,,,新课标高考词汇,高中
correspond,kɔrɪˈspɔnd; (US) kɔːrəˈspɔnd,vi. 一致；与……相当；(与人)通信，有书信往来,,,高考3500,3,,,新课标高考词汇,高中
corrupt,kəˈrʌpt,a. / v. 贪污的，腐败的，使腐化，堕落,,,高考3500,3,,,新课标高考词汇,高中
cost,kɔst; (US) kɔːst,v.值（钱），花费 n. 价格,,,高考3500,3,,,新课标高考词汇,高中
cosy,ˈkəuzi,a.暖和舒适的，亲密无间的,,,高考3500,3,,,新课标高考词汇,高中
cottage,ˈkɔtɪdʒ,n. (郊外)小屋，村舍，别墅,,,高考3500,3,,,新课标高考词汇,高中
cotton,ˈkɔt(ə)n,n. 棉花 a. 棉花的,,,高考3500,3,,,新课标高考词汇,高中
cough,kɔf; (US) kɔːf,n.& vi. 咳嗽,,,高考3500,3,,,新课标高考词汇,高中
could modal,kʊdˈməʊd(ə)l,v.（can的过去式）可以…；（表示许可或请求）可以…，行,,,高考3500,3,,,新课标高考词汇,高中
count,kaʊnt,vt. 数，点数,,,高考3500,3,,,新课标高考词汇,高中
counter,ˈkaʊntə(r),n. 柜台，结账处,,,高考3500,3,,,新课标高考词汇,高中
country,ˈkʌntrɪ,n. 国家；农村，乡下,,,高考3500,3,,,新课标高考词汇,高中
countryside,ˈkʌntrɪsaɪd,n. 乡下，农村,,,高考3500,3,,,新课标高考词汇,高中
couple,ˈkʌp(ə)l,n. 夫妇，一对,,,高考3500,3,,,新课标高考词汇,高中
courage,ˈkʌrɪdʒ,n. 勇气； 胆略,,,高考3500,3,,,新课标高考词汇,高中
course,kɔːs,n. 过程；经过；课程,,,高考3500,3,,,新课标高考词汇,高中
court,kɔːt,n. 法庭；法院,,,高考3500,3,,,新课标高考词汇,高中
courtyard,ˈkɔːtjɑːd,n. 庭院，院子,,,高考3500,3,,,新课标高考词汇,高中
cousin,ˈkʌz(ə)n,n. 堂（表）兄弟，堂（表）姐妹,,,高考3500,3,,,新课标高考词汇,高中
cover,ˈkʌvə(r),n. 盖子；罩 v. 覆盖，遮盖；掩盖,,,高考3500,3,,,新课标高考词汇,高中
cow,kaʊ,n. 母牛，奶牛,,,高考3500,3,,,新课标高考词汇,高中
cowboy,ˈkaʊbɔɪ,n.（美国）牛仔;牧场骑士,,,高考3500,3,,,新课标高考词汇,高中
co-worker,ˈkəʊ ˈwɜːkə(r),n. 合作者；同事【连字符】,,,高考3500,3,,,新课标高考词汇,高中
crash,kræʃ,v. / n. 碰撞，撞击,,,高考3500,3,,,新课标高考词汇,高中
crayon,ˈkreɪən,n 蜡笔；蜡笔画,,,高考3500,3,,,新课标高考词汇,高中
crazy,ˈkreɪzɪ,a. 疯狂的,,,高考3500,3,,,新课标高考词汇,高中
cream,kriːm,n. 奶油，乳脂,,,高考3500,3,,,新课标高考词汇,高中
create,kriːˈeɪt,vt. 创造； 造成,,,高考3500,3,,,新课标高考词汇,高中
creature,ˈkriːtʃə(r),n. 生物，动物,,,高考3500,3,,,新课标高考词汇,高中
credit,ˈkredɪt,n. 信用；信赖；信誉,,,高考3500,3,,,新课标高考词汇,高中
crime,kraɪm,n. （法律上的）罪，犯罪,,,高考3500,3,,,新课标高考词汇,高中
criminal,ˈkrɪmɪn(ə)l,n. 罪犯,,,高考3500,3,,,新课标高考词汇,高中
crew,kruː,n. 全体船员,,,高考3500,3,,,新课标高考词汇,高中
criterion criteria,kraɪˈtɪərɪən,n. 标准，准则，原则【单数 复数】,,,高考3500,3,,,新课标高考词汇,高中
crop,krɔp,n. 庄稼；收成,,,高考3500,3,,,新课标高考词汇,高中
cross,krɔs,a. 脾气不好的，易怒的 n. 十字形的东西 vt. 越过；穿过,,,高考3500,3,,,新课标高考词汇,高中
crossing,ˈkrɔsɪŋ,n. 十字路口，人行横道,,,高考3500,3,,,新课标高考词汇,高中
crossroads,ˈkrɔsrəʊd,n. 交叉路口,,,高考3500,3,,,新课标高考词汇,高中
crowd,kraʊd,n. 人群 vt. 拥挤，群聚,,,高考3500,3,,,新课标高考词汇,高中
crowded,ˈkraʊdɪd,a. 拥挤的,,,高考3500,3,,,新课标高考词汇,高中
cruel,ˈkruːəl,a. 残忍的，残酷的；无情的,,,高考3500,3,,,新课标高考词汇,高中
cry,kraɪ,n. 叫喊；哭声 v. 喊叫；哭,,,高考3500,3,,,新课标高考词汇,高中
cube,kjuːb,n. 立方体,,,高考3500,3,,,新课标高考词汇,高中
cubic,ˈkjuːbɪk,a.立方体的，立方形的,,,高考3500,3,,,新课标高考词汇,高中
cuisine,kwɪˈziːn,n. 饭菜，佳肴,,,高考3500,3,,,新课标高考词汇,高中
culture,ˈkʌltʃə(r),n. 文化,,,高考3500,3,,,新课标高考词汇,高中
cup,kʌp,n. 茶杯,,,高考3500,3,,,新课标高考词汇,高中
cupboard,ˈkʌbəd,n. 碗柜；橱柜,,,高考3500,3,,,新课标高考词汇,高中
cure,kjʊə(r),n. & vt. 治疗；医好,,,高考3500,3,,,新课标高考词汇,高中
curious,ˈkjʊərɪəs,a. 好奇的；奇异的,,,高考3500,3,,,新课标高考词汇,高中
currency,ˈkʌrənsɪ,n. 货币；现金,,,高考3500,3,,,新课标高考词汇,高中
curriculum,kəˈrɪkjʊləm,n.（学校的）全部课程,,,高考3500,3,,,新课标高考词汇,高中
curtain,ˈkɜːt(ə)n,n. 窗帘,,,高考3500,3,,,新课标高考词汇,高中
cushion,ˈkʊʃ(ə)n,n. 垫子,,,高考3500,3,,,新课标高考词汇,高中
custom,ˈkʌstəm,n. 习惯，习俗，风俗习惯,,,高考3500,3,,,新课标高考词汇,高中
customer,ˈkʌstəmə(r),n. （商店）顾客，主顾,,,高考3500,3,,,新课标高考词汇,高中
customs,ˈkʌstəm,n. 海关，关税,,,高考3500,3,,,新课标高考词汇,高中
cut,kʌt,v. / n. 切，剪，削，割， 伤口,,,高考3500,3,,,新课标高考词汇,高中
cycle,ˈsaɪk(ə)l,vi. 骑自行车,,,高考3500,3,,,新课标高考词汇,高中
cyclist,ˈsaɪklɪst,n. 骑自行车的人,,,高考3500,3,,,新课标高考词汇,高中
dad = daddy,dæd,n.（口）爸爸，爹爹,,,高考3500,3,,,新课标高考词汇,高中
daily,ˈdeɪlɪ,a. 每日的；日常的 ad. 每天 n. 日报,,,高考3500,3,,,新课标高考词汇,高中
dam,dæm,n. 水坝，堰堤,,,高考3500,3,,,新课标高考词汇,高中
damage,ˈdæmɪdʒ,n.& vt. 毁坏，损害,,,高考3500,3,,,新课标高考词汇,高中
damp,dæmp,a. & n. 潮湿（的）,,,高考3500,3,,,新课标高考词汇,高中
dance,dɑːns; (US) dæns,n.& vi. 跳舞,,,高考3500,3,,,新课标高考词汇,高中
danger,ˈdeɪndʒə(r),n. 危险,,,高考3500,3,,,新课标高考词汇,高中
dangerous,ˈdeɪndʒərəs,a. 危险的,,,高考3500,3,,,新课标高考词汇,高中
dare,deə(r),v.& aux..（后接不带to的不定式；主要用于疑问，否定或条件句）敢，敢于,,,高考3500,3,,,新课标高考词汇,高中
dark,dɑːk,n. 黑暗；暗处；日暮 a. 黑暗的；暗淡的；深色的,,,高考3500,3,,,新课标高考词汇,高中
darkness,ˈdɑːknɪs,n. 黑暗，阴暗,,,高考3500,3,,,新课标高考词汇,高中
dash,dæʃ,v. & n. 快跑，冲刺，短跑,,,高考3500,3,,,新课标高考词汇,高中
data,ˈdeɪtə， ˈdɑːtə; (US) ˈdætə,n. 资料，数据,,,高考3500,3,,,新课标高考词汇,高中
database,ˈdeɪtbeɪs,n. 资料库，数据库,,,高考3500,3,,,新课标高考词汇,高中
date,deɪt,n. 日期；约会 n.枣,,,高考3500,3,,,新课标高考词汇,高中
daughter,ˈdɔːtə(r),n. 女儿,,,高考3500,3,,,新课标高考词汇,高中
dawn,dɔːn,n. 黎明，拂晓,,,高考3500,3,,,新课标高考词汇,高中
day,deɪ,n.（一）天，（一）日；白天,,,高考3500,3,,,新课标高考词汇,高中
daylight,ˈdeɪlaɪt,n. 日光，白昼； 黎明,,,高考3500,3,,,新课标高考词汇,高中
dead,ded,a. 死的；无生命的,,,高考3500,3,,,新课标高考词汇,高中
deadline,ˈdedlaɪn,n.最后期限，截止日期,,,高考3500,3,,,新课标高考词汇,高中
deaf,def,a. 聋的,,,高考3500,3,,,新课标高考词汇,高中
deal,diːl,n. 量，数额；交易,,,高考3500,3,,,新课标高考词汇,高中
dear,dɪə(r),int.（表示惊愕）哎呀！唷！ a. 亲爱的；贵的,,,高考3500,3,,,新课标高考词汇,高中
death,deθ,n. 死,,,高考3500,3,,,新课标高考词汇,高中
debate,dɪˈbeɪt,n. & v.讨论，辩论,,,高考3500,3,,,新课标高考词汇,高中
debt,det,n. 债务；欠款,,,高考3500,3,,,新课标高考词汇,高中
decade,ˈdekeɪd,n. 十年期,,,高考3500,3,,,新课标高考词汇,高中
December,dɪˈsembə(r),n. 12月,,,高考3500,3,,,新课标高考词汇,高中
decide,dɪˈsaɪd,v. 决定；下决心,,,高考3500,3,,,新课标高考词汇,高中
decision,dɪˈsɪʒ(ə)n,n. 决定；决心,,,高考3500,3,,,新课标高考词汇,高中
declare,dɪˈkleə(r),vt. 声明；断言,,,高考3500,3,,,新课标高考词汇,高中
decline,dɪˈklaɪn,v. 减少，下降，衰退，谢绝,,,高考3500,3,,,新课标高考词汇,高中
decorate,ˈdekəreɪt,vt.装饰…，修饰…,,,高考3500,3,,,新课标高考词汇,高中
decoration,dekəˈreɪʃ(ə)n,n.装饰，修饰,,,高考3500,3,,,新课标高考词汇,高中
decrease,dɪˈkriːs,v.减少，减小，降低,,,高考3500,3,,,新课标高考词汇,高中
deed,diːd,n. 行为；事迹,,,高考3500,3,,,新课标高考词汇,高中
deep,diːp,a. 深 ad. 深；深厚,,,高考3500,3,,,新课标高考词汇,高中
deeply,ˈdiːplɪ,ad. 深深地,,,高考3500,3,,,新课标高考词汇,高中
deer,dɪə(r),n. 鹿,,,高考3500,3,,,新课标高考词汇,高中
defeat,dɪˈfiːt,vt. 击败；战胜,,,高考3500,3,,,新课标高考词汇,高中
defence defences,diˈfens,n. & v. 防御；防务【单数 复数】,,,高考3500,3,,,新课标高考词汇,高中
defend,dɪˈfend,vt. 防守；保卫,,,高考3500,3,,,新课标高考词汇,高中
degree,dɪˈɡriː,n. 程度；度数；学位,,,高考3500,3,,,新课标高考词汇,高中
delay,dɪˈleɪ,v.& n. 拖延，延误，延迟，延期；耽搁,,,高考3500,3,,,新课标高考词汇,高中
delete,dɪˈliːt,v. 删去,,,高考3500,3,,,新课标高考词汇,高中
deliberately,dɪˈlɪbərətlɪ,ad.故意，蓄意，存心,,,高考3500,3,,,新课标高考词汇,高中
delicate,ˈdelɪkət,a.易损的，易碎的,,,高考3500,3,,,新课标高考词汇,高中
delicious,dɪˈlɪʃəs,a. 美味的，可口的,,,高考3500,3,,,新课标高考词汇,高中
delight,dɪˈlaɪt,n. 快乐；乐事,,,高考3500,3,,,新课标高考词汇,高中
delighted,diˈlaitid,a. 高兴的，快乐的,,,高考3500,3,,,新课标高考词汇,高中
deliver,dɪˈlɪvə(r),vt. 投递（信件，邮包等）,,,高考3500,3,,,新课标高考词汇,高中
demand,dɪˈmɑːnd; (US) dɪˈmænd,vt. 要求,,,高考3500,3,,,新课标高考词汇,高中
dentist,ˈdentɪst,n. 牙科医生 ,,,高考3500,3,,,新课标高考词汇,高中
department,dɪˈpɑːtmənt,n. 部门；（机关的）司，处；（大学的）系,,,高考3500,3,,,新课标高考词汇,高中
department-store,dɪˈpɑːtmənt-stɔː(r),n. 百货商场【连字符】,,,高考3500,3,,,新课标高考词汇,高中
departure,dɪˈpɑːtʃə(r),n. 离开，启程,,,高考3500,3,,,新课标高考词汇,高中
depend,dɪˈpend,vi. 依靠，依赖，指望；取决于,,,高考3500,3,,,新课标高考词汇,高中
deposit,dɪˈpɔzɪt,v. / n. 订金，押金，放下，放置，储存,,,高考3500,3,,,新课标高考词汇,高中
depth,depθ,n. 深，深度,,,高考3500,3,,,新课标高考词汇,高中
describe,dɪˈskraɪb,vt. 描写，叙述,,,高考3500,3,,,新课标高考词汇,高中
description,dɪˈskrɪpʃ(ə)n,n. 描述，描写,,,高考3500,3,,,新课标高考词汇,高中
desert,dɪˈzɜːt,n. 沙漠 vt. 舍弃； 遗弃,,,高考3500,3,,,新课标高考词汇,高中
deserve,dɪˈzɜːv,v.（不用于进行时态）应得，应受,,,高考3500,3,,,新课标高考词汇,高中
design,dɪˈzaɪn,n.& vt. n. 设计，策划 图案，图样，样式,,,高考3500,3,,,新课标高考词汇,高中
desire,dɪˈzaɪə(r),vt. & n. 要求；期望,,,高考3500,3,,,新课标高考词汇,高中
desk,desk,n. 书桌，写字台,,,高考3500,3,,,新课标高考词汇,高中
desperate,ˈdespərət,a.（因绝望而）不惜冒险的，不顾一切的，拼命的,,,高考3500,3,,,新课标高考词汇,高中
dessert,dɪˈzɜːt,n. 甜点,,,高考3500,3,,,新课标高考词汇,高中
destination,destɪˈneɪʃ(ə)n,n.目的地，终点,,,高考3500,3,,,新课标高考词汇,高中
destroy,dɪˈstrɔɪ,vt. 破坏，毁坏,,,高考3500,3,,,新课标高考词汇,高中
detective,dɪˈtektɪv,n. 侦探,,,高考3500,3,,,新课标高考词汇,高中
determination,dɪtɜːmɪˈneɪʃ(ə)n,n. 决心,,,高考3500,3,,,新课标高考词汇,高中
determine,dɪˈtɜːmɪn,vt. 决定；决心,,,高考3500,3,,,新课标高考词汇,高中
develop,dɪˈveləp,v. （使）发展；（使）发达；（使）发育；开发 vt. 冲洗（照片）,,,高考3500,3,,,新课标高考词汇,高中
development,dɪˈveləpmənt,n. 发展，发达，发育，开发,,,高考3500,3,,,新课标高考词汇,高中
devote,dɪˈvəʊt,vt. 把…奉献， 把…专用（于）,,,高考3500,3,,,新课标高考词汇,高中
devotion,dɪˈvəʊʃ(ə)n,n. 奉献，奉献精神,,,高考3500,3,,,新课标高考词汇,高中
diagram,ˈdaɪəɡræm,n. 图表，图样,,,高考3500,3,,,新课标高考词汇,高中
dial,ˈdaɪ(ə)l,vt. 拨（电话号码）,,,高考3500,3,,,新课标高考词汇,高中
dialogue,ˈdaɪəlɔɡ,n. 对话【英】,,,高考3500,3,,,新课标高考词汇,高中
dialog,ˈdaɪəlɔɡ,n. 对话【美】,,,高考3500,3,,,新课标高考词汇,高中
diamond,ˈdaɪəmənd,n. 钻石，金刚石；纸牌中的方块,,,高考3500,3,,,新课标高考词汇,高中
diary,ˈdaɪərɪ,n. 日记；日记簿,,,高考3500,3,,,新课标高考词汇,高中
dictation,dɪkˈteɪʃ(ə)n,n. 听写,,,高考3500,3,,,新课标高考词汇,高中
dictionary,ˈdɪkʃənərɪ; (US) ˈdɪkʃənerɪ,n. 词典，字典,,,高考3500,3,,,新课标高考词汇,高中
die,daɪ,v. 死,,,高考3500,3,,,新课标高考词汇,高中
diet,daɪ,n. 饮食,,,高考3500,3,,,新课标高考词汇,高中
differ,ˈdɪfə(r),v. 相异，有区别,,,高考3500,3,,,新课标高考词汇,高中
difference,ˈdɪfrəns,n. 不同,,,高考3500,3,,,新课标高考词汇,高中
different,ˈdɪfrənt,a. 不同的，有差异的,,,高考3500,3,,,新课标高考词汇,高中
difficult,ˈdɪfɪkəlt,a.难；艰难；不易相处,,,高考3500,3,,,新课标高考词汇,高中
difficulty,ˈdɪfɪkəltɪ,n. 困难，费力,,,高考3500,3,,,新课标高考词汇,高中
dig dug dug,dɪɡ,v. 挖（洞沟），掘 【一般现在 过去式 过去分词】,,,高考3500,3,,,新课标高考词汇,高中
digest,dɪˈdʒest， daɪˈdʒest,v.消化， 领会,,,高考3500,3,,,新课标高考词汇,高中
digital,ˈdɪdʒɪt(ə)l,a. .数字的，数码的,,,高考3500,3,,,新课标高考词汇,高中
dignity,ˈdɪɡnɪtɪ,n. 庄重，庄严，尊严。尊贵，高尚,,,高考3500,3,,,新课标高考词汇,高中
dilemma,daɪˈlemə,n. （进退两难的）窘境，困境,,,高考3500,3,,,新课标高考词汇,高中
dimension,dɪˈmenʃ(ə)n,n.量度，尺寸，面积，程度，范围,,,高考3500,3,,,新课标高考词汇,高中
dine,daɪn,v. 吃饭；（指正式）进餐,,,高考3500,3,,,新课标高考词汇,高中
dining-room,ˈdainiŋ-rʊm,食堂，饭厅【连字符】,,,高考3500,3,,,新课标高考词汇,高中
dinner,ˈdɪnə(r),n. 正餐，宴会,,,高考3500,3,,,新课标高考词汇,高中
dinosaur,ˈdaɪnəsɔː(r),n. 恐龙,,,高考3500,3,,,新课标高考词汇,高中
dioxide,daɪˈɔksaɪd,n.二氧化物,,,高考3500,3,,,新课标高考词汇,高中
dip,dɪp,vt. 浸，蘸；把…放入又取出,,,高考3500,3,,,新课标高考词汇,高中
diploma,dɪˈpləʊmə,n.毕业文凭；学位证书,,,高考3500,3,,,新课标高考词汇,高中
direct,dɪˈrekt， daɪˈrekt,a. / vt. 直接的；直达的；直截了当的 指挥；指导；监督；管理；指挥（演奏）；导演（电影）,,,高考3500,3,,,新课标高考词汇,高中
direction,dɪˈrekʃ(ə)n， daɪˈrekʃ(ə)n,n. 方向；方位,,,高考3500,3,,,新课标高考词汇,高中
director,dɪˈrektə(r),n. 所长，处长，主任；董事；导演,,,高考3500,3,,,新课标高考词汇,高中
directory,dɪˈrektərɪ,n. 姓名地址录,,,高考3500,3,,,新课标高考词汇,高中
dirt,dɜːt,n. 污物；脏物,,,高考3500,3,,,新课标高考词汇,高中
dirty,ˈdɜːtɪ,a. 脏的,,,高考3500,3,,,新课标高考词汇,高中
disability,dɪsəˈbɪlɪtɪ,n.. 残疾；无能,,,高考3500,3,,,新课标高考词汇,高中
disabled,dɪsˈeɪb(ə)ld,a. 残废的，残疾的,,,高考3500,3,,,新课标高考词汇,高中
disadvantage,dɪsədˈvɑːntɪdʒ,n. 不利条件；弱点,,,高考3500,3,,,新课标高考词汇,高中
disagree,dɪsəˈɡriː,vi. 意见不一致，持不同意见,,,高考3500,3,,,新课标高考词汇,高中
disagreement,dɪsəˈɡriːmənt,n. 意见不一致；相违；争论,,,高考3500,3,,,新课标高考词汇,高中
disappear,dɪsəˈpɪə(r),vi. 消失,,,高考3500,3,,,新课标高考词汇,高中
disappoint,dɪsəˈpɔɪnt,vt. 使失望,,,高考3500,3,,,新课标高考词汇,高中
disappointment,dɪsəˈpɔɪntmənt,n. 失望；沮丧,,,高考3500,3,,,新课标高考词汇,高中
disaster,dɪˈzɑːstə(r); (US) dɪzˈæstər,n. 灾难；祸患,,,高考3500,3,,,新课标高考词汇,高中
discount,ˈdɪskaʊnt,n. 折扣,,,高考3500,3,,,新课标高考词汇,高中
discourage,dɪˈskʌrɪdʒ,vt. （使）气馁；打消（做…的念头）,,,高考3500,3,,,新课标高考词汇,高中
discover,dɪˈskʌvə(r),vt. 发现,,,高考3500,3,,,新课标高考词汇,高中
discovery,dɪˈskʌvərɪ,n. 发现,,,高考3500,3,,,新课标高考词汇,高中
discrimination,dɪskrɪmɪˈneɪʃ(ə)n,n. 歧视,,,高考3500,3,,,新课标高考词汇,高中
discuss,dɪsˈkʌs,vt. 讨论，议论,,,高考3500,3,,,新课标高考词汇,高中
discussion,dɪsˈkʌʃ(ə)n,n. 讨论，辩论,,,高考3500,3,,,新课标高考词汇,高中
disease,dɪˈziːz,n. 病，疾病,,,高考3500,3,,,新课标高考词汇,高中
disgusting,dɪsˈɡʌstɪŋ,a.极糟的，令人不快的，令人厌恶的,,,高考3500,3,,,新课标高考词汇,高中
dish,dɪʃ,n. 盘，碟；盘装菜；盘形物,,,高考3500,3,,,新课标高考词汇,高中
disk =disc,dɪsk,n. 磁盘,,,高考3500,3,,,新课标高考词汇,高中
dislike,dɪsˈlaɪk,vt. 不喜爱；厌恶,,,高考3500,3,,,新课标高考词汇,高中
dismiss,dɪsˈmɪs,vt. 让……离开；遣散；解散；解雇,,,高考3500,3,,,新课标高考词汇,高中
disobey,dɪsəˈbeɪ,vt. 不服从,,,高考3500,3,,,新课标高考词汇,高中
distance,ˈdɪstəns,n. 距离,,,高考3500,3,,,新课标高考词汇,高中
distant,ˈdɪst(ə)nt,a. 远的，遥远的,,,高考3500,3,,,新课标高考词汇,高中
distinction,dɪˈstɪŋkʃ(ə)n,n.差别，区别，优秀，卓越,,,高考3500,3,,,新课标高考词汇,高中
distinguish,dɪˈstɪŋɡwɪʃ,v. 区分，辨别，分清,,,高考3500,3,,,新课标高考词汇,高中
distribute,dɪˈstrɪbjuːt,v. 分发，分配,,,高考3500,3,,,新课标高考词汇,高中
district,ˈdɪstrɪkt,n. 区；地区；区域,,,高考3500,3,,,新课标高考词汇,高中
disturb,dɪˈstɜːb,vt. 扰乱；打扰,,,高考3500,3,,,新课标高考词汇,高中
disturbing,dɪˈstɜːbɪŋ,a. 令人不安的，引起恐慌的,,,高考3500,3,,,新课标高考词汇,高中
dive,daɪv,vi. 跳水,,,高考3500,3,,,新课标高考词汇,高中
diverse,daɪˈvɜːs,v. 不同的，多种多样，形形色色的,,,高考3500,3,,,新课标高考词汇,高中
divide,dɪˈvaɪd,vt. 分，划分,,,高考3500,3,,,新课标高考词汇,高中
division,dɪˈvɪʒ(ə)n,n. （算术用语）除,,,高考3500,3,,,新课标高考词汇,高中
divorce,dɪˈvɔːs,v. 离婚,,,高考3500,3,,,新课标高考词汇,高中
dizzy,ˈdɪzɪ,a. 头眩目晕的,,,高考3500,3,,,新课标高考词汇,高中
do,dʊ， duː,v. & aux. 做，干（用以构成疑问句及否定句。第三人称单数现在时用does） 不做，不干,,,高考3500,3,,,新课标高考词汇,高中
doctor,ˈdɔktə(r),n. 医生，大夫；博士,,,高考3500,3,,,新课标高考词汇,高中
document,ˈdɔkjʊmənt,n. 文件；文献,,,高考3500,3,,,新课标高考词汇,高中
does doesn't = does not,,v. 动词do的第三人称单数现在式,,,高考3500,3,,,新课标高考词汇,高中
dog,dɔɡ; (US) dɔːɡ,n. 狗,,,高考3500,3,,,新课标高考词汇,高中
doll,dɔl; (US) dɔːl,n. 玩偶，玩具娃娃,,,高考3500,3,,,新课标高考词汇,高中
dollar,dɔl; (US) dɔːl,n. 元（美国、加拿大、澳大利亚等国货币单位）,,,高考3500,3,,,新课标高考词汇,高中
door,dɔː(r),n. 门,,,高考3500,3,,,新课标高考词汇,高中
dormitory,ˈdɔːmɪtərɪ; (US) ˈdɔːrmɪtɔːrɪ,n. 学生宿舍（缩写式dorm）,,,高考3500,3,,,新课标高考词汇,高中
dot,dɔt,n. 点，小点，圆点,,,高考3500,3,,,新课标高考词汇,高中
double,ˈdʌb(ə)l,a. 两倍.双的 n. 两个.双,,,高考3500,3,,,新课标高考词汇,高中
doubt,daʊt,n.& v. 怀疑，疑惑,,,高考3500,3,,,新课标高考词汇,高中
down,daʊn,prep. 沿着，沿…而下 ad. 向下,,,高考3500,3,,,新课标高考词汇,高中
download,ˈdaunləud,n.& v. 下载,,,高考3500,3,,,新课标高考词汇,高中
downstairs,ˈdaʊnsteəz,ad. 在楼下；到楼下,,,高考3500,3,,,新课标高考词汇,高中
downtown,ˈdaʊntaʊn,ad. 往或在城市的商业区（或中心区、闹市区） n. 城市的商业区，中心区，闹市区 a.城市的商业区的，中心区的，闹市区的,,,高考3500,3,,,新课标高考词汇,高中
downward,ˈdaʊnwəd,ad. 向下,,,高考3500,3,,,新课标高考词汇,高中
dozen,ˈdaʊnwəd,n. 十二个；几十，许多,,,高考3500,3,,,新课标高考词汇,高中
draft,drɑːft; (US) dræft,n. / v. 草稿，草案，起草，草拟,,,高考3500,3,,,新课标高考词汇,高中
drag,dræɡ,v. 拖；拽,,,高考3500,3,,,新课标高考词汇,高中
draw drew drawn,drɔː,v. 绘画；绘制；拉，拖；提取（金钱） 【一般现在 过去式 过去分词】,,,高考3500,3,,,新课标高考词汇,高中
drawback,ˈdrɔːbæk,n.缺点，不利条件,,,高考3500,3,,,新课标高考词汇,高中
drawer,ˈdrɔːə(r),n. 抽屉,,,高考3500,3,,,新课标高考词汇,高中
drawing,ˈdrɔːɪŋ,n. 图画，素描，绘画,,,高考3500,3,,,新课标高考词汇,高中
dream,driːm,n.& vt. 梦，梦想,,,高考3500,3,,,新课标高考词汇,高中
dress,dres,n. 女服，连衣裙；(统指)服装；童装 v. 穿衣；穿着,,,高考3500,3,,,新课标高考词汇,高中
drier =dryer,ˈdraɪə(r),n. 烘干机；吹风机,,,高考3500,3,,,新课标高考词汇,高中
drill,drɪl,n. 钻头；（反复的）训练 vt. 钻(孔)， 在…上钻孔；重复训练,,,高考3500,3,,,新课标高考词汇,高中
drink,drɪŋk,n. 饮料；喝酒 ,,,高考3500,3,,,新课标高考词汇,高中
drink drank drunk,drɪŋk,v. 喝，饮 【一般现在 过去式 过去分词】,,,高考3500,3,,,新课标高考词汇,高中
drive drove driven,draɪv,v. 驾驶，开（车）；驱赶 【一般现在 过去式 过去分词】,,,高考3500,3,,,新课标高考词汇,高中
driver,ˈdraɪvə(r),n. 司机，驾驶员,,,高考3500,3,,,新课标高考词汇,高中
drop,drɔp,n.滴 v.掉下.落下.投递.放弃,,,高考3500,3,,,新课标高考词汇,高中
drown,draʊn,vi. 溺死；淹没,,,高考3500,3,,,新课标高考词汇,高中
drug,drʌɡ,n. 药，药物；毒品,,,高考3500,3,,,新课标高考词汇,高中
drum,drʌm,n. 鼓,,,高考3500,3,,,新课标高考词汇,高中
drunk,drʌŋk,a. 醉的,,,高考3500,3,,,新课标高考词汇,高中
dry,draɪ,v. 使…干；弄干；擦干 a. 干的；干燥的,,,高考3500,3,,,新课标高考词汇,高中
duck,dʌk,n. 鸭子,,,高考3500,3,,,新课标高考词汇,高中
due,djuː; (US) duː,a. 预期的；约定的,,,高考3500,3,,,新课标高考词汇,高中
dull,dʌl,a. 阴暗的；单调无味,,,高考3500,3,,,新课标高考词汇,高中
dumpling,ˈdʌmplɪŋ,n. 饺子,,,高考3500,3,,,新课标高考词汇,高中
during,ˈdjʊərɪŋ; (US) ˈdʊərɪŋ,prep. 在…期间；在…过程中,,,高考3500,3,,,新课标高考词汇,高中
dusk,dʌsk,n. 黄昏,,,高考3500,3,,,新课标高考词汇,高中
dust,dʌst,n. 灰尘，尘土,,,高考3500,3,,,新课标高考词汇,高中
dustbin,ˈdʌstbɪn,n. 垃圾箱,,,高考3500,3,,,新课标高考词汇,高中
dusty,ˈdʌstɪ,a. 尘土般的，尘土多的,,,高考3500,3,,,新课标高考词汇,高中
duty,ˈdjuːtɪ; (US) ˈduːtɪ,n. 责任，义务,,,高考3500,3,,,新课标高考词汇,高中
DVD,ˈdi:ˈvi:ˈdi:,数码影碟(digital versatile disk),,,高考3500,3,,,新课标高考词汇,高中
Dynamic,daɪˈnæmɪk,a.充满活力，精力充沛的,,,高考3500,3,,,新课标高考词汇,高中
Dynasty,ˈdɪnəstɪ; (US) ˈdaɪnəstɪ,n.王朝，朝代,,,高考3500,3,,,新课标高考词汇,高中
each,iːtʃ,a.& pron.每人.每个.每件,,,高考3500,3,,,新课标高考词汇,高中
eager,ˈiːɡə(r),a. 渴望的，热切的,,,高考3500,3,,,新课标高考词汇,高中
eagle,ˈiːɡ(ə)l,n. 鹰,,,高考3500,3,,,新课标高考词汇,高中
ear,ɪə(r),n.耳朵.耳状物；听力，听觉,,,高考3500,3,,,新课标高考词汇,高中
early,ɜːlɪ,a. 早的 ad. 早地,,,高考3500,3,,,新课标高考词汇,高中
earn,ɜːn,vt. 挣得，赚得,,,高考3500,3,,,新课标高考词汇,高中
earth,ɜːθ,n. 地球；土，泥；大地,,,高考3500,3,,,新课标高考词汇,高中
earthquake,ˈɜːθkweɪk,n. 地震,,,高考3500,3,,,新课标高考词汇,高中
ease,iːz,v. 减轻；缓解（难度或严重程度）,,,高考3500,3,,,新课标高考词汇,高中
easily,ˈiːzɪlɪ,ad. 容易地,,,高考3500,3,,,新课标高考词汇,高中
east,iːst,a. 东方；东部的；朝东的；从东方来 ad. 在东方；向东方；从东方 n. 东，东方；东部,,,高考3500,3,,,新课标高考词汇,高中
Easter,ˈiːstə(r),n. 复活节,,,高考3500,3,,,新课标高考词汇,高中
eastern,ˈiːst(ə)n,a. 东方的；东部的,,,高考3500,3,,,新课标高考词汇,高中
eastwards,ˈiːstwədz,ad. 向东,,,高考3500,3,,,新课标高考词汇,高中
easy,ˈiːzɪ,a. 容易的，不费力的,,,高考3500,3,,,新课标高考词汇,高中
easygoing,ˈiːzɪ-ˈɡəʊɪŋ,a. 随和的,,,高考3500,3,,,新课标高考词汇,高中
eat ate eaten,iːt,v. 吃 【一般现在 过去式 过去分词】,,,高考3500,3,,,新课标高考词汇,高中
ecology,ɪˈkɔlədʒɪ,n. 生态，生态学,,,高考3500,3,,,新课标高考词汇,高中
edge,edʒ,n. 边缘,,,高考3500,3,,,新课标高考词汇,高中
edition,ɪˈdɪʃ(ə)n,n.（发行物的）版，版（本）,,,高考3500,3,,,新课标高考词汇,高中
editor,ˈedɪtə(r),n. 编辑,,,高考3500,3,,,新课标高考词汇,高中
educate,ˈedjʊkeɪt,vt. 教育，培养,,,高考3500,3,,,新课标高考词汇,高中
educator,ˈedju:keitə(r),n. 教育家,,,高考3500,3,,,新课标高考词汇,高中
education,edjʊˈkeɪʃ(ə)n,n. 教育，培养,,,高考3500,3,,,新课标高考词汇,高中
effect,ɪˈfekt,n. 效果；作用,,,高考3500,3,,,新课标高考词汇,高中
effort,ˈefət,n. 努力，艰难的尝试,,,高考3500,3,,,新课标高考词汇,高中
egg,eɡ,n. 蛋；卵,,,高考3500,3,,,新课标高考词汇,高中
eggplant,ˈeɡplɑːnt,n. 茄子,,,高考3500,3,,,新课标高考词汇,高中
Egypt,ˈiːdʒɪpt,n. 埃及,,,高考3500,3,,,新课标高考词汇,高中
Egyptian,ɪˈdʒɪpʃ(ə)n,a. 埃及的；埃及人的；埃及语的 n. 埃及人,,,高考3500,3,,,新课标高考词汇,高中
eight,eɪt,num. 八,,,高考3500,3,,,新课标高考词汇,高中
eighteen,ˈeɪˈtiːn,num. 十八,,,高考3500,3,,,新课标高考词汇,高中
eighth,eɪtθ,num. 第八,,,高考3500,3,,,新课标高考词汇,高中
eighty,ˈeɪtɪ,num. 八十,,,高考3500,3,,,新课标高考词汇,高中
either,ˈaɪðə(r),a. 两方任一方的；二者之一 conj. 二者之一；要么……,,,高考3500,3,,,新课标高考词汇,高中
ad.,æd,(用于否定句或短语后)也,,,高考3500,3,,,新课标高考词汇,高中
elder,ˈeldə(r),n. 长者；前辈,,,高考3500,3,,,新课标高考词汇,高中
elect,ɪˈlekt,vt. （投票）选举,,,高考3500,3,,,新课标高考词汇,高中
electric,ɪˈlektrɪk,a. 电的,,,高考3500,3,,,新课标高考词汇,高中
electrical,ɪˈlektrɪk(ə)l,a. 电的；电器的,,,高考3500,3,,,新课标高考词汇,高中
electricity,ɪlekˈtrɪsɪtɪ,n. 电；电流,,,高考3500,3,,,新课标高考词汇,高中
electronic,ɪlekˈtrɔnɪk,a. 电子的,,,高考3500,3,,,新课标高考词汇,高中
elegant,ˈelɪɡənt,a.文雅的，漂亮的，精美的,,,高考3500,3,,,新课标高考词汇,高中
elephant,ˈelɪfənt,n. 象,,,高考3500,3,,,新课标高考词汇,高中
eleven,ɪˈlev(ə)n,num. 十一,,,高考3500,3,,,新课标高考词汇,高中
else,els,ad. 别的，其他的,,,高考3500,3,,,新课标高考词汇,高中
email,iː- meɪl,n. 电子邮件,,,高考3500,3,,,新课标高考词汇,高中
embarrass,ɪmˈbærəs,v.使窘迫，尴尬,,,高考3500,3,,,新课标高考词汇,高中
embassy,ˈembəsɪ,n. 大使馆,,,高考3500,3,,,新课标高考词汇,高中
emergency,ɪˈmɜːdʒənsɪ,n.紧急情况或状态,,,高考3500,3,,,新课标高考词汇,高中
emperor,ˈempərə(r),n. 皇帝,,,高考3500,3,,,新课标高考词汇,高中
empire,ˈempaɪə(r),n. 帝国,,,高考3500,3,,,新课标高考词汇,高中
employ,ɪmˈplɔɪ,vt. 雇佣,,,高考3500,3,,,新课标高考词汇,高中
empty,ˈemptɪ,a. 空的,,,高考3500,3,,,新课标高考词汇,高中
encourage,ɪnˈkʌrɪdʒ,vt. 鼓励,,,高考3500,3,,,新课标高考词汇,高中
encouragement,ɪnˈkʌrɪdʒmənt,n. 鼓励,,,高考3500,3,,,新课标高考词汇,高中
end,end,n. 末尾；终点；结束 v. 结束，终止,,,高考3500,3,,,新课标高考词汇,高中
ending,ˈendɪŋ,n. 结局；结尾，最后,,,高考3500,3,,,新课标高考词汇,高中
endless,ˈendlɪs,a. 无止境的； 没完的,,,高考3500,3,,,新课标高考词汇,高中
enemy,ˈenɪmɪ,n. 敌人；敌军,,,高考3500,3,,,新课标高考词汇,高中
energetic,enəˈdʒetɪk,a. 精力旺盛的,,,高考3500,3,,,新课标高考词汇,高中
energy,ˈenədʒɪ,y n. 精力，能量,,,高考3500,3,,,新课标高考词汇,高中
engine,ˈendʒɪn,n. 发动机，引擎,,,高考3500,3,,,新课标高考词汇,高中
engineer,endʒɪˈnɪə(r),n. 工程师；技师,,,高考3500,3,,,新课标高考词汇,高中
England,ˈɪŋɡlənd,n. 英格兰,,,高考3500,3,,,新课标高考词汇,高中
English,ˈɪŋɡlɪʃ,a. 英国的，英国人的，英语的 n. 英语,,,高考3500,3,,,新课标高考词汇,高中
English-speaking,ˈɪŋɡlɪʃ-spiːk,a.说英语的【连字符】,,,高考3500,3,,,新课标高考词汇,高中
enjoy,ɪnˈdʒɔɪ,vt.欣赏；享受乐趣；喜欢,,,高考3500,3,,,新课标高考词汇,高中
enjoyable,ɪnˈdʒɔɪəb(ə)l,a. 愉快的；有趣的,,,高考3500,3,,,新课标高考词汇,高中
enlarge,ɪnˈlɑːdʒ,vt. 扩大,,,高考3500,3,,,新课标高考词汇,高中
enough,ɪˈnʌf,n. 足够；充足 a. 足够；充分的 ad. 足够地；充分地,,,高考3500,3,,,新课标高考词汇,高中
enquiry,ɪnˈkwaɪərɪ,n. 询问,,,高考3500,3,,,新课标高考词汇,高中
enter,ˈentə(r),vt. 进入,,,高考3500,3,,,新课标高考词汇,高中
enterprise,ˈentəpraɪz,n.公司，企，事业单位,,,高考3500,3,,,新课标高考词汇,高中
entertainment,entəˈteɪnmənt,n. 娱乐,,,高考3500,3,,,新课标高考词汇,高中
enthusiastic,ɪnθjuːzɪˈæstɪk,a.热情的，热心的,,,高考3500,3,,,新课标高考词汇,高中
entire,ɪnˈtaɪə(r),a. 整个的，全部的,,,高考3500,3,,,新课标高考词汇,高中
entrance,ˈentrəns,n. 入口；入场；进入的权利;入学许可,,,高考3500,3,,,新课标高考词汇,高中
entry,ˈentrɪ,n. 进入,,,高考3500,3,,,新课标高考词汇,高中
envelope,ˈenvələʊp,n. 信封,,,高考3500,3,,,新课标高考词汇,高中
environment,ɪnˈvaɪərənmənt,n.环境,,,高考3500,3,,,新课标高考词汇,高中
envy,ˈenvɪ,vt.& n. 忌妒； 羡慕,,,高考3500,3,,,新课标高考词汇,高中
equal,ˈiːkw(ə)l,a.平等的 vt.等于，使等于,,,高考3500,3,,,新课标高考词汇,高中
equality,iːˈkwɔlətɪ,n. 平等,,,高考3500,3,,,新课标高考词汇,高中
equip,ɪˈkwɪp,vt. 提供设备；装备；配备,,,高考3500,3,,,新课标高考词汇,高中
equipment,ɪˈkwɪpmənt,n. 装备，设备,,,高考3500,3,,,新课标高考词汇,高中
eraser,ɪˈreɪzə(r),n. 橡皮擦；黑板擦,,,高考3500,3,,,新课标高考词汇,高中
error,ˈerə(r),n. 错误；差错,,,高考3500,3,,,新课标高考词汇,高中
erupt,ɪˈrʌpt,v.（火山）爆发，喷发,,,高考3500,3,,,新课标高考词汇,高中
escape,ɪˈskeɪp,n.& vi. 逃跑；逃脱,,,高考3500,3,,,新课标高考词汇,高中
especially,ɪˈspeʃəlɪ,ad. 特别，尤其,,,高考3500,3,,,新课标高考词汇,高中
essay,ˈeseɪ,n. 散文；文章；随笔,,,高考3500,3,,,新课标高考词汇,高中
Europe,ˈjʊərəp,n. 欧洲,,,高考3500,3,,,新课标高考词汇,高中
European,jʊərəˈpiːən,a. 欧洲的，欧洲人的 n. 欧洲人,,,高考3500,3,,,新课标高考词汇,高中
evaluate,ɪˈvæljʊeɪt,v.估值，评价，评估,,,高考3500,3,,,新课标高考词汇,高中
even,ˈiːv(ə)n,ad. 甚至，连（…都）；更,,,高考3500,3,,,新课标高考词汇,高中
evening,ˈiːvnɪŋ,n. 傍晚，晚上,,,高考3500,3,,,新课标高考词汇,高中
event,ɪˈvent,n. 事件，大事,,,高考3500,3,,,新课标高考词汇,高中
eventually,ɪˈventjʊəlɪ,ad.最终地,,,高考3500,3,,,新课标高考词汇,高中
ever,ˈevə(r),ad. 曾经；无论何时,,,高考3500,3,,,新课标高考词汇,高中
every,ˈevrɪ,a. 每一，每个的,,,高考3500,3,,,新课标高考词汇,高中
everybody,'ɛvrɪbɑdi,pron.每人，人人,,,高考3500,3,,,新课标高考词汇,高中
everyday,ˈevrɪbɔdɪ,a. 每日的；日常的,,,高考3500,3,,,新课标高考词汇,高中
everyone,ˈevrɪwʌn,pron. 每人，人人,,,高考3500,3,,,新课标高考词汇,高中
everything,ˈevrɪθɪŋ,pron. 每件事，事事,,,高考3500,3,,,新课标高考词汇,高中
everywhere,ˈevrɪweə(r),ad. 到处,,,高考3500,3,,,新课标高考词汇,高中
evidence,ˈevɪdəns,n. 证据，证明,,,高考3500,3,,,新课标高考词汇,高中
evident,ˈevɪdənt,a.清楚的，显而易见的,,,高考3500,3,,,新课标高考词汇,高中
evolution,iːvəˈluːʃ(ə)n; (US) ev-,n. 进化，演变,,,高考3500,3,,,新课标高考词汇,高中
exact,ɪɡˈzækt,a. 精确的；确切的,,,高考3500,3,,,新课标高考词汇,高中
exactly,exˈact·ly,ad. 精确地；确切地,,,高考3500,3,,,新课标高考词汇,高中
exam = examination,ɪɡzæmɪˈneɪʃ(ə)n,n. 考试，测试；检查；审查,,,高考3500,3,,,新课标高考词汇,高中
examine,ɪɡˈzæmɪn,vt. 检查；诊察,,,高考3500,3,,,新课标高考词汇,高中
example,ɪɡˈzɑːmp(ə)l; (US) ɪɡˈzæmpl,n. 例子；榜样,,,高考3500,3,,,新课标高考词汇,高中
excellent,ˈeksələnt,a. 极好的，优秀的,,,高考3500,3,,,新课标高考词汇,高中
except,ɪkˈsept,prep. 除……之外,,,高考3500,3,,,新课标高考词汇,高中
exchange,ɪksˈtʃeɪndʒ,n. 交换，掉换；交流,,,高考3500,3,,,新课标高考词汇,高中
excite,ɪkˈsaɪt,vt. 使兴奋，使激动,,,高考3500,3,,,新课标高考词汇,高中
excuse,ɪkˈskjuːz,n.借口.辩解 vt.原谅.宽恕,,,高考3500,3,,,新课标高考词汇,高中
exercise,ˈeksəsaɪz,n. 锻炼，做操；练习，习题 vi. 锻炼,,,高考3500,3,,,新课标高考词汇,高中
exhibition,eksɪˈbɪʃ(ə)n,n. 展览；展览会,,,高考3500,3,,,新课标高考词汇,高中
exist,ɪgˈzɪst,vi. 存在,,,高考3500,3,,,新课标高考词汇,高中
existence,ɪɡˈzɪst(ə)ns,n.存在；生存；存在物,,,高考3500,3,,,新课标高考词汇,高中
exit,ˈeksɪt,n. 出口，太平门,,,高考3500,3,,,新课标高考词汇,高中
expand,ɪkˈspænd,v.扩大，增加，扩展,,,高考3500,3,,,新课标高考词汇,高中
expect,ɪkˈspekt,vt. 预料；盼望；认为,,,高考3500,3,,,新课标高考词汇,高中
expectation,ekspekˈteɪʃ(ə)n,n. 预料；期望,,,高考3500,3,,,新课标高考词汇,高中
expense,ɪkˈspens,n. 消费； 支出,,,高考3500,3,,,新课标高考词汇,高中
expensive,ɪkˈspensɪv,a. 昂贵的,,,高考3500,3,,,新课标高考词汇,高中
experience,ɪkˈspɪərɪəns,n. 经验；经历,,,高考3500,3,,,新课标高考词汇,高中
experiment,ɪkˈsperɪmənt,n. 实验,,,高考3500,3,,,新课标高考词汇,高中
expert,ˈekspɜːt,n. 专家，能手,,,高考3500,3,,,新课标高考词汇,高中
explain,ɪksˈpleɪn,vt. 解释，说明,,,高考3500,3,,,新课标高考词汇,高中
explanation,ekspləˈneɪʃ(ə)n,n. 解释，说明,,,高考3500,3,,,新课标高考词汇,高中
explicit,ɪkˈsplɪsɪt,a.清楚明白，易于理解的,,,高考3500,3,,,新课标高考词汇,高中
explode,ɪkˈspləʊd,v. （使）爆炸,,,高考3500,3,,,新课标高考词汇,高中
exploit,ɛksplɔɪt; ɪkˈsplɔɪt,vt.开采.开发.利用.剥削,,,高考3500,3,,,新课标高考词汇,高中
explore,ɪkˈsplɔː(r),v. 探险,,,高考3500,3,,,新课标高考词汇,高中
explorer,ɪkˈsplɔːrə(r),n. 探险者,,,高考3500,3,,,新课标高考词汇,高中
export,ɪkˈspɔːt,n. / v.出口，输出,,,高考3500,3,,,新课标高考词汇,高中
expose,ɪkˈspəʊz; (US) ekspəˈzeɪ,vt. 揭露,,,高考3500,3,,,新课标高考词汇,高中
express,ɪkˈspres,vt. 表达；表示；表情 n. 快车，特快专递,,,高考3500,3,,,新课标高考词汇,高中
expression,ɪkˈspreʃ(ə)n,n. 表达；词句；表示，说法；表情,,,高考3500,3,,,新课标高考词汇,高中
extension,ɪkˈstenʃ(ə)n,n.扩大，延伸,,,高考3500,3,,,新课标高考词汇,高中
extra,ˈekstrə,a. 额外的，外加的,,,高考3500,3,,,新课标高考词汇,高中
extraordinary,ɪkˈstrɔːdɪnərɪ; (US) -dənerɪ,a. 离奇的；使人惊奇的,,,高考3500,3,,,新课标高考词汇,高中
extreme,ɪkˈstriːm,a. 极其的，非常的,,,高考3500,3,,,新课标高考词汇,高中
extremely,ɪkˈstriːmlɪ,ad. 极其，非常,,,高考3500,3,,,新课标高考词汇,高中
eye,aɪ,n. 眼睛,,,高考3500,3,,,新课标高考词汇,高中
eyesight,ˈaɪsaɪt,n. 视力；视觉,,,高考3500,3,,,新课标高考词汇,高中
eyewitness,ˈaɪwɪtnɪs,n. 目击证人,,,高考3500,3,,,新课标高考词汇,高中
female,ˈfiːmeɪl,n. 女(的)；雌(的)； 英尺,,,高考3500,3,,,新课标高考词汇,高中
face,feɪs,n. 脸 vt. 面向；面对,,,高考3500,3,,,新课标高考词汇,高中
facial,ˈfeɪʃ(ə)l,a. 面部用的,,,高考3500,3,,,新课标高考词汇,高中
fact,fækt,n. 事实，现实,,,高考3500,3,,,新课标高考词汇,高中
factory,ˈfæktəri,n. 工厂,,,高考3500,3,,,新课标高考词汇,高中
fade,feɪd,vi. 褪色，（颜色）消退,,,高考3500,3,,,新课标高考词汇,高中
fail,feɪl,v. 失败；不及格；衰退,,,高考3500,3,,,新课标高考词汇,高中
failure,ˈfeɪljə(r),n. 失败,,,高考3500,3,,,新课标高考词汇,高中
fair,feə(r),a. 公平的，合理的 a. (肤色)白皙的； （人）白肤金发的 n. 集市；庙会；展览会,,,高考3500,3,,,新课标高考词汇,高中
fairly,ˈfeəlɪ,ad. 公正地，正当地；相当（程度）地,,,高考3500,3,,,新课标高考词汇,高中
fairness,ˈfɛənis,n. 公平；公正,,,高考3500,3,,,新课标高考词汇,高中
faith,feɪθ,n. 信仰；信念,,,高考3500,3,,,新课标高考词汇,高中
fall,fɔːl,n. （美）秋季,,,高考3500,3,,,新课标高考词汇,高中
false,fɔːls,a. 不正确的；假的,,,高考3500,3,,,新课标高考词汇,高中
familiar,fəˈmɪlɪə(r),a. 熟悉的,,,高考3500,3,,,新课标高考词汇,高中
family,ˈfæmɪlɪ,n. 家庭；家族；子女,,,高考3500,3,,,新课标高考词汇,高中
family name,,姓氏,,,高考3500,3,,,新课标高考词汇,高中
famous,ˈfeɪməs,a. 著名的,,,高考3500,3,,,新课标高考词汇,高中
fan,fæn,n. （电影、运动等的）迷；热心的爱好者（支持者） n. 风扇,,,高考3500,3,,,新课标高考词汇,高中
fancy,ˈfænsɪ,a.花式；装饰的；奇特的,,,高考3500,3,,,新课标高考词汇,高中
fantastic,fæn'tæstɪk,a. (口语)极好的，美妙的，很棒的,,,高考3500,3,,,新课标高考词汇,高中
fantasy,ˈfæntəsɪ,n 幻想，梦想,,,高考3500,3,,,新课标高考词汇,高中
far,fɑː(r),(farther， farthest 或further ， furthest) a.& ad. 远的；远地,,,高考3500,3,,,新课标高考词汇,高中
fare,feə(r),n.（车或船的）费用，票（价）,,,高考3500,3,,,新课标高考词汇,高中
farm,fɑːm,n. 农场；农庄,,,高考3500,3,,,新课标高考词汇,高中
farmer,ˈfɑːmə(r),n. 农民,,,高考3500,3,,,新课标高考词汇,高中
fast,fɑːst; (US) fæst,a. 快的，迅速的；紧密的 ad. 快地，迅速地；紧密地,,,高考3500,3,,,新课标高考词汇,高中
fasten,ˈfɑːs(ə)n; (US) fæsn,vt. 扎牢；扣住,,,高考3500,3,,,新课标高考词汇,高中
fat,fæt,n. 脂肪 a. 胖的；肥的,,,高考3500,3,,,新课标高考词汇,高中
father,ˈfɑːðə(r),n. 父亲,,,高考3500,3,,,新课标高考词汇,高中
fault,fɔːlt,n. 缺点，毛病,,,高考3500,3,,,新课标高考词汇,高中
favour,ˈfeivə,(美favor) n. 恩惠；好意；帮助,,,高考3500,3,,,新课标高考词汇,高中
favourite,ˈfeivərit,(美 favorite) a. 喜爱的 n. 特别喜爱的人（或物）,,,高考3500,3,,,新课标高考词汇,高中
fax,fæks,n. 传真,,,高考3500,3,,,新课标高考词汇,高中
fear,fɪə(r),n. 害怕；恐惧； 担忧,,,高考3500,3,,,新课标高考词汇,高中
feast,fiːst,n.盛宴，宴会，（宗教的）节日,,,高考3500,3,,,新课标高考词汇,高中
feather,ˈfeðə(r),n. 羽毛,,,高考3500,3,,,新课标高考词汇,高中
February,ˈfebruəri,n. 2月,,,高考3500,3,,,新课标高考词汇,高中
federal,ˈfedər(ə)l,l a.中央的（政府）联邦的,,,高考3500,3,,,新课标高考词汇,高中
fee,fiː,n. 费，费用,,,高考3500,3,,,新课标高考词汇,高中
feed fed fed,fiːd,vt. 喂（养）；饲（养） 【一般现在 过去式 过去分词】,,,高考3500,3,,,新课标高考词汇,高中
feel felt felt,fiːl,v.& link 感觉，觉得；摸，触 【一般现在 过去式 过去分词】,,,高考3500,3,,,新课标高考词汇,高中
feeling,ˈfiːlɪŋ,n. 感情；感觉,,,高考3500,3,,,新课标高考词汇,高中
fellow,ˈfeləʊ,n. 同伴；伙伴,,,高考3500,3,,,新课标高考词汇,高中
fence,fens,n. 栅栏；围栏；篱笆,,,高考3500,3,,,新课标高考词汇,高中
ferry,ˈferɪ,n. 渡船,,,高考3500,3,,,新课标高考词汇,高中
festival,ˈfestɪvəl,a. 节日的，喜庆的,,,高考3500,3,,,新课标高考词汇,高中
fetch,fetʃ,vt. （去）取（物）来，（去）带（人）来,,,高考3500,3,,,新课标高考词汇,高中
fever,ˈfiːvə(r),n. 发烧；发热,,,高考3500,3,,,新课标高考词汇,高中
few,fjuː,pron. 不多；少数 不多的；少数的,,,高考3500,3,,,新课标高考词汇,高中
fibre,ˈfaibə,(美fiber) n. 纤维质,,,高考3500,3,,,新课标高考词汇,高中
fiction,ˈfɪkʃ(ə)n,n.小说，虚构的事,,,高考3500,3,,,新课标高考词汇,高中
field,fiːld,n. 田地；牧场；场地,,,高考3500,3,,,新课标高考词汇,高中
fierce,ˈfɪəs,a. 猛烈的,,,高考3500,3,,,新课标高考词汇,高中
fifteen,fɪfˈtiːn,num. 十五,,,高考3500,3,,,新课标高考词汇,高中
fifth,fɪfθ,num. 第五,,,高考3500,3,,,新课标高考词汇,高中
fifty,ˈfɪftɪ,num. 五十,,,高考3500,3,,,新课标高考词汇,高中
fight,faɪt,n. 打仗（架），争论,,,高考3500,3,,,新课标高考词汇,高中
fighter,ˈfaɪtə(r),v. 战士；斗士,,,高考3500,3,,,新课标高考词汇,高中
figure,ˈfɪɡə(r); (US) ˈfɪgjər,n.数字；数目；图；图形；（人的）身型；人物；（绘画、雕刻）人物像 vt.（美口语）认为，判断.（在心里）想像，描绘,,,高考3500,3,,,新课标高考词汇,高中
file,faɪl,n.公文柜；档案(计算机)文档,,,高考3500,3,,,新课标高考词汇,高中
fill,fɪl,vt. 填空，装满,,,高考3500,3,,,新课标高考词汇,高中
film,fɪlm,n. 电影；影片；胶卷vt. 拍摄，把……拍成电影,,,高考3500,3,,,新课标高考词汇,高中
final,ˈfaɪn(ə)l,a. 最后的；终极的,,,高考3500,3,,,新课标高考词汇,高中
finance,ˈfaɪnæns,n.资金，财政，财务,,,高考3500,3,,,新课标高考词汇,高中
find,faɪnd,(found， found) vt. 找到，发现，感到,,,高考3500,3,,,新课标高考词汇,高中
fine,faɪn,a. 细的；晴朗的；美好的；（身体）健康的 n.& v. 罚款,,,高考3500,3,,,新课标高考词汇,高中
finger,ˈfɪŋɡə(r),n. 手指,,,高考3500,3,,,新课标高考词汇,高中
fingernail,ˈfɪŋɡəneɪl,n. 指甲,,,高考3500,3,,,新课标高考词汇,高中
finish,ˈfɪnɪʃ,v. 结束；做完,,,高考3500,3,,,新课标高考词汇,高中
fire,ˈfaɪə(r),n. 火；火炉；火灾 vi. 开火，开（枪，炮等），射击,,,高考3500,3,,,新课标高考词汇,高中
firefighter,'faɪɚfaɪtɚ,n. 消防人员,,,高考3500,3,,,新课标高考词汇,高中
fireplace,ˈfaɪəpleɪs,n. 壁炉,,,高考3500,3,,,新课标高考词汇,高中
firewood,ˈfairwud,n. 木柴,,,高考3500,3,,,新课标高考词汇,高中
firework,ˈfaɪəwɜːk,n. 焰火,,,高考3500,3,,,新课标高考词汇,高中
firm,fɜːm,n.公司;企业 a.坚固的，坚定的,,,高考3500,3,,,新课标高考词汇,高中
firmly,ˈfɜːmlɪ,ad. 牢牢地,,,高考3500,3,,,新课标高考词汇,高中
first,fɜːst,num. 第一 a.& ad. 第一；首次；最初 n. 开始；开端,,,高考3500,3,,,新课标高考词汇,高中
fish,fɪʃ,n. 鱼；鱼肉 vi. 钓鱼；捕鱼,,,高考3500,3,,,新课标高考词汇,高中
fisherman,ˈfɪʃəmən,n. 渔民；钓鱼健身者,,,高考3500,3,,,新课标高考词汇,高中
fist,fɪst,n. 拳(头),,,高考3500,3,,,新课标高考词汇,高中
fit,fɪt,a. 健康的， 适合的 v. （使）适合，安装,,,高考3500,3,,,新课标高考词汇,高中
fitting room,ˈfɪtɪŋ-rʊm,试衣间,,,高考3500,3,,,新课标高考词汇,高中
five,faɪv,num. 五,,,高考3500,3,,,新课标高考词汇,高中
fix,fɪks,vt. 修理；安装；确定，决定,,,高考3500,3,,,新课标高考词汇,高中
flag,flæɡ,n. 旗；标志；旗舰,,,高考3500,3,,,新课标高考词汇,高中
flame,fleɪm,n. 火焰，光辉,,,高考3500,3,,,新课标高考词汇,高中
flaming,ˈfleɪmɪŋ,a. 火红的；火焰般的,,,高考3500,3,,,新课标高考词汇,高中
flash,flæʃ,n. 闪；闪光； 转瞬间,,,高考3500,3,,,新课标高考词汇,高中
flashlight,flæʃ,n. 手电,,,高考3500,3,,,新课标高考词汇,高中
flat,flæt,a. 平的 n. 楼中一套房间； 公寓(常用复数),,,高考3500,3,,,新课标高考词汇,高中
flee,fliː,(fled， fled) v. 逃走；逃跑,,,高考3500,3,,,新课标高考词汇,高中
flexible,ˈfleksəbl,a.灵活的，可变动的,,,高考3500,3,,,新课标高考词汇,高中
flesh,fleʃ,n. 肉,,,高考3500,3,,,新课标高考词汇,高中
flight,flaɪt,n. 航班 n. 楼梯的一段,,,高考3500,3,,,新课标高考词汇,高中
float,fləʊt,vi. 漂浮，浮动,,,高考3500,3,,,新课标高考词汇,高中
flood,flʌd,n. 洪水 vt. 淹没，使泛滥,,,高考3500,3,,,新课标高考词汇,高中
floor,flɔː(r),n.地面，地板.（楼房的）层,,,高考3500,3,,,新课标高考词汇,高中
flour,ˈflaʊə(r),n. 面粉，粉,,,高考3500,3,,,新课标高考词汇,高中
flow,fləʊ,vi. 流动,,,高考3500,3,,,新课标高考词汇,高中
flower,ˈflaʊə(r),n. 花,,,高考3500,3,,,新课标高考词汇,高中
flu,fluː,n. 流行性感冒,,,高考3500,3,,,新课标高考词汇,高中
fluency,ˈfluənsi,n.（外语）流利，流畅,,,高考3500,3,,,新课标高考词汇,高中
fluent,ˈfluːənt,a. （外语）流利的，流畅,,,高考3500,3,,,新课标高考词汇,高中
fly,ˈfluːənt,n. 飞行；苍蝇,,,高考3500,3,,,新课标高考词汇,高中
fly flew flown,flaɪ,vi. （鸟、飞机）飞；（人乘飞机）飞行；（旗子等）飘动 vt. 空运（乘客，货物等）；放（风筝、飞机模型等） 【一般现在 过去式 过去分词】,,,高考3500,3,,,新课标高考词汇,高中
focus,ˈfəʊkəs,v. / n.集中（注意力，精力）于，焦点，中心点,,,高考3500,3,,,新课标高考词汇,高中
fog,fɔɡ,n. 雾,,,高考3500,3,,,新课标高考词汇,高中
foggy,ˈfɔɡɪ,a. 多雾的,,,高考3500,3,,,新课标高考词汇,高中
fold,fəʊld,vt. 折叠；合拢,,,高考3500,3,,,新课标高考词汇,高中
folk,fəʊk,a. 民间的,,,高考3500,3,,,新课标高考词汇,高中
follow,ˈfɔləʊ,vt. 跟随；仿效；跟得上,,,高考3500,3,,,新课标高考词汇,高中
following,ˈfɔləʊwɪŋ,a. 接着的；以下的,,,高考3500,3,,,新课标高考词汇,高中
fond,fɔnd,a. 喜爱的，爱好的,,,高考3500,3,,,新课标高考词汇,高中
food,fɔnd,n. 食物，食品,,,高考3500,3,,,新课标高考词汇,高中
fool,fuːl,n. 傻子，蠢人,,,高考3500,3,,,新课标高考词汇,高中
foolish,ˈfuːlɪʃ,a. 愚蠢的，傻的,,,高考3500,3,,,新课标高考词汇,高中
foot feet,fʊt,n. 足，脚；英尺【单数 复数】,,,高考3500,3,,,新课标高考词汇,高中
football,ˈfʊtbɔːl,n. （英式）足球；（美式）橄榄球,,,高考3500,3,,,新课标高考词汇,高中
for,fə(r)， fɔː(r),prep. 为了…；向…，往…；与…交换；防备…；适合…；因为…；在…期 间；对于…；对…来说 conj. 因为，由于,,,高考3500,3,,,新课标高考词汇,高中
forbid,fəˈbɪd,(forbade， forbidden) vt. 禁止，不许,,,高考3500,3,,,新课标高考词汇,高中
force,fɔːs,vt. 强迫，迫使,,,高考3500,3,,,新课标高考词汇,高中
forecast,ˈfɔːkɑːst; (US) ˈfɔrkæst,n. & vt. 预告,,,高考3500,3,,,新课标高考词汇,高中
forehead,ˈfɔrɪd; (US) ˈfɔːrɪd,n. 前额,,,高考3500,3,,,新课标高考词汇,高中
foreign,ˈfɔrən; (US) ˈfɔːrɪn,a. 外国的,,,高考3500,3,,,新课标高考词汇,高中
foreigner,ˈfɔrənə(r),n. 外国人,,,高考3500,3,,,新课标高考词汇,高中
foresee,fɔːˈsiː,(foresaw， foreseen) vt.预见.预知,,,高考3500,3,,,新课标高考词汇,高中
forest,ˈfɔrɪst; (US) ˈfɔːrɪst,n. 森林,,,高考3500,3,,,新课标高考词汇,高中
forever,fəˈrevə(r),ad. 永远；永恒的,,,高考3500,3,,,新课标高考词汇,高中
forget,fəˈrevə(r),(forgot， forgotten) v. 忘记；忘掉,,,高考3500,3,,,新课标高考词汇,高中
forgetful,fəˈɡetfʊl,a. 健忘的，不留心的,,,高考3500,3,,,新课标高考词汇,高中
forgive,fəˈɡɪv,(forgave， forgiven) vt. 原谅，宽恕,,,高考3500,3,,,新课标高考词汇,高中
fork,fɔːk,n. 叉，餐叉,,,高考3500,3,,,新课标高考词汇,高中
form,fɔːm,n. 表格；形式；结构,,,高考3500,3,,,新课标高考词汇,高中
format,ˈfɔːmæt,n.安排，计划，设计,,,高考3500,3,,,新课标高考词汇,高中
former,ˈfɔːmə(r),a. 以前的，从前的；（两者之中的）前者,,,高考3500,3,,,新课标高考词汇,高中
fortnight,ˈfɔːtnaɪt,n. 十四日，两星期,,,高考3500,3,,,新课标高考词汇,高中
fortunate,ˈfɔːtʃənət,a. 幸运的； 侥幸的,,,高考3500,3,,,新课标高考词汇,高中
fortune,ˈfɔːtjuːn， ˈfɔːtʃuːn,n. 财产；运气,,,高考3500,3,,,新课标高考词汇,高中
forty,ˈfɔːtɪ,num. 四十,,,高考3500,3,,,新课标高考词汇,高中
forward,ˈfɔːwəd,ad.将来.今后.向前，前进,,,高考3500,3,,,新课标高考词汇,高中
found,faʊnd,vt. 成立，建立,,,高考3500,3,,,新课标高考词汇,高中
founding,ˈfaundiŋ,n. 成立，建立,,,高考3500,3,,,新课标高考词汇,高中
fountain,ˈfaʊntɪn; (US) ˈfaʊntn,n. 喷泉,,,高考3500,3,,,新课标高考词汇,高中
four,fɔː(r),num. 四,,,高考3500,3,,,新课标高考词汇,高中
fourteen,ˈfɔːˈtiːn,num. 十四,,,高考3500,3,,,新课标高考词汇,高中
fourth,ˈfɔːˈtiːn,num. 第四,,,高考3500,3,,,新课标高考词汇,高中
fox,fɔks,n. 狐狸,,,高考3500,3,,,新课标高考词汇,高中
franc,fræŋk,n. 法郎,,,高考3500,3,,,新课标高考词汇,高中
France,fræns,n. 法国,,,高考3500,3,,,新课标高考词汇,高中
fragile,ˈfrædʒaɪl; (US) ˈfrædʒl,a.易碎的，易损的,,,高考3500,3,,,新课标高考词汇,高中
fragrant,ˈfreɪɡrənt,a. 香的，芳香的,,,高考3500,3,,,新课标高考词汇,高中
framework,ˈfreɪmwɜːk,n.（建筑物）框架，结构,,,高考3500,3,,,新课标高考词汇,高中
free,friː,a. 自由，空闲的；免费的,,,高考3500,3,,,新课标高考词汇,高中
freedom,ˈfriːdəm,n. 自由,,,高考3500,3,,,新课标高考词汇,高中
freeway,ˈfriːweɪ,n. 高速公路,,,高考3500,3,,,新课标高考词汇,高中
freeze,friːz,(froze， frozen) vi. 结冰,,,高考3500,3,,,新课标高考词汇,高中
freezing,ˈfri:ziŋ,a. 冻结的；极冷的,,,高考3500,3,,,新课标高考词汇,高中
French,frentʃ,n. 法语 a法国的；法国人的；法语的,,,高考3500,3,,,新课标高考词汇,高中
Frenchman,ˈfrentʃmən,(复 Frenchmen) n. 法国人（男）,,,高考3500,3,,,新课标高考词汇,高中
frequent,ˈfriːkwənt,a. 经常的；频繁的,,,高考3500,3,,,新课标高考词汇,高中
fresh,freʃ,a. 新鲜的,,,高考3500,3,,,新课标高考词汇,高中
Friday,ˈfraɪdɪ,n. 星期五,,,高考3500,3,,,新课标高考词汇,高中
friction,ˈfrɪkʃ(ə)n,n. 摩擦,,,高考3500,3,,,新课标高考词汇,高中
fridge =refrigerator,rɪˈfrɪdʒəreɪtə(r),n. 冰箱,,,高考3500,3,,,新课标高考词汇,高中
fried,fraid,a. 油煎的,,,高考3500,3,,,新课标高考词汇,高中
friend,frend,n. 朋友,,,高考3500,3,,,新课标高考词汇,高中
friendly,ˈfrendlɪ,a. 友好的,,,高考3500,3,,,新课标高考词汇,高中
friendship,ˈfrendʃɪp,n. 友谊，友情,,,高考3500,3,,,新课标高考词汇,高中
fright,fraɪt,n. 惊恐；恐吓,,,高考3500,3,,,新课标高考词汇,高中
frighten,ˈfraɪt(ə)n,vt. 使惊恐，吓唬,,,高考3500,3,,,新课标高考词汇,高中
frog,frɔɡ; (US) frɔːɡ,n. 青蛙,,,高考3500,3,,,新课标高考词汇,高中
from,frəm， frɔm,prep.从；从…起.距.来自,,,高考3500,3,,,新课标高考词汇,高中
front,frʌnt,a. 前面的；前部的 n. 前面；前部；前线,,,高考3500,3,,,新课标高考词汇,高中
frontier,ˈfrʌntɪə(r); (US) frʌnˈtɪər,n. 前沿 ，边界；前线,,,高考3500,3,,,新课标高考词汇,高中
frost,frɔst; (US) frɔːst,n. 霜,,,高考3500,3,,,新课标高考词汇,高中
fruit,fruːt,n. 水果；果实,,,高考3500,3,,,新课标高考词汇,高中
fruit juice,fruːt dʒuːs,n. 果汁,,,高考3500,3,,,新课标高考词汇,高中
fry,fraɪ,vt. 用油煎；用油炸,,,高考3500,3,,,新课标高考词汇,高中
fuel,fjuːəl,n. 燃料,,,高考3500,3,,,新课标高考词汇,高中
full,fʊl,a. 满的，充满的；完全的,,,高考3500,3,,,新课标高考词汇,高中
fun,fʌn,n. 有趣的事，娱乐，玩笑,,,高考3500,3,,,新课标高考词汇,高中
function,ˈfʌŋkʃən,n. / v. 作用，功能，运转,,,高考3500,3,,,新课标高考词汇,高中
fundamental,fʌndəˈment(ə)l,a. 十分重大的，根本的,,,高考3500,3,,,新课标高考词汇,高中
funeral,ˈfjuːˈnər(ə)l,n. 葬礼,,,高考3500,3,,,新课标高考词汇,高中
funny,ˈfʌnɪ,a. 有趣的，滑稽可笑的,,,高考3500,3,,,新课标高考词汇,高中
fur,fɜː(r),n. 毛皮；皮子,,,高考3500,3,,,新课标高考词汇,高中
furnished,ˈfə:niʃt,a. 配备了家具的,,,高考3500,3,,,新课标高考词汇,高中
furniture,ˈfɜːnɪtʃə(r),n. （总称）家具,,,高考3500,3,,,新课标高考词汇,高中
future,ˈfjuːtʃə(r),n. 将来,,,高考3500,3,,,新课标高考词汇,高中
gain,ɡeɪn,vt. 赢得；挣得,,,高考3500,3,,,新课标高考词汇,高中
gale,ɡeɪl,n. 强风（约每小时60英里）,,,高考3500,3,,,新课标高考词汇,高中
gallery,ˈɡælərɪ,n. 画廊；美术品陈列室,,,高考3500,3,,,新课标高考词汇,高中
gallon,ˈɡælən,n. 加仑,,,高考3500,3,,,新课标高考词汇,高中
game,ɡeɪm,n. 游戏；运动；比赛,,,高考3500,3,,,新课标高考词汇,高中
garage,ˈɡærɑːʒ， -rɪdʒ; (US) ɡəˈrɑːʒ,n. 汽车间（库）,,,高考3500,3,,,新课标高考词汇,高中
garbage,ˈɡɑːbɪdʒ,n. 垃圾,,,高考3500,3,,,新课标高考词汇,高中
garden,ˈɡɑːd(ə)n,n. 花园，果园，菜园,,,高考3500,3,,,新课标高考词汇,高中
gardening,ˈɡɑːdnɪŋ,n. 园艺学,,,高考3500,3,,,新课标高考词汇,高中
garlic,ˈɡɑːlɪk,n. 大蒜,,,高考3500,3,,,新课标高考词汇,高中
garment,ˈɡɑːmənt,n. （一件）衣服,,,高考3500,3,,,新课标高考词汇,高中
gas,ɡæs,n. 煤气,,,高考3500,3,,,新课标高考词汇,高中
gate,ɡeɪt,n. 大门,,,高考3500,3,,,新课标高考词汇,高中
gather,ˈɡæðə(r),v. 聚集；采集,,,高考3500,3,,,新课标高考词汇,高中
gay,ɡeɪ,a. （男）同性恋的；快活的，愉快的,,,高考3500,3,,,新课标高考词汇,高中
general,ˈdʒenər(ə)l,a. 大体，笼统的，总的,,,高考3500,3,,,新课标高考词汇,高中
generation,dʒenəˈreɪʃ(ə)n,n. 代，一代,,,高考3500,3,,,新课标高考词汇,高中
generous,ˈdʒenərəs,a. 慷慨大方的,,,高考3500,3,,,新课标高考词汇,高中
gentle,ˈdʒent(ə)l,a. 温柔的，轻轻的,,,高考3500,3,,,新课标高考词汇,高中
gentleman,ˈdʒent(ə)lmən,n. 绅士，先生；有身份、有教养的人,,,高考3500,3,,,新课标高考词汇,高中
geography,dʒɪˈɔɡrəfɪ,n. 地理学,,,高考3500,3,,,新课标高考词汇,高中
geometry,dʒɪˈɑmɪtrɪ,n. 几何学,,,高考3500,3,,,新课标高考词汇,高中
German,ˈdʒɜːmən,a. 德国的，德国人的，德语的 n. 德国人，德语,,,高考3500,3,,,新课标高考词汇,高中
Germany,ˈdʒɜːmənɪ,* n. 德国,,,高考3500,3,,,新课标高考词汇,高中
gesture,ˈdʒestʃə(r),n. 姿势，手势,,,高考3500,3,,,新课标高考词汇,高中
get got got,ɡet,vt. 成为；得到；具有；到达 【一般现在 过去式 过去分词】,,,高考3500,3,,,新课标高考词汇,高中
gettogether,ɡet-təˈɡeðə(r),n. 聚会,,,高考3500,3,,,新课标高考词汇,高中
gift,ɡɪft,n. 赠品；礼物,,,高考3500,3,,,新课标高考词汇,高中
gifted,ˈɡɪftɪd,a. 有天赋的；有才华的,,,高考3500,3,,,新课标高考词汇,高中
giraffe,dʒɪˈrɑːf; (US) dʒəˈræf,n. 长颈鹿,,,高考3500,3,,,新课标高考词汇,高中
girl,ɡɜːl,n. 女孩,,,高考3500,3,,,新课标高考词汇,高中
give gave given,ɡɪv,vt. 给，递给，付出，给予 【一般现在 过去式 过去分词】,,,高考3500,3,,,新课标高考词汇,高中
glad,ɡlæd,a. 高兴的；乐意的,,,高考3500,3,,,新课标高考词汇,高中
glance,glæns glɑːns,vi. 匆匆一看；一瞥,,,高考3500,3,,,新课标高考词汇,高中
glare,ɡleə(r),v. 瞪眼，怒目而视，闪耀,,,高考3500,3,,,新课标高考词汇,高中
glass,ɡlɑːs; (US) ɡlæs,n.玻璃杯，玻璃；(复)眼镜,,,高考3500,3,,,新课标高考词汇,高中
glasshouse,ˈɡlɑːshaʊs,n. 温室，暖房,,,高考3500,3,,,新课标高考词汇,高中
globe,ɡləʊb,n. 地球仪，地球,,,高考3500,3,,,新课标高考词汇,高中
glory,ˈɡlɔːrɪ,n.巨大的光荣; 荣誉;赞美,,,高考3500,3,,,新课标高考词汇,高中
glove,ɡlʌv,n. 手套,,,高考3500,3,,,新课标高考词汇,高中
glue,ɡluː,n. 胶水,,,高考3500,3,,,新课标高考词汇,高中
go went gone,ɡəʊ,vi. 去；走；驶；通到；到达 n. 尝试（做某事） 【一般现在 过去式 过去分词】,,,高考3500,3,,,新课标高考词汇,高中
goal,ɡəʊl,n. （足球）球门，目标,,,高考3500,3,,,新课标高考词汇,高中
goat,ɡəʊt,n. 山羊,,,高考3500,3,,,新课标高考词汇,高中
god,ɡɔd,n. 神，（大写）上帝,,,高考3500,3,,,新课标高考词汇,高中
gold,ɡəʊld,n. 黄金 a 金的，黄金的,,,高考3500,3,,,新课标高考词汇,高中
golden,ˈɡəʊld(ə)n,a. 金(黄)色的,,,高考3500,3,,,新课标高考词汇,高中
goldfish,ˈɡəʊldfɪʃ,n. 金鱼,,,高考3500,3,,,新课标高考词汇,高中
golf,ɡɔlf,n. 高尔夫球,,,高考3500,3,,,新课标高考词汇,高中
good better best,ɡʊd,a. 好；良好【比较级 最高级】,,,高考3500,3,,,新课标高考词汇,高中
good-bye,ɡʊd- baɪ,int. 再见；再会【连字符】,,,高考3500,3,,,新课标高考词汇,高中
goodness,ˈɡʊdnɪs,n. 善良，美德,,,高考3500,3,,,新课标高考词汇,高中
goods,ɡʊd,n. 商品，货物,,,高考3500,3,,,新课标高考词汇,高中
goose geese,ɡuːs,n. 鹅【单数 复数】,,,高考3500,3,,,新课标高考词汇,高中
govern,ˈɡʌv(ə)n,v. 统治；管理,,,高考3500,3,,,新课标高考词汇,高中
government,ˈɡʌvənmənt,n. 政府,,,高考3500,3,,,新课标高考词汇,高中
gown,ɡaʊn,n. 礼服，长外衣，睡衣,,,高考3500,3,,,新课标高考词汇,高中
grade,ɡreɪd,n. 等级；（中小学的）学年；成绩，分数,,,高考3500,3,,,新课标高考词汇,高中
gradually,ˈɡrædjʊəlɪ,ad. 逐渐地,,,高考3500,3,,,新课标高考词汇,高中
graduate,ˈɡrædjʊət,v. 毕业,,,高考3500,3,,,新课标高考词汇,高中
graduation,ɡrædjʊˈeɪʃ(ə)n,n. 毕业，毕业典礼,,,高考3500,3,,,新课标高考词汇,高中
grain,ɡreɪn,n. 谷物，谷类,,,高考3500,3,,,新课标高考词汇,高中
gram,ɡræm,n. 克(重量单位),,,高考3500,3,,,新课标高考词汇,高中
grammar,ˈɡræmə(r),n. 语法,,,高考3500,3,,,新课标高考词汇,高中
grand,ɡrænd,a. 宏伟的,,,高考3500,3,,,新课标高考词汇,高中
grandchild,ˈgræntʃaɪld,n.(外)孙或孙女.孙辈,,,高考3500,3,,,新课标高考词汇,高中
granddaughter,ˈɡrændɔːtə(r),n. （外）孙女,,,高考3500,3,,,新课标高考词汇,高中
grandma = grandmother,ˈɡrænmɑː， ˈɡrændmɑː,n. 奶奶；外婆,,,高考3500,3,,,新课标高考词汇,高中
grandpa = grandfather,ˈɡrænpɑː， ˈɡrændpɑː,n.爷爷，外公,,,高考3500,3,,,新课标高考词汇,高中
grandparents,ˈɡrændpeərənt,n.祖父母.外祖父母,,,高考3500,3,,,新课标高考词汇,高中
grandson,ˈɡrændsʌn,n. （外）孙子,,,高考3500,3,,,新课标高考词汇,高中
granny,ˈɡrænɪ,n. 老奶奶；祖母；外婆,,,高考3500,3,,,新课标高考词汇,高中
grape,ɡreɪp,n. 葡萄,,,高考3500,3,,,新课标高考词汇,高中
graph,ɡrɑːf; (US) ɡræf,n. 图表，曲线图,,,高考3500,3,,,新课标高考词汇,高中
grasp,ɡrɑːsp; (US) ɡræsp,v. 抓住；紧握,,,高考3500,3,,,新课标高考词汇,高中
grass,ɡrɑːs; (US) ɡræs,n. 草；草场；牧草,,,高考3500,3,,,新课标高考词汇,高中
grateful,ˈɡreɪtfʊl,a. 感激的，感谢的,,,高考3500,3,,,新课标高考词汇,高中
gravity,ˈɡrævɪtɪ,n. 重力，地球引力,,,高考3500,3,,,新课标高考词汇,高中
great,ɡreɪt,a. 伟大的，重要的，好极了 ad. （口语）好极了，很好,,,高考3500,3,,,新课标高考词汇,高中
Greece,ɡriːs,* n. 希腊,,,高考3500,3,,,新课标高考词汇,高中
greedy,ˈɡriːdɪ,a. 贪婪的,,,高考3500,3,,,新课标高考词汇,高中
Greek,ɡriːk,a. / n. 希腊的，希腊人的，希腊语的 ; 希腊人，希腊语,,,高考3500,3,,,新课标高考词汇,高中
green,ɡriːn,a. 绿色的；青的 n. 绿色,,,高考3500,3,,,新课标高考词汇,高中
greengrocer,ˈɡriːnɡrəʊsə(r),n.（英）蔬菜水果商,,,高考3500,3,,,新课标高考词汇,高中
greet,ɡriːt,vt. 问候；向……致敬,,,高考3500,3,,,新课标高考词汇,高中
greeting,ˈɡriːtɪŋ,n. 祝贺,,,高考3500,3,,,新课标高考词汇,高中
grey / gray,ɡreɪ,a. 灰色的； 灰白的,,,高考3500,3,,,新课标高考词汇,高中
grill,ɡrɪl,n. （烧食物的）烤架,,,高考3500,3,,,新课标高考词汇,高中
grocer,ˈɡrəʊsə(r),n. 零售商人；食品店,,,高考3500,3,,,新课标高考词汇,高中
ground,ɡraʊnd,n. 地面,,,高考3500,3,,,新课标高考词汇,高中
group,ɡruːp,n. 组，群,,,高考3500,3,,,新课标高考词汇,高中
grow grew grown,ɡrəʊ,v. 生长；发育；种植；变成 【一般现在 过去式 过去分词】,,,高考3500,3,,,新课标高考词汇,高中
growth,ɡrəʊθ,n. 生长，增长,,,高考3500,3,,,新课标高考词汇,高中
gruel,ɡrʊəl,n. 粥,,,高考3500,3,,,新课标高考词汇,高中
guarantee,ɡærənˈtiː,v. 保证，担保,,,高考3500,3,,,新课标高考词汇,高中
guard,ɡɑːd,n. 防护装置，警戒,,,高考3500,3,,,新课标高考词汇,高中
guess,ɡes,vi. 猜,,,高考3500,3,,,新课标高考词汇,高中
guest,ɡest,n. 客人，宾客,,,高考3500,3,,,新课标高考词汇,高中
guidance,ˈɡaɪdəns,n. 引导，指导,,,高考3500,3,,,新课标高考词汇,高中
guide,ɡaɪd,n. 向导，导游者,,,高考3500,3,,,新课标高考词汇,高中
guilty,ˈɡɪltɪ,a.有罪，犯法的，做错事的,,,高考3500,3,,,新课标高考词汇,高中
guitar,ɡɪˈtɑː(r),n. 吉他，六弦琴,,,高考3500,3,,,新课标高考词汇,高中
gun,ɡʌn,n. 枪，炮,,,高考3500,3,,,新课标高考词汇,高中
gym =gymnasium,dʒɪm,n. 体操；体育馆；健身房,,,高考3500,3,,,新课标高考词汇,高中
gymnastics,dʒɪmˈnæstɪks,n. 体操,,,高考3500,3,,,新课标高考词汇,高中
ha,hɑː,int. 哈(笑声),,,高考3500,3,,,新课标高考词汇,高中
habit,ˈhæbɪt,n. 习惯，习性,,,高考3500,3,,,新课标高考词汇,高中
hair,heə(r),n. 头发,,,高考3500,3,,,新课标高考词汇,高中
haircut,ˈheəkʌt,n. （男子）理发,,,高考3500,3,,,新课标高考词汇,高中
half,hɑːf; (US) hæf,a.& n. 半，一半，半个,,,高考3500,3,,,新课标高考词汇,高中
hall,hɔːl,n. 大厅，会堂，礼堂;过道,,,高考3500,3,,,新课标高考词汇,高中
ham,hæm,n. 火腿,,,高考3500,3,,,新课标高考词汇,高中
hamburger,ˈhæmbɜːɡə(r),n. 汉堡包,,,高考3500,3,,,新课标高考词汇,高中
hammer,ˈhæmə(r),n. 锤子，锣锤,,,高考3500,3,,,新课标高考词汇,高中
hand,hænd,n. 手；指针 v. 递；给；交付 交上；交进,,,高考3500,3,,,新课标高考词汇,高中
handbag,ˈhændbæɡ,n. 女用皮包，手提包,,,高考3500,3,,,新课标高考词汇,高中
handful,ˈhændfʊl,n.(一)把；少数，少量,,,高考3500,3,,,新课标高考词汇,高中
handkerchief,ˈhæŋkətʃɪf,n. 手帕,,,高考3500,3,,,新课标高考词汇,高中
handle,ˈhænd(ə)l,n. 柄，把柄 v. 处理,,,高考3500,3,,,新课标高考词汇,高中
handsome,ˈhænsəm,a. 英俊的,,,高考3500,3,,,新课标高考词汇,高中
handtruck,ˈhændtrʌk,n.手推运货车,,,高考3500,3,,,新课标高考词汇,高中
handwriting,ˈhændraɪtɪŋ,n. 书法,,,高考3500,3,,,新课标高考词汇,高中
handy,ˈhændɪ,a. 便利的，顺手的 hang(hanged，hanged) v. 处（人）绞刑；上吊,,,高考3500,3,,,新课标高考词汇,高中
hang hung hung,hæŋ,v.悬挂，吊着；把……吊起 【一般现在 过去式 过去分词】,,,高考3500,3,,,新课标高考词汇,高中
happen,ˈhæpən,vi.（偶然）发生,,,高考3500,3,,,新课标高考词汇,高中
happily,ˈhæpɪlɪ,ad. 幸福地，快乐地,,,高考3500,3,,,新课标高考词汇,高中
happiness,ˈhæpɪnɪs,n. 幸福，愉快,,,高考3500,3,,,新课标高考词汇,高中
happy,ˈhæpɪ,a.幸福；快乐的，高兴的,,,高考3500,3,,,新课标高考词汇,高中
harbour,ˈhɑːbə(r),n. 港口【英】,,,高考3500,3,,,新课标高考词汇,高中
harbor,ˈhɑːbə(r),n. 港口【美】,,,高考3500,3,,,新课标高考词汇,高中
hard,hɑːd,ad. 努力地；使劲；猛烈地 a.硬的；困难的；艰难的,,,高考3500,3,,,新课标高考词汇,高中
hardly,ˈhɑːdlɪ,ad. 几乎不,,,高考3500,3,,,新课标高考词汇,高中
hardship,ˈhɑːdʃɪp,n. 困难,,,高考3500,3,,,新课标高考词汇,高中
hardworking,ˈha:dˈwə:kiŋ,a. 努力工作的,,,高考3500,3,,,新课标高考词汇,高中
harm,hɑːm,n.&v. 伤害；损伤,,,高考3500,3,,,新课标高考词汇,高中
harmful,ˈhɑːmfʊl,a.有害的；致伤的,,,高考3500,3,,,新课标高考词汇,高中
harmless,ˈhɑːmlɪs,a. 无害的;不致伤的,,,高考3500,3,,,新课标高考词汇,高中
harmony,ˈhɑːmənɪ,n. 融洽，和睦,,,高考3500,3,,,新课标高考词汇,高中
harvest,ˈhɑːvɪst,n.& vt. 收割，收获（物）,,,高考3500,3,,,新课标高考词汇,高中
hat,hæt,n.帽子(一般指有边的)；礼帽,,,高考3500,3,,,新课标高考词汇,高中
hatch,hætʃ,v. （鸟、鸡）孵蛋,,,高考3500,3,,,新课标高考词汇,高中
hate,heɪt,vt.& n. 恨，讨厌,,,高考3500,3,,,新课标高考词汇,高中
have has had had,hæv,vt.有；吃；喝；进行；经受【一般现在 第三人称单数 过去式 过去分词】,,,高考3500,3,,,新课标高考词汇,高中
hawk,hɔːk,n. 鹰,,,高考3500,3,,,新课标高考词汇,高中
hay,heɪ,n. 作饲料用的干草,,,高考3500,3,,,新课标高考词汇,高中
he,heɪ,pron. 他,,,高考3500,3,,,新课标高考词汇,高中
head,hed,n. 头；头脑(像)；才智；首脑；源头；标题 a. 头部的；主要的；首席的 v. 率领；加标题；用头顶；出发；(船等)驶向,,,高考3500,3,,,新课标高考词汇,高中
headache,ˈhedeɪk,n. 头疼,,,高考3500,3,,,新课标高考词汇,高中
headline,ˈhedlaɪn,n. （报刊的）大字标题,,,高考3500,3,,,新课标高考词汇,高中
headmaster,hedˈmɑːstə(r),n. （英）中小学校长,,,高考3500,3,,,新课标高考词汇,高中
headmistress,ˈhedˈmistrɪs,n. 女校长,,,高考3500,3,,,新课标高考词汇,高中
headteacher,'hedti:tʃə,n. 中小学班主任,,,高考3500,3,,,新课标高考词汇,高中
health,helθ,n. 健康，卫生,,,高考3500,3,,,新课标高考词汇,高中
healthy,ˈhelθɪ,a. 健康的，健壮的,,,高考3500,3,,,新课标高考词汇,高中
heap,hiːp,n. 堆 v. 堆起来,,,高考3500,3,,,新课标高考词汇,高中
hear heard heard,hɪə(r),v. 听见；听说，得知【一般现在 过去式 过去分词】,,,高考3500,3,,,新课标高考词汇,高中
hearing,ˈhɪərɪŋ,n. 听力,,,高考3500,3,,,新课标高考词汇,高中
heart,hɑːt,n.心.心脏， 纸牌中的红桃,,,高考3500,3,,,新课标高考词汇,高中
heat,hiːt,n. 热 vt. 把……加热,,,高考3500,3,,,新课标高考词汇,高中
heaven,ˈhev(ə)n,n. 天，天空,,,高考3500,3,,,新课标高考词汇,高中
heavy,ˈhevɪ,a. 重的,,,高考3500,3,,,新课标高考词汇,高中
heavily,ˈhevɪlɪ,ad. 重地，大量地,,,高考3500,3,,,新课标高考词汇,高中
heel,hiːl,n. 脚后跟,,,高考3500,3,,,新课标高考词汇,高中
height,haɪt,n. 高，高度,,,高考3500,3,,,新课标高考词汇,高中
helicopter,ˈhelɪkɔptə(r),n. 直升飞机,,,高考3500,3,,,新课标高考词汇,高中
hello,həˈləʊ,int. 喂；你好（表示打招呼，问候或唤起注意）,,,高考3500,3,,,新课标高考词汇,高中
helmet,ˈhelmɪt,n. 头盔,,,高考3500,3,,,新课标高考词汇,高中
help,help,n. & vt. 帮助，帮忙,,,高考3500,3,,,新课标高考词汇,高中
helpful,ˈhelpfʊl,a. 有帮助的，有益的,,,高考3500,3,,,新课标高考词汇,高中
hen,hen,n. 母鸡,,,高考3500,3,,,新课标高考词汇,高中
her,hɜː(r),pron. 她(宾格)，她的,,,高考3500,3,,,新课标高考词汇,高中
herb,hɜːb; (US) ɜːrb,n. 草药,,,高考3500,3,,,新课标高考词汇,高中
here,hɪə(r),ad. 这里，在这里；向这里,,,高考3500,3,,,新课标高考词汇,高中
hero,ˈhɪərəʊ,n. 英雄，勇士，男主角,,,高考3500,3,,,新课标高考词汇,高中
heroine,ˈherəʊɪn,n. 女英雄，女主角,,,高考3500,3,,,新课标高考词汇,高中
hers,hɜːz,pron. 她的,,,高考3500,3,,,新课标高考词汇,高中
herself,hɜːˈself,pron. 她自己,,,高考3500,3,,,新课标高考词汇,高中
hey,heɪ,int. 嘿！,,,高考3500,3,,,新课标高考词汇,高中
hi,haɪ,int. 你好（表示打招呼、问候或唤起注 意）,,,高考3500,3,,,新课标高考词汇,高中
hibernate,ˈhaɪbəneɪt,vi. 冬眠,,,高考3500,3,,,新课标高考词汇,高中
hibernation,haɪbə(r)ˈneɪʃn,n. 冬眠,,,高考3500,3,,,新课标高考词汇,高中
hide hid hidden,haɪd,v. 把…藏起来，隐藏【一般现在 过去式 过去分词】,,,高考3500,3,,,新课标高考词汇,高中
hide and seek,haɪd-ənd-siːk,捉迷藏,,,高考3500,3,,,新课标高考词汇,高中
high,haɪ,a. 高的;高度的 ad. 高地,,,高考3500,3,,,新课标高考词汇,高中
highway,ˈhaɪweɪ,n.公路，主要交通道路,,,高考3500,3,,,新课标高考词汇,高中
hill,hɪl,n. 小山;丘陵;土堆;斜坡,,,高考3500,3,,,新课标高考词汇,高中
hillside,ˈhɪlsaɪd,n. （小山）山腰，山坡,,,高考3500,3,,,新课标高考词汇,高中
hilly,ˈhɪlɪ,a. 丘陵的； 多小山的,,,高考3500,3,,,新课标高考词汇,高中
him,hɪm,pron. 他（宾格）,,,高考3500,3,,,新课标高考词汇,高中
himself,hɪmˈself,pron. 他自己,,,高考3500,3,,,新课标高考词汇,高中
hire,ˈhaɪə(r),vt. 租用,,,高考3500,3,,,新课标高考词汇,高中
his,hɪz,pron. 他的,,,高考3500,3,,,新课标高考词汇,高中
history,ˈhɪstərɪ,n. 历史，历史学,,,高考3500,3,,,新课标高考词汇,高中
hit hit hit,hɪt,n.& vt. 打，撞，击中【一般现在 过去式 过去分词】,,,高考3500,3,,,新课标高考词汇,高中
hive,haɪv,n. 蜂房；蜂箱,,,高考3500,3,,,新课标高考词汇,高中
hobby,ˈhɔbɪ,n. 业余爱好，嗜好,,,高考3500,3,,,新课标高考词汇,高中
hold held held,həʊld,vt.拿；抱；握住；举行；进行,,,高考3500,3,,,新课标高考词汇,高中
hole,həʊl,n. 洞，坑,,,高考3500,3,,,新课标高考词汇,高中
holiday,ˈhɔlɪdɪ,n. 假日；假期,,,高考3500,3,,,新课标高考词汇,高中
holy,ˈhəʊlɪ,a. 神圣的,,,高考3500,3,,,新课标高考词汇,高中
home,həʊm,n. 家 ad. 到家；回家,,,高考3500,3,,,新课标高考词汇,高中
homeland,ˈhəʊmlænd,n. 祖国,,,高考3500,3,,,新课标高考词汇,高中
hometown,ˈhəʊmtaʊn,n. 故乡,,,高考3500,3,,,新课标高考词汇,高中
homework,ˈhəʊmwɜːk,n. 家庭作业,,,高考3500,3,,,新课标高考词汇,高中
honest,ˈɔnɪst,a. 诚实的，正直的,,,高考3500,3,,,新课标高考词汇,高中
honey,ˈɔnɪst,n. 蜂蜜,,,高考3500,3,,,新课标高考词汇,高中
Hong Kong,hɔŋ kɔŋ,* n. 香港,,,高考3500,3,,,新课标高考词汇,高中
honour,ˈɔnə,n. 荣誉，光荣 vt. 尊敬，给予荣誉【英】,,,高考3500,3,,,新课标高考词汇,高中
honor,ˈɔnə,n. 荣誉，光荣 vt. 尊敬，给予荣誉【美】,,,高考3500,3,,,新课标高考词汇,高中
hook,hʊk,n.& v. 钩子；衔接，连接,,,高考3500,3,,,新课标高考词汇,高中
hooray,hʊˈreɪ,int. 好哇！（欢呼声）,,,高考3500,3,,,新课标高考词汇,高中
hope,həʊp,n.& v. 希望,,,高考3500,3,,,新课标高考词汇,高中
hopeful,ˈhəʊpfʊl,a. 有希望的；有前途的,,,高考3500,3,,,新课标高考词汇,高中
hopeless,ˈhoʊpləs,a.没有希望，不可救药的,,,高考3500,3,,,新课标高考词汇,高中
horrible,ˈhɔrɪb(ə)l,a. 令人恐惧；恐怖的,,,高考3500,3,,,新课标高考词汇,高中
horse,hɔːs,n. 马,,,高考3500,3,,,新课标高考词汇,高中
hospital,ˈhɔspɪt(ə)l,n. 医院,,,高考3500,3,,,新课标高考词汇,高中
host,həʊst,n. 主人；节目主持人 v. 做主人招待,,,高考3500,3,,,新课标高考词汇,高中
hostess,ˈhəʊstɪs,n. 女主人,,,高考3500,3,,,新课标高考词汇,高中
hot,hɔt，hɑt,a. 热的,,,高考3500,3,,,新课标高考词汇,高中
hot dog,hɔt- dɔɡ,n. 热狗(红肠面包),,,高考3500,3,,,新课标高考词汇,高中
hotel,həʊˈtel,n. 旅馆，饭店，宾馆,,,高考3500,3,,,新课标高考词汇,高中
hour,ˈaʊə(r),n. 小时,,,高考3500,3,,,新课标高考词汇,高中
house,haʊs,n. 房子；住宅,,,高考3500,3,,,新课标高考词汇,高中
housewife,ˈhaʊswaɪf,n. 家庭主妇,,,高考3500,3,,,新课标高考词汇,高中
housework,ˈhaʊswɜːk,n. 家务劳动,,,高考3500,3,,,新课标高考词汇,高中
how,haʊ,ad.怎样，如何；多少；多么,,,高考3500,3,,,新课标高考词汇,高中
however,haʊˈevə(r),ad. 可是 conj. 然而，可是，尽管如此,,,高考3500,3,,,新课标高考词汇,高中
howl,haʊl,vi. 嚎叫，嚎哭,,,高考3500,3,,,新课标高考词汇,高中
hug,hʌɡ,v. 拥抱,,,高考3500,3,,,新课标高考词汇,高中
huge,hjuːdʒ,a. 巨大的，庞大的,,,高考3500,3,,,新课标高考词汇,高中
human,ˈhjuːmən,a. 人的，人类的,,,高考3500,3,,,新课标高考词汇,高中
human being,ˈhjuːmən ˈbiːɪŋ,人,,,高考3500,3,,,新课标高考词汇,高中
humorous,ˈhjuːmərəs,a. 富于幽默的,,,高考3500,3,,,新课标高考词汇,高中
humour,ˈhjuːmə(r),n.幽默，幽默感【英】,,,高考3500,3,,,新课标高考词汇,高中
humor,ˈhjuːmə(r),n.幽默，幽默感【美】,,,高考3500,3,,,新课标高考词汇,高中
hundred,ˈhʌndrəd,num. 百,,,高考3500,3,,,新课标高考词汇,高中
hunger,ˈhʌŋɡə(r),n. 饥饿,,,高考3500,3,,,新课标高考词汇,高中
hungry,ˈhʌŋɡrɪ,a. （饥）饿的,,,高考3500,3,,,新课标高考词汇,高中
hunt,hʌnt,vt. 寻找；狩猎，猎取,,,高考3500,3,,,新课标高考词汇,高中
hunter,ˈhʌntə(r),n. 猎人,,,高考3500,3,,,新课标高考词汇,高中
hurricane,ˈhʌrɪkən,n. 飓风，十二级风,,,高考3500,3,,,新课标高考词汇,高中
hurry,ˈhʌrɪ,vi. 赶快；急忙,,,高考3500,3,,,新课标高考词汇,高中
hurt hurt hurt,hɜːt,vt. 伤害，受伤；伤人感情 【一般现在 过去式 过去分词】,,,高考3500,3,,,新课标高考词汇,高中
husband,ˈhʌzbənd,n. 丈夫,,,高考3500,3,,,新课标高考词汇,高中
hydrogen,ˈhaɪdrədʒ(ə)n,n. 氢,,,高考3500,3,,,新课标高考词汇,高中
I,aɪ,pron. 我,,,高考3500,3,,,新课标高考词汇,高中
ice,aɪs,n. 冰,,,高考3500,3,,,新课标高考词汇,高中
ice-cream,aɪs- kriːm,n. 冰淇淋【连字符】,,,高考3500,3,,,新课标高考词汇,高中
Iceland,ˈaɪslənd,* n. 冰岛,,,高考3500,3,,,新课标高考词汇,高中
idea,aɪˈdɪə,n. 主意，意见，打算，想法,,,高考3500,3,,,新课标高考词汇,高中
identity,aɪˈdentɪtɪ,n. 身份，特征,,,高考3500,3,,,新课标高考词汇,高中
identification,aɪdentɪfɪˈkeɪʃ(ə)n,n. 鉴定，辨别,,,高考3500,3,,,新课标高考词汇,高中
idiom,ˈɪdɪəm,n. 习语，成语,,,高考3500,3,,,新课标高考词汇,高中
if,ɪf,conj.如果，假使，是否，是不是,,,高考3500,3,,,新课标高考词汇,高中
ignore,ɪɡˈnɔː(r),v. 忽视，对…不理会,,,高考3500,3,,,新课标高考词汇,高中
ill,ɪl,a. 有病的；不健康的,,,高考3500,3,,,新课标高考词汇,高中
illegal,ɪˈliːɡ(ə)l,a. 非法的,,,高考3500,3,,,新课标高考词汇,高中
illness,ˈɪlnɪs,n. 疾病,,,高考3500,3,,,新课标高考词汇,高中
imagine,ɪˈmædʒɪn,vt. 想像，设想,,,高考3500,3,,,新课标高考词汇,高中
immediate,ɪˈmiːdɪət,a. 立即的，马上,,,高考3500,3,,,新课标高考词汇,高中
immediately,ɪˈmiːdɪətlɪ,ad. 立即,,,高考3500,3,,,新课标高考词汇,高中
immigration,ɪmɪˈgreɪʃn,n. 移民,,,高考3500,3,,,新课标高考词汇,高中
import,ɪmˈpɔːt,v.& n. 进口，输入,,,高考3500,3,,,新课标高考词汇,高中
importance,ɪmˈpɔːt(ə)ns,n. 重要性,,,高考3500,3,,,新课标高考词汇,高中
important,ɪmˈpɔːtənt,a. 重要的,,,高考3500,3,,,新课标高考词汇,高中
impossible,ɪmˈpɔsɪb(ə)l,a. 不可能的,,,高考3500,3,,,新课标高考词汇,高中
impress,ɪmˈpres,vt. 留下极深的印象,,,高考3500,3,,,新课标高考词汇,高中
impression,ɪmˈpreʃ(ə)n,n. 印象，感觉,,,高考3500,3,,,新课标高考词汇,高中
improve,ɪmˈpruːv,vt. 改进，更新,,,高考3500,3,,,新课标高考词汇,高中
in,ɪn,prep. 在…里(内)；在…；以… ad. 在家，在内，向内,,,高考3500,3,,,新课标高考词汇,高中
inch,ɪntʃ,n. 英寸,,,高考3500,3,,,新课标高考词汇,高中
incident,ˈɪnsɪd(ə)nt,n. 事件,,,高考3500,3,,,新课标高考词汇,高中
include,ɪnˈkluːd,vt. 包含，包括,,,高考3500,3,,,新课标高考词汇,高中
income,ˈɪnkʌm,n. 收入，所得,,,高考3500,3,,,新课标高考词汇,高中
incorrect,ɪnkəˈrekt,a. 不正确的，错误的,,,高考3500,3,,,新课标高考词汇,高中
increase,ɪnˈkriːs,v. & n. 增加，繁殖,,,高考3500,3,,,新课标高考词汇,高中
indeed,ɪnˈdiːd,a. 确实；实在,,,高考3500,3,,,新课标高考词汇,高中
independence,ɪndɪˈpendəns,n. 独立,,,高考3500,3,,,新课标高考词汇,高中
independent,ɪndɪˈpendənt,a.独立的，有主见的,,,高考3500,3,,,新课标高考词汇,高中
India,ˈɪndɪə,* n. 印度,,,高考3500,3,,,新课标高考词汇,高中
Indian,ˈɪndɪən,a. （美洲）印地安人的； 印度人的 n. 印地安人；印度人,,,高考3500,3,,,新课标高考词汇,高中
Indicate,ˈɪndɪkeɪt,v.表明，象征，暗示,,,高考3500,3,,,新课标高考词汇,高中
industry,ˈɪndəstrɪ,n. 工业，产业,,,高考3500,3,,,新课标高考词汇,高中
influence,ˈɪnflʊəns,n.& v. 影响,,,高考3500,3,,,新课标高考词汇,高中
inform,ɪnˈfɔːm,vt. 告诉； 通知,,,高考3500,3,,,新课标高考词汇,高中
information,ɪnfəˈmeɪʃ(ə)n,n. 信息,,,高考3500,3,,,新课标高考词汇,高中
information desk,ɪnfəˈmeɪʃ(ə)n desk,问讯处,,,高考3500,3,,,新课标高考词汇,高中
initial,ɪˈnɪʃ(ə)l,a. 开始的，最初的,,,高考3500,3,,,新课标高考词汇,高中
injure,ˈɪndʒə(r),vt. 损害，伤害,,,高考3500,3,,,新课标高考词汇,高中
injury,ˈɪndʒərɪ,n. 受伤处,,,高考3500,3,,,新课标高考词汇,高中
ink,ɪŋk,n. 墨水，油墨,,,高考3500,3,,,新课标高考词汇,高中
inland,ˈɪnlənd， ˈɪnlænd,a. 内陆的；内地的,,,高考3500,3,,,新课标高考词汇,高中
inn,ɪn,n. 小旅店；小饭店,,,高考3500,3,,,新课标高考词汇,高中
innocent,ˈɪnəsənt,a.无辜的，清白的,,,高考3500,3,,,新课标高考词汇,高中
insect,ˈɪnsekt,n. 昆虫,,,高考3500,3,,,新课标高考词汇,高中
insert,ɪnˈsɜːt,vt. 插入,,,高考3500,3,,,新课标高考词汇,高中
inside,ɪnˈsaɪd,prep.在…里面 ad.在里面,,,高考3500,3,,,新课标高考词汇,高中
insist,ɪnˈsɪst,vi. 坚持；坚决认为,,,高考3500,3,,,新课标高考词汇,高中
inspect,ɪnˈspekt,vt. 检查；检验；审视,,,高考3500,3,,,新课标高考词汇,高中
inspire,ɪnˈspaɪə(r),vt. 鼓舞； 激励,,,高考3500,3,,,新课标高考词汇,高中
instant,ˈɪnst(ə)nt,a. 瞬间；刹那,,,高考3500,3,,,新课标高考词汇,高中
instead,ɪnˈsted,ad. 代替，顶替,,,高考3500,3,,,新课标高考词汇,高中
institute,ˈɪnstɪtjuːt; (US) ˈɪnstətuːt,n. (研究)所， 院，学院,,,高考3500,3,,,新课标高考词汇,高中
institution,ɪnstɪˈtjuːʃ(ə)n; (US) ɪnstəˈtuːʃn,n. (慈善、宗教等性质的)公共机构； 学校,,,高考3500,3,,,新课标高考词汇,高中
instruct,ɪnˈstrʌkt,vt. 通知；指示；教,,,高考3500,3,,,新课标高考词汇,高中
instruction,ɪnˈstrʌkʃ(ə)n,n. 说明，须知;教导,,,高考3500,3,,,新课标高考词汇,高中
instrument,ˈɪnstrʊmənt,n. 乐器;工具，器械,,,高考3500,3,,,新课标高考词汇,高中
insurance,ɪnˈʃʊərəns,n. 保险,,,高考3500,3,,,新课标高考词汇,高中
insure,ɪnˈʃʊə(r),vt. 给……保险,,,高考3500,3,,,新课标高考词汇,高中
intelligence,ɪnˈtelɪdʒəns,n.智力，才智，智慧,,,高考3500,3,,,新课标高考词汇,高中
intend,ɪnˈtend,vt. 想要，打算,,,高考3500,3,,,新课标高考词汇,高中
intention,ɪnˈtenʃ(ə)n,n. 打算，计划，意图,,,高考3500,3,,,新课标高考词汇,高中
interest,ˈɪntrəst,n. 兴趣，趣味;利息,,,高考3500,3,,,新课标高考词汇,高中
interesting,ˈɪntrətɪŋ,a. 有趣的,,,高考3500,3,,,新课标高考词汇,高中
international,ɪntəˈnæʃən(ə)l,a. 国际的,,,高考3500,3,,,新课标高考词汇,高中
internet,ˈɪntənet,n. 互联网，英特网,,,高考3500,3,,,新课标高考词汇,高中
interpreter,ɪnˈtɜːprɪtə(r),n.翻译,,,高考3500,3,,,新课标高考词汇,高中
interrupt,ɪntəˈrʌpt,v. 打扰，打断,,,高考3500,3,,,新课标高考词汇,高中
interval,ˈɪntəv(ə)l,n. 间歇；间隔,,,高考3500,3,,,新课标高考词汇,高中
interview,ˈɪntəvjuː,n.& vt.采访，会见，面试,,,高考3500,3,,,新课标高考词汇,高中
into,ˈɪntʊ， ˈɪntə,prep. 到…里;向内；变成,,,高考3500,3,,,新课标高考词汇,高中
introduce,ɪntrəˈdjuːs; (US) -duːs,vt. 介绍,,,高考3500,3,,,新课标高考词汇,高中
introduction,ɪntrəˈdʌkʃ(ə)n,n. 引进，介绍,,,高考3500,3,,,新课标高考词汇,高中
invent,ɪnˈvent,vt. 发明，创造,,,高考3500,3,,,新课标高考词汇,高中
invention,ɪnˈvenʃ(ə)n,n. 发明，创造,,,高考3500,3,,,新课标高考词汇,高中
inventor,ɪnˈventə(r),n. 发明者，创造者,,,高考3500,3,,,新课标高考词汇,高中
invitation,ɪnvɪˈteɪʃ(ə)n,n. 邀请，请帖,,,高考3500,3,,,新课标高考词汇,高中
invite,ɪnˈvaɪt,vt. 邀请，招待,,,高考3500,3,,,新课标高考词汇,高中
Ireland,ˈaɪələnd,* n. 爱尔兰,,,高考3500,3,,,新课标高考词汇,高中
Irish,ˈaɪərɪʃ,a. 爱尔兰的，爱尔兰人的,,,高考3500,3,,,新课标高考词汇,高中
iron,ˈaɪən; (US) ˈaɪərn,n. 铁，熨斗 vt. 熨烫,,,高考3500,3,,,新课标高考词汇,高中
irrigate,ˈɪrɪɡeɪt,vt. 灌溉,,,高考3500,3,,,新课标高考词汇,高中
irrigation,ɪrɪˈɡeɪʃ(ə)n,n. 灌溉,,,高考3500,3,,,新课标高考词汇,高中
island,ˈaɪlənd,n. 岛,,,高考3500,3,,,新课标高考词汇,高中
it,ɪt,pron. 它,,,高考3500,3,,,新课标高考词汇,高中
Italian,ɪˈtæljən,a. 意大利(人)的；意大利语的 n. 意大利人；意大利语,,,高考3500,3,,,新课标高考词汇,高中
Italy,ˈɪtəlɪ,* n. 意大利,,,高考3500,3,,,新课标高考词汇,高中
its,ɪts,pron. 它的,,,高考3500,3,,,新课标高考词汇,高中
itself,ɪtˈself,pron. 它自己,,,高考3500,3,,,新课标高考词汇,高中
jacket,ˈdʒækɪt,n. 短上衣，夹克衫,,,高考3500,3,,,新课标高考词汇,高中
jam,dʒæm,n. 果酱；阻塞,,,高考3500,3,,,新课标高考词汇,高中
January,ˈdʒænjʊərɪ; (US) ˈdʒænjʊerɪ,n. 1月,,,高考3500,3,,,新课标高考词汇,高中
Japan,dʒæˈpæn,* n. 日本,,,高考3500,3,,,新课标高考词汇,高中
Japanese,dʒæpəˈniːz,a. 日本的，日本人的，日语的 n. 日本人，日语,,,高考3500,3,,,新课标高考词汇,高中
jar,dʒɑː(r),n. 罐子；坛子,,,高考3500,3,,,新课标高考词汇,高中
jaw,dʒɔː,n. 下巴,,,高考3500,3,,,新课标高考词汇,高中
jazz,dʒæz,n. 爵士音乐，爵士舞曲,,,高考3500,3,,,新课标高考词汇,高中
jeans,dʒiːns,n. 牛仔裤,,,高考3500,3,,,新课标高考词汇,高中
jeep,dʒiːp,n. 吉普车,,,高考3500,3,,,新课标高考词汇,高中
jet,dʒet,n. 喷气式飞机；喷射（器）,,,高考3500,3,,,新课标高考词汇,高中
jewel,ˈdʒuːəl,n. 宝石,,,高考3500,3,,,新课标高考词汇,高中
jewelry,ˈdʒuːəlrɪ,n. （总称）珠宝,,,高考3500,3,,,新课标高考词汇,高中
job,dʒɔb,n. （一份）工作,,,高考3500,3,,,新课标高考词汇,高中
jog,dʒɔɡ,v. 慢跑,,,高考3500,3,,,新课标高考词汇,高中
join,dʒɔɪn,v.参加，加入;连接;会合,,,高考3500,3,,,新课标高考词汇,高中
joke,dʒəʊk,n. 笑话,,,高考3500,3,,,新课标高考词汇,高中
journalist,ˈdʒɜːnəlɪzt,n. 记者，新闻工作者,,,高考3500,3,,,新课标高考词汇,高中
journey,ˈdʒɜːnɪ,n. 旅行，路程,,,高考3500,3,,,新课标高考词汇,高中
joy,dʒɔɪ,n. 欢乐，高兴，乐趣,,,高考3500,3,,,新课标高考词汇,高中
judge,dʒʌdʒ,n. 裁判；审判员；法官vt. 判断，断定,,,高考3500,3,,,新课标高考词汇,高中
judgement,ˈdʒʌdʒmənt,n. 裁判,,,高考3500,3,,,新课标高考词汇,高中
juice,dʒuːs,n. 汁、液,,,高考3500,3,,,新课标高考词汇,高中
juicy,dʒuːsɪ,a. 多汁的；水分多的,,,高考3500,3,,,新课标高考词汇,高中
July,dʒʊˈlaɪ,n. 7月,,,高考3500,3,,,新课标高考词汇,高中
jump,dʒʌmp,n. 跳跃；跳变 v. 跳跃；惊起；猛扑,,,高考3500,3,,,新课标高考词汇,高中
June,dʒuːn,n. 6月,,,高考3500,3,,,新课标高考词汇,高中
jungle,ˈdʒʌŋɡ(ə)l,n. 丛林，密林,,,高考3500,3,,,新课标高考词汇,高中
junior,ˈdʒuːnɪə(r),a. 初级的；年少的,,,高考3500,3,,,新课标高考词汇,高中
junk,dʒʌŋk,n. （口语）废品，破烂货,,,高考3500,3,,,新课标高考词汇,高中
junk mail,dʒʌŋk meɪl,塞到邮箱的广告宣传品,,,高考3500,3,,,新课标高考词汇,高中
junk food,dʒʌŋk fuːd,没有营养的垃圾食品,,,高考3500,3,,,新课标高考词汇,高中
just,dʒʌst,ad. 刚才；恰好；不过；仅 a. 公正的,,,高考3500,3,,,新课标高考词汇,高中
justice,ˈdʒʌstɪs,n. 正义；公正；司法,,,高考3500,3,,,新课标高考词汇,高中
kangaroo,kæŋɡəˈruː,n. 大袋鼠,,,高考3500,3,,,新课标高考词汇,高中
keep kept kept,kiːp,v. 保持；保存；继续不断 vt. 培育，饲养 【一般现在 过去式 过去分词】,,,高考3500,3,,,新课标高考词汇,高中
keeper,ˈkiːpə(r),n. （动物园中的）饲养员，看守人,,,高考3500,3,,,新课标高考词汇,高中
kettle,ˈket(ə)l,n. (烧水用的)水壶,,,高考3500,3,,,新课标高考词汇,高中
key,kiː,n. 钥匙;答案;键;关键,,,高考3500,3,,,新课标高考词汇,高中
keyboard,kiːbɔːd,n. 键盘,,,高考3500,3,,,新课标高考词汇,高中
kick,kɪk,v.& n. 踢,,,高考3500,3,,,新课标高考词汇,高中
kid,kɪd,n. 小孩,,,高考3500,3,,,新课标高考词汇,高中
kill,kɪl,v. 杀死，弄死,,,高考3500,3,,,新课标高考词汇,高中
kilo,ˈkiːləʊ,n. 千克；千米,,,高考3500,3,,,新课标高考词汇,高中
kilogram,ˈkɪləɡræm,n. 千克,,,高考3500,3,,,新课标高考词汇,高中
kilometre,ˈkiləʊmi:tə(r),e n. 千米（公里）,,,高考3500,3,,,新课标高考词汇,高中
kind,kaɪnd,n. 种;类 a. 善良，友好的,,,高考3500,3,,,新课标高考词汇,高中
kindergarten,kɪndəˈɡɑːt(ə)n,n. 幼儿园,,,高考3500,3,,,新课标高考词汇,高中
kind-hearted,kaɪnd- ˈhɑ:tid,a. 好心的【连字符】,,,高考3500,3,,,新课标高考词汇,高中
kindness,ˈkaɪndnɪs,n. 仁慈；善良,,,高考3500,3,,,新课标高考词汇,高中
king,kɪŋ,n. 国王,,,高考3500,3,,,新课标高考词汇,高中
kingdom,ˈkɪŋdəm,n. 王国,,,高考3500,3,,,新课标高考词汇,高中
kiss,kɪs,n.& vt. 吻，亲吻,,,高考3500,3,,,新课标高考词汇,高中
kitchen,ˈkɪtʃɪn,n. 厨房,,,高考3500,3,,,新课标高考词汇,高中
kite,kaɪt,n. 风筝,,,高考3500,3,,,新课标高考词汇,高中
knee,niː,n. 膝盖,,,高考3500,3,,,新课标高考词汇,高中
knife,naɪf,(复 knives) n.小刀;匕首;刀片,,,高考3500,3,,,新课标高考词汇,高中
knock,nɔk,n.& v. 敲；打；击 ,,,高考3500,3,,,新课标高考词汇,高中
know knew known,nəʊ,v. 知道，了解；认识；懂得 【一般现在 过去式 过去分词】,,,高考3500,3,,,新课标高考词汇,高中
knowledge,ˈnɔlɪdʒ,n. 知识，学问,,,高考3500,3,,,新课标高考词汇,高中
lab,ˈnɔlɪdʒ,= laboratory n. 实验室,,,高考3500,3,,,新课标高考词汇,高中
labour,ˈleɪbə(r),n. 劳动【英】,,,高考3500,3,,,新课标高考词汇,高中
labor,ˈleɪbə(r),n. 劳动【美】,,,高考3500,3,,,新课标高考词汇,高中
labourer,ˈleibərə,n.体力劳动者,,,高考3500,3,,,新课标高考词汇,高中
lack,læk,n.& vt. 缺乏，缺少,,,高考3500,3,,,新课标高考词汇,高中
ladder,ˈlædə(r),r n. 梯子,,,高考3500,3,,,新课标高考词汇,高中
lady,ˈleɪdɪ,n. 女士，夫人,,,高考3500,3,,,新课标高考词汇,高中
lake,leɪk,n. 湖,,,高考3500,3,,,新课标高考词汇,高中
lamb,læm,n. 羔羊,,,高考3500,3,,,新课标高考词汇,高中
lame,leɪm,a. 跛的，瘸的，残废的,,,高考3500,3,,,新课标高考词汇,高中
lamp,læmp,n. 灯，油灯；光源,,,高考3500,3,,,新课标高考词汇,高中
land,lænd,n.陆地，土地v.登岸(陆)降落,,,高考3500,3,,,新课标高考词汇,高中
language,ˈlæŋɡwɪdʒ,n. 语言,,,高考3500,3,,,新课标高考词汇,高中
lantern,ˈlæntən,n. 灯笼；提灯,,,高考3500,3,,,新课标高考词汇,高中
lap,læp,n. (人坐时)膝部.(跑道的)一圈,,,高考3500,3,,,新课标高考词汇,高中
large,lɑːdʒ,a. 大的；巨大的,,,高考3500,3,,,新课标高考词汇,高中
laser,ˈleɪzə(r),n. 激光,,,高考3500,3,,,新课标高考词汇,高中
last,lɑːst; (US) læst,a.最近刚过去;最后的ad.最近刚过去;最后地 n.最后v.持续,,,高考3500,3,,,新课标高考词汇,高中
late,leɪt,a.晚的，迟的ad.晚地，迟地,,,高考3500,3,,,新课标高考词汇,高中
lately,ˈleɪtlɪ,ad. 最近，不久前,,,高考3500,3,,,新课标高考词汇,高中
later,ˈleɪtə(r),a. 晚些的，迟些的,,,高考3500,3,,,新课标高考词汇,高中
latest,ˈleɪtɪst,a.最近，最新的；最晚的,,,高考3500,3,,,新课标高考词汇,高中
latter,ˈlætə(r),n.（两者之中的）后者,,,高考3500,3,,,新课标高考词汇,高中
laugh,lɑːf,n.& v. 笑，大笑；嘲笑,,,高考3500,3,,,新课标高考词汇,高中
laughter,ˈlɑːftə(r); (US) ˈlæftər,n. 笑； 笑声,,,高考3500,3,,,新课标高考词汇,高中
laundry,ˈlɔːndrɪ,n. 洗衣店;要洗的衣服,,,高考3500,3,,,新课标高考词汇,高中
lavatory,ˈlævətrɪ; (US) ˈlævətɔːrɪ,n. 便所，厕所,,,高考3500,3,,,新课标高考词汇,高中
law,lɔː,n. 法律，法令；定律,,,高考3500,3,,,新课标高考词汇,高中
lawyer,ˈlɔːjə(r)， ˈlɔɪə(r),n. 律师,,,高考3500,3,,,新课标高考词汇,高中
lay laid laid,leɪ,vt. 放，搁 【一般现在 过去式 过去分词】,,,高考3500,3,,,新课标高考词汇,高中
lazy,ˈleɪzɪ,a. 懒惰的,,,高考3500,3,,,新课标高考词汇,高中
lead led led,liːd,v. 领导，带领 n. 铅 【一般现在 过去式 过去分词】,,,高考3500,3,,,新课标高考词汇,高中
leader,ˈliːdə(r),n. 领袖，领导人,,,高考3500,3,,,新课标高考词汇,高中
leading,ˈliːdɪŋ,a. 最主要的，第一位的,,,高考3500,3,,,新课标高考词汇,高中
leaf leaves,liːf,n. （树，菜）叶【单数 复数】,,,高考3500,3,,,新课标高考词汇,高中
league,liːɡ,n. 联盟，社团,,,高考3500,3,,,新课标高考词汇,高中
leak,liːk,vi. 漏； 渗,,,高考3500,3,,,新课标高考词汇,高中
learn,lɜːn,vt. 学，学习，学会,,,高考3500,3,,,新课标高考词汇,高中
learned,ˈlɜːnɪd,a. 有才华的；博学的,,,高考3500,3,,,新课标高考词汇,高中
least,liːst,n.最少，最少量,,,高考3500,3,,,新课标高考词汇,高中
leather,ˈleðə(r),n. 皮革,,,高考3500,3,,,新课标高考词汇,高中
leave left left,liːv,v. 离开;把…留下，剩下 【一般现在 过去式 过去分词】,,,高考3500,3,,,新课标高考词汇,高中
lecture,ˈlektʃə(r),n. 讲课，演讲,,,高考3500,3,,,新课标高考词汇,高中
left,left,a.左边的 ad.向左 n.左，左边,,,高考3500,3,,,新课标高考词汇,高中
left-handed,left- ˈ hændid,a. 惯用左手的【连字符】,,,高考3500,3,,,新课标高考词汇,高中
leftover,ˈleftˌəuvə,a.剩余，剩下的n.剩饭菜,,,高考3500,3,,,新课标高考词汇,高中
left-wing,left-wɪŋ,n. 左翼的【连字符】,,,高考3500,3,,,新课标高考词汇,高中
leg,leɡ,n. 腿；腿脚；支柱,,,高考3500,3,,,新课标高考词汇,高中
legal,ˈliːɡ(ə)l,a.与法律有关的，法律的,,,高考3500,3,,,新课标高考词汇,高中
lemon,ˈlemən,n. 柠檬 a. 柠檬色(味)的,,,高考3500,3,,,新课标高考词汇,高中
lemonade,leməˈneɪd,n. 柠檬水,,,高考3500,3,,,新课标高考词汇,高中
lend lent lent,lend,vt.借(出)，把…借给 【一般现在 过去式 过去分词】,,,高考3500,3,,,新课标高考词汇,高中
length,leŋθ,n. 长，长度，段，节,,,高考3500,3,,,新课标高考词汇,高中
less,les,a.& ad. 少于，小于（little的比较级）,,,高考3500,3,,,新课标高考词汇,高中
lesson,ˈles(ə)n,n. 课；功课；教训,,,高考3500,3,,,新课标高考词汇,高中
let,let,vt. 让,,,高考3500,3,,,新课标高考词汇,高中
letter,ˈletə(r),n. 信；字母,,,高考3500,3,,,新课标高考词汇,高中
letter-box,ˈletə(r)- bɔks,n. 信箱【连字符】,,,高考3500,3,,,新课标高考词汇,高中
level,ˈlev(ə)l,n. 水平线，水平,,,高考3500,3,,,新课标高考词汇,高中
liberty,ˈlɪbətɪ,n. 自由,,,高考3500,3,,,新课标高考词汇,高中
liberate,ˈlɪbəreɪt,vt. 解放，使获自由,,,高考3500,3,,,新课标高考词汇,高中
liberation,lɪbəˈreɪʃ(ə)n,n. 解放,,,高考3500,3,,,新课标高考词汇,高中
librarian,laɪˈbreərɪən,n. 图书管理员；（西方的）图书馆馆长,,,高考3500,3,,,新课标高考词汇,高中
library,ˈlaɪbrərɪ; (US) ˈlaɪbrerɪ,n. 图书馆，图书室,,,高考3500,3,,,新课标高考词汇,高中
license,ˈlaɪsəns,n. 执照，许可证,,,高考3500,3,,,新课标高考词汇,高中
lid,lɪd,n. 盖子,,,高考3500,3,,,新课标高考词汇,高中
lie lay lain,laɪ,v. 躺;卧;平放;位于n.& vi. 谎言; 说谎 【一般现在 过去式 过去分词】,,,高考3500,3,,,新课标高考词汇,高中
life lives,laɪf,n. 生命；生涯；生活；人生；生物【单数 复数】,,,高考3500,3,,,新课标高考词汇,高中
lifetime,ˈlaɪftaɪm,n. 一生，终生,,,高考3500,3,,,新课标高考词汇,高中
lift,lɪft,v. 举起，抬起；（云、烟等）消散 n. （英）电梯,,,高考3500,3,,,新课标高考词汇,高中
light,laɪt,n. 光，光亮；灯，灯光 vt. 点（火），点燃 a. 明亮的；轻的；浅色的,,,高考3500,3,,,新课标高考词汇,高中
lightning,ˈlaɪtnɪŋ,n.闪电,,,高考3500,3,,,新课标高考词汇,高中
like,laɪk,prep. 像，跟…一样 vt. 喜欢，喜爱,,,高考3500,3,,,新课标高考词汇,高中
likely,ˈlaɪklɪ,a.很可能的,,,高考3500,3,,,新课标高考词汇,高中
limit,ˈlɪmɪt,vt. 限制；减少,,,高考3500,3,,,新课标高考词汇,高中
line,laɪn,n. 绳索，线，排，行，线路 v. 画线于，（使）成行,,,高考3500,3,,,新课标高考词汇,高中
link,lɪŋk,v. 连接； 联系,,,高考3500,3,,,新课标高考词汇,高中
lion,ˈlaɪən,n. 狮子,,,高考3500,3,,,新课标高考词汇,高中
lip,lɪp,n. 嘴唇,,,高考3500,3,,,新课标高考词汇,高中
liquid,ˈlɪkwɪd,n. & a. 液体；液体的,,,高考3500,3,,,新课标高考词汇,高中
list,lɪst,n. 一览表，清单,,,高考3500,3,,,新课标高考词汇,高中
listen,ˈlɪs(ə)n,vi. 听，仔细听,,,高考3500,3,,,新课标高考词汇,高中
literature,ˈlɪtərətʃə(r); (US) ˈlɪtrətʃʊər,n. 文学,,,高考3500,3,,,新课标高考词汇,高中
literary,ˈlɪtərərɪ; (US) ˈlɪtərerɪ,a. 文学的,,,高考3500,3,,,新课标高考词汇,高中
litre,liːtə(r),n. 升； 公升【英】,,,高考3500,3,,,新课标高考词汇,高中
liter,liːtə(r),n. 升； 公升【美】,,,高考3500,3,,,新课标高考词汇,高中
litter,ˈlɪtə(r),v. 乱丢杂物,,,高考3500,3,,,新课标高考词汇,高中
little less least,ˈlɪt(ə)l,a.小的，少的 ad. 很少地， 稍许 n.没有多少，一点【比较级 最高级】,,,高考3500,3,,,新课标高考词汇,高中
live,lɪv,vi. 生活;居住;活着 a. 活的，活着的;实况，现场（直播）的,,,高考3500,3,,,新课标高考词汇,高中
lively,ˈlaɪvlɪ,a. 活泼的;充满生气的,,,高考3500,3,,,新课标高考词汇,高中
living,ˈlɪvɪŋ,a. 活着的 n. 生计,,,高考3500,3,,,新课标高考词汇,高中
load,ləʊd,n. 担子，货物,,,高考3500,3,,,新课标高考词汇,高中
loaf,ləʊf,n. 一个面包,,,高考3500,3,,,新课标高考词汇,高中
local,ˈləʊk(ə)l,a. 当地的；地方的,,,高考3500,3,,,新课标高考词汇,高中
lock,lɔk,n. 锁 vt. 锁，锁上,,,高考3500,3,,,新课标高考词汇,高中
locust,ˈləʊkəst,n. 蝗虫,,,高考3500,3,,,新课标高考词汇,高中
London,ˈlʌnd(ə)n,n. 伦敦,,,高考3500,3,,,新课标高考词汇,高中
lonely,ˈləʊnlɪ,a. 孤独的，寂寞的,,,高考3500,3,,,新课标高考词汇,高中
long,lɔŋ; (US) lɔːŋ,a. 长的，远 ad. 长久,,,高考3500,3,,,新课标高考词汇,高中
look,lʊk,n. 看，瞧 v. 看，观看 v. link 看起来,,,高考3500,3,,,新课标高考词汇,高中
loose,luːs,a. 松散的； 宽松的,,,高考3500,3,,,新课标高考词汇,高中
lorry,ˈlɔrɪ; (US) ˈlɔːrɪ,n.（英）运货汽车，卡车,,,高考3500,3,,,新课标高考词汇,高中
loss,lɔs; (US) lɔːs,n. 丧失；损耗,,,高考3500,3,,,新课标高考词汇,高中
lose lost lost,luːz,vt. 失去，丢失 【一般现在 过去式 过去分词】,,,高考3500,3,,,新课标高考词汇,高中
Lost & Found,lɔst; (US) lɔːst,失物招领处,,,高考3500,3,,,新课标高考词汇,高中
lot,lɔt,n. 许多，好些,,,高考3500,3,,,新课标高考词汇,高中
loud,laʊd,a. 大声的,,,高考3500,3,,,新课标高考词汇,高中
loudly,laʊdlɪ,ad. 大声地,,,高考3500,3,,,新课标高考词汇,高中
loudspeaker,laʊdˈspiːkə(r),n. 扬声器，喇叭,,,高考3500,3,,,新课标高考词汇,高中
lounge,laʊndʒ,n. 休息厅；休息室,,,高考3500,3,,,新课标高考词汇,高中
love,lʌv,n.& vt. 爱；热爱;很喜欢,,,高考3500,3,,,新课标高考词汇,高中
lovely,ˈlʌvlɪ,a. 美好的，可爱的,,,高考3500,3,,,新课标高考词汇,高中
low,ləʊ,a.& ad. 低；矮,,,高考3500,3,,,新课标高考词汇,高中
luck,lʌk,n. 运气，好运,,,高考3500,3,,,新课标高考词汇,高中
lucky,ˈlʌkɪ,a. 运气好，侥幸,,,高考3500,3,,,新课标高考词汇,高中
luggage,ˈlʌɡɪdʒ,n. (总称)行李,,,高考3500,3,,,新课标高考词汇,高中
lunch,lʌntʃ,n. 午餐，午饭,,,高考3500,3,,,新课标高考词汇,高中
lung,lʌŋ,n. 肺；肺脏,,,高考3500,3,,,新课标高考词汇,高中
machine,məˈʃiːn,n. 机器,,,高考3500,3,,,新课标高考词汇,高中
mad,mæd,a. 发疯的；生气的,,,高考3500,3,,,新课标高考词汇,高中
madam/ madame,ˈmædəm,n. 夫人，女士,,,高考3500,3,,,新课标高考词汇,高中
magazine,mæɡəˈziːn,n. 杂志,,,高考3500,3,,,新课标高考词汇,高中
magic,ˈmædʒɪk,a. 有魔力的,,,高考3500,3,,,新课标高考词汇,高中
maid,meɪd,n. 女仆；侍女,,,高考3500,3,,,新课标高考词汇,高中
mail,meɪl,n. 邮政，邮递 v. (美)邮寄,,,高考3500,3,,,新课标高考词汇,高中
mailbox,ˈmeɪlbɒks,n. 邮筒；邮箱,,,高考3500,3,,,新课标高考词汇,高中
main,meɪn,a. 主要的,,,高考3500,3,,,新课标高考词汇,高中
mainland,ˈmeɪnlənd,n. 大陆,,,高考3500,3,,,新课标高考词汇,高中
major,ˈmeɪdʒə(r),a. 较大的；主要的,,,高考3500,3,,,新课标高考词汇,高中
majority,məˈdʒɔrɪtɪ,n. 大多数 ,,,高考3500,3,,,新课标高考词汇,高中
make made made,meɪk,vt.制造，做;使得 n. 样式；制造 【一般现在 过去式 过去分词】,,,高考3500,3,,,新课标高考词汇,高中
male,meɪl,a. 男（性）的；雄的,,,高考3500,3,,,新课标高考词汇,高中
man men,mæn,n. 成年男人;人类【单数 复数】,,,高考3500,3,,,新课标高考词汇,高中
manage,ˈmænɪdʒ,v. 管理；设法对付,,,高考3500,3,,,新课标高考词汇,高中
manager,ˈmænɪdʒə(r),n. 经理,,,高考3500,3,,,新课标高考词汇,高中
mankind,mænˈkaɪnd,n. 人类;（总称）人,,,高考3500,3,,,新课标高考词汇,高中
man-made,mæn- meɪd,a. 人造的，人工的【连字符】,,,高考3500,3,,,新课标高考词汇,高中
manner,ˈmænə(r),n. 方式，态度，举止,,,高考3500,3,,,新课标高考词汇,高中
table manners,ˈteɪb(ə)l ˈmænə(r) z,餐桌礼节，用餐的规矩,,,高考3500,3,,,新课标高考词汇,高中
many more most,ˈmenɪ,pron. 许多人（或物）a. 许多的【比较级 最高级】,,,高考3500,3,,,新课标高考词汇,高中
map,mæp,n. 地图,,,高考3500,3,,,新课标高考词汇,高中
maple,ˈmeɪp(ə)l,n. 枫树,,,高考3500,3,,,新课标高考词汇,高中
maple leaves,ˈmeɪp(ə)l-li:vz,枫叶,,,高考3500,3,,,新课标高考词汇,高中
marathon,ˈmærəθ(ə)n,n. 马拉松,,,高考3500,3,,,新课标高考词汇,高中
marble,ˈmɑːb(ə)l,n. 大理石；玻璃弹子,,,高考3500,3,,,新课标高考词汇,高中
march,mɑːtʃ,n. 游行，行进,,,高考3500,3,,,新课标高考词汇,高中
March,mɑːtʃ,n. 3月,,,高考3500,3,,,新课标高考词汇,高中
mark,mɑːk,n.标记 vt.标明，作记号于,,,高考3500,3,,,新课标高考词汇,高中
market,ˈmɑːkɪt,n. 市场，集市,,,高考3500,3,,,新课标高考词汇,高中
marriage,ˈmærɪdʒ,n. 结婚，婚姻,,,高考3500,3,,,新课标高考词汇,高中
married,ˈmærɪd,a. 已婚的,,,高考3500,3,,,新课标高考词汇,高中
marry,ˈmærɪ,v.（使）成婚，结婚,,,高考3500,3,,,新课标高考词汇,高中
mask,mɑːsk; (US) mæsk,n. 口罩；面罩(具)；遮盖物 v. 戴面具；掩饰；伪装,,,高考3500,3,,,新课标高考词汇,高中
mass,mæs,n. 众多;大量;（复）群众,,,高考3500,3,,,新课标高考词汇,高中
master,ˈmɑːstə(r); (US) ˈmæstər,vt. 精通，掌握,,,高考3500,3,,,新课标高考词汇,高中
mat,mæt,n. 垫子,,,高考3500,3,,,新课标高考词汇,高中
match,mætʃ,vt. 使相配，使成对 n. 比赛，竞赛 n. 火柴,,,高考3500,3,,,新课标高考词汇,高中
material,məˈtɪərɪəl,n. 材料，原料,,,高考3500,3,,,新课标高考词汇,高中
mathematics =math / maths,mæθəˈmætɪks,n.（常作单数用）数学， (英美口语) 数学,,,高考3500,3,,,新课标高考词汇,高中
matter,ˈmætə(r),n. 要紧事，要紧， 事情；问题 vi. 要紧，有重大关系,,,高考3500,3,,,新课标高考词汇,高中
mature,məˈtjʊə(r); (US) məˈtʊər,a. 成熟的,,,高考3500,3,,,新课标高考词汇,高中
maximum,ˈmæksɪməm,a.& n. 最大量(的)； 最大限度(的),,,高考3500,3,,,新课标高考词汇,高中
may modal,meɪ ˈməʊd(ə)l,v. 可以;也许，可能,,,高考3500,3,,,新课标高考词汇,高中
May,meɪ,n. 5月,,,高考3500,3,,,新课标高考词汇,高中
maybe,ˈmeɪbiː,ad. 可能，大概，也许,,,高考3500,3,,,新课标高考词汇,高中
me,miː， mɪ,pron. 我（宾格）,,,高考3500,3,,,新课标高考词汇,高中
meal,miːl,n. 一餐（饭） ,,,高考3500,3,,,新课标高考词汇,高中
mean meant meant,miːn,vt.意思，意指 【一般现在 过去式 过去分词】,,,高考3500,3,,,新课标高考词汇,高中
meaning,ˈmiːnɪŋ,n. 意思，含意,,,高考3500,3,,,新课标高考词汇,高中
means,miːnz,n. 方法，手段；财产,,,高考3500,3,,,新课标高考词汇,高中
meanwhile,ˈmiːnwaɪl; (US) ˈmɪnhwaɪl,ad. 同时,,,高考3500,3,,,新课标高考词汇,高中
measure,ˈmeʒə(r),v. 量,,,高考3500,3,,,新课标高考词汇,高中
meat,miːt,n.（猪、牛、羊等的）肉,,,高考3500,3,,,新课标高考词汇,高中
medal,ˈmed(ə)l,n. 奖牌,,,高考3500,3,,,新课标高考词汇,高中
gold medal,ɡəʊld ˈmed(ə)l,金牌,,,高考3500,3,,,新课标高考词汇,高中
media,ˈmiːdɪə,n. 大众传播媒介,,,高考3500,3,,,新课标高考词汇,高中
medical,ˈmedɪk(ə)l,a. 医学的，医疗的,,,高考3500,3,,,新课标高考词汇,高中
medicine,ˈmeds(ə)n; (US) ˈmedɪsn,n. 药,,,高考3500,3,,,新课标高考词汇,高中
medium,ˈmiːdɪəm,n.媒体，中间的，中等的,,,高考3500,3,,,新课标高考词汇,高中
meet met met,miːt,vt./ n. 遇见，见到 会；集会 【一般现在 过去式 过去分词】,,,高考3500,3,,,新课标高考词汇,高中
meeting,ˈmiːtɪŋ,n.会，集会，会见，汇合点,,,高考3500,3,,,新课标高考词汇,高中
melon,ˈmelən,n. （甜）瓜；瓜状物,,,高考3500,3,,,新课标高考词汇,高中
member,ˈmembə(r),n. 成员，会员,,,高考3500,3,,,新课标高考词汇,高中
memorial,mɪˈmɔːrɪəl,n. 纪念馆,,,高考3500,3,,,新课标高考词汇,高中
memory,ˈmemərɪ,n. 回忆，记忆,,,高考3500,3,,,新课标高考词汇,高中
memorize,ˈmeməraɪz,v. 记忆,,,高考3500,3,,,新课标高考词汇,高中
mend,mend,v. 修理，修补,,,高考3500,3,,,新课标高考词汇,高中
mental,ˈment(ə)l,a. 精神的；脑力的,,,高考3500,3,,,新课标高考词汇,高中
mentally,ˈmentəlɪ,ad. 精神上；智力上,,,高考3500,3,,,新课标高考词汇,高中
mention,ˈmenʃ(ə)n,n. 提及；记载 vt. 提到，说起；提名表扬,,,高考3500,3,,,新课标高考词汇,高中
menu,ˈmenʃ(ə)n,n. 菜单,,,高考3500,3,,,新课标高考词汇,高中
merchant,ˈmɜːtʃənt,a. 商业的；商人的 n. 商人；生意人,,,高考3500,3,,,新课标高考词汇,高中
merciful,ˈmɜːsɪfʊl,a. 仁慈的；宽大的,,,高考3500,3,,,新课标高考词汇,高中
mercy,ˈmɜːsɪ,n. 怜悯,,,高考3500,3,,,新课标高考词汇,高中
merely,ˈmɪəlɪ,ad. 仅仅，只不过,,,高考3500,3,,,新课标高考词汇,高中
merry,ˈmerɪ,a. 高兴的，愉快的,,,高考3500,3,,,新课标高考词汇,高中
mess,mes,n. 凌乱,,,高考3500,3,,,新课标高考词汇,高中
message,ˈmesɪdʒ,n. 消息，音信,,,高考3500,3,,,新课标高考词汇,高中
messy,ˈmesɪ,a. 乱七八糟的,,,高考3500,3,,,新课标高考词汇,高中
metal,ˈmet(ə)l,n. 金属 a. 金属制成的,,,高考3500,3,,,新课标高考词汇,高中
method,ˈmeθəd,n. 方法，办法,,,高考3500,3,,,新课标高考词汇,高中
metre,ˈmi:tə,n. 米，公尺【英】,,,高考3500,3,,,新课标高考词汇,高中
meter,ˈmi:tə,n. 米，公尺【美】,,,高考3500,3,,,新课标高考词汇,高中
Mexican,ˈmeksɪkən,a. 墨西哥的,,,高考3500,3,,,新课标高考词汇,高中
Mexico,ˈmeksɪkəʊ,* n. 墨西哥,,,高考3500,3,,,新课标高考词汇,高中
microcomputer,ˈmaɪkrəʊkəmpjuːtə(r),n. 微机,,,高考3500,3,,,新课标高考词汇,高中
microscope,ˈmaɪkrəskəʊp,n. 显微镜,,,高考3500,3,,,新课标高考词汇,高中
microwave,ˈmaɪkrəʊweɪv,n. 微波,,,高考3500,3,,,新课标高考词汇,高中
mid-autumn,mɪd- ˈɔːtəm,n. 中秋【连字符】,,,高考3500,3,,,新课标高考词汇,高中
midday,ˈmɪddeɪ,n. 中午， 正午,,,高考3500,3,,,新课标高考词汇,高中
middle,ˈmɪd(ə)l,n. 中间;当中;中级的,,,高考3500,3,,,新课标高考词汇,高中
Middle East,ˈmɪd(ə)l iːst,n. 中东,,,高考3500,3,,,新课标高考词汇,高中
midnight,ˈmɪdnaɪt,n. 午夜,,,高考3500,3,,,新课标高考词汇,高中
might,maɪt,v. aux. (may的过去式，助动词) 可能，也许，或许,,,高考3500,3,,,新课标高考词汇,高中
mild,maɪld,a. 温和，暖和的，凉爽的,,,高考3500,3,,,新课标高考词汇,高中
mile,maɪl,n. 英里,,,高考3500,3,,,新课标高考词汇,高中
milk,mɪlk,n. 牛奶 vt. 挤奶,,,高考3500,3,,,新课标高考词汇,高中
million,ˈmɪlɪən,num. 百万 n. 百万个（人或物）,,,高考3500,3,,,新课标高考词汇,高中
millionaire,mɪljəˈneə(r),n. 百万富翁,,,高考3500,3,,,新课标高考词汇,高中
mind,maɪnd,n. 思想，想法 v.介意，关心,,,高考3500,3,,,新课标高考词汇,高中
mine,maɪn,n.矿藏，矿山vt.开采(矿物) pron. 我的,,,高考3500,3,,,新课标高考词汇,高中
mineral,ˈmɪnər(ə)l,n. 矿物质，矿物,,,高考3500,3,,,新课标高考词汇,高中
minibus,ˈmɪnɪbʌs,n. 小型公共汽车,,,高考3500,3,,,新课标高考词汇,高中
minimum,ˈmɪnɪməm,a.最小的,,,高考3500,3,,,新课标高考词汇,高中
miniskirt,ˈmɪnɪskɜːt,n. 超短裙,,,高考3500,3,,,新课标高考词汇,高中
minister,ˈmɪnɪstə(r),n. 部长；牧师,,,高考3500,3,,,新课标高考词汇,高中
ministry,ˈmɪnɪstrɪ,n.（政府的）部,,,高考3500,3,,,新课标高考词汇,高中
minority,maɪˈnɔrɪtɪ; (US) -ˈnɔːr-,n. 少数；少数民族,,,高考3500,3,,,新课标高考词汇,高中
minus,ˈmaɪnəs,prep. & a.负的，减去的,,,高考3500,3,,,新课标高考词汇,高中
minute,ˈmɪnɪt,n. 分钟;一会儿，瞬间,,,高考3500,3,,,新课标高考词汇,高中
mirror,ˈmɪrə(r),n. 镜子,,,高考3500,3,,,新课标高考词汇,高中
miss,mɪs,vt. 失去，错过，缺,,,高考3500,3,,,新课标高考词汇,高中
Miss.,mɪs,n.小姐，女士(称呼未婚妇女),,,高考3500,3,,,新课标高考词汇,高中
missile,ˈmɪsaɪl,n 导弹,,,高考3500,3,,,新课标高考词汇,高中
mist,mɪst,n. 雾,,,高考3500,3,,,新课标高考词汇,高中
mistake mistook mistaken,mɪsˈteɪk,n. 错误 vt. 弄错 【一般现在 过去式 过去分词】,,,高考3500,3,,,新课标高考词汇,高中
mistaken,mɪsˈteɪkən,a. 错误的,,,高考3500,3,,,新课标高考词汇,高中
misunderstand,mɪsʌndəˈstænd,v. 误会；不理解,,,高考3500,3,,,新课标高考词汇,高中
mix,mɪks,v. 混合，搅拌,,,高考3500,3,,,新课标高考词汇,高中
mixture,ˈmɪkstʃə(r),n. 混合物,,,高考3500,3,,,新课标高考词汇,高中
millimetre,ˈmɪlimiːtə(r),n. 毫米,,,高考3500,3,,,新课标高考词汇,高中
mobile,ˈməʊbaɪl; (US) məʊbl,a. 活动的，可移动的,,,高考3500,3,,,新课标高考词汇,高中
mobile phone,ˈməʊbaɪl fəʊn,手提电话，手机,,,高考3500,3,,,新课标高考词汇,高中
model,ˈmɔd(ə)l,n.模型，原形，范例，模范,,,高考3500,3,,,新课标高考词汇,高中
modem,ˈməʊdem,n. 调制解调器,,,高考3500,3,,,新课标高考词汇,高中
modern,ˈmɔd(ə)n,a. 现代的,,,高考3500,3,,,新课标高考词汇,高中
modest,ˈmɔdɪst,a. 谦虚的；谦逊的,,,高考3500,3,,,新课标高考词汇,高中
Mom =Mum,mɒm,n. 妈妈,,,高考3500,3,,,新课标高考词汇,高中
moment,ˈməʊmənt,n. 片刻，瞬间,,,高考3500,3,,,新课标高考词汇,高中
mommy = mummy,ˈmɔmɪ,n. 妈妈（美）,,,高考3500,3,,,新课标高考词汇,高中
Monday,ˈmʌndeɪ， ˈmʌndɪ,n. 星期一,,,高考3500,3,,,新课标高考词汇,高中
money,ˈmʌnɪ,n. 钱；货币,,,高考3500,3,,,新课标高考词汇,高中
monitor,ˈmɔnɪtə(r),n. （班级内的）班长；纠察生；监视器,,,高考3500,3,,,新课标高考词汇,高中
monkey,ˈmʌŋkɪ,n. 猴子,,,高考3500,3,,,新课标高考词汇,高中
month,mʌnθ,n. 月，月份,,,高考3500,3,,,新课标高考词汇,高中
monument,ˈmɔnjʊmənt,n. 纪念碑，纪念物,,,高考3500,3,,,新课标高考词汇,高中
moon,muːn,n. 月球；月光；月状物,,,高考3500,3,,,新课标高考词汇,高中
moon cake,muːn keɪk,n. 月饼,,,高考3500,3,,,新课标高考词汇,高中
mop,mɔp,n. / v. 拖把 拖地,,,高考3500,3,,,新课标高考词汇,高中
moral,ˈmɔr(ə)l; (US) ˈmɔːrəl,a.道德的 n.寓意，道德启示,,,高考3500,3,,,新课标高考词汇,高中
more,mɔː(r),a./ ad.另外的；附加的；较多的再；另外；而且；更 n. 更多的量；另外的一些（much或many 的比较级）,,,高考3500,3,,,新课标高考词汇,高中
morning,ˈmɔːnɪŋ,n. 早晨，上午,,,高考3500,3,,,新课标高考词汇,高中
Moscow,ˈmɔskəʊ,n. 莫斯科,,,高考3500,3,,,新课标高考词汇,高中
Moslem,ˈmɔzləm,n. 伊斯兰教徒，回教徒,,,高考3500,3,,,新课标高考词汇,高中
Mosquito,məˈskiːtəʊ,n.蚊子,,,高考3500,3,,,新课标高考词汇,高中
most,məʊst; (US) mɔːst,a. & ad.最多 n.大部分，大多数,,,高考3500,3,,,新课标高考词汇,高中
mother,ˈmʌðə(r),n. 母亲,,,高考3500,3,,,新课标高考词汇,高中
motherland,ˈmʌðəlænd,n. 祖国,,,高考3500,3,,,新课标高考词汇,高中
motivation,məʊtɪˈveɪʃn,n. （做事的）动机,,,高考3500,3,,,新课标高考词汇,高中
motor,ˈməʊtə(r),n. 发动机，马达,,,高考3500,3,,,新课标高考词汇,高中
motorbike,ˈməʊtəbaɪk,n. 摩托车,,,高考3500,3,,,新课标高考词汇,高中
motorcycle,ˈməʊtəsaikl,n. 摩托车,,,高考3500,3,,,新课标高考词汇,高中
motto,ˈmɔtəʊ,n. 箴言，格言,,,高考3500,3,,,新课标高考词汇,高中
mountain,ˈmaʊntɪn(z),n. 山，山脉,,,高考3500,3,,,新课标高考词汇,高中
mountainous,ˈmaʊntɪnəs,a. 多山的,,,高考3500,3,,,新课标高考词汇,高中
mourn,mɔːn,vt. 哀痛； 哀悼,,,高考3500,3,,,新课标高考词汇,高中
mouse mice,maʊs,n. 鼠，耗子；（计算机）鼠标【单数 复数】,,,高考3500,3,,,新课标高考词汇,高中
moustache,məsˈtɑ:ʃ,n. 小胡子,,,高考3500,3,,,新课标高考词汇,高中
mouth,maʊθ,n. 嘴，口,,,高考3500,3,,,新课标高考词汇,高中
mouthful,ˈmaʊθfʊl,n. 满口，一口,,,高考3500,3,,,新课标高考词汇,高中
from mouth to mouth,,ad. 口口相传；人传人地,,,高考3500,3,,,新课标高考词汇,高中
move,muːv,v. 移动，搬动，搬家,,,高考3500,3,,,新课标高考词汇,高中
movement,ˈmuːvmənt,n. 运动，活动,,,高考3500,3,,,新课标高考词汇,高中
movie,ˈmuːvɪ,n.（口语）电影,,,高考3500,3,,,新课标高考词汇,高中
Mr.,ˈmɪstə(r),n. 先生（用于姓名前）,,,高考3500,3,,,新课标高考词汇,高中
Mrs.,ˈmɪsɪz,n. 夫人， 太太（称呼已婚妇女）,,,高考3500,3,,,新课标高考词汇,高中
Ms.,mɪz,n. 女士(用在婚姻状况不明的女子姓名前),,,高考3500,3,,,新课标高考词汇,高中
much more most,mʌtʃ,a. 许多的，大量的 ad. 非常；更加 n. 许多，大量，非常【比较级 最高级】,,,高考3500,3,,,新课标高考词汇,高中
mud,mʌd,n. 泥， 泥浆,,,高考3500,3,,,新课标高考词汇,高中
muddy,ˈmʌdɪ,a. 泥泞的,,,高考3500,3,,,新课标高考词汇,高中
multiply,ˈmʌltɪplaɪ,vt. 乘；使相乘,,,高考3500,3,,,新课标高考词汇,高中
murder,ˈmɜːdə(r),vt. 谋杀,,,高考3500,3,,,新课标高考词汇,高中
museum,mjuːˈzɪəm,n. 博物馆，博物院,,,高考3500,3,,,新课标高考词汇,高中
mushroom,ˈmʌʃrʊm,n. 蘑菇,,,高考3500,3,,,新课标高考词汇,高中
music,ˈmjuːzɪk,n. 音乐，乐曲,,,高考3500,3,,,新课标高考词汇,高中
musical,ˈmjuːzɪk(ə)l,a. 音乐的，爱好音乐的 n. 音乐片,,,高考3500,3,,,新课标高考词汇,高中
musician,mjuːˈzɪʃ(ə)n,n. 音乐家，乐师,,,高考3500,3,,,新课标高考词汇,高中
must modal,mʌst ˈməʊd(ə)l,v.必须，应当;必定是,,,高考3500,3,,,新课标高考词汇,高中
mustard,ˈmʌstəd,n. 芥末，芥子粉,,,高考3500,3,,,新课标高考词汇,高中
mutton,ˈmʌt(ə)n,n. 羊肉,,,高考3500,3,,,新课标高考词汇,高中
my,maɪ,pron. 我的,,,高考3500,3,,,新课标高考词汇,高中
myself,maɪˈself,pron. 我自己,,,高考3500,3,,,新课标高考词汇,高中
nail,neɪl,n. 钉，钉子,,,高考3500,3,,,新课标高考词汇,高中
name,neɪm,n. 名字，姓名，名称 vt. 命名，名叫,,,高考3500,3,,,新课标高考词汇,高中
narrow,ˈnærəʊ,a. 狭窄的,,,高考3500,3,,,新课标高考词汇,高中
nation,ˈneɪʃ(ə)n,n. 民族，国家,,,高考3500,3,,,新课标高考词汇,高中
national,ˈnæʃən(ə)l,a. 国家的，全国性的，民族的,,,高考3500,3,,,新课标高考词汇,高中
nationality,næʃəˈnælətɪ,n. 国籍,,,高考3500,3,,,新课标高考词汇,高中
nationwide,ˈneɪʃ(ə)nwaɪd,ad.全国范围内的，全国性的,,,高考3500,3,,,新课标高考词汇,高中
native,ˈneɪtɪv,a. 本土的，本国的,,,高考3500,3,,,新课标高考词汇,高中
natural,ˈnætʃər(ə)l,a. 自然的,,,高考3500,3,,,新课标高考词汇,高中
nature,ˈneɪtʃə(r),n. 自然， 性质，种类,,,高考3500,3,,,新课标高考词汇,高中
navy,ˈneɪvɪ,n. 海军,,,高考3500,3,,,新课标高考词汇,高中
near,nɪə(r),a. 近的 ad. 附近，邻近 prep. 在……附近，靠近,,,高考3500,3,,,新课标高考词汇,高中
nearby,ˈnɪəbaɪ,a. 附近的,,,高考3500,3,,,新课标高考词汇,高中
nearly,ˈnɪəlɪ,ad. 将近，几乎,,,高考3500,3,,,新课标高考词汇,高中
neat,niːt,a. 整洁的；灵巧的,,,高考3500,3,,,新课标高考词汇,高中
necessary,ˈnesəsərɪ; (US) ˈnesəserɪ,a. 必需的，必要的,,,高考3500,3,,,新课标高考词汇,高中
neck,nek,n. 颈，脖子,,,高考3500,3,,,新课标高考词汇,高中
necklace,ˈneklɪs,n. 项链,,,高考3500,3,,,新课标高考词汇,高中
necktie,ˈnektaɪ,n. 领带，领花,,,高考3500,3,,,新课标高考词汇,高中
need,niːd,n. 需要，需求aux.& v.需要，必须,,,高考3500,3,,,新课标高考词汇,高中
needle,niːd(ə)l,n. 针,,,高考3500,3,,,新课标高考词汇,高中
negotiate,nɪˈɡəʊʃɪeɪt,v.谈判，协商,,,高考3500,3,,,新课标高考词汇,高中
neighbour,ˈneɪbə(r),n. 邻居，邻人【英】,,,高考3500,3,,,新课标高考词汇,高中
neighbor,ˈneɪbə(r),n. 邻居，邻人 【美】,,,高考3500,3,,,新课标高考词汇,高中
neighbourhood,ˈneibəhud,n. 四邻；邻近地区 (美neighborhood),,,高考3500,3,,,新课标高考词汇,高中
neither,ˈnaɪðə(r)， ˈniːðə(r),a. （两者）都不;也不,,,高考3500,3,,,新课标高考词汇,高中
nephew,ˈnefjuː， ˈnevjuː,n. 侄子，外甥,,,高考3500,3,,,新课标高考词汇,高中
nervous,ˈnɜːvəs,a. 紧张不安的,,,高考3500,3,,,新课标高考词汇,高中
nest,nest,n. 巢；窝,,,高考3500,3,,,新课标高考词汇,高中
net,net,n. 网,,,高考3500,3,,,新课标高考词汇,高中
network,ˈnetwɜːk,n. 网络，网状系统,,,高考3500,3,,,新课标高考词汇,高中
never,ˈnevə(r),ad. 决不，从来没有,,,高考3500,3,,,新课标高考词汇,高中
new,njuː; (US) nuː,a. 新的；新鲜的,,,高考3500,3,,,新课标高考词汇,高中
New York,njuː jɔːk,n. 纽约,,,高考3500,3,,,新课标高考词汇,高中
New Zealand,njuː ˈzi:lənd,* n. 新西兰,,,高考3500,3,,,新课标高考词汇,高中
New Zealander,njuː ˈzi:ləndə,n. 新西兰人,,,高考3500,3,,,新课标高考词汇,高中
news,njuːz; (US) nuːz,n. 新闻，消息,,,高考3500,3,,,新课标高考词汇,高中
newspaper,njuːz; (US) nuːz,n. 报纸,,,高考3500,3,,,新课标高考词汇,高中
next,nekst,a. 最近的，紧挨着的，隔壁的；下一次 ad. 随后，然后，下一步 n. 下一个人（东西）,,,高考3500,3,,,新课标高考词汇,高中
nice,naɪs,a.令人愉快;好的漂亮的,,,高考3500,3,,,新课标高考词汇,高中
niece,niːs,n. 侄女，甥女,,,高考3500,3,,,新课标高考词汇,高中
night,naɪt,n. 夜；夜间,,,高考3500,3,,,新课标高考词汇,高中
night-club,naɪt-klʌb,n. 夜总会【连字符】,,,高考3500,3,,,新课标高考词汇,高中
nine,naɪn,num. 九,,,高考3500,3,,,新课标高考词汇,高中
nineteen,naɪnˈtiːn,num. 十九,,,高考3500,3,,,新课标高考词汇,高中
ninety,ˈnaɪntɪ,num. 九十,,,高考3500,3,,,新课标高考词汇,高中
ninth,naɪnθ,num. 第九,,,高考3500,3,,,新课标高考词汇,高中
no,nəʊ,ad. 不，不是 a.没有，无，不,,,高考3500,3,,,新课标高考词汇,高中
number,ˈnʌmbə(r),n.数字;号码,,,高考3500,3,,,新课标高考词汇,高中
noble,ˈnəʊb(ə)l,a. 高贵的，贵族的,,,高考3500,3,,,新课标高考词汇,高中
nobody,ˈnəʊbədɪ,n. 渺小人物 pron. 没有人，谁也不,,,高考3500,3,,,新课标高考词汇,高中
nod,nɔd,vi. 点头,,,高考3500,3,,,新课标高考词汇,高中
noise,nɔɪz,n. 声音，噪声，喧闹声,,,高考3500,3,,,新课标高考词汇,高中
noisily,ˈnɔɪzɪlɪ,ad. 喧闹地,,,高考3500,3,,,新课标高考词汇,高中
noisy,ˈnɔɪzɪ,a. 喧闹的，嘈杂的,,,高考3500,3,,,新课标高考词汇,高中
none,nʌn,pron.无任何东西， 无一人,,,高考3500,3,,,新课标高考词汇,高中
non-stop,nʌn-stɔp,a.& ad.不停的，不断地【连字符】,,,高考3500,3,,,新课标高考词汇,高中
non-violent,nɔn-ˈvaɪələnt,a. 非暴力的【连字符】,,,高考3500,3,,,新课标高考词汇,高中
noodle,ˈnuːd(ə)l,n. 面条,,,高考3500,3,,,新课标高考词汇,高中
noon,nuːn,n. 中午，正午,,,高考3500,3,,,新课标高考词汇,高中
nor,nɔː(r),conj. 也不,,,高考3500,3,,,新课标高考词汇,高中
normal,ˈnɔːm(ə)l,n.& a. 正常的（状态）,,,高考3500,3,,,新课标高考词汇,高中
north,nɔːθ,a.北的;朝北的;从北来的 ad.向（在，从）北方 n.北;北方;北部,,,高考3500,3,,,新课标高考词汇,高中
northeast,nɒ:θˈi:st,n. 东北（部）,,,高考3500,3,,,新课标高考词汇,高中
northern,ˈnɔːð(ə)n,a. 北方的，北部的,,,高考3500,3,,,新课标高考词汇,高中
northwards,ˈnɔːθwədz,ad. 向北,,,高考3500,3,,,新课标高考词汇,高中
northwest,nɒ:θˈwest,n. 西北,,,高考3500,3,,,新课标高考词汇,高中
nose,nəʊz,n. 鼻,,,高考3500,3,,,新课标高考词汇,高中
not,nɔt,ad. 不，没,,,高考3500,3,,,新课标高考词汇,高中
note,nəʊt,n. 便条，笔记，注释；钞票，纸币；音符，音调 vt. 记下，记录；注意，留意,,,高考3500,3,,,新课标高考词汇,高中
notebook,ˈnəʊtbʊk,n. 笔记簿,,,高考3500,3,,,新课标高考词汇,高中
nothing,ˈnʌθɪŋ,n. 没有东西，没有什么 adv.一点也不；并不,,,高考3500,3,,,新课标高考词汇,高中
notice,ˈnəʊtɪs,n. 布告，通告；注意 vt. 注意，注意到,,,高考3500,3,,,新课标高考词汇,高中
novel,ˈnɔv(ə)l,n. （长篇）小说,,,高考3500,3,,,新课标高考词汇,高中
novelist,ˈnɔvəlɪst,n. 小说家,,,高考3500,3,,,新课标高考词汇,高中
November,nəʊˈvembə(r),n. 11月,,,高考3500,3,,,新课标高考词汇,高中
now,naʊ,ad. 现在,,,高考3500,3,,,新课标高考词汇,高中
nowadays,ˈnaʊədeɪz,ad. 当今，现在,,,高考3500,3,,,新课标高考词汇,高中
nowhere,ˈnəʊweə(r); (US) ˈnəʊhweər,ad.任何地方都不，无处,,,高考3500,3,,,新课标高考词汇,高中
nuclear,ˈnjuːklɪə(r),a. 原子核的，原子能的，核动力的,,,高考3500,3,,,新课标高考词汇,高中
numb,nʌm,a. 麻木的，失去知觉的，迟钝的,,,高考3500,3,,,新课标高考词汇,高中
nurse,nɜːs,n. 护士；保育员,,,高考3500,3,,,新课标高考词汇,高中
nursery,ˈnɜːsərɪ,n. 托儿所,,,高考3500,3,,,新课标高考词汇,高中
nursing,nɜːsɪŋ,n.(职业性的）保育，护理,,,高考3500,3,,,新课标高考词汇,高中
nut,nʌt,n.坚果，果仁(胡桃，栗子等),,,高考3500,3,,,新课标高考词汇,高中
nutrition,njuːˈtrɪʃ(ə)n,n. 营养，滋养,,,高考3500,3,,,新课标高考词汇,高中
nylon,ˈnaɪlɔn,n. 尼龙,,,高考3500,3,,,新课标高考词汇,高中
obey,əʊˈbeɪ,v. 服从，顺从，听从,,,高考3500,3,,,新课标高考词汇,高中
object,ˈɔbdʒɪkt,n. 物，物体；宾语,,,高考3500,3,,,新课标高考词汇,高中
observe,əbˈzɜːv,v. 观察，监视，观测,,,高考3500,3,,,新课标高考词汇,高中
obtain,əbˈteɪn,vt. 获得；得到,,,高考3500,3,,,新课标高考词汇,高中
obvious,ˈɔbvɪəs,a. 显然,,,高考3500,3,,,新课标高考词汇,高中
occupation,ɔkjʊˈpeɪʃ(ə)n,n. 职业，工作,,,高考3500,3,,,新课标高考词汇,高中
occur,əˈkɜː(r),vi. 发生,,,高考3500,3,,,新课标高考词汇,高中
ocean,ˈəʊʃ(ə)n,n. 海洋,,,高考3500,3,,,新课标高考词汇,高中
Oceania,，oʃɪ'ænɪə,n. 大洋洲,,,高考3500,3,,,新课标高考词汇,高中
o'clock,əˈklɔk,n. 点钟,,,高考3500,3,,,新课标高考词汇,高中
October,ɔkˈtəʊbə(r),n. 10月,,,高考3500,3,,,新课标高考词汇,高中
of,ɔv， əv; (US) ɔːf,prep.(表所属，数量，) ….的,,,高考3500,3,,,新课标高考词汇,高中
off,ˈɔf; (US) ɔːf,prep. 离开，脱离，（走）开,,,高考3500,3,,,新课标高考词汇,高中
offence,of·fence || əˈfens,n. 违法行为，犯罪,,,高考3500,3,,,新课标高考词汇,高中
offer,ˈɔfə(r); (US) ɔːfər,n.& vt. 提供；建议,,,高考3500,3,,,新课标高考词汇,高中
office,ˈɔfɪs; (US) ˈɔːfɪs,n. 办公室,,,高考3500,3,,,新课标高考词汇,高中
officer,ˈɔfɪsə(r); (US) ˈɔːfɪsər,n. 军官;公务员，官员；警察，警官,,,高考3500,3,,,新课标高考词汇,高中
official,əˈfɪʃ(ə)l; (US) ˈɔːf-,n.（公司、团体或政府）官员 ，高级职员 a.官方，政府的,,,高考3500,3,,,新课标高考词汇,高中
offshore,ˈɔfʃɔː(r); (US) ˈɔːf-,a. 近海的,,,高考3500,3,,,新课标高考词汇,高中
often,ˈɔf(ə)n; (US) ˈɔːfn,ad. 经常，常常,,,高考3500,3,,,新课标高考词汇,高中
oh,əʊ,int. 哦！啊！,,,高考3500,3,,,新课标高考词汇,高中
oil,ɔɪl,n. 油,,,高考3500,3,,,新课标高考词汇,高中
oilfield,ˈɔɪlfiːld,n.油田,,,高考3500,3,,,新课标高考词汇,高中
OK,əʊˈkeɪ,ad. （口语）好，对，不错,,,高考3500,3,,,新课标高考词汇,高中
old,əʊld,a. 老的，旧的,,,高考3500,3,,,新课标高考词汇,高中
Olympic,əˈlɪmpɪk,a. & n. 奥林匹克,,,高考3500,3,,,新课标高考词汇,高中
Olympic Games,əˈlɪmpɪk ɡeɪms,n. 奥运会,,,高考3500,3,,,新课标高考词汇,高中
omelette,ˈɔmlɪt,n. 煎蛋卷；煎蛋饼,,,高考3500,3,,,新课标高考词汇,高中
on,ɔn,prep. 在…上（时），关于 ad. （穿，放…）上；接通；进行下  去；（电灯）开,,,高考3500,3,,,新课标高考词汇,高中
once,wʌns,n.& ad. 一次，一度，从前 conj. 一旦,,,高考3500,3,,,新课标高考词汇,高中
one,wʌn,pron. 一（个，只…）(pl. ones) num. 一,,,高考3500,3,,,新课标高考词汇,高中
oneself,wʌnˈself,pron. 自己；自身,,,高考3500,3,,,新课标高考词汇,高中
onion,ˈʌnjən,n. 洋葱；洋葱头,,,高考3500,3,,,新课标高考词汇,高中
only,ˈəʊnlɪ,a. 惟一的，仅有的 ad. 仅仅，只，才,,,高考3500,3,,,新课标高考词汇,高中
onto,ˈɔntʊ,prep. 到…的上面,,,高考3500,3,,,新课标高考词汇,高中
open,ˈəʊpən,a.开着的，开的 vt.开，打开,,,高考3500,3,,,新课标高考词汇,高中
opener,ˈəʊpənə(r),n. 开具，启子,,,高考3500,3,,,新课标高考词汇,高中
opening,ˈəʊpənɪŋ,n. 开放，口子,,,高考3500,3,,,新课标高考词汇,高中
opera,ˈɔpərə,n. 歌剧,,,高考3500,3,,,新课标高考词汇,高中
opera house,ˈɔpərə haʊs,n.歌剧院，艺术剧院,,,高考3500,3,,,新课标高考词汇,高中
operate,ˈɔpəreɪt,v. 做手术，运转；实施，负责， 经营，管理,,,高考3500,3,,,新课标高考词汇,高中
operation,ɔpəˈreɪʃ(ə)n,n. 手术，操作,,,高考3500,3,,,新课标高考词汇,高中
operator,ˈɔpəreɪtə(r),n. 接线员,,,高考3500,3,,,新课标高考词汇,高中
opinion,əˈpɪnjən,n. 看法，见解,,,高考3500,3,,,新课标高考词汇,高中
oppose,əˈpəʊz,vt. 反对；反抗,,,高考3500,3,,,新课标高考词汇,高中
opposite,ˈɔpəzɪt,n. 相反，对面 a. 相反的，对面的,,,高考3500,3,,,新课标高考词汇,高中
optimistic,ɔptɪˈmɪstɪk,a. 乐观的,,,高考3500,3,,,新课标高考词汇,高中
optional,ˈɔpʃən(ə)l,a. 可选择的，选修的,,,高考3500,3,,,新课标高考词汇,高中
or,ə(r)， ɔː(r),conj. 或；就是；否则,,,高考3500,3,,,新课标高考词汇,高中
oral,ˈɔːrəl,a. 口述的，口头上的,,,高考3500,3,,,新课标高考词汇,高中
orange,ˈɔrɪndʒ; (US) ˈɔːr-,n. 橘子，橙子，橘汁 a. 橘色的，橙色的,,,高考3500,3,,,新课标高考词汇,高中
orbit,ˈɔːbɪt,n.（天体等的）运行轨道,,,高考3500,3,,,新课标高考词汇,高中
order,ˈɔːdə(r),n. 顺序,,,高考3500,3,,,新课标高考词汇,高中
ordinary,ˈɔːdɪnərɪ; (US) ˈɔːrdənerɪ,a. 普通的，平常的,,,高考3500,3,,,新课标高考词汇,高中
organ,ˈɔːɡən,n. （人，动物）器官,,,高考3500,3,,,新课标高考词汇,高中
organise,ˈɔːrɡənaɪz,vt. 组织【英】,,,高考3500,3,,,新课标高考词汇,高中
organize,ˈɔːrɡənaɪz,vt. 组织【美】,,,高考3500,3,,,新课标高考词汇,高中
organiser,ˈɔ:gənaizə,n. 组织者,,,高考3500,3,,,新课标高考词汇,高中
organization,ɔːɡənaɪˈzeɪʃ(ə)n,n. 组织，机构,,,高考3500,3,,,新课标高考词汇,高中
origin,ˈɔrɪdʒɪn,n. 起源，由来,,,高考3500,3,,,新课标高考词汇,高中
other,ˈʌðə(r),pron. 别人，别的东西 a. 别的，另外的,,,高考3500,3,,,新课标高考词汇,高中
otherwise,ˈʌðəwaɪz,ad.要不然，否则，另样,,,高考3500,3,,,新课标高考词汇,高中
Ottawa,ˈɔtəwə,n. 渥太华,,,高考3500,3,,,新课标高考词汇,高中
ouch,aʊtʃ,int（突然受痛时叫声）哎哟,,,高考3500,3,,,新课标高考词汇,高中
ought,ɔːt,v.& aux.应该，应当,,,高考3500,3,,,新课标高考词汇,高中
our,ˈaʊə(r),pron.我们的,,,高考3500,3,,,新课标高考词汇,高中
ours,ˈaʊəz,pron.我们的,,,高考3500,3,,,新课标高考词汇,高中
ourselves,aʊəˈselvz,pron. 我们自己,,,高考3500,3,,,新课标高考词汇,高中
out,aʊt,ad. 出外;在外，向外;熄,,,高考3500,3,,,新课标高考词汇,高中
outcome,ˈaʊtkʌm,n. 结果，效果,,,高考3500,3,,,新课标高考词汇,高中
outdoors,aʊtˈdɔːz,ad. 在户外， 在野外,,,高考3500,3,,,新课标高考词汇,高中
outer,ˈaʊtə(r),a. 外部的，外面的,,,高考3500,3,,,新课标高考词汇,高中
outgoing,ˈaʊtɡəʊɪŋ,a. 爱交际的，外向的,,,高考3500,3,,,新课标高考词汇,高中
outing,ˈaʊtɪŋ,n. 郊游，远足,,,高考3500,3,,,新课标高考词汇,高中
outline,ˈaʊtlaɪn,n. 概述，略述,,,高考3500,3,,,新课标高考词汇,高中
output,ˈaʊtpʊt,n. 产量，输出量,,,高考3500,3,,,新课标高考词汇,高中
outside,aʊtˈsaɪd,n. 外面 ad. 在外面；向外面 prep. 在…外面,,,高考3500,3,,,新课标高考词汇,高中
outspoken,aʊtˈspəʊkən,a. 直率，坦诚,,,高考3500,3,,,新课标高考词汇,高中
outstanding,aʊtˈstændɪŋ,a. 优秀的，杰出的,,,高考3500,3,,,新课标高考词汇,高中
outward,ˈaʊtwəd,ad. 向外的，外出的,,,高考3500,3,,,新课标高考词汇,高中
oval,ˈəʊv(ə)l,n.& adj.椭圆；椭圆形的,,,高考3500,3,,,新课标高考词汇,高中
over,ˈəʊvə(r),prep. 在…上方，越过，遍及 ad. 翻倒，遍布，越过，结束,,,高考3500,3,,,新课标高考词汇,高中
overcoat,ˈəʊvəkəʊt,n. 大衣,,,高考3500,3,,,新课标高考词汇,高中
overcome,əʊvəˈkʌm,v. 克服，解决,,,高考3500,3,,,新课标高考词汇,高中
overhead,əʊvəˈhed,a.在头顶上;架空的,,,高考3500,3,,,新课标高考词汇,高中
overlook,əʊvəˈlʊk,v. 忽略，不予理会,,,高考3500,3,,,新课标高考词汇,高中
overweight,əʊvəˈweɪt,a. 太胖的，超重的,,,高考3500,3,,,新课标高考词汇,高中
owe,əʊ,vt. 欠（债等）,,,高考3500,3,,,新课标高考词汇,高中
own,əʊn,a. 自己的 v. 拥有，所有,,,高考3500,3,,,新课标高考词汇,高中
owner,ˈəʊnə(r),n. 物主，所有人,,,高考3500,3,,,新课标高考词汇,高中
ownership,ˈəʊnəʃɪp,n. 所有制,,,高考3500,3,,,新课标高考词汇,高中
ox oxen,ɔks,n. 牛；公牛【单数 复数】,,,高考3500,3,,,新课标高考词汇,高中
oxygen,ˈɔksɪdʒ(ə)n,n. 氧；氧气,,,高考3500,3,,,新课标高考词汇,高中
pace,peɪs,n. 步子；节奏,,,高考3500,3,,,新课标高考词汇,高中
Pacific,pəˈsɪfɪk,a. 太平洋的,,,高考3500,3,,,新课标高考词汇,高中
the Pacific Ocean,ðə pəˈsɪfɪkˈəʊʃ(ə)n,太平洋,,,高考3500,3,,,新课标高考词汇,高中
pack,pæk,n. 包，捆;（猎犬、野兽的）一群 v.(为运输或储存而)打包,,,高考3500,3,,,新课标高考词汇,高中
package,ˈpækɪdʒ,n. （尤指包装好或密封的容器）一包，一袋，一盒,,,高考3500,3,,,新课标高考词汇,高中
packet,ˈpækɪt,n. 小包裹，袋,,,高考3500,3,,,新课标高考词汇,高中
paddle,ˈpæd(ə)l,n. 桨状物，蹼,,,高考3500,3,,,新课标高考词汇,高中
page,peɪdʒ,n. 页，页码,,,高考3500,3,,,新课标高考词汇,高中
pain,peɪn,n. 疼痛，疼,,,高考3500,3,,,新课标高考词汇,高中
painful,ˈpeɪnfʊl,a. 使痛的，使痛苦的,,,高考3500,3,,,新课标高考词汇,高中
paint,peɪnt,n.油漆 vt.油漆，粉刷，绘画,,,高考3500,3,,,新课标高考词汇,高中
painter,ˈpeɪntə(r),n. 绘画者，（油）画家,,,高考3500,3,,,新课标高考词汇,高中
painting,ˈpeɪntɪŋ,n. 油画，水彩画,,,高考3500,3,,,新课标高考词汇,高中
pair,peə(r),n. 一双，一对,,,高考3500,3,,,新课标高考词汇,高中
palace,ˈpælɪs,n. 宫，宫殿,,,高考3500,3,,,新课标高考词汇,高中
pale,peɪl,a. 苍白的，灰白的,,,高考3500,3,,,新课标高考词汇,高中
pan,pæn,n. 平底锅,,,高考3500,3,,,新课标高考词汇,高中
pancake,ˈpænkeɪk,n. 薄煎饼,,,高考3500,3,,,新课标高考词汇,高中
panda,ˈpændə,n. 熊猫,,,高考3500,3,,,新课标高考词汇,高中
panic,ˈpænɪk,a./ v.惊慌，恐慌，惶恐不安,,,高考3500,3,,,新课标高考词汇,高中
paper,ˈpeɪpə(r),n. 纸；报纸,,,高考3500,3,,,新课标高考词汇,高中
paperwork,ˈpeɪpəwɜːk,n. 日常文书工作,,,高考3500,3,,,新课标高考词汇,高中
paragraph,ˈpærəɡrɑːf; (US) ˈpærəgræf,n. （文章的）段落,,,高考3500,3,,,新课标高考词汇,高中
parallel,'pærəlɛl,n. 极其相似的人，纬线,,,高考3500,3,,,新课标高考词汇,高中
parcel,ˈpɑːs(ə)l,n. 包裹,,,高考3500,3,,,新课标高考词汇,高中
pardon,ˈpɑːd(ə)n,n. 原谅，宽恕，对不起,,,高考3500,3,,,新课标高考词汇,高中
parent,ˈpeərənt,n. 父(母)，双亲,,,高考3500,3,,,新课标高考词汇,高中
Paris,ˈpærɪs,n. 巴黎,,,高考3500,3,,,新课标高考词汇,高中
park,ˈpærɪs,n. 公园,,,高考3500,3,,,新课标高考词汇,高中
parking,ˈpɑːkɪŋ,n. 停车,,,高考3500,3,,,新课标高考词汇,高中
parrot,ˈpærət,n. 鹦鹉,,,高考3500,3,,,新课标高考词汇,高中
part,pɑːt,n. 部分；成分；角色；部件；零件 a. 局部的；部分的 v. 分离；分开；分割,,,高考3500,3,,,新课标高考词汇,高中
participate,pɑːˈtɪsɪpeɪt,v. 参加，参与,,,高考3500,3,,,新课标高考词汇,高中
particular,pəˈtɪkjʊlə(r),a. 特殊的，个别的,,,高考3500,3,,,新课标高考词汇,高中
partly,ˈpɑːtlɪ,ad.部分地，在一定程度上,,,高考3500,3,,,新课标高考词汇,高中
partner,ˈpɑːtnə(r),n. 搭档，合作者,,,高考3500,3,,,新课标高考词汇,高中
part-time,pɑːt -taɪm,a.& ad. 兼职的； 部分时间的（地）【连字符】,,,高考3500,3,,,新课标高考词汇,高中
party,ˈpɑːtɪ,n. 聚会，晚会；党派,,,高考3500,3,,,新课标高考词汇,高中
pass,pɑːs; (US) pæs,vt. 传，递；经过；通过,,,高考3500,3,,,新课标高考词汇,高中
passage,ˈpæsɪdʒ,n. （文章等的）一节，一段；通道；走廊,,,高考3500,3,,,新课标高考词汇,高中
passenger,ˈpæsɪndʒə(r),n. 乘客，旅客,,,高考3500,3,,,新课标高考词汇,高中
passer-by,ˈpɑ:sə-baɪ,n. 过客，过路人,,,高考3500,3,,,新课标高考词汇,高中
passive,ˈpæsɪv,a. 被动的,,,高考3500,3,,,新课标高考词汇,高中
passport,ˈpɑːspɔːt; (US) ˈpæ-,n. 护照,,,高考3500,3,,,新课标高考词汇,高中
past,pɑːst; (US) pæst,ad. 过 n.过去，昔日，往事 prep. 过…，走过某处,,,高考3500,3,,,新课标高考词汇,高中
patent,ˈpeɪt(ə)nt; (US) ˈpætnt,n.专利权，专利证书,,,高考3500,3,,,新课标高考词汇,高中
path,pɑːθ; (US) pæθ,n. 小道，小径,,,高考3500,3,,,新课标高考词汇,高中
patience,'peʃns,n. 容忍；耐心,,,高考3500,3,,,新课标高考词汇,高中
patient,ˈpeɪʃ(ə)nt,n. 病人,,,高考3500,3,,,新课标高考词汇,高中
pattern,ˈpæt(ə)n,n. 式样,,,高考3500,3,,,新课标高考词汇,高中
pause,pɔːz,n.& vi. 中止，暂停；停止,,,高考3500,3,,,新课标高考词汇,高中
pay,peɪ,(paid， paid) v. 付钱，给…报酬 n. 工资,,,高考3500,3,,,新课标高考词汇,高中
P.E.,piːiː,体育(缩) =physical education,,,高考3500,3,,,新课标高考词汇,高中
P.C.,piːsiː,个人电脑(缩) =personal computer,,,高考3500,3,,,新课标高考词汇,高中
pea,piː,n. 豌豆,,,高考3500,3,,,新课标高考词汇,高中
peace,piːs,n. 和平,,,高考3500,3,,,新课标高考词汇,高中
peaceful,ˈpiːsfʊl,a. 和平的，安宁的,,,高考3500,3,,,新课标高考词汇,高中
peach,piːtʃ,n. 桃子,,,高考3500,3,,,新课标高考词汇,高中
pear,peə(r),n. 梨子，梨树,,,高考3500,3,,,新课标高考词汇,高中
peasant,ˈpezənt,n. 农民；佃农,,,高考3500,3,,,新课标高考词汇,高中
pedestrian,pɪˈdestrɪən,n. 步行者，行人,,,高考3500,3,,,新课标高考词汇,高中
pen,pen,n. 钢笔，笔,,,高考3500,3,,,新课标高考词汇,高中
pencil,ˈpens(ə)l,n. 铅笔,,,高考3500,3,,,新课标高考词汇,高中
pencil-box,ˈpens(ə)l -bɔks,n. 铅笔盒【连字符】,,,高考3500,3,,,新课标高考词汇,高中
pen-friend,pen- friend,n. 笔友【连字符】,,,高考3500,3,,,新课标高考词汇,高中
penny,ˈpenɪ,(英复pence) n. （英）便士；美分,,,高考3500,3,,,新课标高考词汇,高中
pension,ˈpenʃ(ə)n,n. 养老金,,,高考3500,3,,,新课标高考词汇,高中
people,ˈpiːp(ə)l,n. 人，人们；人民,,,高考3500,3,,,新课标高考词汇,高中
pepper,ˈpepə(r),n. 胡椒粉,,,高考3500,3,,,新课标高考词汇,高中
per,pə(r),prep. 每，每一,,,高考3500,3,,,新课标高考词汇,高中
percent,pəˈsent,n. 百分之……,,,高考3500,3,,,新课标高考词汇,高中
percentage,pəˈsentədʒ,n. 百分率,,,高考3500,3,,,新课标高考词汇,高中
perfect,kwestʃəˈneə(r),a. 完美的，极好的,,,高考3500,3,,,新课标高考词汇,高中
perform,pəˈfɔːm,v. 表演，履行；行动,,,高考3500,3,,,新课标高考词汇,高中
performance,pəˈfɔːm,n. 演出，表演,,,高考3500,3,,,新课标高考词汇,高中
performer,pəˈfɔːmə(r),n. 表演者，执行者,,,高考3500,3,,,新课标高考词汇,高中
perfume,ˈpɜːfjuːm,n. 香水,,,高考3500,3,,,新课标高考词汇,高中
perhaps,pəˈhæps,ad. 可能，或,,,高考3500,3,,,新课标高考词汇,高中
period,ˈpɪərɪəd,n. 时期，时代,,,高考3500,3,,,新课标高考词汇,高中
permanent,ˈpɜːmənənt,a. 永久的，永恒的,,,高考3500,3,,,新课标高考词汇,高中
permission,pəˈmɪʃ(ə)n,n. 允许，许可，同意,,,高考3500,3,,,新课标高考词汇,高中
permit,pəˈmɪt,vt.许可，允许;执照 n.许可证,,,高考3500,3,,,新课标高考词汇,高中
person,ˈpɜːs(ə)n,n. 人,,,高考3500,3,,,新课标高考词汇,高中
personal,ˈpɜːsən(ə)l,a. 个人的，私人的,,,高考3500,3,,,新课标高考词汇,高中
personnel,pɜːsəˈnel,n. 全体人员，职员,,,高考3500,3,,,新课标高考词汇,高中
personally,ˈpɜːsənəlɪ,ad. 就自己而言,,,高考3500,3,,,新课标高考词汇,高中
persuade,ˈpɜːsənəlɪ,vt. 说服，劝说,,,高考3500,3,,,新课标高考词汇,高中
pest,pest,n. 害虫,,,高考3500,3,,,新课标高考词汇,高中
pet,pet,n. 宠物，爱畜,,,高考3500,3,,,新课标高考词汇,高中
petrol,ˈpetr(ə)l,n. 石油,,,高考3500,3,,,新课标高考词汇,高中
phenomenon,fɪˈnɔmɪnən; (US) -nɔn-,n. 现象,,,高考3500,3,,,新课标高考词汇,高中
phone = telephone,fəʊn,v. 打电话 n. 电话，电话机,,,高考3500,3,,,新课标高考词汇,高中
phone-booth,fəʊn-buːð,n. 公用电话间【连字符】,,,高考3500,3,,,新课标高考词汇,高中
photo =photograph,ˈfəʊtəʊ,n. 照片,,,高考3500,3,,,新课标高考词汇,高中
photograph,ˈfəʊtəɡrɑːf; (US) -ɡræf,n. 照片,,,高考3500,3,,,新课标高考词汇,高中
photographer,fəˈtɔɡrəfə(r),n. 摄影师,,,高考3500,3,,,新课标高考词汇,高中
phrase,freɪz,n. 短语；习惯用语,,,高考3500,3,,,新课标高考词汇,高中
physical,ˈfɪzɪk(ə)l,a. 身体的；物理的,,,高考3500,3,,,新课标高考词汇,高中
physician,fɪˈzɪʃ(ə)n,n.(有行医执照的)医生,,,高考3500,3,,,新课标高考词汇,高中
physicist,ˈfɪzɪsɪst,n. 物理学家,,,高考3500,3,,,新课标高考词汇,高中
physics,ˈfɪzɪks,n. 物理（学）,,,高考3500,3,,,新课标高考词汇,高中
pianist,ˈfɪzɪks,n. 钢琴家,,,高考3500,3,,,新课标高考词汇,高中
piano,pɪˈænəʊ,n. 钢琴,,,高考3500,3,,,新课标高考词汇,高中
pick,pɪk,v. 拾起，采集；挑选,,,高考3500,3,,,新课标高考词汇,高中
picnic,ˈpɪknɪk,n.& v. 野餐,,,高考3500,3,,,新课标高考词汇,高中
picture,ˈpɪktʃə(r),n. 图片，画片，照片,,,高考3500,3,,,新课标高考词汇,高中
pie,paɪ,n. 甜馅饼,,,高考3500,3,,,新课标高考词汇,高中
piece,paɪ,n. 一块（片，张，件…）,,,高考3500,3,,,新课标高考词汇,高中
pig,paɪ,n. 猪,,,高考3500,3,,,新课标高考词汇,高中
pile,paɪ,n. 堆,,,高考3500,3,,,新课标高考词汇,高中
pill,pɪl,n. 药丸，药片,,,高考3500,3,,,新课标高考词汇,高中
pillow,pɪl,n. 枕头,,,高考3500,3,,,新课标高考词汇,高中
pilot,ˈpaɪlət,n. 飞行员,,,高考3500,3,,,新课标高考词汇,高中
pin,pɪn,n. 别针 v. 别住， 钉住,,,高考3500,3,,,新课标高考词汇,高中
pine,paɪn,n. 松树,,,高考3500,3,,,新课标高考词汇,高中
pineapple,ˈpaɪnæp(ə)l,n. 菠萝,,,高考3500,3,,,新课标高考词汇,高中
ping-pong,pɪŋ-pɔɡ,n. 乒乓球【连字符】,,,高考3500,3,,,新课标高考词汇,高中
pink,pɪŋk,a. 粉红色的,,,高考3500,3,,,新课标高考词汇,高中
pint,paɪnt,n.（液量单位）品脱,,,高考3500,3,,,新课标高考词汇,高中
pioneer,paɪəˈnɪə(r),n. 先锋，开拓者,,,高考3500,3,,,新课标高考词汇,高中
pipe,paɪp,n. 管子，输送管,,,高考3500,3,,,新课标高考词汇,高中
pity,ˈpɪtɪ,n. 怜悯，同情,,,高考3500,3,,,新课标高考词汇,高中
place,pleɪs,n. 地方，处所 v. 放置，安置，安排,,,高考3500,3,,,新课标高考词汇,高中
plain,pleɪn,a. 家常的； 普通的,,,高考3500,3,,,新课标高考词汇,高中
plan,plæn,n.& v. 计划，打算,,,高考3500,3,,,新课标高考词汇,高中
plane,pleɪn,n. 飞机,,,高考3500,3,,,新课标高考词汇,高中
planet,ˈplænɪt,n. 行星,,,高考3500,3,,,新课标高考词汇,高中
plant,plɑːnt; (US) ˈplænt,vt. 种植，播种 n. 植物,,,高考3500,3,,,新课标高考词汇,高中
plastic,ˈplæstɪk,a. 塑料的,,,高考3500,3,,,新课标高考词汇,高中
plate,pleɪt,n. 板；片；牌；盘子；盆子,,,高考3500,3,,,新课标高考词汇,高中
platform,ˈplætfɔːm,n. 讲台，(车站的)月台,,,高考3500,3,,,新课标高考词汇,高中
play,pleɪ,v. 玩；打（球）；游戏；播放 n. 玩耍，戏剧,,,高考3500,3,,,新课标高考词汇,高中
playroom,'plerʊm,n. 游戏室,,,高考3500,3,,,新课标高考词汇,高中
player,ˈpleɪə(r),n. 比赛者，选手,,,高考3500,3,,,新课标高考词汇,高中
playground,ˈpleɪgraʊnd,n. 操场，运动场,,,高考3500,3,,,新课标高考词汇,高中
playmate,ˈpleɪmeɪt,n. 玩伴,,,高考3500,3,,,新课标高考词汇,高中
pleasant,ˈplezənt,a. 令人愉快的，舒适的,,,高考3500,3,,,新课标高考词汇,高中
please,pliːz,v. 请，使人高兴，使人满意,,,高考3500,3,,,新课标高考词汇,高中
pleased,pliːzd,a. 高兴的,,,高考3500,3,,,新课标高考词汇,高中
pleasure,pliːzd,n. 高兴，愉快,,,高考3500,3,,,新课标高考词汇,高中
plenty,pliːzd,n. 充足，大量,,,高考3500,3,,,新课标高考词汇,高中
plot,plɔt,v. / n. 故事情节，密谋,,,高考3500,3,,,新课标高考词汇,高中
plug,plʌɡ,n. 塞子 vt.（用塞子）把…塞住,,,高考3500,3,,,新课标高考词汇,高中
plus,plʌs,prep.加，加上,,,高考3500,3,,,新课标高考词汇,高中
p.m.,piːem,n. 下午，午后,,,高考3500,3,,,新课标高考词汇,高中
pocket,ˈpɔkɪt,n. （衣服的）口袋,,,高考3500,3,,,新课标高考词汇,高中
poem,ˈpəʊɪm,n. 诗,,,高考3500,3,,,新课标高考词汇,高中
poet,ˈpəʊɪt,n. 诗人,,,高考3500,3,,,新课标高考词汇,高中
point,pɔɪnt,v. 指，指向 n. 点；分数,,,高考3500,3,,,新课标高考词汇,高中
poison,ˈpɔɪz(ə)n,n. 毒药,,,高考3500,3,,,新课标高考词汇,高中
poisonous,ˈpɔɪzənəs,a. 有毒的，致命的,,,高考3500,3,,,新课标高考词汇,高中
pole,pəʊl,n. 杆，电线杆；,,,高考3500,3,,,新课标高考词汇,高中
the North Pole,ðə ˌnɔːθ ˈpəʊl,（地球的）极，极地 北极,,,高考3500,3,,,新课标高考词汇,高中
the South Pole,ðə ˌsaʊθ ˈpəʊl,（地球的）极，极地 南极,,,高考3500,3,,,新课标高考词汇,高中
police,pəˈliːs,n. 警察，警务人员,,,高考3500,3,,,新课标高考词汇,高中
policeman,pəˈliːsmən,n.警察，巡警policewoman ( -women) n.女警察,,,高考3500,3,,,新课标高考词汇,高中
policy,ˈpɔlɪsɪ,n. 政策，方针，原则,,,高考3500,3,,,新课标高考词汇,高中
polish,ˈpɔlɪsɪ,v.擦亮 n.擦光剂，亮光剂,,,高考3500,3,,,新课标高考词汇,高中
polite,pəˈlaɪt,a. 有礼貌的，有教养的,,,高考3500,3,,,新课标高考词汇,高中
political,pəˈlɪtɪk(ə)l,a. 政治的,,,高考3500,3,,,新课标高考词汇,高中
politician,pɔlɪˈtɪʃ(ə)n,n. 政治家,,,高考3500,3,,,新课标高考词汇,高中
politics,ˈpɔlɪtɪks,n. 政治,,,高考3500,3,,,新课标高考词汇,高中
pollute,pəˈluːt,vt. 污染,,,高考3500,3,,,新课标高考词汇,高中
pollution,pəˈluːʃ(ə)n,n. 污染,,,高考3500,3,,,新课标高考词汇,高中
pond,pɔnd,n. 池塘,,,高考3500,3,,,新课标高考词汇,高中
pool,puːl,n. 水塘，水池,,,高考3500,3,,,新课标高考词汇,高中
poor,pʊə(r),a.贫穷；可怜；不好的，差的,,,高考3500,3,,,新课标高考词汇,高中
pop = popular,pɔp,a. (口语) （音乐、艺术等）大众的，通俗的,,,高考3500,3,,,新课标高考词汇,高中
popcorn,ˈpɔpkɔːn,n. 爆米花,,,高考3500,3,,,新课标高考词汇,高中
popular,ˈpɔpjʊlə(r),a. 流行，大众，受欢迎的,,,高考3500,3,,,新课标高考词汇,高中
population,pɔpjʊˈleɪʃ(ə)n,n. 人口，人数,,,高考3500,3,,,新课标高考词汇,高中
pork,pɔːk,n. 猪肉,,,高考3500,3,,,新课标高考词汇,高中
porridge,ˈpɔrɪdʒ; (US) ˈpɔːrɪdʒ,n. 稀饭，粥,,,高考3500,3,,,新课标高考词汇,高中
port,pɔːt,n. 港口，码头,,,高考3500,3,,,新课标高考词汇,高中
portable,ˈpɔːtəb(ə)l,a.手提的，便携式的,,,高考3500,3,,,新课标高考词汇,高中
porter,ˈpɔːtə(r),n. （火车站或旅馆处的）搬运工,,,高考3500,3,,,新课标高考词汇,高中
position,pəˈzɪʃ(ə)n,n. 位置,,,高考3500,3,,,新课标高考词汇,高中
possess,pəˈzɪʃ(ə)n,vt. 占有；拥有,,,高考3500,3,,,新课标高考词汇,高中
possession,pəˈzeʃ(ə)n,n. 所有，拥有；财产，所有物,,,高考3500,3,,,新课标高考词汇,高中
possibility,pɔsɪˈbɪlɪtɪ,vn. 可能，可能性,,,高考3500,3,,,新课标高考词汇,高中
possible,ˈpɔsɪb(ə)l,a. 可能的,,,高考3500,3,,,新课标高考词汇,高中
possibly,'pɑsəbli,adv. 可能地，也许,,,高考3500,3,,,新课标高考词汇,高中
post,pəʊst,n. 邮政，邮寄，邮件 v. 投寄； 邮寄,,,高考3500,3,,,新课标高考词汇,高中
postage,ˈpəʊstɪdʒ,n. 邮费,,,高考3500,3,,,新课标高考词汇,高中
postbox,ˈpəʊstbɔks,n. 邮箱,,,高考3500,3,,,新课标高考词汇,高中
postcard,ˈpəʊstkɑːd,n. 明信片,,,高考3500,3,,,新课标高考词汇,高中
postcode,ˈpəʊstkəʊd,n. （英）邮政编码,,,高考3500,3,,,新课标高考词汇,高中
poster,ˈpəʊstə(r),n. (贴在公共场所的大型)招贴；广告(画),,,高考3500,3,,,新课标高考词汇,高中
postman,ˈpəʊstmən,n. 邮递员,,,高考3500,3,,,新课标高考词汇,高中
postpone,pəʊstˈpəʊn,vt. 推迟，延期,,,高考3500,3,,,新课标高考词汇,高中
pot,pɔt,n. 锅，壶，瓶，罐,,,高考3500,3,,,新课标高考词汇,高中
potato,pəˈteɪtəʊ,n. 土豆，马铃薯,,,高考3500,3,,,新课标高考词汇,高中
potential,pəˈtenʃ(ə)l,a. 潜在的，可能的,,,高考3500,3,,,新课标高考词汇,高中
pound,pəˈtenʃ(ə)l,n. 磅；英镑,,,高考3500,3,,,新课标高考词汇,高中
pour,pɔː(r),vi. 倾泻，不断流出,,,高考3500,3,,,新课标高考词汇,高中
powder,ˈpaʊdə(r),n. 粉，粉末,,,高考3500,3,,,新课标高考词汇,高中
power,ˈpaʊdə(r),n. 力，动力，电力,,,高考3500,3,,,新课标高考词汇,高中
powerful,ˈpaʊəfʊl,a. 效力大的，强有力的，强大的,,,高考3500,3,,,新课标高考词汇,高中
practical,ˈpræktɪk(ə)l,a. 实际的，适用的,,,高考3500,3,,,新课标高考词汇,高中
practice,ˈpræktɪs,n. 练习,,,高考3500,3,,,新课标高考词汇,高中
prairie,ˈpreərɪ,n. 大草原,,,高考3500,3,,,新课标高考词汇,高中
praise,preɪz,n.& vt.赞扬，表扬,,,高考3500,3,,,新课标高考词汇,高中
pray,preɪ,v. 祈祷；祈求,,,高考3500,3,,,新课标高考词汇,高中
prayer,preə(r),n. 祈祷,,,高考3500,3,,,新课标高考词汇,高中
precious,ˈpreʃəs,a. 宝贵的， 珍贵的,,,高考3500,3,,,新课标高考词汇,高中
precise,prɪˈsaɪs,a. 准确，精确的，确切的,,,高考3500,3,,,新课标高考词汇,高中
predict,prɪˈdɪkt,v. 预言，预告，预报,,,高考3500,3,,,新课标高考词汇,高中
prefer,prɪˈfɜː(r),vt.宁愿（选择），更喜欢,,,高考3500,3,,,新课标高考词汇,高中
preference,ˈprefərəns,n. 选择，趋向,,,高考3500,3,,,新课标高考词汇,高中
pregnant,ˈpreɡnənt,a. 怀孕的,,,高考3500,3,,,新课标高考词汇,高中
prejudice,ˈpredʒʊdɪs,n. 偏见，成见,,,高考3500,3,,,新课标高考词汇,高中
premier,ˈpremɪə(r); (US) priːˈmɪər,n. 首相，总理,,,高考3500,3,,,新课标高考词汇,高中
preparation,prepəˈreɪʃ(ə)n,n. 准备,,,高考3500,3,,,新课标高考词汇,高中
prepare,prɪˈpeə(r),vt. 准备，预备，调制，配制,,,高考3500,3,,,新课标高考词汇,高中
prescription,prɪˈskrɪpʃ(ə)n,n. 处方，药方,,,高考3500,3,,,新课标高考词汇,高中
present,ˈprez(ə)nt,a. 出现的，出席的 n. 礼物，赠品 vt. 呈奉，奉送,,,高考3500,3,,,新课标高考词汇,高中
presentation,prezənˈteɪʃ(ə)n; (US) priːzenˈteʃn,n. 演示，演出,,,高考3500,3,,,新课标高考词汇,高中
preserve,prezənˈteɪʃ(ə)n; (US) priːzenˈteʃn,v.保护，保留，保存,,,高考3500,3,,,新课标高考词汇,高中
president,ˈprezɪdənt,n. 总统；主席,,,高考3500,3,,,新课标高考词汇,高中
press,ˈprezɪdənt,vt.压，按 n.新闻界，出版社,,,高考3500,3,,,新课标高考词汇,高中
pressure,ˈpreʃə(r),n. 压迫，压力，压强,,,高考3500,3,,,新课标高考词汇,高中
pretend,ˈpreʃə(r),vi. 假装，装作,,,高考3500,3,,,新课标高考词汇,高中
pretty,ˈprɪtɪ,a. 漂亮的，俊俏的,,,高考3500,3,,,新课标高考词汇,高中
prevent,prɪˈvent,vt. 防止， 预防,,,高考3500,3,,,新课标高考词汇,高中
preview,ˈpriːvjuː,vt. 预习;试演;预展,,,高考3500,3,,,新课标高考词汇,高中
price,praɪs,n. 价格，价钱,,,高考3500,3,,,新课标高考词汇,高中
pride,praɪd,n. 自豪，骄傲,,,高考3500,3,,,新课标高考词汇,高中
primary,ˈpraɪmərɪ,a. 初等的；初级的,,,高考3500,3,,,新课标高考词汇,高中
primary school,ˈpraɪmərɪ skuːl,小学,,,高考3500,3,,,新课标高考词汇,高中
primitive,ˈprɪmɪtɪv,a. 原始的，远古的,,,高考3500,3,,,新课标高考词汇,高中
principle,ˈprɪnsɪp(ə)l,n. 道德原则，法则,,,高考3500,3,,,新课标高考词汇,高中
print,prɪnt,vt. 印刷,,,高考3500,3,,,新课标高考词汇,高中
printer,ˈprɪntə(r),n. 打印机,,,高考3500,3,,,新课标高考词汇,高中
printing,ˈprɪntɪŋ,n. 印刷，印刷术,,,高考3500,3,,,新课标高考词汇,高中
prison,ˈprɪz(ə)n,n. 监狱,,,高考3500,3,,,新课标高考词汇,高中
prisoner,ˈprɪznə(r),n. 囚犯,,,高考3500,3,,,新课标高考词汇,高中
private,ˈpraɪvɪt,a. 私人的,,,高考3500,3,,,新课标高考词汇,高中
privilege,ˈprɪvɪlɪdʒ,特权，特殊待遇,,,高考3500,3,,,新课标高考词汇,高中
prize,praɪz,n. 奖赏，奖品,,,高考3500,3,,,新课标高考词汇,高中
probable,ˈprɔbəb(ə)l,a.很可能，很有希望的,,,高考3500,3,,,新课标高考词汇,高中
probably,ˈprɔbəb(ə)lɪ,ad. 很可能，大概,,,高考3500,3,,,新课标高考词汇,高中
problem,ˈprɔbləm,n. 问题，难题,,,高考3500,3,,,新课标高考词汇,高中
procedure,prəˈsiːdʒə(r),n. 程序，手续，待遇,,,高考3500,3,,,新课标高考词汇,高中
process,ˈprəʊses; (US) ˈprɔses,n./ v. 过程，加工，处理,,,高考3500,3,,,新课标高考词汇,高中
produce,prəˈdjuːs; (US) -ˈduːs,vt. 生产；制造,,,高考3500,3,,,新课标高考词汇,高中
product,ˈprɔdʌkt,n. 产品，制品,,,高考3500,3,,,新课标高考词汇,高中
production,prəˈdʌkʃ(ə)n,n. 生产；制造,,,高考3500,3,,,新课标高考词汇,高中
profession,prəˈfeʃ(ə)n,n.（需要有高等教育学位的）职业（如医生或律师）,,,高考3500,3,,,新课标高考词汇,高中
professor,prəˈfesə(r),n. 教授,,,高考3500,3,,,新课标高考词汇,高中
profit,ˈprɔfɪt,n. 利润，收益,,,高考3500,3,,,新课标高考词汇,高中
programme,proɡrəm,n. 节目；项目 (美program),,,高考3500,3,,,新课标高考词汇,高中
progress,ˈprəʊɡres; (US) ˈprɔɡres,n.进步，上进vi.进展，进行,,,高考3500,3,,,新课标高考词汇,高中
prohibit,prəˈhɪbɪt,v. 禁止,,,高考3500,3,,,新课标高考词汇,高中
project,ˈprɔdʒekt,n. 工程,,,高考3500,3,,,新课标高考词汇,高中
promise,ˈprɔmɪs,n.& vi. 答应，允诺,,,高考3500,3,,,新课标高考词汇,高中
promote,prəˈməʊt,v.促进，推动，促销，晋升,,,高考3500,3,,,新课标高考词汇,高中
pronounce,prəˈnaʊns,vt. 发音,,,高考3500,3,,,新课标高考词汇,高中
pronunciation,prənʌnsɪˈeɪʃ(ə)n,n. 发音,,,高考3500,3,,,新课标高考词汇,高中
proper,ˈprɔpə(r),a. 恰当的，合适的,,,高考3500,3,,,新课标高考词汇,高中
properly,ˈprɔpəlɪ,ad. 适当地,,,高考3500,3,,,新课标高考词汇,高中
protect,prəˈtekt,vt. 保护,,,高考3500,3,,,新课标高考词汇,高中
protection,prəˈtekʃ(ə)n,n. 保护,,,高考3500,3,,,新课标高考词汇,高中
proud,praʊd,a. 自豪的；骄傲的,,,高考3500,3,,,新课标高考词汇,高中
prove,pruːv,vt. 证明,,,高考3500,3,,,新课标高考词汇,高中
provide,prəˈvaɪd,vt. 提供,,,高考3500,3,,,新课标高考词汇,高中
province,ˈprɔvɪns,n. 省,,,高考3500,3,,,新课标高考词汇,高中
psychology,saɪˈkɔlədʒɪ,n. 心理学,,,高考3500,3,,,新课标高考词汇,高中
pub,pʌb,n. 酒店，酒吧,,,高考3500,3,,,新课标高考词汇,高中
public,ˈpʌblɪk,a.公共，公众的 n. 公众,,,高考3500,3,,,新课标高考词汇,高中
publicly,ˈpʌblɪklɪ,ad. 当众；公开地,,,高考3500,3,,,新课标高考词汇,高中
publish,ˈpʌblɪʃ,t. 出版，发行,,,高考3500,3,,,新课标高考词汇,高中
pull,pʊl,拉，拖 n. 拉力，引力,,,高考3500,3,,,新课标高考词汇,高中
pulse,pʌls,n. 脉搏，（光、能量、波等的）脉动，搏动,,,高考3500,3,,,新课标高考词汇,高中
pump,ˈpʌmp,t. 用泵抽水,,,高考3500,3,,,新课标高考词汇,高中
punctual,ˈpʌŋktjʊəl,a. 准时的,,,高考3500,3,,,新课标高考词汇,高中
punctuate,ˈpʌŋktjʊeɪt,v. 加标点,,,高考3500,3,,,新课标高考词汇,高中
punctuation,'pʌŋktʃʊ'eʃən,n. 标点符号,,,高考3500,3,,,新课标高考词汇,高中
punish,ˈpʌnɪʃ,v. 惩罚，处罚,,,高考3500,3,,,新课标高考词汇,高中
punishment,ˈpʌnɪʃmənt,n. 惩罚,,,高考3500,3,,,新课标高考词汇,高中
pupil,ˈpjuːpɪl,n. （小）学生,,,高考3500,3,,,新课标高考词汇,高中
purchase,ˈpɜːtʃəs,v. 购买，采购,,,高考3500,3,,,新课标高考词汇,高中
pure,pjʊə(r),a. 纯的， 不掺杂的,,,高考3500,3,,,新课标高考词汇,高中
purple,ˈpɜːp(ə)l,n. / a. 紫色,,,高考3500,3,,,新课标高考词汇,高中
purpose,ˈpɜːpəs,n. 目的，意图,,,高考3500,3,,,新课标高考词汇,高中
purse,pɜːs,n. 钱包,,,高考3500,3,,,新课标高考词汇,高中
push,pʊʃ,n.& v. 推,,,高考3500,3,,,新课标高考词汇,高中
put,pʊt,vt. 放，摆,,,高考3500,3,,,新课标高考词汇,高中
puzzle,ˈpʌz(ə)l,n. 难题，（字、画）谜,,,高考3500,3,,,新课标高考词汇,高中
puzzled,ˈpʌz(ə)l,a. 迷惑的，困惑的,,,高考3500,3,,,新课标高考词汇,高中
pyramid,ˈpɪrəmɪd,n. 角锥形，金字塔,,,高考3500,3,,,新课标高考词汇,高中
quake,kweɪk,n.& v. 震动，颤抖,,,高考3500,3,,,新课标高考词汇,高中
qualification,kwɔlɪfɪˈkeɪʃ(ə)n,n. 资格，学历,,,高考3500,3,,,新课标高考词汇,高中
quality,ˈkwɔlɪtɪ,n. 质量，性质,,,高考3500,3,,,新课标高考词汇,高中
quantity,ˈkwɔntətɪ,n. 量，数,,,高考3500,3,,,新课标高考词汇,高中
quarrel,ˈkwɔrəl; (US) ˈkwɔːrəl,vi. 争吵，吵架,,,高考3500,3,,,新课标高考词汇,高中
quarter,ˈkwɔːtə(r),n. 四分之一，一刻钟,,,高考3500,3,,,新课标高考词汇,高中
queen,kwiːn,n. 皇后，女王,,,高考3500,3,,,新课标高考词汇,高中
question,ˈkwestʃ(ə)n,vt. 询问 n. 问题,,,高考3500,3,,,新课标高考词汇,高中
questionnaire,kwestʃəˈneə(r),n. 调查表，问卷,,,高考3500,3,,,新课标高考词汇,高中
queue,kjuː,n. 行列，长队,,,高考3500,3,,,新课标高考词汇,高中
quick,kwɪk,a. 快；敏捷的；急剧的 ad. 快地；敏捷地；急剧地,,,高考3500,3,,,新课标高考词汇,高中
quiet,ˈkwaɪət,a. 安静的；寂静的,,,高考3500,3,,,新课标高考词汇,高中
quilt,kwɪlt,n. 被子；被状物,,,高考3500,3,,,新课标高考词汇,高中
quit,kwɪt,v. 离任，离校，戒掉,,,高考3500,3,,,新课标高考词汇,高中
quite,kwaɪt,ad. 完全，十分,,,高考3500,3,,,新课标高考词汇,高中
quiz,kwɪz,n. 测验，小型考试,,,高考3500,3,,,新课标高考词汇,高中
rabbit,ˈræbɪt,n. 兔，家兔,,,高考3500,3,,,新课标高考词汇,高中
race,reɪs,n. 种族，民族 v. （速度）竞赛，比赛 n. 赛跑，竞赛,,,高考3500,3,,,新课标高考词汇,高中
racial,ˈreɪʃ(ə)l,a. 种族的,,,高考3500,3,,,新课标高考词汇,高中
radiation,reɪdɪˈeɪʃ(ə)n,n. 放射，放射物,,,高考3500,3,,,新课标高考词汇,高中
radio,reɪdɪəʊ,n. 无线电，收音机,,,高考3500,3,,,新课标高考词汇,高中
radioactive,reɪdɪəʊˈæktɪv,a. 放射性的,,,高考3500,3,,,新课标高考词汇,高中
radium,ˈreɪdɪəm,n. 镭,,,高考3500,3,,,新课标高考词汇,高中
rag,ræɡ,n. 破布，抹布,,,高考3500,3,,,新课标高考词汇,高中
rail,reɪl,n. 铁路,,,高考3500,3,,,新课标高考词汇,高中
railway,ˈreɪlweɪ,n. 铁路；铁道,,,高考3500,3,,,新课标高考词汇,高中
rain,reɪn,n. 雨，雨水 vi. 下雨,,,高考3500,3,,,新课标高考词汇,高中
rainbow,ˈreɪnbəʊ,n. 虹，彩虹,,,高考3500,3,,,新课标高考词汇,高中
raincoat,ˈreɪnkəʊt,n. 雨衣,,,高考3500,3,,,新课标高考词汇,高中
rainfall,ˈreɪnfɔːl,n. 一场雨； 降雨量,,,高考3500,3,,,新课标高考词汇,高中
rainy,ˈreɪnɪ,a. 下雨的；多雨的,,,高考3500,3,,,新课标高考词汇,高中
raise,reɪz,vt. 使升高； 饲养,,,高考3500,3,,,新课标高考词汇,高中
random,ˈrændəm,a.随意，未经事先考虑的,,,高考3500,3,,,新课标高考词汇,高中
range,reɪndʒ,n./ v. 变化，变动，排序,,,高考3500,3,,,新课标高考词汇,高中
rank,ræŋk,n. 职衔，军衔,,,高考3500,3,,,新课标高考词汇,高中
rapid,ˈræpɪd,a. 快的，迅速的,,,高考3500,3,,,新课标高考词汇,高中
rare,reə(r),a. 罕见的，稀有的,,,高考3500,3,,,新课标高考词汇,高中
rat,ræt,n. 老鼠,,,高考3500,3,,,新课标高考词汇,高中
rate,reɪt,n./ v. 率，评估，评价,,,高考3500,3,,,新课标高考词汇,高中
rather,ˈrɑːðə; (US) ˈræðər,ad. 相当，宁可,,,高考3500,3,,,新课标高考词汇,高中
raw,rɔː,a.生的，未煮过的，未加工的,,,高考3500,3,,,新课标高考词汇,高中
raw material,rɔː məˈtɪərɪəl,原料,,,高考3500,3,,,新课标高考词汇,高中
ray,reɪ,n. 光辉，光线,,,高考3500,3,,,新课标高考词汇,高中
razor,ˈreɪzə(r),n. 剃须刀,,,高考3500,3,,,新课标高考词汇,高中
reach,riːtʃ,v. 到达，伸手(脚)够到,,,高考3500,3,,,新课标高考词汇,高中
react,riːˈækt,v. 回应，过敏，起物理，化学反应,,,高考3500,3,,,新课标高考词汇,高中
read,riːd,v. 读；朗读,,,高考3500,3,,,新课标高考词汇,高中
reading,ʃɜːt,n. 阅读；朗读,,,高考3500,3,,,新课标高考词汇,高中
ready,ˈredɪ,a. 准备好的,,,高考3500,3,,,新课标高考词汇,高中
real,riːl,a. 真实的，确实的,,,高考3500,3,,,新课标高考词汇,高中
reality,rɪˈælɪtɪ,n. 现实,,,高考3500,3,,,新课标高考词汇,高中
realise,ˈrɪəlaɪz,vt.认识到，实现【英】,,,高考3500,3,,,新课标高考词汇,高中
realize,ˈriːəlaɪz,vt.认识到，实现 【美】,,,高考3500,3,,,新课标高考词汇,高中
really,ˈrɪəlɪ,adv. 真正地；到底；确实,,,高考3500,3,,,新课标高考词汇,高中
reason,ˈriːz(ə)n,vi.评理，劝说n.理由，原因,,,高考3500,3,,,新课标高考词汇,高中
reasonable,ˈriːzənəb(ə)l,a. 合乎情理的,,,高考3500,3,,,新课标高考词汇,高中
rebuild,riːˈbɪld,vt. 重建,,,高考3500,3,,,新课标高考词汇,高中
receipt,rɪˈsiːt,n. 收据,,,高考3500,3,,,新课标高考词汇,高中
receive,rɪˈsiːv,v. 收到，得到,,,高考3500,3,,,新课标高考词汇,高中
receiver,rɪˈsiːvə(r),n. 电话听筒,,,高考3500,3,,,新课标高考词汇,高中
recent,ˈriːsənt,a. 近来的，最近的,,,高考3500,3,,,新课标高考词汇,高中
reception,rɪˈsepʃ(ə)n,n. 接待,,,高考3500,3,,,新课标高考词汇,高中
receptionist,rɪˈsepʃənɪst,n. 接待员,,,高考3500,3,,,新课标高考词汇,高中
recipe,ˈresɪpɪ,n. 烹饪法，食谱,,,高考3500,3,,,新课标高考词汇,高中
recite,rɪˈsaɪt,v. 背诵,,,高考3500,3,,,新课标高考词汇,高中
recognise,ˈrekəɡnaɪz,vt.认出【英】,,,高考3500,3,,,新课标高考词汇,高中
recognize,ˈrekəɡnaɪz,vt.认出【美】,,,高考3500,3,,,新课标高考词汇,高中
recommend,rekəˈmend,v. 推荐,,,高考3500,3,,,新课标高考词汇,高中
record,ˈrekɔːd; (US) ˈrekərd,n. 记录；唱片,,,高考3500,3,,,新课标高考词汇,高中
record holder,ˈrekɔːd ˈhəʊldə(r),记录保持者,,,高考3500,3,,,新课标高考词汇,高中
recorder,rɪˈkɔːdə(r),n. 录音机,,,高考3500,3,,,新课标高考词汇,高中
recover,rɪˈkʌvə(r),vi. 痊愈；恢复,,,高考3500,3,,,新课标高考词汇,高中
recreation,rekrɪˈeɪʃ(ə)n,n. 娱乐，消遣,,,高考3500,3,,,新课标高考词汇,高中
recycle,riːˈsaɪk(ə)l,vt. 回收；再循环,,,高考3500,3,,,新课标高考词汇,高中
rectangle,ˈrektæŋɡ(ə)l,n. & a.长方形，长方形的,,,高考3500,3,,,新课标高考词汇,高中
red,red,n. 红色 a.红色的,,,高考3500,3,,,新课标高考词汇,高中
redirect,riːdaɪˈrekt,vt. 使改变，使转移,,,高考3500,3,,,新课标高考词汇,高中
reduce,rɪˈdjuːs; (US) -ˈduːs,vt. 减少，缩减,,,高考3500,3,,,新课标高考词汇,高中
refer,rɪˈfɜː(r),vi. 谈到，提到，涉及，有关,,,高考3500,3,,,新课标高考词汇,高中
referee,refəˈriː,n. 裁判，仲裁，调解员,,,高考3500,3,,,新课标高考词汇,高中
reference,ˈref(ə)rəns,n.提到，涉及，谈及，查询,,,高考3500,3,,,新课标高考词汇,高中
reflect,rɪˈflekt,v. 反映，反射,,,高考3500,3,,,新课标高考词汇,高中
reform,rɪˈfɔːm,v./ n. 改革，改进，改良,,,高考3500,3,,,新课标高考词汇,高中
refresh,rɪˈfreʃ,v. 使恢复精力，提醒,,,高考3500,3,,,新课标高考词汇,高中
refreshments,rɪˈfreʃmənt,n. 点心，便餐；(会议后的)简单茶点招待,,,高考3500,3,,,新课标高考词汇,高中
refrigerator,rɪˈfrɪdʒəreɪtə(r),n. 冰箱,,,高考3500,3,,,新课标高考词汇,高中
refusal,rɪˈfjuːz(ə)l,n. 拒绝,,,高考3500,3,,,新课标高考词汇,高中
refuse,rɪˈfjuːz,vi. 拒绝，不愿,,,高考3500,3,,,新课标高考词汇,高中
regard,rɪˈɡɑːd,v. 把……看作,,,高考3500,3,,,新课标高考词汇,高中
regards,rɪˈɡɑːd,n. 问候，致意,,,高考3500,3,,,新课标高考词汇,高中
regardless,rɪˈɡɑːdlɪs,a. 不顾，不加理会,,,高考3500,3,,,新课标高考词汇,高中
register,ˈredʒɪstə(r),n. 登记簿，花名册，注册员 v. 登记，注册,,,高考3500,3,,,新课标高考词汇,高中
regret,rɪˈɡret,n./ vt.可惜，遗憾;痛惜;哀悼,,,高考3500,3,,,新课标高考词汇,高中
regular,ˈreɡjʊlə(r),a. 规则的，经常,,,高考3500,3,,,新课标高考词汇,高中
regulation,reɡjʊˈleɪʃ(ə)n,n. 规则，规章,,,高考3500,3,,,新课标高考词汇,高中
reject,rɪˈdʒekt,v. 拒绝,,,高考3500,3,,,新课标高考词汇,高中
relate,rɪˈleɪt,vi. 有关； 涉及,,,高考3500,3,,,新课标高考词汇,高中
relation,rɪˈleɪʃ(ə)n,n. 关系； 亲属,,,高考3500,3,,,新课标高考词汇,高中
relationship,rɪˈleɪʃənʃɪp,n. 关系,,,高考3500,3,,,新课标高考词汇,高中
relative,ˈrelətɪv,n. 亲属，亲戚,,,高考3500,3,,,新课标高考词汇,高中
relax,rɪˈlæks,v. （使）放松，轻松,,,高考3500,3,,,新课标高考词汇,高中
relay,ˈriːleɪ,n. 接力，接替人，中转 v. 接替，补充；转运,,,高考3500,3,,,新课标高考词汇,高中
relevant,'rɛləvənt,a. 紧密相关，有意义的,,,高考3500,3,,,新课标高考词汇,高中
reliable,rɪˈlaɪəb(ə)l,a. 可信赖的，可依靠的,,,高考3500,3,,,新课标高考词汇,高中
relief,rɪˈliːf,n. 轻松，解脱，缓和，救济,,,高考3500,3,,,新课标高考词汇,高中
religion,rɪˈlɪdʒən,n. 宗教,,,高考3500,3,,,新课标高考词汇,高中
religious,rɪˈlɪdʒəs,a. 宗教的,,,高考3500,3,,,新课标高考词汇,高中
rely,rɪˈlaɪ,v. 依赖，依靠,,,高考3500,3,,,新课标高考词汇,高中
remain,rɪˈmeɪn,vt.余下，留下vi.保持，仍是,,,高考3500,3,,,新课标高考词汇,高中
remark,rɪˈmɑːk,n. 陈述；话；议论,,,高考3500,3,,,新课标高考词汇,高中
remember,rɪˈmembə(r),v. 记得，想起,,,高考3500,3,,,新课标高考词汇,高中
remind,rɪˈmaɪnd,vt. 提醒，使记起,,,高考3500,3,,,新课标高考词汇,高中
remote,rɪˈməʊt,a. 偏远的，偏僻的,,,高考3500,3,,,新课标高考词汇,高中
remove,rɪˈmuːv,vt. 移动，拿走，脱掉（衣服等）,,,高考3500,3,,,新课标高考词汇,高中
rent,rent,n.& v. 租金,,,高考3500,3,,,新课标高考词汇,高中
repair,rɪˈpeə(r),n.& vt. 修理；修补,,,高考3500,3,,,新课标高考词汇,高中
repairs,rɪˈpeə(r),n. 修理工作,,,高考3500,3,,,新课标高考词汇,高中
repeat,rɪˈpiːt,vt. 重说，重做,,,高考3500,3,,,新课标高考词汇,高中
replace,rɪˈpleɪs,vt. 取代,,,高考3500,3,,,新课标高考词汇,高中
reply,rɪˈplaɪ,n. 回答，答复,,,高考3500,3,,,新课标高考词汇,高中
report,rɪˈpɔːt,n.& v. 报道，报告,,,高考3500,3,,,新课标高考词汇,高中
reporter,rɪˈpɔːtə(r),n. 记者，新闻通讯员,,,高考3500,3,,,新课标高考词汇,高中
represent,reprɪˈzent,vt. 代表,,,高考3500,3,,,新课标高考词汇,高中
representative,reprɪˈzentətɪv,n.代表，典型人物,,,高考3500,3,,,新课标高考词汇,高中
republic,rɪˈpʌblɪk,n. 共和国,,,高考3500,3,,,新课标高考词汇,高中
reputation,repjʊˈteɪʃ(ə)n,n. 名声，名誉,,,高考3500,3,,,新课标高考词汇,高中
request,rɪˈkwest,n. 请求，要求的事物,,,高考3500,3,,,新课标高考词汇,高中
require,rɪˈkwaɪə(r),vt. 需求；要求,,,高考3500,3,,,新课标高考词汇,高中
requirement,rɪˈkwaɪəmənt,n. 需要； 要求； 必要的条件,,,高考3500,3,,,新课标高考词汇,高中
rescue,ˈreskjuː,vt. 营救，援救,,,高考3500,3,,,新课标高考词汇,高中
research,rɪˈsɜːtʃ,n. 研究，调查,,,高考3500,3,,,新课标高考词汇,高中
resemble,rɪˈzemb(ə)l,v. （不用进行时）像，看起来像,,,高考3500,3,,,新课标高考词汇,高中
reservation,rezəˈveɪʃ(ə)n,n. 预定,,,高考3500,3,,,新课标高考词汇,高中
reserve,rɪˈzɜːv,n. & v. 储备；预定,,,高考3500,3,,,新课标高考词汇,高中
resign,rɪˈzaɪn,v. 辞职,,,高考3500,3,,,新课标高考词汇,高中
resist,rɪˈzɪst,v. 抵抗；挡开,,,高考3500,3,,,新课标高考词汇,高中
respect,rɪˈspekt,vt.& n. 尊敬，尊重,,,高考3500,3,,,新课标高考词汇,高中
respond,rɪˈspekt,v.回答，回应，作出反应,,,高考3500,3,,,新课标高考词汇,高中
responsibility,rɪspɔnsɪˈbɪlɪtɪ,n. 责任，负责,,,高考3500,3,,,新课标高考词汇,高中
rest,rest,n. 休息；剩余的部分，其余的人（物） vi. 休息，歇息,,,高考3500,3,,,新课标高考词汇,高中
restaurant,ˈrestərɔnt; (US) ˈrestərənt,n. 饭馆， 饭店,,,高考3500,3,,,新课标高考词汇,高中
restrict,rɪˈstrɪkt,v. 限制,,,高考3500,3,,,新课标高考词汇,高中
restriction,rɪˈstrɪkʃ(ə)n,n. 限制，约束,,,高考3500,3,,,新课标高考词汇,高中
result,rɪˈzʌlt,n. 结果，效果,,,高考3500,3,,,新课标高考词汇,高中
retell,riːˈtel,vt. 重讲，重复，复述,,,高考3500,3,,,新课标高考词汇,高中
retire,rɪˈtaɪə(r),v. 退休,,,高考3500,3,,,新课标高考词汇,高中
return,rɪˈtɜːn,v. 归还,,,高考3500,3,,,新课标高考词汇,高中
reuse,riːˈjuːz,vt. 重新使用；循环使用,,,高考3500,3,,,新课标高考词汇,高中
review,rɪˈvjuː,vt. 重新调查； 回顾； 复习 n. 复查；复习；评论,,,高考3500,3,,,新课标高考词汇,高中
reviewer,rɪˈvjuːə(r),n. 评论者；书评家,,,高考3500,3,,,新课标高考词汇,高中
revision,rɪˈvɪʒ(ə)n,n. 复习，温习,,,高考3500,3,,,新课标高考词汇,高中
revolution,revəˈluːʃ(ə)n,n. 革命，变革,,,高考3500,3,,,新课标高考词汇,高中
reward,rɪˈwɔːd,n. 奖赏,,,高考3500,3,,,新课标高考词汇,高中
rewind,riːˈwaɪnd,v. 回转（磁带等）,,,高考3500,3,,,新课标高考词汇,高中
rewrite,riːˈraɪt,vt. 重写,,,高考3500,3,,,新课标高考词汇,高中
rhyme,raɪm,n./ v. 押韵,,,高考3500,3,,,新课标高考词汇,高中
rice,raɪs,n. 稻米；米饭,,,高考3500,3,,,新课标高考词汇,高中
rich,rɪtʃ,a. 富裕的，有钱的,,,高考3500,3,,,新课标高考词汇,高中
rid,rɪd,vt. 使摆脱,,,高考3500,3,,,新课标高考词汇,高中
riddle,ˈrɪd(ə)l,n. 谜(语),,,高考3500,3,,,新课标高考词汇,高中
ridiculous,rɪˈdɪkjʊləs,a. 荒谬的，愚蠢的,,,高考3500,3,,,新课标高考词汇,高中
ride rode ridden,raɪd,v. 骑（马、自行车）；乘车 n. 乘车旅行 【一般现在 过去式 过去分词】,,,高考3500,3,,,新课标高考词汇,高中
right,raɪt,n.权利 a.对，正确的 ad. 正确地，恰恰，完全地 a. 右，右边的,,,高考3500,3,,,新课标高考词汇,高中
right-handed,raɪt-hænd,a. 惯用右手的【连字符】,,,高考3500,3,,,新课标高考词汇,高中
right-wing,raɪt-wɪŋ,n. 右翼【连字符】,,,高考3500,3,,,新课标高考词汇,高中
ring rang rung,rɪŋ,v. （钟、铃等）响；打电话 n. 电话，铃声 n. 环形物（如环、圈、戒指等） 【一般现在 过去式 过去分词】,,,高考3500,3,,,新课标高考词汇,高中
ring-road,rɪŋ-rəʊd,n. 环形公路【连字符】,,,高考3500,3,,,新课标高考词汇,高中
rigid,ˈrɪdʒɪd,a. 死板的，僵硬的，固执的,,,高考3500,3,,,新课标高考词汇,高中
ripe,raɪp,a. 成熟的，熟的,,,高考3500,3,,,新课标高考词汇,高中
ripen,ˈraɪpən,v. 成熟,,,高考3500,3,,,新课标高考词汇,高中
rise rose risen,raɪz,vi. 上升，上涨 【一般现在 过去式 过去分词】,,,高考3500,3,,,新课标高考词汇,高中
risk,rɪsk,n./ v. 危险，风险，冒险,,,高考3500,3,,,新课标高考词汇,高中
river,ˈrɪvə(r),n. 江；河；水道；巨流,,,高考3500,3,,,新课标高考词汇,高中
road,rəʊd,n. 路，道路,,,高考3500,3,,,新课标高考词汇,高中
roast,rəʊst,v. 烤（肉）,,,高考3500,3,,,新课标高考词汇,高中
rob,rɔb,v. 抢夺，抢劫,,,高考3500,3,,,新课标高考词汇,高中
robot,ˈrəʊbɔt,n. 机器人,,,高考3500,3,,,新课标高考词汇,高中
rock,rɔk,n.岩石，大石头vt. 摇，摇晃,,,高考3500,3,,,新课标高考词汇,高中
rocket,'rɑkɪt,n. 火箭,,,高考3500,3,,,新课标高考词汇,高中
role,rəʊl,n. 角色,,,高考3500,3,,,新课标高考词汇,高中
roll,rəʊl,v. 滚动， 打滚 n. 面包圈，小圆面包；卷状物,,,高考3500,3,,,新课标高考词汇,高中
roller,ˈrəʊlə(r),n. 滚筒； 辊,,,高考3500,3,,,新课标高考词汇,高中
roller skating,,滑旱冰,,,高考3500,3,,,新课标高考词汇,高中
roof,ruːf,n. 屋顶，顶部,,,高考3500,3,,,新课标高考词汇,高中
room,rʊm,n. 房间，室;空间;地方,,,高考3500,3,,,新课标高考词汇,高中
rooster,ˈruːstə(r),n. (美)公鸡,,,高考3500,3,,,新课标高考词汇,高中
root,ruːt,n. 根，根源，起源,,,高考3500,3,,,新课标高考词汇,高中
rope,rəʊp,n. 绳，索,,,高考3500,3,,,新课标高考词汇,高中
rose,rəʊz,n. 玫瑰花,,,高考3500,3,,,新课标高考词汇,高中
rot,rɔt,vi. 烂； 腐败,,,高考3500,3,,,新课标高考词汇,高中
rough,rʌf,a. 粗糙的，粗略的,,,高考3500,3,,,新课标高考词汇,高中
round,raʊnd,ad. 转过来 prep. 环绕一周，围着 a.圆的；球形的,,,高考3500,3,,,新课标高考词汇,高中
roundabout,ˈraʊndəbaʊt,a. & n. 绕道的，不直接的；转盘路,,,高考3500,3,,,新课标高考词汇,高中
routine,ruːˈtiːn,n. 常规，正常顺序，无聊,,,高考3500,3,,,新课标高考词汇,高中
row,rəʊ,n.（一）排，（一）行 v.划船,,,高考3500,3,,,新课标高考词汇,高中
royal,ˈrɔɪəl,a. 皇家的，王室的，国王的，女王的,,,高考3500,3,,,新课标高考词汇,高中
rubber,ˈrʌbə(r),n. 橡胶； 合成橡胶,,,高考3500,3,,,新课标高考词汇,高中
rubbish,ˈrʌbɪʃ,n. 垃圾； 废物,,,高考3500,3,,,新课标高考词汇,高中
rude,ruːd,a. 无理的， 粗鲁的,,,高考3500,3,,,新课标高考词汇,高中
rugby,ˈrʌɡbɪ,n. （英）橄榄球,,,高考3500,3,,,新课标高考词汇,高中
ruin,ˈruːɪn,vt. （使）毁坏；（使） 毁灭 n. (复) 废墟；遗迹,,,高考3500,3,,,新课标高考词汇,高中
rule,ruːl,n. 规则，规定 vt.统治，支配,,,高考3500,3,,,新课标高考词汇,高中
ruler,ˈruːlə(r),n. 统治者；直尺,,,高考3500,3,,,新课标高考词汇,高中
run ran run,rʌn,vi. 跑，奔跑；（颜色）褪色 【一般现在 过去式 过去分词】,,,高考3500,3,,,新课标高考词汇,高中
runner,ˈrʌnə(r),n. 赛跑者；操作者；滑行装置,,,高考3500,3,,,新课标高考词汇,高中
running,ˈrʌnɪŋ,n. 跑步,,,高考3500,3,,,新课标高考词汇,高中
rush,rʌʃ,vi. 冲，奔跑,,,高考3500,3,,,新课标高考词汇,高中
Russia,ˈrʌʃə,* n. 俄罗斯，俄国,,,高考3500,3,,,新课标高考词汇,高中
Russian,ˈrʌʃ(ə)n,a. 俄国人的，俄语的 n. 俄国人，俄语,,,高考3500,3,,,新课标高考词汇,高中
sacred,ˈseɪkrɪd,a. 害怕，恐惧，担心,,,高考3500,3,,,新课标高考词汇,高中
sacrifice,ˈsækrɪfaɪs,vt. 牺牲,,,高考3500,3,,,新课标高考词汇,高中
sad,sæd,a. （使人）悲伤的,,,高考3500,3,,,新课标高考词汇,高中
sadness,ˈsædnɪs,n. 悲哀，忧伤,,,高考3500,3,,,新课标高考词汇,高中
safe,seɪf,a. 安全的 n. 保险柜,,,高考3500,3,,,新课标高考词汇,高中
safety,ˈseɪftɪ,n. 安全，保险,,,高考3500,3,,,新课标高考词汇,高中
sail,seɪl,n. 航行 v. 航行，开航,,,高考3500,3,,,新课标高考词汇,高中
sailing,ˈseɪlɪŋ,n. 航海,,,高考3500,3,,,新课标高考词汇,高中
sailor,ˈseɪlə(r),n. 水手，海员,,,高考3500,3,,,新课标高考词汇,高中
salad,ˈsæləd,n. 色拉（西餐中的一种菜）,,,高考3500,3,,,新课标高考词汇,高中
salary,ˈsælərɪ,n. 薪金，薪水,,,高考3500,3,,,新课标高考词汇,高中
sale,seɪl,n. 卖，出售,,,高考3500,3,,,新课标高考词汇,高中
salesgirl,ˈseɪlzɡɜːl,n. 女售货员,,,高考3500,3,,,新课标高考词汇,高中
salesman,ˈseɪlzmən,n. 男售货员,,,高考3500,3,,,新课标高考词汇,高中
saleswoman,seɪlz‚wʊmən,n. 女售货员,,,高考3500,3,,,新课标高考词汇,高中
salt,sɔːlt， sɔlt,n. 盐,,,高考3500,3,,,新课标高考词汇,高中
salty,ˈsɔːltɪ， ˈsɔltɪ,a. 盐的，咸的，含盐的,,,高考3500,3,,,新课标高考词汇,高中
salute,səˈluːt， səˈljuːt,v.& n. 敬礼,,,高考3500,3,,,新课标高考词汇,高中
same,seɪm,n.同样的事a同样的，同一,,,高考3500,3,,,新课标高考词汇,高中
sand,sænd,n. 沙，沙子,,,高考3500,3,,,新课标高考词汇,高中
sandwich,ˈsænwɪdʒ,n.三明治（夹心面包片）,,,高考3500,3,,,新课标高考词汇,高中
satellite,ˈsætəlaɪt,n. 卫星,,,高考3500,3,,,新课标高考词汇,高中
satisfaction,sætɪsˈfækʃ(ə)n,n. 满意,,,高考3500,3,,,新课标高考词汇,高中
satisfy,ˈsætɪsfaɪ,vt. 满足，使满意,,,高考3500,3,,,新课标高考词汇,高中
Saturday,ˈsætədeɪ， ˈsætədɪ,n. 星期六,,,高考3500,3,,,新课标高考词汇,高中
sauce,sɔːs,n. 酱汁； 调味汁,,,高考3500,3,,,新课标高考词汇,高中
saucer,ˈsɔːsə(r),n. 茶碟，茶托，小圆盘,,,高考3500,3,,,新课标高考词汇,高中
sausage,ˈsɔsɪdʒ; (US) ˈsɔːsɪdʒ,n. 香肠，腊肠,,,高考3500,3,,,新课标高考词汇,高中
savage,ˈsævɪdʒ,n. 野蛮人，未开化的人,,,高考3500,3,,,新课标高考词汇,高中
save,seɪv,vt. 救，挽救，节省,,,高考3500,3,,,新课标高考词汇,高中
say said said,seɪ,vt. 说，讲 【一般现在 过去式 过去分词】,,,高考3500,3,,,新课标高考词汇,高中
saying,ˈseɪɪŋ,n. 说，俗话，谚语,,,高考3500,3,,,新课标高考词汇,高中
scan,skæn,v. 略读，浏览，扫描,,,高考3500,3,,,新课标高考词汇,高中
scar,skɑː(r),n. 伤疤，伤痕,,,高考3500,3,,,新课标高考词汇,高中
scare,skeə(r),v. 使害怕，使恐惧,,,高考3500,3,,,新课标高考词汇,高中
scarf,skɑːf,n. 领巾，围巾,,,高考3500,3,,,新课标高考词汇,高中
scene,sɪːn,n. （戏剧、电影等的）一场，场景，布景,,,高考3500,3,,,新课标高考词汇,高中
scenery,ˈsiːnərɪ,n. 风景，景色，风光,,,高考3500,3,,,新课标高考词汇,高中
sceptical,ˈskeptɪkl,a.怀疑的,,,高考3500,3,,,新课标高考词汇,高中
schedule,ˈʃedjuːl; (US) ˈskedʒʊl,n. 工作计划，日程安排v. 安排时间，预定,,,高考3500,3,,,新课标高考词汇,高中
school,skuːl,n. 学校,,,高考3500,3,,,新课标高考词汇,高中
scholar,ˈskɔlə(r),n. 学者,,,高考3500,3,,,新课标高考词汇,高中
scholarship,ˈskɔləʃɪp,n. 奖学金,,,高考3500,3,,,新课标高考词汇,高中
schoolbag,ˈsku:lbæg,n. 书包,,,高考3500,3,,,新课标高考词汇,高中
school-leaver,skuːl-,n.(英)学校毕业生【连字符】,,,高考3500,3,,,新课标高考词汇,高中
schoolmate,ˈskuːlmeɪt,n. 同校同学,,,高考3500,3,,,新课标高考词汇,高中
science,ˈsaɪəns,n. 科学，自然科学,,,高考3500,3,,,新课标高考词汇,高中
scientific,saɪənˈtɪfɪk,a. 科学的,,,高考3500,3,,,新课标高考词汇,高中
scientist,ˈsaɪəntɪst,n. 科学家,,,高考3500,3,,,新课标高考词汇,高中
scissors,ˈsɪzəz,n. 剪刀，剪子,,,高考3500,3,,,新课标高考词汇,高中
scold,skəʊld,vt. 责骂,,,高考3500,3,,,新课标高考词汇,高中
score,skɔː(r),n.& v. 得分，分数,,,高考3500,3,,,新课标高考词汇,高中
scores,skɔː(r) z,n. 许多，很多,,,高考3500,3,,,新课标高考词汇,高中
Scotland,ˈskɔtlənd,* n. 苏格兰,,,高考3500,3,,,新课标高考词汇,高中
Scottish,ˈskɔtɪʃ,a. 苏格兰（人）的 n. 苏格兰人,,,高考3500,3,,,新课标高考词汇,高中
Scratch,krætʃ,v./ n. 划破，划痕，划伤,,,高考3500,3,,,新课标高考词汇,高中
scream,skriːm,n. 尖叫,,,高考3500,3,,,新课标高考词汇,高中
screen,skriːn,n. 幕，荧光屏,,,高考3500,3,,,新课标高考词汇,高中
sculpture,ˈskʌlptʃə(r),n. 雕塑（术），雕刻（术），雕刻作品，雕像,,,高考3500,3,,,新课标高考词汇,高中
sea,siː,n. 海，海洋,,,高考3500,3,,,新课标高考词汇,高中
seagull,ˈsiːɡʌl,n. 海鸥,,,高考3500,3,,,新课标高考词汇,高中
seal,siːl,n. 海豹,,,高考3500,3,,,新课标高考词汇,高中
seaman,ˈsiːmən,n. 水手； 海员,,,高考3500,3,,,新课标高考词汇,高中
search,sɜːtʃ,n.& v. 搜寻，搜查,,,高考3500,3,,,新课标高考词汇,高中
seashell,ˈsiːʃel,n. 海贝,,,高考3500,3,,,新课标高考词汇,高中
seaside,ˈsiːsaɪd,n. 海滨,,,高考3500,3,,,新课标高考词汇,高中
season,ˈsiːz(ə)n,n. 季；季节,,,高考3500,3,,,新课标高考词汇,高中
seat,siːt,n. 座位，座,,,高考3500,3,,,新课标高考词汇,高中
seaweed,ˈsiːwiːd,n. 海草，海藻，海带,,,高考3500,3,,,新课标高考词汇,高中
second,ˈsekənd,n.秒 num.第二a.第二的,,,高考3500,3,,,新课标高考词汇,高中
secondhand,ˈsekəndˈhænd,n. 二手货; 旧货,,,高考3500,3,,,新课标高考词汇,高中
secret,ˈsiːkrɪt,n. 秘密，内情,,,高考3500,3,,,新课标高考词汇,高中
secretary,ˈsekrətərɪ,n. 秘书；书记,,,高考3500,3,,,新课标高考词汇,高中
section,ˈsekʃ(ə)n,n. 段，部分，部门,,,高考3500,3,,,新课标高考词汇,高中
secure,sɪˈkjʊə(r),a.安心的，有把握的，牢靠的,,,高考3500,3,,,新课标高考词汇,高中
security,sɪˈkjʊərɪtɪ,n. 安全，平安,,,高考3500,3,,,新课标高考词汇,高中
see saw seen,siː,vt. 看见，看到；领会；拜会 【一般现在 过去式 过去分词】,,,高考3500,3,,,新课标高考词汇,高中
seed,siːd,n. 种子,,,高考3500,3,,,新课标高考词汇,高中
melon seed,ˈmelən siːd,瓜子,,,高考3500,3,,,新课标高考词汇,高中
seek sought sought,siːk,vt.试图;探寻 【一般现在 过去式 过去分词】,,,高考3500,3,,,新课标高考词汇,高中
seem,siːm,v. 似乎，好像,,,高考3500,3,,,新课标高考词汇,高中
see-saw,siː-sɔː,n. 跷跷板（游戏）【连字符】,,,高考3500,3,,,新课标高考词汇,高中
seize,siːz,vt. 抓住(时机等),,,高考3500,3,,,新课标高考词汇,高中
seldom,ˈseldəm,ad. 很少，不常,,,高考3500,3,,,新课标高考词汇,高中
select,sɪˈlekt,vt. 选择，挑选，选拔,,,高考3500,3,,,新课标高考词汇,高中
self,self,n. 自己，自我，自身,,,高考3500,3,,,新课标高考词汇,高中
selfish,ˈselfɪʃ,a. 自私的,,,高考3500,3,,,新课标高考词汇,高中
self-service,self-ˈsɜːvɪs,n.自助，自我服务的,,,高考3500,3,,,新课标高考词汇,高中
sell sold sold,sel,v. 卖，售 【一般现在 过去式 过去分词】,,,高考3500,3,,,新课标高考词汇,高中
semicircle,ˈsemɪsɜːk(ə)l,n. 半圆,,,高考3500,3,,,新课标高考词汇,高中
send sent sent,send,v. 打发，派遣；送，邮寄 【一般现在 过去式 过去分词】,,,高考3500,3,,,新课标高考词汇,高中
senior,ˈsiːnɪə(r),a. 年长的，资深的，高年级的 n. 上级，长辈，高年级生,,,高考3500,3,,,新课标高考词汇,高中
sense,sens,n. 感觉，意识,,,高考3500,3,,,新课标高考词汇,高中
sensitive,ˈsensɪtɪv,a.体贴的，善解人意的,,,高考3500,3,,,新课标高考词汇,高中
sentence,ˈsent(ə)ns,n. 句子,,,高考3500,3,,,新课标高考词汇,高中
separate,ˈsepərət,v. 使分开，使分离a. 单独的，分开的,,,高考3500,3,,,新课标高考词汇,高中
separately,ˈsepərətlɪ,ad. 单独地，各自地,,,高考3500,3,,,新课标高考词汇,高中
separation,sepəˈreɪʃ(ə)n,n. 分离，隔离,,,高考3500,3,,,新课标高考词汇,高中
September,səpˈtembə(r),n. 9月,,,高考3500,3,,,新课标高考词汇,高中
serious,ˈsɪərɪəs,a.严肃的，严重的，认真的,,,高考3500,3,,,新课标高考词汇,高中
servant,ˈsɜːvənt,n. 仆人，佣人,,,高考3500,3,,,新课标高考词汇,高中
serve,sɜːv,vt. 招待（顾客等），服务,,,高考3500,3,,,新课标高考词汇,高中
service,ˈsɜːvɪs,n. 服务,,,高考3500,3,,,新课标高考词汇,高中
service-charge,ˈsɜːvɪs-tʃɑːdʒ,n. 服务费，小费【连字符】,,,高考3500,3,,,新课标高考词汇,高中
session,ˈseʃ(ə)n,n.一场，一节，一段时间,,,高考3500,3,,,新课标高考词汇,高中
set set set,set,vt. 释放，安置 n. 装备，设备 【一般现在 过去式 过去分词】,,,高考3500,3,,,新课标高考词汇,高中
settle,ˈset(ə)l,vi. 安家，定居,,,高考3500,3,,,新课标高考词汇,高中
settlement,ˈsetəlmənt,n. 新拓居地；（美）部落，村落,,,高考3500,3,,,新课标高考词汇,高中
settler,ˈsetlə(r),n. 移居者，开拓者,,,高考3500,3,,,新课标高考词汇,高中
seven,ˈsev(ə)n,num. 七,,,高考3500,3,,,新课标高考词汇,高中
seventeen,sevənˈtiːn,num. 十七,,,高考3500,3,,,新课标高考词汇,高中
seventh,ˈsevənθ,num. 第七,,,高考3500,3,,,新课标高考词汇,高中
seventy,ˈsevəntɪ,num. 七十,,,高考3500,3,,,新课标高考词汇,高中
several,ˈsevr(ə)l,pron. 几个，数个 a.若干,,,高考3500,3,,,新课标高考词汇,高中
severe,sɪˈvɪə(r),a.极为恶劣，十分严重的,,,高考3500,3,,,新课标高考词汇,高中
sew,səʊ,vi. 缝， 缝制；缝补；缝纫,,,高考3500,3,,,新课标高考词汇,高中
sex,seks,n. 性，性别,,,高考3500,3,,,新课标高考词汇,高中
shabby,ˈʃæbɪ,a.破旧，破烂，衣衫褴褛的,,,高考3500,3,,,新课标高考词汇,高中
shade,ʃeɪd,n. 阴凉处，树荫处,,,高考3500,3,,,新课标高考词汇,高中
shadow,ˈʃædəʊ,n. 影子， 阴影,,,高考3500,3,,,新课标高考词汇,高中
shake shook shaken,ʃeɪk,v. （使）动摇，震动 【一般现在 过去式 过去分词】,,,高考3500,3,,,新课标高考词汇,高中
shall should,ʃæl， ʃ(ə)l,v. aux. （表示将来）将要，会；……好吗 【一般现在 过去式 过去分词】,,,高考3500,3,,,新课标高考词汇,高中
shallow,ˈʃæləʊ,a. 浅的，不深的，肤浅的,,,高考3500,3,,,新课标高考词汇,高中
shame,ʃeɪm,n. 遗憾的事；羞愧,,,高考3500,3,,,新课标高考词汇,高中
Shanghai,ʃæŋˈhaɪ,n. 上海,,,高考3500,3,,,新课标高考词汇,高中
shape,ʃeɪp,n. 形状，外形 v. 使成型，制造，塑造,,,高考3500,3,,,新课标高考词汇,高中
share,ʃeə(r),vt. 分享，共同使用,,,高考3500,3,,,新课标高考词汇,高中
shark,ʃɑːk,n. 鲨鱼,,,高考3500,3,,,新课标高考词汇,高中
sharp,ʃɑːp,a. 锋利的，尖的,,,高考3500,3,,,新课标高考词汇,高中
sharpen,ˈʃɑːpən,v. （使）变锐利，削尖,,,高考3500,3,,,新课标高考词汇,高中
sharpener,ˈʃɑːpənə(r),n. 削尖用的器具,,,高考3500,3,,,新课标高考词汇,高中
pencil-sharpener,ˈpens(ə)l-ˈʃɑːpənə(r),转笔刀【连字符】,,,高考3500,3,,,新课标高考词汇,高中
shave,ʃeɪv,v. 刮（脸，胡子）,,,高考3500,3,,,新课标高考词汇,高中
shaver,'ʃevɚ,n. 电动剃须刀,,,高考3500,3,,,新课标高考词汇,高中
she,ʃiː,pron. 她,,,高考3500,3,,,新课标高考词汇,高中
sheep,ʃiːp,n. （绵）羊；羊皮；驯服者,,,高考3500,3,,,新课标高考词汇,高中
sheet,ʃiːt,n. 成幅的薄片，薄板,,,高考3500,3,,,新课标高考词汇,高中
shelf shelves,ʃelf,n. 架子；搁板；格层；礁；陆架【单数 复数】,,,高考3500,3,,,新课标高考词汇,高中
shelter,ˈʃeltə(r),n. 掩蔽；隐蔽处,,,高考3500,3,,,新课标高考词汇,高中
shine,ʃaɪn,n. 光泽；光彩；阳光；晴天；光(亮),,,高考3500,3,,,新课标高考词汇,高中
ship,ʃɪp,n. 船，轮船 vi. 用船装运,,,高考3500,3,,,新课标高考词汇,高中
shirt,ʃɜːt,vn. 男衬衫,,,高考3500,3,,,新课标高考词汇,高中
shock,ʃɔk,vt. 使震惊,,,高考3500,3,,,新课标高考词汇,高中
shoe,ʃuː,n. 鞋,,,高考3500,3,,,新课标高考词汇,高中
shoot,ʃuːt,(shot， shot) vt. 射击，射中，发射 n. 嫩枝；苗；芽,,,高考3500,3,,,新课标高考词汇,高中
shooting,ˈʃuːtɪŋ,n. 射击,,,高考3500,3,,,新课标高考词汇,高中
shop,ʃɔp,vi. 买东西 n. 商店，车间,,,高考3500,3,,,新课标高考词汇,高中
shop assistant,ʃɔp əˈsɪst(ə)nt,(英) 售货员,,,高考3500,3,,,新课标高考词汇,高中
shopkeeper,ˈʃɔpkiːpə(r),n. 店主，零售商人,,,高考3500,3,,,新课标高考词汇,高中
shopping,ˈʃɔpɪŋ,n. 买东西,,,高考3500,3,,,新课标高考词汇,高中
shore,ʃɔː(r),n. 滨，岸,,,高考3500,3,,,新课标高考词汇,高中
short,ʃɔːt,a. 短的；矮的,,,高考3500,3,,,新课标高考词汇,高中
shortcoming,ˈʃɔːtkʌmɪŋ,n. 缺点，短处,,,高考3500,3,,,新课标高考词汇,高中
shortly,ˈʃɔːtlɪ,ad. 不久,,,高考3500,3,,,新课标高考词汇,高中
shorts,ʃɔːts,n. 短裤；运动短裤,,,高考3500,3,,,新课标高考词汇,高中
shortwave,ˈʃɔːtˈweɪv,n. 短波,,,高考3500,3,,,新课标高考词汇,高中
should,ʃɔt,v. mod. 应当，应该，会 v. aux.会，应该（shall的过去时态）,,,高考3500,3,,,新课标高考词汇,高中
shoulder,ˈʃəʊldə(r),n. 肩膀，(道路的)路肩,,,高考3500,3,,,新课标高考词汇,高中
shout,ˈʃəʊldə(r),n.& v. 喊，高声呼喊,,,高考3500,3,,,新课标高考词汇,高中
show,ʃəʊ,n. 展示，展览（会）;演出show,,,高考3500,3,,,新课标高考词汇,高中
shower,ˈʃaʊə(r),n. 阵雨；淋浴,,,高考3500,3,,,新课标高考词汇,高中
shrink,ʃrɪŋk,v. 缩小，收缩，减少,,,高考3500,3,,,新课标高考词汇,高中
shut,ʃʌt,v. / n. 关上，封闭；禁闭；,,,高考3500,3,,,新课标高考词汇,高中
shuttle,ˈʃʌt(ə)l,vn. 合拢 （往返与两个定点之间的）（火车汽车飞机）班车/机,,,高考3500,3,,,新课标高考词汇,高中
shy,ʃaɪ,a. 害羞的,,,高考3500,3,,,新课标高考词汇,高中
sick,sɪk,a.有病的，患病的,,,高考3500,3,,,新课标高考词汇,高中
sickness,ˈsɪknɪs,n. 疾病，（想）呕吐,,,高考3500,3,,,新课标高考词汇,高中
side,saɪd,n. 边，旁边，面，侧面,,,高考3500,3,,,新课标高考词汇,高中
sideway,ˈsaɪdweɪz,n.人行道 n. 岔路，旁路,,,高考3500,3,,,新课标高考词汇,高中
sideways,ˈsaɪdweɪz,ad. 斜向一边的,,,高考3500,3,,,新课标高考词汇,高中
sigh,saɪ,vi. 叹息；叹气,,,高考3500,3,,,新课标高考词汇,高中
sight,saɪ,n. 情景，风景；视力,,,高考3500,3,,,新课标高考词汇,高中
sightseeing,ˈsaɪtsiːɪŋ,n. 游览，观光,,,高考3500,3,,,新课标高考词汇,高中
sign,saɪn,n. 符号，标记,,,高考3500,3,,,新课标高考词汇,高中
signal,ˈsɪɡn(ə)l,n. 信号，暗号,,,高考3500,3,,,新课标高考词汇,高中
signature,ˈsɪɡnətʃə(r),n. 签名,,,高考3500,3,,,新课标高考词汇,高中
significance,ˈsɪɡnətʃə(r),n. 重要性，意义,,,高考3500,3,,,新课标高考词汇,高中
silence,ˈsaɪləns,n. 安静，沉默,,,高考3500,3,,,新课标高考词汇,高中
silent,ˈsaɪlənt,a. 无声的，无对话的,,,高考3500,3,,,新课标高考词汇,高中
silk,sɪlk,n. （蚕）丝，丝织品,,,高考3500,3,,,新课标高考词汇,高中
silly,ˈsɪlɪ,a. 傻的，愚蠢的,,,高考3500,3,,,新课标高考词汇,高中
silver,ˈsɪlvə(r),n. 银,,,高考3500,3,,,新课标高考词汇,高中
similar,ˈsɪmɪlə(r),a. 相似的，像,,,高考3500,3,,,新课标高考词汇,高中
simple,ˈsɪmp(ə)l,a. 简单的，简易的,,,高考3500,3,,,新课标高考词汇,高中
simple-minded,ˈsɪmp(ə)l maɪndɪ,a.纯朴，头脑简单【连字符】,,,高考3500,3,,,新课标高考词汇,高中
simplify,ˈsɪmplɪfaɪ,v. 使简化，使简易,,,高考3500,3,,,新课标高考词汇,高中
simply,ˈsɪmplɪ,ad.简单地，(加强语气)的确,,,高考3500,3,,,新课标高考词汇,高中
since,sɪns,ad. 从那时以来 conj. 从…以来，…以后，由于 prep. 从…以来,,,高考3500,3,,,新课标高考词汇,高中
sincerely,sɪnˈsɪrlɪ -ˈsɪəl-,ad. 真诚地,,,高考3500,3,,,新课标高考词汇,高中
sing sang sung,sɪŋ,v. 唱，唱歌 【一般现在 过去式 过去分词】,,,高考3500,3,,,新课标高考词汇,高中
singer,sɪŋ,n. 歌唱家，歌手,,,高考3500,3,,,新课标高考词汇,高中
single,ˈsɪŋɡ(ə)l,a. 单一的，单个的,,,高考3500,3,,,新课标高考词汇,高中
sink,sɪŋk,n. 洗涤槽；污水槽,,,高考3500,3,,,新课标高考词汇,高中
sink sank sunk,sɪŋk,vi. 下沉；消沉 【一般现在 过去式 过去分词】,,,高考3500,3,,,新课标高考词汇,高中
sir,sɜː(r),n. 先生；阁下,,,高考3500,3,,,新课标高考词汇,高中
sister,ˈsɪstə(r),n. 姐；妹,,,高考3500,3,,,新课标高考词汇,高中
sister-in-law,ˈsɪstə(r) -ɪn-lɔː,n. 嫂，弟媳,,,高考3500,3,,,新课标高考词汇,高中
sit sat sat,sɪt,vi. 坐 【一般现在 过去式 过去分词】,,,高考3500,3,,,新课标高考词汇,高中
situation,sɪtjʊˈeɪʃ(ə)n,n. 形势，情况,,,高考3500,3,,,新课标高考词汇,高中
six,sɪks,num. 六,,,高考3500,3,,,新课标高考词汇,高中
sixth,sɪksθ,num. 第六,,,高考3500,3,,,新课标高考词汇,高中
sixty,ˈsɪkstɪ,num. 六十,,,高考3500,3,,,新课标高考词汇,高中
sixteen,ˈsɪkstɪ,num. 十六,,,高考3500,3,,,新课标高考词汇,高中
sixteenth,sɪksˈtiːnθ,num. 第十六,,,高考3500,3,,,新课标高考词汇,高中
size,sɪksˈtiːnθ,n. 尺寸，大小,,,高考3500,3,,,新课标高考词汇,高中
skate,sɪksˈtiːnθ,vi. 溜冰，滑冰,,,高考3500,3,,,新课标高考词汇,高中
skateboard,ˈskeɪtbɔːd,n. 冰鞋，滑板,,,高考3500,3,,,新课标高考词汇,高中
ski,skiː,n.& vi. 滑雪板；滑雪,,,高考3500,3,,,新课标高考词汇,高中
skill,skiː,n. 技能，技巧,,,高考3500,3,,,新课标高考词汇,高中
skilled,skiː,a. 熟练的；有技能的,,,高考3500,3,,,新课标高考词汇,高中
skillful,ˈskɪlf(ə)l,a. 熟练，精湛的，灵巧的,,,高考3500,3,,,新课标高考词汇,高中
skillfully,ˈskilfuli,ad. 精湛地，巧妙地,,,高考3500,3,,,新课标高考词汇,高中
skin,skɪn,n. 皮，皮肤；兽皮,,,高考3500,3,,,新课标高考词汇,高中
skip,skɪp,v. 蹦蹦跳跳；跳绳,,,高考3500,3,,,新课标高考词汇,高中
skipping,skɪpɪŋ,rope （跳绳用）绳,,,高考3500,3,,,新课标高考词汇,高中
skirt,skɜːt,n. 女裙,,,高考3500,3,,,新课标高考词汇,高中
sky,skaɪ,n. 天；天空,,,高考3500,3,,,新课标高考词汇,高中
skyscraper,ˈskaɪskreɪpə(r),n. 摩天楼,,,高考3500,3,,,新课标高考词汇,高中
slave,sleɪv,n. 奴隶,,,高考3500,3,,,新课标高考词汇,高中
slavery,ˈsleɪvərɪ,n. 奴隶制度,,,高考3500,3,,,新课标高考词汇,高中
sleep,sliːp,n. 睡觉,,,高考3500,3,,,新课标高考词汇,高中
sleep slept slept,sliːp,vi. 睡觉 【一般现在 过去式 过去分词】,,,高考3500,3,,,新课标高考词汇,高中
sleepy,sliːp,a. 想睡的，困倦的，瞌睡的,,,高考3500,3,,,新课标高考词汇,高中
sleeve,sliːv,n. 袖子，袖套,,,高考3500,3,,,新课标高考词汇,高中
slice,sliːv,n. 片，切面（薄）片,,,高考3500,3,,,新课标高考词汇,高中
slide,slaɪd,n.幻灯片，滑道 v.滑行，滑动,,,高考3500,3,,,新课标高考词汇,高中
slight,slaɪt,a. 轻微的，细小的,,,高考3500,3,,,新课标高考词汇,高中
slim,slɪm,a. 苗条的，纤细的,,,高考3500,3,,,新课标高考词汇,高中
slip,slɪp,n. 片，条，纸片，纸条,,,高考3500,3,,,新课标高考词汇,高中
slow,slɪp,ad. 慢慢地，缓慢地,,,高考3500,3,,,新课标高考词汇,高中
small,smɔːl,a. 小的，少的,,,高考3500,3,,,新课标高考词汇,高中
smart,smɑːt,a. 灵巧的，伶俐的；（人、服装等）时髦的，帅的,,,高考3500,3,,,新课标高考词汇,高中
smell,smel,v. 嗅，闻到；发气味 n. 气味,,,高考3500,3,,,新课标高考词汇,高中
smelly,ˈsmelɪ,a. 有臭味的，发出臭味的,,,高考3500,3,,,新课标高考词汇,高中
smile,smaɪl,n.& v. 微笑,,,高考3500,3,,,新课标高考词汇,高中
smog,smaɪl,n. 烟雾(= smoke + fog),,,高考3500,3,,,新课标高考词汇,高中
smoke,smaɪl,n. 烟 v. 冒烟；吸烟,,,高考3500,3,,,新课标高考词汇,高中
smoke-free,sməʊk-friː,a. 非吸烟的，无烟的,,,高考3500,3,,,新课标高考词汇,高中
smoker,ˈsməʊkə(r),n. 吸烟者,,,高考3500,3,,,新课标高考词汇,高中
smoking,ˈsməʊkɪŋ,n. 吸烟，抽烟;冒烟,,,高考3500,3,,,新课标高考词汇,高中
smooth,ˈsməʊkɪŋ,a. 光滑的;平坦的,,,高考3500,3,,,新课标高考词汇,高中
snack,snæk,n. 小吃,,,高考3500,3,,,新课标高考词汇,高中
snack bar,snæk bɑː,n. 快餐店,,,高考3500,3,,,新课标高考词汇,高中
snake,sneɪk,n.蛇v.蛇般爬行;蜿蜒行进,,,高考3500,3,,,新课标高考词汇,高中
snatch,sneɪk,v. 夺，夺得，夺走,,,高考3500,3,,,新课标高考词汇,高中
sneaker,sneɪk,n. （复）轻便运动鞋（美）,,,高考3500,3,,,新课标高考词汇,高中
sneeze,sneɪk,v. 打喷嚏,,,高考3500,3,,,新课标高考词汇,高中
sniff,snɪf,v. 抽鼻子（哭，患感冒时）,,,高考3500,3,,,新课标高考词汇,高中
snow,snəʊ,n. 雪 vi.下雪,,,高考3500,3,,,新课标高考词汇,高中
snowball,ˈsnəʊbɔːl,n. 雪球,,,高考3500,3,,,新课标高考词汇,高中
snowman,ˈsnəʊmæn,n. 雪人,,,高考3500,3,,,新课标高考词汇,高中
snowy,ˈsnəʊɪ,a. 雪(白)的；下雪的；多(积)雪的,,,高考3500,3,,,新课标高考词汇,高中
so,səʊ,ad. 如此，这么；非常；同样 conj. 因此，所以,,,高考3500,3,,,新课标高考词汇,高中
soap,səʊp,n. 肥皂,,,高考3500,3,,,新课标高考词汇,高中
sob,səʊp,n.& v. 抽泣，啜泣,,,高考3500,3,,,新课标高考词汇,高中
soccer,ˈsɔkə(r),n.英式足球,,,高考3500,3,,,新课标高考词汇,高中
social,ˈsəʊʃ(ə)l,a. 社会的；社交的,,,高考3500,3,,,新课标高考词汇,高中
socialism,ˈsəʊʃəlɪz(ə)m,n. 社会主义,,,高考3500,3,,,新课标高考词汇,高中
socialist,ˈsəʊʃəlɪst,a. 社会主义的,,,高考3500,3,,,新课标高考词汇,高中
society,səˈsaɪətɪ,n. 社会,,,高考3500,3,,,新课标高考词汇,高中
sock,sɔk,n. 短袜,,,高考3500,3,,,新课标高考词汇,高中
socket,ˈsɔkɪt,n. （电源）插座,,,高考3500,3,,,新课标高考词汇,高中
sofa,ˈsɔkɪt,n. （长）沙发,,,高考3500,3,,,新课标高考词汇,高中
soft,sɒft,a. 软的，柔和的,,,高考3500,3,,,新课标高考词汇,高中
software,software,n. 软件,,,高考3500,3,,,新课标高考词汇,高中
softdrink,[sɔft drɪŋk],n. (不含酒精)清凉饮料,,,高考3500,3,,,新课标高考词汇,高中
softball,ˈsɔftbɔːl,n. 垒球,,,高考3500,3,,,新课标高考词汇,高中
soil,sɔɪl,n. 土壤，土地,,,高考3500,3,,,新课标高考词汇,高中
solar,ˈsəʊlə(r),a. 太阳的,,,高考3500,3,,,新课标高考词汇,高中
soldier,ˈsəʊldʒə(r),n. 士兵，战士,,,高考3500,3,,,新课标高考词汇,高中
solid,ˈsɔlɪd,a. 结实的，固体的 n.固体,,,高考3500,3,,,新课标高考词汇,高中
some,sʌm,a. 一些，若干；有些；某一 pron. 若干，一些,,,高考3500,3,,,新课标高考词汇,高中
somebody,ˈsʌmbʌdɪ; ˈsʌmbədɪ,pron. 某人；有人；有名气的人,,,高考3500,3,,,新课标高考词汇,高中
someone,ˈsʌmwʌn,pron. 某一个人,,,高考3500,3,,,新课标高考词汇,高中
something,ˈsʌmθɪŋ,pron. 某事；某物,,,高考3500,3,,,新课标高考词汇,高中
sometimes,ˈsʌmtaɪmz,ad. 有时,,,高考3500,3,,,新课标高考词汇,高中
somewhere,ˈsʌmtaɪmz,ad. 在某处,,,高考3500,3,,,新课标高考词汇,高中
son,sʌn,n. 儿子,,,高考3500,3,,,新课标高考词汇,高中
song,sʌn,n. 歌唱；歌曲,,,高考3500,3,,,新课标高考词汇,高中
soon,sʌn,ad. 不久，很快，一会儿,,,高考3500,3,,,新课标高考词汇,高中
sorrow,ˈsɔrəʊ,n. 悲伤，悲痛,,,高考3500,3,,,新课标高考词汇,高中
sorry,ˈsɔrɪ,a. 对不起，抱歉;难过的,,,高考3500,3,,,新课标高考词汇,高中
sort,sɔːt,vt. 把…分类，拣选 n. 种类，类别,,,高考3500,3,,,新课标高考词汇,高中
so-so,səʊ-səʊ,a. 一般；不怎么样；凑合,,,高考3500,3,,,新课标高考词汇,高中
soul,səʊl,n. 灵魂；心灵；气魄,,,高考3500,3,,,新课标高考词汇,高中
sound,saʊnd,vi.听起来，发出声音n.声音,,,高考3500,3,,,新课标高考词汇,高中
soup,suːp,n. 汤,,,高考3500,3,,,新课标高考词汇,高中
sour,ˈsaʊə(r),a. 酸的，馊的,,,高考3500,3,,,新课标高考词汇,高中
south,ˈsaʊə(r),a. 南(方)的；向南的；从南来的 ad. 在南方；向南方；自南方 n. 南；南方；南风；南部,,,高考3500,3,,,新课标高考词汇,高中
southeast,‚saʊθˈɪːs,n. 东南,,,高考3500,3,,,新课标高考词汇,高中
southern,ˈsʌð(ə)n,a. 南部的，南方的,,,高考3500,3,,,新课标高考词汇,高中
southwest,sauθˈwest,n. 西南,,,高考3500,3,,,新课标高考词汇,高中
souvenirs,suːvəˈnɪə(r); (US) ˈsuːvənɪər,n.旅游纪念品，纪念物,,,高考3500,3,,,新课标高考词汇,高中
sow,səʊ,vt.播种,,,高考3500,3,,,新课标高考词汇,高中
space,speɪs,n. 空间,,,高考3500,3,,,新课标高考词汇,高中
spaceship,ˈspeɪsʃɪp,n. 宇宙飞船,,,高考3500,3,,,新课标高考词汇,高中
spade,speɪd,n. 铲子;纸牌中的黑桃,,,高考3500,3,,,新课标高考词汇,高中
spaghetti,,n. 意大利式面条,,,高考3500,3,,,新课标高考词汇,高中
Spain,speɪn,n. 西班牙,,,高考3500,3,,,新课标高考词汇,高中
Spanish,ˈspænɪʃ,a. 西班牙人的，西班牙的，西班牙语的 n. 西班牙语,,,高考3500,3,,,新课标高考词汇,高中
spare,speə(r),a. 空闲，多余的，剩余的,,,高考3500,3,,,新课标高考词汇,高中
sparrow,ˈspærəʊ,n. 麻雀，雀型鸟类,,,高考3500,3,,,新课标高考词汇,高中
speak spoke spoken,ˈspærəʊ,v. 说，讲；谈话；发言 【一般现在 过去式 过去分词】,,,高考3500,3,,,新课标高考词汇,高中
speaker,ˈspiːkə(r),n. 演讲人，演说家,,,高考3500,3,,,新课标高考词汇,高中
spear,spɪə(r),n. 矛，枪，梭镖,,,高考3500,3,,,新课标高考词汇,高中
special,ˈspeʃ(ə)l,a. 特别的，专门的,,,高考3500,3,,,新课标高考词汇,高中
specialist,ˈspeʃəlɪst,n. （医学）专家，专科医生；专家；专业人员,,,高考3500,3,,,新课标高考词汇,高中
specific,spɪˈsɪfɪk,a.明确的，具体的，独特的,,,高考3500,3,,,新课标高考词汇,高中
speech,spiːtʃ,n. 演讲,,,高考3500,3,,,新课标高考词汇,高中
speed,spiːd,n. 速度 v. （使）加速,,,高考3500,3,,,新课标高考词汇,高中
spell,spiːd,vt. 拼写,,,高考3500,3,,,新课标高考词汇,高中
spelling,ˈspelɪŋ,n. 拼写，拼读,,,高考3500,3,,,新课标高考词汇,高中
spend spent spent,ˈspelɪŋ,v. 度过；花费（钱、时间等） 【一般现在 过去式 过去分词】,,,高考3500,3,,,新课标高考词汇,高中
spin,spɪn,v.& n. 纺，（使）快速旋转；旋转，旋转运动,,,高考3500,3,,,新课标高考词汇,高中
spirit,ˈspɪrɪt,n. 精神,,,高考3500,3,,,新课标高考词汇,高中
spiritual,ˈspɪrɪtʃʊəl,a. 精神的； 心灵的,,,高考3500,3,,,新课标高考词汇,高中
spit,spɪt,v. 吐唾沫；吐痰,,,高考3500,3,,,新课标高考词汇,高中
splendid,ˈsplendɪd,a. 灿烂的，辉煌的；（口语）极好的,,,高考3500,3,,,新课标高考词汇,高中
split,splɪt,v. 撕开;切开,,,高考3500,3,,,新课标高考词汇,高中
spoken,ˈspəʊkən,a. 口语的,,,高考3500,3,,,新课标高考词汇,高中
spokesman,ˈspəʊkən mæn,n. 发言人,,,高考3500,3,,,新课标高考词汇,高中
sponsor,ˈspɔnsə(r),n. 赞助者，赞助商,,,高考3500,3,,,新课标高考词汇,高中
spoon,spuːn,n. 匙， 调羹,,,高考3500,3,,,新课标高考词汇,高中
spoonful,ˈspuːnfʊl,n. 一匙（的量）,,,高考3500,3,,,新课标高考词汇,高中
sport,spɔːt,vn. 体育运动，锻炼；(复，英)运动会,,,高考3500,3,,,新课标高考词汇,高中
spot,spɔt,n. 斑点，污点；场所，地点 v. 沾上污渍，弄脏,,,高考3500,3,,,新课标高考词汇,高中
spray,spreɪ,n. / v. 水雾，喷雾(器)喷洒,,,高考3500,3,,,新课标高考词汇,高中
spread,spred,v. 延伸； 展开,,,高考3500,3,,,新课标高考词汇,高中
spring,sprɪŋ,n. 春天，春季 n. 泉水，泉,,,高考3500,3,,,新课标高考词汇,高中
spy,spaɪ,n. 密探，间谍 v.侦探，刺探,,,高考3500,3,,,新课标高考词汇,高中
square,skweə(r),n. 广场 a. 平方的；方形的，宽而结实的（体格，肩膀）,,,高考3500,3,,,新课标高考词汇,高中
squeeze,skwiz,n. 挤压，捏，塞,,,高考3500,3,,,新课标高考词汇,高中
squid,skwɪd,n. 鱿鱼,,,高考3500,3,,,新课标高考词汇,高中
squirrel,ˈskwɪr(ə)l; (US) ˈskwɜːrəl,n. 松鼠,,,高考3500,3,,,新课标高考词汇,高中
stable,ˈsteɪb(ə)l,a. 稳固的，牢固的,,,高考3500,3,,,新课标高考词汇,高中
stadium,ˈsteɪdɪəm,n. （露天）体育场,,,高考3500,3,,,新课标高考词汇,高中
staff,stɑːf,n. 全体职工（雇员）,,,高考3500,3,,,新课标高考词汇,高中
stage,steɪdʒ,n. 舞台；阶段,,,高考3500,3,,,新课标高考词汇,高中
stain,steɪn,n. 污点，污渍，染色剂,,,高考3500,3,,,新课标高考词汇,高中
stainless,ˈsteɪnlɪs,a. 无污点的,,,高考3500,3,,,新课标高考词汇,高中
stainless steel,ˈsteɪnlɪs stiːl,不锈钢,,,高考3500,3,,,新课标高考词汇,高中
stair,steə(r),n. 楼梯,,,高考3500,3,,,新课标高考词汇,高中
stamp,stæmp,n. 邮票,,,高考3500,3,,,新课标高考词汇,高中
stand,stænd,n. 站；立；停止；立场；地位；台；坛；摊,,,高考3500,3,,,新课标高考词汇,高中
stand stood stood,stænd,v. 站；立；起立；坐落；经受；持久 【一般现在 过去式 过去分词】,,,高考3500,3,,,新课标高考词汇,高中
standard,ˈstændəd,n. & a. 标准（的）,,,高考3500,3,,,新课标高考词汇,高中
star,stɑː(r),n. 星，恒星,,,高考3500,3,,,新课标高考词汇,高中
stare,steə(r),vi. 盯，凝视,,,高考3500,3,,,新课标高考词汇,高中
start,stɑːt,v. 开始，着手；出发,,,高考3500,3,,,新课标高考词汇,高中
starvation,stɑːˈveɪʃ(ə)n,n. 饥饿； 饿死,,,高考3500,3,,,新课标高考词汇,高中
starve,stɑːv,v. 饿死,,,高考3500,3,,,新课标高考词汇,高中
state,steɪt,n. 状态； 情形；国家，（美国的）州,,,高考3500,3,,,新课标高考词汇,高中
station,ˈsteɪʃ(ə)n,n. 站，所，车站；电台,,,高考3500,3,,,新课标高考词汇,高中
statement,ˈsteɪtmənt,n.声明，陈诉，说法,,,高考3500,3,,,新课标高考词汇,高中
statesman,ˈsteɪtsmən,n. 政治家,,,高考3500,3,,,新课标高考词汇,高中
statistics,stəˈtɪstɪks,n. 统计数字，统计资料，统计学,,,高考3500,3,,,新课标高考词汇,高中
statue,ˈstætjuː,n. 法令，法规，章程,,,高考3500,3,,,新课标高考词汇,高中
status,ˈsteɪtəs,n. 法律地位（身份）,,,高考3500,3,,,新课标高考词汇,高中
stay,steɪ,n.& vi. 停留，逗留，呆,,,高考3500,3,,,新课标高考词汇,高中
steady,ˈstedɪ,a. 稳固的；平稳的,,,高考3500,3,,,新课标高考词汇,高中
steak,steɪk,n. 牛排，肉排，鱼排,,,高考3500,3,,,新课标高考词汇,高中
steal stole stolen,stiːl,vt. 偷， 窃取 【一般现在 过去式 过去分词】,,,高考3500,3,,,新课标高考词汇,高中
steam,stiːm,n. 汽，水蒸气,,,高考3500,3,,,新课标高考词汇,高中
steel,stiːl,n. 钢，钢铁,,,高考3500,3,,,新课标高考词汇,高中
steep,stiːp,a. 险峻的； 陡峭的,,,高考3500,3,,,新课标高考词汇,高中
step,step,n.脚步，台阶，梯级 vi.走，跨步,,,高考3500,3,,,新课标高考词汇,高中
step-mother,step-ˈmʌðə(r),n. 继母【连字符】,,,高考3500,3,,,新课标高考词汇,高中
steward,ˈstjuːəd; (US) ˈstuːərd,n. (火车、飞机、轮船等)男服务员；男乘务员,,,高考3500,3,,,新课标高考词汇,高中
stewardess,stjuːəˈdes， ˈstjuːədɪs,n.女乘务员，空中小姐,,,高考3500,3,,,新课标高考词汇,高中
stick stuck stuck,stɪk,vi. 粘住，钉住；坚持n. 木棒（棍），枝条 【一般现在 过去式 过去分词】,,,高考3500,3,,,新课标高考词汇,高中
still,stɪl,a.不动的，平静的ad.仍然，还,,,高考3500,3,,,新课标高考词汇,高中
stocking,ˈstɔkɪŋ,n. 长统袜,,,高考3500,3,,,新课标高考词汇,高中
stomach,ˈstʌmək,n. 胃，胃部,,,高考3500,3,,,新课标高考词汇,高中
stomachache,ˈstʌməkeɪk,n. 胃疼,,,高考3500,3,,,新课标高考词汇,高中
stone,stəʊn,n. 石头，石料,,,高考3500,3,,,新课标高考词汇,高中
stop,stɔp,n. 停；（停车）站 v. 停，停止，阻止,,,高考3500,3,,,新课标高考词汇,高中
stopwatch,ˈstɔpwɔtʃ,n. 记秒表；跑表,,,高考3500,3,,,新课标高考词汇,高中
storage,ˈstɔːrɪdʒ,n. 贮藏； 储存,,,高考3500,3,,,新课标高考词汇,高中
store,stɔː(r),n. 商店 vt. 储藏，存储,,,高考3500,3,,,新课标高考词汇,高中
storm,stɔːm,n. 风暴，暴（风）雨,,,高考3500,3,,,新课标高考词汇,高中
story,ˈstɔːrɪ,n. 故事，小说,,,高考3500,3,,,新课标高考词汇,高中
stout,staʊt,a. 肥壮的，厚实牢固的,,,高考3500,3,,,新课标高考词汇,高中
stove,stəʊv,n. （供烹饪用的 ）火炉，煤炉，电炉,,,高考3500,3,,,新课标高考词汇,高中
straight,streɪt,a. 一直的，直的 ad. 一直地，直地,,,高考3500,3,,,新课标高考词汇,高中
straightforward,streɪtˈfɔːwəd,a./ ad. 简单的，坦率的,,,高考3500,3,,,新课标高考词汇,高中
strait,streɪt,n. 海峡,,,高考3500,3,,,新课标高考词汇,高中
strange,streɪndʒ,a. 奇怪，奇特的，陌生的,,,高考3500,3,,,新课标高考词汇,高中
stranger,ˈstreɪndʒə(r),n. 陌生人，外人,,,高考3500,3,,,新课标高考词汇,高中
straw,strɔː,n. 稻草,,,高考3500,3,,,新课标高考词汇,高中
strawberry,ˈstrɔːbərɪ; (US) -berɪ,n. 草莓,,,高考3500,3,,,新课标高考词汇,高中
stream,striːm,n. 小河；溪流,,,高考3500,3,,,新课标高考词汇,高中
street,striːt,n. 街，街道,,,高考3500,3,,,新课标高考词汇,高中
strength,streŋθ,n. 力量，力气,,,高考3500,3,,,新课标高考词汇,高中
strengthen,ˈstreŋθ(ə)n,vt. 加强，增强,,,高考3500,3,,,新课标高考词汇,高中
stress,stres,n. 精神压力，心理负担 v. 强调，重读,,,高考3500,3,,,新课标高考词汇,高中
strict,strɪkt,a. 严格的，严密的,,,高考3500,3,,,新课标高考词汇,高中
strike,straɪk,v.（钟）鸣;敲（响），罢工,,,高考3500,3,,,新课标高考词汇,高中
string,strɪŋ,n. 细绳，线，带,,,高考3500,3,,,新课标高考词汇,高中
strong,strɔŋ; (US) strɔːɡ,a. 强(壮)的；坚固的；强烈的；坚强的,,,高考3500,3,,,新课标高考词汇,高中
struggle,ˈstrʌɡ(ə)l,vi. 斗争,,,高考3500,3,,,新课标高考词汇,高中
stubborn,ˈstʌbən,a. 固执的，倔强的,,,高考3500,3,,,新课标高考词汇,高中
student,ˈstjuːdənt,n. 学生,,,高考3500,3,,,新课标高考词汇,高中
studio,ˈstjuːdɪəʊ,n. 工作室，演播室,,,高考3500,3,,,新课标高考词汇,高中
study,ˈstʌdɪ,v. 学习；研究 n. 书房,,,高考3500,3,,,新课标高考词汇,高中
stupid,ˈstjuːpɪd,a. 愚蠢的，笨的,,,高考3500,3,,,新课标高考词汇,高中
style,staɪl,n. 方式，作风，款式,,,高考3500,3,,,新课标高考词汇,高中
subject,ˈsʌbdʒɪkt,a. 隶属的；受支配的；易受…的；在…条件下 vt. 使隶属；使服从；使受到 n. 题目；主题；学科；主语；主体,,,高考3500,3,,,新课标高考词汇,高中
subjective,səbˈdʒektɪv,a. 主观的,,,高考3500,3,,,新课标高考词汇,高中
submit,səbˈmɪt,v. 提交，呈递（文件，建议等）,,,高考3500,3,,,新课标高考词汇,高中
subscribe,səbˈskraɪb,v.订阅，订购（报刊等）,,,高考3500,3,,,新课标高考词汇,高中
substitute,ˈsʌbstɪtjuːt,v. 代替，取代,,,高考3500,3,,,新课标高考词汇,高中
subtraction,səbˈtrɔkʃ(ə)n,n.（算数中的）减,,,高考3500,3,,,新课标高考词汇,高中
succeed,səkˈsiːd,vi. 成功,,,高考3500,3,,,新课标高考词汇,高中
success,səkˈses,n. 成功,,,高考3500,3,,,新课标高考词汇,高中
successful,səkˈsesfʊl,a. 成功的，有成就的,,,高考3500,3,,,新课标高考词汇,高中
such,sʌtʃ,ad. 那么 pron. （泛指）人，事物 a.这样的，那样的,,,高考3500,3,,,新课标高考词汇,高中
suck,sʌk,vt. 吸吮,,,高考3500,3,,,新课标高考词汇,高中
sudden,ˈsʌd(ə)n,a. 突然的,,,高考3500,3,,,新课标高考词汇,高中
suffer,ˈsʌfə(r),vi. 受苦，遭受,,,高考3500,3,,,新课标高考词汇,高中
suffering,ˈsʌfərɪŋ,n. 痛苦，苦难,,,高考3500,3,,,新课标高考词汇,高中
sugar,ˈʃʊɡə(r),n. 糖,,,高考3500,3,,,新课标高考词汇,高中
suggest,səˈdʒest; (US) səɡˈdʒest,vt. 建议，提议,,,高考3500,3,,,新课标高考词汇,高中
suggestion,səˈdʒestʃ(ə)n,n. 建议,,,高考3500,3,,,新课标高考词汇,高中
suit,suːt， sjuːt,vt. 适合 n.一套（衣服）,,,高考3500,3,,,新课标高考词汇,高中
suite,swiːt,n. 套间；组曲,,,高考3500,3,,,新课标高考词汇,高中
suitable,ˈsjuːtəb(ə)l,a. 合适的，适宜的,,,高考3500,3,,,新课标高考词汇,高中
suitcase,ˈsjuːtkeɪs,n.(旅行用)小提箱，衣箱,,,高考3500,3,,,新课标高考词汇,高中
summary,ˈsʌmərɪ,n. 摘要，概要,,,高考3500,3,,,新课标高考词汇,高中
summer,ˈsʌmə(r),n. 夏天，夏季,,,高考3500,3,,,新课标高考词汇,高中
sun,sʌn,n. 太阳，阳光,,,高考3500,3,,,新课标高考词汇,高中
sunburnt,ˈsʌnbɜːnt,a. 晒黑的,,,高考3500,3,,,新课标高考词汇,高中
Sunday,ˈsʌndeɪ,n. 星期日,,,高考3500,3,,,新课标高考词汇,高中
sunglasses,ˈsʌnɡlɑːsɪs,n. 太阳眼镜，墨镜,,,高考3500,3,,,新课标高考词汇,高中
sunlight,ˈsʌnlaɪt,n. 日光，阳光,,,高考3500,3,,,新课标高考词汇,高中
sunny,ˈsʌnɪ,a. 晴朗的;阳光充足的,,,高考3500,3,,,新课标高考词汇,高中
sunrise,ˈsʌnraɪs,n. 黎明，拂晓,,,高考3500,3,,,新课标高考词汇,高中
sunset,ˈsʌnset,n. 日落(时分),,,高考3500,3,,,新课标高考词汇,高中
sunshine,ˈsʌnʃaɪn,n. 阳光,,,高考3500,3,,,新课标高考词汇,高中
super,ˈsuːpə(r)， ˈsjuːpə(r),a. 顶好的，超级的,,,高考3500,3,,,新课标高考词汇,高中
superb,suːˈpɜːb,a. 卓越的，质量极高的,,,高考3500,3,,,新课标高考词汇,高中
superior,suːˈpɪərɪə(r),a. 更胜一筹的 n. 上级，上司,,,高考3500,3,,,新课标高考词汇,高中
superman,ˈsuːpəman,n. 超人,,,高考3500,3,,,新课标高考词汇,高中
supermarket,ˈsuːpəmɑːkɪt,n. 超级市场,,,高考3500,3,,,新课标高考词汇,高中
supper,ˈsʌpə(r),n. 晚餐，晚饭,,,高考3500,3,,,新课标高考词汇,高中
supply,səˈplaɪ,vt.& n. 供给，供应,,,高考3500,3,,,新课标高考词汇,高中
support,səˈpɔːt,vt.& n. 支持，赞助,,,高考3500,3,,,新课标高考词汇,高中
suppose,səˈpəʊz,vt. 猜想，假定，料想,,,高考3500,3,,,新课标高考词汇,高中
supreme,suːˈpriːm,a.至高无上的，最高的,,,高考3500,3,,,新课标高考词汇,高中
sure,ʃʊə(r)， ʃɔː(r),a. 确信，肯定 ad. (口语)的确，一定，当然,,,高考3500,3,,,新课标高考词汇,高中
surface,ˈsɜːfɪs,n. 表面,,,高考3500,3,,,新课标高考词汇,高中
surgeon,ˈsɜːdʒ(ə)n,n. 外科医生,,,高考3500,3,,,新课标高考词汇,高中
surplus,ˈsɜːpləs,n. 过剩，剩余,,,高考3500,3,,,新课标高考词汇,高中
surprise,səˈpraɪz,vt. 使惊奇，使诧异 n. 惊奇，诧异,,,高考3500,3,,,新课标高考词汇,高中
surround,səˈraʊnd,vt. 围绕；包围,,,高考3500,3,,,新课标高考词汇,高中
surrounding,səˈraʊndɪŋ,a. 周围的,,,高考3500,3,,,新课标高考词汇,高中
survival,səˈvaɪv(ə)l,n. 存活，幸存,,,高考3500,3,,,新课标高考词汇,高中
survive,səˈvaɪv,v.生存，存活，幸免于难,,,高考3500,3,,,新课标高考词汇,高中
suspect,səˈspekt,n. 犯罪嫌疑人,,,高考3500,3,,,新课标高考词汇,高中
suspension,səˈspenʃ(ə)n,n.暂令停职，推迟，延期,,,高考3500,3,,,新课标高考词汇,高中
swallow,ˈswɔləʊ,vt. 吞下；咽下,,,高考3500,3,,,新课标高考词汇,高中
swap,swɔp,v. 交换（东西）,,,高考3500,3,,,新课标高考词汇,高中
swear swore sworn,sweə(r),v.咒骂.，诅咒 【一般现在 过去式 过去分词】,,,高考3500,3,,,新课标高考词汇,高中
sweat,swet,n. 汗，汗水,,,高考3500,3,,,新课标高考词汇,高中
sweater,ˈswetə(r),n. 厚运动衫，毛衣 ,,,高考3500,3,,,新课标高考词汇,高中
sweep swept swept,swiːp,v. 扫除，扫 【一般现在 过去式 过去分词】,,,高考3500,3,,,新课标高考词汇,高中
sweet,swiːt,n.甜食;蜜饯;甜点;糖果;芳香a.甜的;新鲜的;可爱的;亲切的,,,高考3500,3,,,新课标高考词汇,高中
swell swelled swollen,swel,v. 肿胀 【一般现在 过去式 过去分词】,,,高考3500,3,,,新课标高考词汇,高中
swift,swɪft,a. 快的，迅速的,,,高考3500,3,,,新课标高考词汇,高中
swim,swɪm,n. 游泳，游,,,高考3500,3,,,新课标高考词汇,高中
swim swam swum,swɪm,vi. 游泳，游 【一般现在 过去式 过去分词】,,,高考3500,3,,,新课标高考词汇,高中
swimming,ˈswɪmɪŋ,n. 游泳,,,高考3500,3,,,新课标高考词汇,高中
swimming pool,ˈswɪmɪŋ puːl,n. 游泳池,,,高考3500,3,,,新课标高考词汇,高中
swing,swɪŋ,vt. 挥舞，摆动 n. 秋千,,,高考3500,3,,,新课标高考词汇,高中
Swiss,swɪŋ,a. 瑞士人的 n. 瑞士人,,,高考3500,3,,,新课标高考词汇,高中
Switzerland,ˈswɪtsələnd,* n. 瑞士,,,高考3500,3,,,新课标高考词汇,高中
switch,swɪtʃ,v./ n. 开关，转换，改变,,,高考3500,3,,,新课标高考词汇,高中
sword,sɔːd,n. 剑，刀,,,高考3500,3,,,新课标高考词汇,高中
symbol,ˈsɪmb(ə)l,n. 象征,,,高考3500,3,,,新课标高考词汇,高中
sympathy,ˈsɪmpəθɪ,n. 同情,,,高考3500,3,,,新课标高考词汇,高中
symphony,ˈsɪmfənɪ,n. 交响乐,,,高考3500,3,,,新课标高考词汇,高中
symptom,ˈsɪmfənɪ,n. 症状,,,高考3500,3,,,新课标高考词汇,高中
system,ˈsɪstəm,n. 体系；系统,,,高考3500,3,,,新课标高考词汇,高中
systematic,sɪstəˈmætɪk,a.系统的，有条理的,,,高考3500,3,,,新课标高考词汇,高中
table,ˈteɪb(ə)l,n. 桌子，表格,,,高考3500,3,,,新课标高考词汇,高中
table tennis,ˈteɪb(ə)l ˈtenɪs,n. 乒乓球,,,高考3500,3,,,新课标高考词汇,高中
tablet,'tæblət,n. 药片,,,高考3500,3,,,新课标高考词汇,高中
tail,teɪl,n. (动物的)尾巴,,,高考3500,3,,,新课标高考词汇,高中
tailor,ˈteɪlə(r),n. 裁缝,,,高考3500,3,,,新课标高考词汇,高中
take took taken,teɪk,vt. 拿；拿走；做；服用；乘坐；花费 【一般现在 过去式 过去分词】,,,高考3500,3,,,新课标高考词汇,高中
tale,teɪl,n. 故事， 传说,,,高考3500,3,,,新课标高考词汇,高中
talent,ˈtælənt,n. 天才，天赋,,,高考3500,3,,,新课标高考词汇,高中
talk,tɔːk,n.& v.谈话，讲话，演讲，交谈,,,高考3500,3,,,新课标高考词汇,高中
tall,tɔːl,a. 高的,,,高考3500,3,,,新课标高考词汇,高中
tank,tæŋk,n. 储水容量；坦克,,,高考3500,3,,,新课标高考词汇,高中
tanker,ˈtæŋkə(r),n. 油船,,,高考3500,3,,,新课标高考词汇,高中
tap,tæp,n. (自来水煤气等的)龙头,,,高考3500,3,,,新课标高考词汇,高中
tape,teɪp,n. 磁带；录音带,,,高考3500,3,,,新课标高考词汇,高中
tape recorder,teɪp rɪˈkɔːdə(r),n. 磁带录音机,,,高考3500,3,,,新课标高考词汇,高中
target,ˈtɑːɡɪt,n./ v. 目标，把…作为攻击目标,,,高考3500,3,,,新课标高考词汇,高中
task,tɑːsk; (US) tæsk,n. 任务， 工作,,,高考3500,3,,,新课标高考词汇,高中
taste,teɪst,n. 品尝， 尝味；味道 vt. 品尝， 尝味,,,高考3500,3,,,新课标高考词汇,高中
tasteless,ˈteɪstlɪs,a. 无滋味的,,,高考3500,3,,,新课标高考词汇,高中
tasty,ˈteɪstɪ,a. 味道好的,,,高考3500,3,,,新课标高考词汇,高中
tax,tæks,n. 税，税款,,,高考3500,3,,,新课标高考词汇,高中
tax-free,tæks friː,免税的,,,高考3500,3,,,新课标高考词汇,高中
taxi,ˈtæksɪ,n. 出租汽车,,,高考3500,3,,,新课标高考词汇,高中
taxpayer,,n. 纳税人,,,高考3500,3,,,新课标高考词汇,高中
tea,tiː,n. 茶；茶叶 ,,,高考3500,3,,,新课标高考词汇,高中
teach taught taught,tiː,v. 教书，教,,,高考3500,3,,,新课标高考词汇,高中
teacher,ˈtiːtʃə(r),n. 教师，教员,,,高考3500,3,,,新课标高考词汇,高中
team,tiːm,n. 队，组,,,高考3500,3,,,新课标高考词汇,高中
teamwork,ˈtiːmwɜːk,n. 合作，协同工作,,,高考3500,3,,,新课标高考词汇,高中
teapot,ˈtiːpɔt,n. 茶壶,,,高考3500,3,,,新课标高考词汇,高中
tear,teə(r),n. 眼泪 v. 扯破， 撕开,,,高考3500,3,,,新课标高考词汇,高中
tease,tiːz,v. 取笑，戏弄，寻开心,,,高考3500,3,,,新课标高考词汇,高中
technical,ˈteknɪk(ə)l,a. 技术的，工艺的,,,高考3500,3,,,新课标高考词汇,高中
technique,ˈteknɪk(ə)l,n. 技术;技巧，方法,,,高考3500,3,,,新课标高考词汇,高中
technology,tekˈnɔlədʒɪ,n. 技术,,,高考3500,3,,,新课标高考词汇,高中
teenager,ˈtiːneɪdʒə(r),n.（13～19岁的）青少年，十几岁的少年,,,高考3500,3,,,新课标高考词汇,高中
telegram,ˈtelɪɡræm,n. 电报,,,高考3500,3,,,新课标高考词汇,高中
telegraph,ˈtelɪɡrɑːf; (US) -ɡræf,v. (拍) 电报,,,高考3500,3,,,新课标高考词汇,高中
telephone,ˈtelɪɡrɑːf; (US) -ɡræf,v. 打电话 n. 电话,,,高考3500,3,,,新课标高考词汇,高中
telephone-booth,,n. 公用电话间（也可写作 / telephone-box）【连字符】,,,高考3500,3,,,新课标高考词汇,高中
telescope,ˈtelɪɡrɑːf; (US) -ɡræf,n. 望远镜,,,高考3500,3,,,新课标高考词汇,高中
television,ˈtelɪɡrɑːf; (US) -ɡræf,n. 电视,,,高考3500,3,,,新课标高考词汇,高中
tell told told,tel,vt.告诉，讲述，吩咐 【一般现在 过去式 过去分词】,,,高考3500,3,,,新课标高考词汇,高中
temperature,ˈtemprɪtʃə(r),n. 温度,,,高考3500,3,,,新课标高考词汇,高中
temple,ˈtemp(ə)l,n. 庙宇，寺院,,,高考3500,3,,,新课标高考词汇,高中
temporary,ˈtempərərɪ,a. 短暂的，暂时的,,,高考3500,3,,,新课标高考词汇,高中
temptation,tempˈteɪʃ(ə)n,n. 引诱；诱惑,,,高考3500,3,,,新课标高考词汇,高中
tend,tend,v. 往往会，常常就，倾向，趋于,,,高考3500,3,,,新课标高考词汇,高中
tendency,ˈtendənsɪ,n. 倾向，偏好，性情,,,高考3500,3,,,新课标高考词汇,高中
tennis,ˈtenɪs,n. 网球,,,高考3500,3,,,新课标高考词汇,高中
ten,ten,num. 十,,,高考3500,3,,,新课标高考词汇,高中
tense,tens,a. 心烦意乱的，紧张的,,,高考3500,3,,,新课标高考词汇,高中
tension,ˈtenʃ(ə)n,n. 紧张局势，矛盾,,,高考3500,3,,,新课标高考词汇,高中
tent,tent,n. 帐篷,,,高考3500,3,,,新课标高考词汇,高中
tentative,tent,a. 不确定的，踌躇的,,,高考3500,3,,,新课标高考词汇,高中
term,tɜːm,n. 学期;术语;条款;项,,,高考3500,3,,,新课标高考词汇,高中
terminal,tɜːm,a.(火车汽车飞机)终点站,,,高考3500,3,,,新课标高考词汇,高中
terrible,ˈterɪb(ə)l,a. 可怕的；糟糕的,,,高考3500,3,,,新课标高考词汇,高中
terrify,ˈterɪfaɪ,vt. 使人感到恐怖,,,高考3500,3,,,新课标高考词汇,高中
terror,ˈterə(r),n. 恐惧，惊恐,,,高考3500,3,,,新课标高考词汇,高中
test,test,vt.& n. 测试， 考查，试验,,,高考3500,3,,,新课标高考词汇,高中
text,tekst,n. 文本，课文,,,高考3500,3,,,新课标高考词汇,高中
textbook,'tɛkstbʊk,n. 课本，教科书,,,高考3500,3,,,新课标高考词汇,高中
than,ðen， ðæn,conj. 比,,,高考3500,3,,,新课标高考词汇,高中
thank,θæŋk,vt. 感谢，致谢，道谢 n. （复）感谢，谢意,,,高考3500,3,,,新课标高考词汇,高中
thankful,ˈθæŋkfʊl,a. 感谢的，感激的,,,高考3500,3,,,新课标高考词汇,高中
that,ðæt,a.& pron.那，那个 conj. 那，那个（引导宾语从句等）ad. 那么，那样,,,高考3500,3,,,新课标高考词汇,高中
the,ðə， ðɪ， ðiː,art. 这（那）个，这（那）些（用于特定人或物，序数词，最高级，专有名词，世上独一 无二事物前）,,,高考3500,3,,,新课标高考词汇,高中
theatre,ˈθiətə,n. 剧场，戏院 【英】,,,高考3500,3,,,新课标高考词汇,高中
theater,ˈθiətə,n. 剧场，戏院 【美】,,,高考3500,3,,,新课标高考词汇,高中
theft,θeft,n. 盗窃案,,,高考3500,3,,,新课标高考词汇,高中
their,ðeə(r),pron. 他(她，它)们的,,,高考3500,3,,,新课标高考词汇,高中
theirs,ðeəz,pron. 他（她，它）们的,,,高考3500,3,,,新课标高考词汇,高中
them,ð(ə)m， ðem,pron. 他/她/它们（宾格）,,,高考3500,3,,,新课标高考词汇,高中
theme,θiːm,n. 主题,,,高考3500,3,,,新课标高考词汇,高中
themselves,ðəmˈselvz,pron.他/她/它们自己,,,高考3500,3,,,新课标高考词汇,高中
then,ðen,ad. 当时，那时，然后，那么,,,高考3500,3,,,新课标高考词汇,高中
theoretical,θɪəˈretɪk(ə)l,a. 理论的,,,高考3500,3,,,新课标高考词汇,高中
theory,θɪəˈretɪk(ə)l,n. 理论,,,高考3500,3,,,新课标高考词汇,高中
there,ðeə(r),int. 那！你瞧（表示引起注意） n. 那里，那儿 ad. 在那里，往那里；（作引导词）表”存在',,,高考3500,3,,,新课标高考词汇,高中
therefore,ˈðeəfɔː(r),ad. 因此，所以,,,高考3500,3,,,新课标高考词汇,高中
thermos,ˈθɜːmɔs,n. 热水瓶,,,高考3500,3,,,新课标高考词汇,高中
these,ˈθɜːmɔs,a. & pron. 这些,,,高考3500,3,,,新课标高考词汇,高中
they,ðeɪ,pron. 他（她）们；它们,,,高考3500,3,,,新课标高考词汇,高中
thick,θɪk,a. 厚的,,,高考3500,3,,,新课标高考词汇,高中
thief thieves,θiːf,n. 窃贼， 小偷【单数 复数】,,,高考3500,3,,,新课标高考词汇,高中
thin,θɪn,a. 薄的；瘦的；稀的,,,高考3500,3,,,新课标高考词汇,高中
thing,θɪŋ,n. 东西；(复)物品，用品；事情，事件,,,高考3500,3,,,新课标高考词汇,高中
think thought thought,θɪŋk,v. 想；认为；考虑 【一般现在 过去式 过去分词】,,,高考3500,3,,,新课标高考词汇,高中
thinking,ˈθɪŋkɪŋ,n. 思索;见解;想法,,,高考3500,3,,,新课标高考词汇,高中
third,θɜːd,num. 第三,,,高考3500,3,,,新课标高考词汇,高中
thirst,θɜːd,n. 渴； 口渴,,,高考3500,3,,,新课标高考词汇,高中
thirsty,ˈθɜːstɪ,a. 渴,,,高考3500,3,,,新课标高考词汇,高中
thirteen,θɜːˈtiːn,num. 十三,,,高考3500,3,,,新课标高考词汇,高中
thirty,ˈθɜːtɪ,num. 三十,,,高考3500,3,,,新课标高考词汇,高中
this,ðɪs,a.& pron.这，这个,,,高考3500,3,,,新课标高考词汇,高中
thorough,ˈθʌrə; (US) ˈθʌrəʊ,a. 彻底的,,,高考3500,3,,,新课标高考词汇,高中
those,ðəʊz,a.& pron.那些,,,高考3500,3,,,新课标高考词汇,高中
though,ðəʊ,conj. 虽然，可是,,,高考3500,3,,,新课标高考词汇,高中
thought,θɔːt,n. 思考，思想;念头,,,高考3500,3,,,新课标高考词汇,高中
thousand,ˈθaʊzənd,num. 千,,,高考3500,3,,,新课标高考词汇,高中
thread,θred,n. 线,,,高考3500,3,,,新课标高考词汇,高中
three,θriː,num. 三,,,高考3500,3,,,新课标高考词汇,高中
thrill,θrɪl,n./ v. 兴奋，激动,,,高考3500,3,,,新课标高考词汇,高中
thriller,ˈθrɪlə(r),n. 惊险小说,,,高考3500,3,,,新课标高考词汇,高中
throat,θrəʊt,n. 喉咙,,,高考3500,3,,,新课标高考词汇,高中
through,θruː,prep.穿（通）过;从始至终 ad.穿(通)过;自始至终，全部,,,高考3500,3,,,新课标高考词汇,高中
throughout,θruːˈaʊt,prep. 遍及，贯穿,,,高考3500,3,,,新课标高考词汇,高中
throw threw thrown,θrəʊ,v.投，掷，扔 【一般现在 过去式 过去分词】,,,高考3500,3,,,新课标高考词汇,高中
thunder,ˈθʌndə(r),n.& v. 雷声，打雷,,,高考3500,3,,,新课标高考词汇,高中
thunderstorm,ˈθʌndəstɔːm,n.雷电交加暴风雨,,,高考3500,3,,,新课标高考词汇,高中
Thursday,ˈθɜːzdeɪ,n. 星期四,,,高考3500,3,,,新课标高考词汇,高中
thus,ðʌs,ad. 这样；因而,,,高考3500,3,,,新课标高考词汇,高中
Tibet,tiˈbet,n. 西藏,,,高考3500,3,,,新课标高考词汇,高中
Tibetan,tiˈbetən,n. 西藏人；西藏语,,,高考3500,3,,,新课标高考词汇,高中
tick,tɪk,vt. 作记号,,,高考3500,3,,,新课标高考词汇,高中
ticket,ˈtɪkɪt,n. 票；卷,,,高考3500,3,,,新课标高考词汇,高中
tidy,ˈtɪkɪt,a. 整洁的，干净的 vt. 弄整洁，弄干净,,,高考3500,3,,,新课标高考词汇,高中
tie,taɪ,vt. （用绳，线）系，拴，扎 n. 领带，绳子，结；关系,,,高考3500,3,,,新课标高考词汇,高中
tiger,ˈtaɪɡə(r),n. 老虎,,,高考3500,3,,,新课标高考词汇,高中
tight,taɪt,a. 紧的,,,高考3500,3,,,新课标高考词汇,高中
till,tɪl,conj.& prep.直到，直到…为止,,,高考3500,3,,,新课标高考词汇,高中
time,taɪm,n. 时间;时期;钟点，次，回 vt.测定…的时间，记录…的时间,,,高考3500,3,,,新课标高考词汇,高中
timetable,ˈtaɪmteɪb(ə)l,n. （火车、公共汽车等）时间表；（学校）课表,,,高考3500,3,,,新课标高考词汇,高中
tin,tɪn,n. （英）罐头，听头,,,高考3500,3,,,新课标高考词汇,高中
tiny,ˈtaɪnɪ,adj.  tinier， tiniest  a. 极小的，微小的,,,高考3500,3,,,新课标高考词汇,高中
tip,tɪp,n.& v.顶端，尖端；告诫； 提示 (给)小费,,,高考3500,3,,,新课标高考词汇,高中
tire,ˈtaɪə(r),vi. 使疲劳,,,高考3500,3,,,新课标高考词汇,高中
tired,ˈtaɪəd,a. 疲劳的，累的,,,高考3500,3,,,新课标高考词汇,高中
tiresome,,a. 令人厌倦的,,,高考3500,3,,,新课标高考词汇,高中
tissue,ˈtɪʃuː， ˈtɪsjuː,n. （人，动植物的）组织，纸巾,,,高考3500,3,,,新课标高考词汇,高中
title,ˈtɪʃuː， ˈtɪsjuː,n. 标题，题目,,,高考3500,3,,,新课标高考词汇,高中
to,tʊ， tuː,prep. （动词不定式符号，无词义）；（表示接受动作的人或物）给；对，向，到；在…之前,,,高考3500,3,,,新课标高考词汇,高中
toast,təʊst,v./ n. 烤,,,高考3500,3,,,新课标高考词汇,高中
tobacco,təʊst,n. 烟草，烟叶,,,高考3500,3,,,新课标高考词汇,高中
today,təʊst,ad.& n.今天;现在，当前,,,高考3500,3,,,新课标高考词汇,高中
together,təʊst,ad. 一起，共同,,,高考3500,3,,,新课标高考词汇,高中
toilet,ˈtɔɪlɪt,n. 厕所,,,高考3500,3,,,新课标高考词汇,高中
Tokyo,ˈtəʊkjəʊ,n. 东京,,,高考3500,3,,,新课标高考词汇,高中
tolerate,ˈtɔləreɪt,v. 容许，允许，忍受,,,高考3500,3,,,新课标高考词汇,高中
tomato,təˈmɑːtəʊ; (US) təˈmeɪtəʊ,n. 西红柿，番茄,,,高考3500,3,,,新课标高考词汇,高中
tomb,tuːm,n. 坟墓,,,高考3500,3,,,新课标高考词汇,高中
tomorrow,təˈmɔrəʊ,ad. & n.明天,,,高考3500,3,,,新课标高考词汇,高中
ton,təˈmɔrəʊ,n. （重量单位）吨,,,高考3500,3,,,新课标高考词汇,高中
tongue,tʌŋ,n. 舌，舌头,,,高考3500,3,,,新课标高考词汇,高中
tonight,təˈnaɪt,ad.& n. 今晚，今夜,,,高考3500,3,,,新课标高考词汇,高中
too,təˈnaɪt,ad.也，还，又，太，过分，很，非常,,,高考3500,3,,,新课标高考词汇,高中
tool,tuːl,n. 工具，器具,,,高考3500,3,,,新课标高考词汇,高中
tooth teeth,tuːθ,n. 牙齿【单数 复数】,,,高考3500,3,,,新课标高考词汇,高中
toothache,ˈtuːθeɪk,n. 牙痛,,,高考3500,3,,,新课标高考词汇,高中
toothbrush,ˈtuːθbrʌʃ,n. 牙刷,,,高考3500,3,,,新课标高考词汇,高中
toothpaste,ˈtuːθpeɪst,n. 牙膏,,,高考3500,3,,,新课标高考词汇,高中
top,tɔp,n. 顶部，（物体的）上面,,,高考3500,3,,,新课标高考词汇,高中
topic,ˈtɔpɪk,n. 题目，话题,,,高考3500,3,,,新课标高考词汇,高中
tortoise,ˈtɔpɪk,n. 乌龟,,,高考3500,3,,,新课标高考词汇,高中
total,ˈtəʊt(ə)l,a. 总数的;总括的;完全的，全然的 n.合计，总计 v.合计为,,,高考3500,3,,,新课标高考词汇,高中
totally,ˈtɔt(ə)lɪ,ad. 总合地，完全地,,,高考3500,3,,,新课标高考词汇,高中
touch,tʌtʃ,vt. 触摸，接触,,,高考3500,3,,,新课标高考词汇,高中
tough,ˈtɔt(ə)lɪ,a. 坚硬的；结实的；棘手的，难解的,,,高考3500,3,,,新课标高考词汇,高中
tour,tʊə(r),n. 参观， 观光， 旅行,,,高考3500,3,,,新课标高考词汇,高中
tourism,ˈtʊərɪz(ə)m,n. 旅游业；观光,,,高考3500,3,,,新课标高考词汇,高中
tourist,ˈtʊərɪst,vn. 旅行者，观光者,,,高考3500,3,,,新课标高考词汇,高中
tournament,ˈtʊənəmənt; (US) ˈtɜːrn-,n. 锦标赛，联赛,,,高考3500,3,,,新课标高考词汇,高中
toward,təˈwɔːd,prep. 向，朝，对于,,,高考3500,3,,,新课标高考词汇,高中
towel,ˈtaʊəl,n. 毛巾,,,高考3500,3,,,新课标高考词汇,高中
tower,ˈtaʊə(r),n. 塔,,,高考3500,3,,,新课标高考词汇,高中
town,taʊn,n. 城镇，城,,,高考3500,3,,,新课标高考词汇,高中
toy,tɔɪ,n. 玩具， 玩物,,,高考3500,3,,,新课标高考词汇,高中
track,træk,n. 轨道；田径,,,高考3500,3,,,新课标高考词汇,高中
tractor,ˈtræktə(r),n. 拖拉机,,,高考3500,3,,,新课标高考词汇,高中
trade,treɪd,n.贸易 vt.用…进行交换,,,高考3500,3,,,新课标高考词汇,高中
tradition,trəˈdɪʃ(ə)n,n. 传统，风俗,,,高考3500,3,,,新课标高考词汇,高中
traditional,trəˈdɪʃ(ə)n,a. 传统的，风俗的,,,高考3500,3,,,新课标高考词汇,高中
traffic,ˈtræfɪk,n. 交通，来往车辆,,,高考3500,3,,,新课标高考词汇,高中
traffic lights,ˈtræfɪk laɪts,n.交通指挥灯红绿灯,,,高考3500,3,,,新课标高考词汇,高中
train,treɪn,n. 火车 v. 培训，训练,,,高考3500,3,,,新课标高考词汇,高中
trainer,treɪˈnə(r),n. 训练人；教练,,,高考3500,3,,,新课标高考词汇,高中
training,ˈtreɪnɪŋ,n. 培训,,,高考3500,3,,,新课标高考词汇,高中
tram,træm,n. 有轨电车,,,高考3500,3,,,新课标高考词汇,高中
transform,trænsˈfɔːm,v.使改变形态，使改观,,,高考3500,3,,,新课标高考词汇,高中
translate,trænsˈleɪt,vt. 翻译,,,高考3500,3,,,新课标高考词汇,高中
translation,trænsˈleɪʃ(ə)n,n. 翻译；译文,,,高考3500,3,,,新课标高考词汇,高中
transparent,trænsˈpærənt,a.透明的，清澈的,,,高考3500,3,,,新课标高考词汇,高中
translator,trænsˈleitə,n. 翻译家，译者,,,高考3500,3,,,新课标高考词汇,高中
transport,trænsˈpɔːt,n.& vt.运输,,,高考3500,3,,,新课标高考词汇,高中
trap,træp,n. 陷阱 vt. 使陷入困境,,,高考3500,3,,,新课标高考词汇,高中
travel,ˈtræv(ə)l,n.& vi.旅行,,,高考3500,3,,,新课标高考词汇,高中
traveler,ˈtrævələ(r),n. 旅行者,,,高考3500,3,,,新课标高考词汇,高中
treasure,ˈtreʒə(r),n. 金银财宝， 财富,,,高考3500,3,,,新课标高考词汇,高中
treat,triːt,vt. 对待，看待,,,高考3500,3,,,新课标高考词汇,高中
treatment,ˈtriːtmənt,n. 治疗，疗法,,,高考3500,3,,,新课标高考词汇,高中
tree,triː,n. 树,,,高考3500,3,,,新课标高考词汇,高中
tremble,ˈtremb(ə)l,v. 颤抖,,,高考3500,3,,,新课标高考词汇,高中
trend,trend,n. 趋势，倾向，动态,,,高考3500,3,,,新课标高考词汇,高中
trial,ˈtraɪəl,n. 审判；试验；试用,,,高考3500,3,,,新课标高考词汇,高中
triangle,ˈtraɪæŋɡ(ə)l,n.& adj.三角形;三角形的,,,高考3500,3,,,新课标高考词汇,高中
trick,trɪk,n. 诡计，把戏,,,高考3500,3,,,新课标高考词汇,高中
trip,trɪp,n. 旅行，旅程,,,高考3500,3,,,新课标高考词汇,高中
trolley-bus,ˈtrɔlɪ- bʌs,n. 无轨电车,,,高考3500,3,,,新课标高考词汇,高中
trooping,,vi. 成群结队地走,,,高考3500,3,,,新课标高考词汇,高中
troop,truːp,n. 部队,,,高考3500,3,,,新课标高考词汇,高中
trouble,ˈtrʌb(ə)l,vt. 使苦恼，使忧虑，使麻烦 n.问题，疾病，烦恼，麻烦,,,高考3500,3,,,新课标高考词汇,高中
troublesome,ˈtrʌb(ə)lsəm,a.令人烦恼， 讨厌,,,高考3500,3,,,新课标高考词汇,高中
trousers,ˈtraʊzəz,n. 裤子，长裤,,,高考3500,3,,,新课标高考词汇,高中
truck,trʌk,n. 卡车， 运货车；车皮 v. 装车；用货车运,,,高考3500,3,,,新课标高考词汇,高中
true,truː,a. 真的，真实的；忠诚的,,,高考3500,3,,,新课标高考词汇,高中
truly,ˈtruːlɪ,ad. 真正地，真实地,,,高考3500,3,,,新课标高考词汇,高中
trunk,trʌŋk,n. 树干；大箱子,,,高考3500,3,,,新课标高考词汇,高中
trust,trʌst,vt. 相信，信任，信赖,,,高考3500,3,,,新课标高考词汇,高中
truth,truːθ,n. 真理，事实，真相，实际,,,高考3500,3,,,新课标高考词汇,高中
try,truːθ,v. 试，试图，努力,,,高考3500,3,,,新课标高考词汇,高中
T-shirt,tiː- ʃɜːt,n. T恤衫,,,高考3500,3,,,新课标高考词汇,高中
tube,tjuːb; (US) tuːb,n. 管，管状物,,,高考3500,3,,,新课标高考词汇,高中
tune,tjuːn; (US) tuːn,n. 曲调，曲子,,,高考3500,3,,,新课标高考词汇,高中
Tuesday,ˈtjuːzdeɪ,n. 星期二,,,高考3500,3,,,新课标高考词汇,高中
turkey,ˈtɜːkɪ,n. 火鸡,,,高考3500,3,,,新课标高考词汇,高中
turn,tɜːn,v. 旋转，翻转，转变，转弯 n. 轮流，（轮流的）顺序,,,高考3500,3,,,新课标高考词汇,高中
turning n,ˈtɜːnɪŋ,. 拐弯处，拐角处,,,高考3500,3,,,新课标高考词汇,高中
tutor,ˈtjuːtə(r),n. 家庭教师，私人教师，导师,,,高考3500,3,,,新课标高考词汇,高中
TV,‚tiːˈviː,n. 电视机 television的缩写,,,高考3500,3,,,新课标高考词汇,高中
twelfth,twelfθ,num. 第十二,,,高考3500,3,,,新课标高考词汇,高中
twelve,twelv,num. 十二,,,高考3500,3,,,新课标高考词汇,高中
twentieth,ˈtwɛntɪɪθ,vnum.第二十,,,高考3500,3,,,新课标高考词汇,高中
twenty,ˈtwentɪ,num. 二十,,,高考3500,3,,,新课标高考词汇,高中
twenty-first,ˈtwentɪ- fɜːst,num. 第二十一,,,高考3500,3,,,新课标高考词汇,高中
twenty-one,ˈtwentɪ- wʌn,num. 二十一,,,高考3500,3,,,新课标高考词汇,高中
twice,twaɪs,ad. 两次；两倍,,,高考3500,3,,,新课标高考词汇,高中
twin,twɪst,n. 双胞胎之一,,,高考3500,3,,,新课标高考词汇,高中
twist,twɪst,v./ n. 使弯曲，转动,,,高考3500,3,,,新课标高考词汇,高中
two,tuː,num. 二,,,高考3500,3,,,新课标高考词汇,高中
type,ˈtaɪp,vt. 打字,,,高考3500,3,,,新课标高考词汇,高中
typewriter,ˈtaɪpraɪtə(r),n. 打字机,,,高考3500,3,,,新课标高考词汇,高中
typical,ˈtɪpɪk(ə)l,a. 典型的，有代表性的，特有的,,,高考3500,3,,,新课标高考词汇,高中
typhoon,taɪˈfuːn,n. 台风,,,高考3500,3,,,新课标高考词汇,高中
typist,ˈtaɪpɪst,n. 打字员,,,高考3500,3,,,新课标高考词汇,高中
tyre,taɪə,n. 轮胎【英】,,,高考3500,3,,,新课标高考词汇,高中
ugly,ˈʌɡlɪ,a. 丑陋的；难看的,,,高考3500,3,,,新课标高考词汇,高中
U.K.,juː ˈkeɪ,n.英国，联合王国（缩写）,,,高考3500,3,,,新课标高考词汇,高中
umbrella,ʌmˈbrelə,n. 雨伞,,,高考3500,3,,,新课标高考词汇,高中
U.N.,juː ˈən,n. 联合国（缩写）,,,高考3500,3,,,新课标高考词汇,高中
unable,juː ˈən,a.不能的，不能胜任的,,,高考3500,3,,,新课标高考词汇,高中
unbearable,ʌnˈbeərəb(ə)l,a.难耐得，无法接受的,,,高考3500,3,,,新课标高考词汇,高中
unbelievable,ʌnbɪˈliːvəb(ə)l,a.难以置信的,,,高考3500,3,,,新课标高考词汇,高中
uncertain,ˈsɜːt(ə)n,a.不确定的,,,高考3500,3,,,新课标高考词汇,高中
uncle,ˈʌŋk(ə)l,n. 叔，伯，舅，姑夫，姨父,,,高考3500,3,,,新课标高考词汇,高中
uncomfortable,ʌnˈkʌmftəb(ə)l,a. 令人不舒服的,,,高考3500,3,,,新课标高考词汇,高中
unconditional,ʌnkənˈdɪʃən(ə)l,a.无条件，绝对的,,,高考3500,3,,,新课标高考词汇,高中
unconscious,ʌnˈkɔnʃəs,a.昏迷，不省人事的,,,高考3500,3,,,新课标高考词汇,高中
under,ˈʌndə(r),ad.& prep.在…下面，向…下面,,,高考3500,3,,,新课标高考词汇,高中
underground,ʌndəˈɡraʊnd,a.地下的 n. 地铁,,,高考3500,3,,,新课标高考词汇,高中
underline,ʌndəˈlaɪn,v. 在…下划线,,,高考3500,3,,,新课标高考词汇,高中
understand understood understood,ʌndəˈstænd,v. 懂得;明白;理解 【一般现在 过去式 过去分词】,,,高考3500,3,,,新课标高考词汇,高中
understanding,ʌndəˈstændɪŋ,n. 领会;理解,,,高考3500,3,,,新课标高考词汇,高中
undertake undertook undertaken,ʌndəˈteɪk,v. 承担，从事，负责 【一般现在 过去式 过去分词】,,,高考3500,3,,,新课标高考词汇,高中
underwear,ˈʌndəweə(r),n. 内衣,,,高考3500,3,,,新课标高考词汇,高中
undivided,ʌndɪˈvaɪdɪd,a. 没分开的；专一的； 专心的,,,高考3500,3,,,新课标高考词汇,高中
undo,ʌnˈduː,v. 解开，松开,,,高考3500,3,,,新课标高考词汇,高中
unemployment,ʌnɪmˈplɔɪmənt,n.失业，失业状态,,,高考3500,3,,,新课标高考词汇,高中
unfair,ʌnˈfeə(r),a. 不公平的，不公正的,,,高考3500,3,,,新课标高考词汇,高中
unfit,ʌnˈfɪt,a. 不合宜的，不相宜的,,,高考3500,3,,,新课标高考词汇,高中
unfold,ʌnˈfəʊld,vt. 展开，打开,,,高考3500,3,,,新课标高考词汇,高中
unfortunate,ʌnˈfəʊld,a. 不幸的,,,高考3500,3,,,新课标高考词汇,高中
unfortunately,ʌnˈfɔːtjʊnətlɪ,ad. 不幸地,,,高考3500,3,,,新课标高考词汇,高中
unhappy,ʌnˈfɔːtjʊnətlɪ,a. 不高兴的，伤心的,,,高考3500,3,,,新课标高考词汇,高中
unhealthy,ʌnˈhelθɪ,a.不健康的，不卫生的,,,高考3500,3,,,新课标高考词汇,高中
uniform,ˈjuːnɪfɔːm,n. 制服,,,高考3500,3,,,新课标高考词汇,高中
unimportant,ʌnɪmˈpɔːt(e)nt,a.不重要的，无意义,,,高考3500,3,,,新课标高考词汇,高中
union,ˈjuːnjən,n. 联合，联盟；工会,,,高考3500,3,,,新课标高考词汇,高中
unique,jʊˈniːk,a. 惟一的，独一无二的,,,高考3500,3,,,新课标高考词汇,高中
unit,ˈjuːnɪt,n. 单元，单位,,,高考3500,3,,,新课标高考词汇,高中
unite,jʊˈnaɪt,v. 联合，团结,,,高考3500,3,,,新课标高考词汇,高中
universal,juːnɪˈvɜːs(ə)l,a. 普遍的，全体的,,,高考3500,3,,,新课标高考词汇,高中
universe,ˈjuːnɪvɜːs,n. 宇宙,,,高考3500,3,,,新课标高考词汇,高中
university,juːnɪˈvɜːsɪtɪ,n. 大学,,,高考3500,3,,,新课标高考词汇,高中
unknown,juːnɪˈvɜːsɪtɪ,a. 不知道的,,,高考3500,3,,,新课标高考词汇,高中
unless,ʌnˈles,conj. 如果不，除非,,,高考3500,3,,,新课标高考词汇,高中
unlike,ʌnˈlaɪk,prep. 不像，和…不同,,,高考3500,3,,,新课标高考词汇,高中
unmarried,ʌnˈmærɪd,a. 未婚的，独身的,,,高考3500,3,,,新课标高考词汇,高中
unpleasant,ʌnˈplez(ə)nt,a. 使人不愉快的,,,高考3500,3,,,新课标高考词汇,高中
unrest,ʌnˈrest,n. 不安；骚动,,,高考3500,3,,,新课标高考词汇,高中
unsafe,ʌnˈseɪf,a. 不安全的；危险的,,,高考3500,3,,,新课标高考词汇,高中
unsuccessful,ʌnsəkˈsesfʊl,a. 不成功，失败的,,,高考3500,3,,,新课标高考词汇,高中
until,ʌnˈtɪl,prep.& conj.直到…为止,,,高考3500,3,,,新课标高考词汇,高中
untrue,ʌnˈtruː,a. 不真实的，假的,,,高考3500,3,,,新课标高考词汇,高中
unusual,ʌnˈjuːʒʊəl,a. 不平常的，异常的,,,高考3500,3,,,新课标高考词汇,高中
unwilling,ʌnˈwɪlɪŋ,a. 不愿意的，勉强的,,,高考3500,3,,,新课标高考词汇,高中
up,ʌp,ad. 向上；在上方；起来；在…以上 a. 上面的，向上的，上行的 n. 上升；上坡；上行；繁荣 v. 举起；拿起；提高 prep. 向(高处)；向(在)……上(面)游,,,高考3500,3,,,新课标高考词汇,高中
upon,əˈpɔn,prep. 在……上面,,,高考3500,3,,,新课标高考词汇,高中
upper,ˈʌpə(r),a. 较高的，较上的,,,高考3500,3,,,新课标高考词汇,高中
upset,ʌpˈset,a. 心烦的，苦恼的,,,高考3500,3,,,新课标高考词汇,高中
upstairs,ʌpˈsteəz,ad. 在楼上，到楼上,,,高考3500,3,,,新课标高考词汇,高中
upward,ˈʌpwəd,ad. 向上；往上,,,高考3500,3,,,新课标高考词汇,高中
urban,ˈɜːbən,a. 城市的，都市的,,,高考3500,3,,,新课标高考词汇,高中
urge,ɜːdʒ,v. 敦促，催促，力劝,,,高考3500,3,,,新课标高考词汇,高中
urgent,ˈɜːdʒənt,a. 紧急的，紧迫的,,,高考3500,3,,,新课标高考词汇,高中
U.S.A.,juː es ˈeɪ,n. 美国（美利坚合众国）,,,高考3500,3,,,新课标高考词汇,高中
use,juːz,n.& vt.利用，使用，应用,,,高考3500,3,,,新课标高考词汇,高中
used,juzd,a. 用过的;旧的;二手的,,,高考3500,3,,,新课标高考词汇,高中
useful,ˈjuːsfʊl,a. 有用的，有益的,,,高考3500,3,,,新课标高考词汇,高中
useless,ˈjuːslɪs,a. 无用的,,,高考3500,3,,,新课标高考词汇,高中
user,ˈjuːzə,n. 使用者；用户,,,高考3500,3,,,新课标高考词汇,高中
usual,ˈjuːʒʊəl,a. 通常的，平常的,,,高考3500,3,,,新课标高考词汇,高中
usually,ˈjuːʒʊəlɪ,ad. 通常，经常,,,高考3500,3,,,新课标高考词汇,高中
vacation,vəˈkeɪʃ(ə)n,n. 假期，休假,,,高考3500,3,,,新课标高考词汇,高中
vacant,ˈveɪkənt,a. 空缺的，未被占用的,,,高考3500,3,,,新课标高考词汇,高中
vague,veɪɡ,a. 含糊的，紧迫的,,,高考3500,3,,,新课标高考词汇,高中
vain,veɪn,n. 自负的，自视过高的，徒劳的，无效的,,,高考3500,3,,,新课标高考词汇,高中
valid,ˈvælɪd,a.有效的，合理的，有根据的,,,高考3500,3,,,新课标高考词汇,高中
valley,ˈvælɪ,n. 山谷， 溪谷,,,高考3500,3,,,新课标高考词汇,高中
valuable,ˈvæljʊəb(ə)l,a. 值钱的，贵重的,,,高考3500,3,,,新课标高考词汇,高中
value,ˈvæljuː,n. 价值，益处,,,高考3500,3,,,新课标高考词汇,高中
vanilla,vəˈnɪlə,n. 香草,,,高考3500,3,,,新课标高考词汇,高中
variety,vəˈraɪətɪ,n. 种种，种类,,,高考3500,3,,,新课标高考词汇,高中
various,ˈveərɪəs,a. 各种各样的，不同的,,,高考3500,3,,,新课标高考词汇,高中
vase,vɑːz; (US) veɪs,n. （花）瓶；瓶饰,,,高考3500,3,,,新课标高考词汇,高中
vast,vɑːst; (US) væst,a. 巨大的，广阔的,,,高考3500,3,,,新课标高考词汇,高中
VCD = versatile compact disk,,n. 影碟光盘,,,高考3500,3,,,新课标高考词汇,高中
veal,viːl,n. （食用）小牛肉,,,高考3500,3,,,新课标高考词汇,高中
vegetable,ˈvedʒɪtəb(ə)l,n. 蔬菜,,,高考3500,3,,,新课标高考词汇,高中
vehicle,ˈviːɪk(ə)l; (US) ˈviːhɪkl,n. 交通工具，车辆,,,高考3500,3,,,新课标高考词汇,高中
version,ˈvɜːʃ(ə)n; (US) ˈvərʒn,n. 变体，变种，改写本,,,高考3500,3,,,新课标高考词汇,高中
vertical,ˈvɜːtɪk(ə)l,a. 垂直的，纵向的,,,高考3500,3,,,新课标高考词汇,高中
very,ˈverɪ,vad. 很，非常,,,高考3500,3,,,新课标高考词汇,高中
vest,vest,n. 背心，内衣,,,高考3500,3,,,新课标高考词汇,高中
via,ˈvaɪə,prep. 经过（某地），通过,,,高考3500,3,,,新课标高考词汇,高中
vice,vaɪs,n. 罪行，不道德行为,,,高考3500,3,,,新课标高考词汇,高中
victim,ˈvɪktɪm,n. 受害者，牺牲品,,,高考3500,3,,,新课标高考词汇,高中
victory,ˈvɪktərɪ,n. 胜利,,,高考3500,3,,,新课标高考词汇,高中
video,ˈvɪdɪəʊ,n. 录像，视频,,,高考3500,3,,,新课标高考词汇,高中
videophone,ˈvidiəʊfəʊn,n. 可视电话,,,高考3500,3,,,新课标高考词汇,高中
view,vjuː,n. 看法，见解;风景，景色,,,高考3500,3,,,新课标高考词汇,高中
viewer,ˈvjuːə(r),n. 观看者,,,高考3500,3,,,新课标高考词汇,高中
village,ˈvɪlɪdʒ,n. 村庄，乡村,,,高考3500,3,,,新课标高考词汇,高中
villager,ˈvilidʒə,n. 村民,,,高考3500,3,,,新课标高考词汇,高中
vinegar,ˈvilidʒə,n. 醋,,,高考3500,3,,,新课标高考词汇,高中
violate,ˈvaɪəleɪt,v. 违反（法律、协议等），侵犯,,,高考3500,3,,,新课标高考词汇,高中
violence,ˈvaɪələns,n. 暴力行为,,,高考3500,3,,,新课标高考词汇,高中
violent,ˈvaɪələnt,a. 暴力的,,,高考3500,3,,,新课标高考词汇,高中
violin,vaɪəˈlɪn,n. 小提琴,,,高考3500,3,,,新课标高考词汇,高中
violinist,vaɪəˈlɪnɪst,n. 提琴家，提琴手,,,高考3500,3,,,新课标高考词汇,高中
virtue,ˈvɜːtjuː,n. 美德，正直的品行，德行,,,高考3500,3,,,新课标高考词汇,高中
virus,ˈvaɪərəs,n.病毒,,,高考3500,3,,,新课标高考词汇,高中
visa,ˈviːzə,n. 签证，背签,,,高考3500,3,,,新课标高考词汇,高中
visit,ˈviːzə,n.& vt. 参观，访问，拜访,,,高考3500,3,,,新课标高考词汇,高中
visitor,ˈvɪzɪtə(r),n. 访问者，参观者,,,高考3500,3,,,新课标高考词汇,高中
visual,ˈvɪʒjʊəl,a. 视力的，视觉的,,,高考3500,3,,,新课标高考词汇,高中
vital,ˈvaɪt(ə)l,a. 必不可少的，对…极重要的,,,高考3500,3,,,新课标高考词汇,高中
vivid,ˈvɪvɪd,a. 生动，逼真的，鲜明的,,,高考3500,3,,,新课标高考词汇,高中
vocabulary,vəˈkæbjʊlərɪ,n. 词汇， 词汇表,,,高考3500,3,,,新课标高考词汇,高中
voice,vɔɪs,n. 说话声; 语态,,,高考3500,3,,,新课标高考词汇,高中
volcano,vɔlˈkeɪnəʊ,n. 火山,,,高考3500,3,,,新课标高考词汇,高中
volleyball,vɔlˈkeɪnəʊ,n. 排球,,,高考3500,3,,,新课标高考词汇,高中
voluntary,ˈvɔləntərɪ,a. 自愿的，主动的,,,高考3500,3,,,新课标高考词汇,高中
volunteer,vɔlənˈtɪə(r),n./ v. 义工，自愿者，无偿做,,,高考3500,3,,,新课标高考词汇,高中
vote,vəʊt,vi. 选举，投票,,,高考3500,3,,,新课标高考词汇,高中
voyage,ˈvɔɪɪdʒ,n. 航行，旅行,,,高考3500,3,,,新课标高考词汇,高中
wag,ˈvɔɪɪdʒ,v. 摇动；摆动,,,高考3500,3,,,新课标高考词汇,高中
wage,weɪdʒ,n. 工资，工钱，报酬,,,高考3500,3,,,新课标高考词汇,高中
waist,weɪst,n. 腰，腰部，腰围,,,高考3500,3,,,新课标高考词汇,高中
wait,weɪt,vi. 等，等候,,,高考3500,3,,,新课标高考词汇,高中
waiter,ˈweɪtə(r),n. （餐厅）男服务员,,,高考3500,3,,,新课标高考词汇,高中
waiting-room,ˈweɪtɪŋ- rʊm,n.候诊室，候车室,,,高考3500,3,,,新课标高考词汇,高中
waitress,tres,n. 女服务员,,,高考3500,3,,,新课标高考词汇,高中
wake woke woken,weɪk,v.醒来，叫醒,,,高考3500,3,,,新课标高考词汇,高中
walk,wɔːk,n.& v. 步行；散步,,,高考3500,3,,,新课标高考词汇,高中
walkman,ˈwɔːkmən,n. 随身听,,,高考3500,3,,,新课标高考词汇,高中
wall,wɔːl,n. 墙,,,高考3500,3,,,新课标高考词汇,高中
wallet,ˈwɔlɪt,n. (放钱，证件等的)皮夹,,,高考3500,3,,,新课标高考词汇,高中
walnut,ˈwɔːlnʌt,n. 核桃，胡桃,,,高考3500,3,,,新课标高考词汇,高中
wander,ˈwɔndə(r),vi.漫游，游荡，漫步，流浪,,,高考3500,3,,,新课标高考词汇,高中
want,wɔnt; (US) wɔːnt,vt. 想，想要，需要，必要,,,高考3500,3,,,新课标高考词汇,高中
war,wɔː(r),n. 战争,,,高考3500,3,,,新课标高考词汇,高中
ward,wɔːd,n. 保卫，看护，病房，收容所,,,高考3500,3,,,新课标高考词汇,高中
warehouse,ˈweəhaʊs,n. 仓库，货栈,,,高考3500,3,,,新课标高考词汇,高中
warm,wɔːm,a. 暖和的，温暖的;热情的,,,高考3500,3,,,新课标高考词汇,高中
warm-hearted,wɔːm- hɑːt,a. 热心的,,,高考3500,3,,,新课标高考词汇,高中
warmth,wɔːmθ,n. 暖和，温暖,,,高考3500,3,,,新课标高考词汇,高中
warning,ˈwɔːnɪŋ,n. 警报,,,高考3500,3,,,新课标高考词汇,高中
wash,ˈwɔːnɪŋ,n.洗(涤)冲洗，洗剂，泼溅，洗的衣服 v.洗(涤)，冲洗，流过，弄湿,,,高考3500,3,,,新课标高考词汇,高中
washing-machine,ˈwɔʃɪŋ- məˈʃiːn,n. 洗衣机【连字符】,,,高考3500,3,,,新课标高考词汇,高中
washroom,ˈwɔʃrʊm， ˈwɔʃruːm,n. 盥洗室,,,高考3500,3,,,新课标高考词汇,高中
waste,weɪst,n.& vt. 浪费,,,高考3500,3,,,新课标高考词汇,高中
watch,wɔtʃ,vt. 观看，注视；当心，注意 n. 手表，表,,,高考3500,3,,,新课标高考词汇,高中
water,ˈwɔːtə(r),n. 水v. 浇水,,,高考3500,3,,,新课标高考词汇,高中
watermelon,ˈwɔːtəmelən,n. 西瓜,,,高考3500,3,,,新课标高考词汇,高中
wave,weɪv,n. （热、光、声等的）波，波浪 v. 挥手，挥动，波动,,,高考3500,3,,,新课标高考词汇,高中
wax,wæks,n. 蜡,,,高考3500,3,,,新课标高考词汇,高中
way,weɪ,n. 路，路线；方式，手段,,,高考3500,3,,,新课标高考词汇,高中
wayside,weɪ,a. 路边的,,,高考3500,3,,,新课标高考词汇,高中
we,wiː， wɪ,pron. 我们,,,高考3500,3,,,新课标高考词汇,高中
web,web,n. 网，网状物,,,高考3500,3,,,新课标高考词汇,高中
website,websaɪt,n. 网络,,,高考3500,3,,,新课标高考词汇,高中
weak,wiːk,a. 差的，弱的，淡的,,,高考3500,3,,,新课标高考词汇,高中
weakness,ˈwiːknɪs,n. 软弱,,,高考3500,3,,,新课标高考词汇,高中
wealth,welθ,n. 财产，财富,,,高考3500,3,,,新课标高考词汇,高中
wealthy,ˈwelθɪ,a. 富的,,,高考3500,3,,,新课标高考词汇,高中
wear wore worn,weə(r),v. 穿，戴 【一般现在 过去式 过去分词】,,,高考3500,3,,,新课标高考词汇,高中
weather,weə(r),n. 天气,,,高考3500,3,,,新课标高考词汇,高中
weatherman,ˈweath·er·man,n.气象员，预报天气的人,,,高考3500,3,,,新课标高考词汇,高中
wedding,ˈwedɪŋ,n. 婚礼，结婚,,,高考3500,3,,,新课标高考词汇,高中
Wednesday,ˈwenzdeɪ,n. 星期三,,,高考3500,3,,,新课标高考词汇,高中
weed,wiːd,n. 杂草，野草,,,高考3500,3,,,新课标高考词汇,高中
week,wiːk,n. 星期，周,,,高考3500,3,,,新课标高考词汇,高中
weekday,ˈwiːkdeɪ,n. 平日,,,高考3500,3,,,新课标高考词汇,高中
weekend,wiːkˈend， ˈwiːkend,n. 周末,,,高考3500,3,,,新课标高考词汇,高中
weekly,ˈwiːklɪ,a. 每周的,,,高考3500,3,,,新课标高考词汇,高中
weep,wiːp,v. 哭泣，流泪,,,高考3500,3,,,新课标高考词汇,高中
weigh,weɪ,vt. 称…的重量，重（若干）,,,高考3500,3,,,新课标高考词汇,高中
weight,weɪt,n. 重，重量,,,高考3500,3,,,新课标高考词汇,高中
welcome,ˈwelkəm,int.n. & v.欢迎 a. 受欢迎的,,,高考3500,3,,,新课标高考词汇,高中
welfare,ˈwelfeə(r),n. 幸福，福利,,,高考3500,3,,,新课标高考词汇,高中
well,wel,(better， best) ad. 好，令人满意地，完全地 a.好的，，健康的int. 表示惊讶同意或犹豫等，亦用于接话语;好吧，那么，哎呀 n. 井,,,高考3500,3,,,新课标高考词汇,高中
well-known,wel- nəʊn,a.出名，众所周知的,,,高考3500,3,,,新课标高考词汇,高中
west,west,a. (在)西；向西，从西来的 ad. 在西方，向西方 n.西部；西方,,,高考3500,3,,,新课标高考词汇,高中
western,ˈwest(ə)n,a. 西方的，西部的,,,高考3500,3,,,新课标高考词汇,高中
westerner,ˈwestənə,n. 西方人,,,高考3500,3,,,新课标高考词汇,高中
westwards,ˈwestwədz,ad. 向西,,,高考3500,3,,,新课标高考词汇,高中
wet,wet,a. 湿的，潮的，多雨的,,,高考3500,3,,,新课标高考词汇,高中
whale,weɪl; (US) hweɪl,n. 鲸,,,高考3500,3,,,新课标高考词汇,高中
what,wɔt; (US) hwɑt,pron. 什么，怎么样 a. 多么，何等；什么,,,高考3500,3,,,新课标高考词汇,高中
whatever,wɔtˈevə(r),conj. & pron.无论什么，不管什么,,,高考3500,3,,,新课标高考词汇,高中
wheat,wiːt; (US) hwiːt,n. 小麦,,,高考3500,3,,,新课标高考词汇,高中
wheel,wiːl; (US) hwiːl,n. 轮，机轮,,,高考3500,3,,,新课标高考词汇,高中
when,wen,conj. 当…的时候 ad. 什么时候，何时,,,高考3500,3,,,新课标高考词汇,高中
whenever,wenˈevə(r),conj. 每当，无论何时,,,高考3500,3,,,新课标高考词汇,高中
where,weə(r); (US) hweər,ad. 在哪里；往哪里,,,高考3500,3,,,新课标高考词汇,高中
wherever,weərˈevə(r),conj. 无论在哪里,,,高考3500,3,,,新课标高考词汇,高中
whether,ˈweðə(r); (US) ˈhweðər,conj. 是否,,,高考3500,3,,,新课标高考词汇,高中
which,wɪtʃ; (US) hwɪtʃ,pron. 那(哪)一个；那(哪)一些 a.这(哪)个；这(哪)些；无论哪个(些),,,高考3500,3,,,新课标高考词汇,高中
whichever,wɪtʃˈevə(r),pron. 无论哪个;无论哪些,,,高考3500,3,,,新课标高考词汇,高中
while,waɪl; (US) hwaɪl,conj.在…的时候，和…同时 n. 一会儿，一段时间,,,高考3500,3,,,新课标高考词汇,高中
whisper,ˈwɪspə(r),v. 低语，私下说,,,高考3500,3,,,新课标高考词汇,高中
whistle,waɪt; (US) hwaɪt,n. 口哨，口哨声,,,高考3500,3,,,新课标高考词汇,高中
white,waɪt; (US) hwaɪt,a. 白色的 n. 白色,,,高考3500,3,,,新课标高考词汇,高中
who,huː,pron. 谁,,,高考3500,3,,,新课标高考词汇,高中
whole,həʊl,a. 整个的,,,高考3500,3,,,新课标高考词汇,高中
whom,huːm,pron. (who的宾格 ),,,高考3500,3,,,新课标高考词汇,高中
whose,huːz,pron. 谁的,,,高考3500,3,,,新课标高考词汇,高中
why,waɪ; (US) hwaɪ,ad./ int. 为什么， 你难道不知道（表示反驳、不耐烦等）,,,高考3500,3,,,新课标高考词汇,高中
wide,weə(r); (US) hweər,a. 宽阔的,,,高考3500,3,,,新课标高考词汇,高中
widespread,ˈwaɪdspred， -ˈspred,a.分布广的，普遍的,,,高考3500,3,,,新课标高考词汇,高中
wife,waɪf,n. 妻子,,,高考3500,3,,,新课标高考词汇,高中
wild,waɪld,a. 未开发的，荒凉的；野生的，野的,,,高考3500,3,,,新课标高考词汇,高中
wildlife,ˈwaɪldlaɪf,n. 野生动物,,,高考3500,3,,,新课标高考词汇,高中
will,wɪl,n. 意志， 遗嘱,,,高考3500,3,,,新课标高考词汇,高中
willing,ˈwɪlɪŋ,a. 乐意的； 愿意的,,,高考3500,3,,,新课标高考词汇,高中
willingly,ˈwiliŋli,ad. 乐意地,,,高考3500,3,,,新课标高考词汇,高中
willingness,ˈwiliŋnis,n. 意愿； 愿望,,,高考3500,3,,,新课标高考词汇,高中
win won won,wɪn,n. 获胜，赢得 【一般现在 过去式 过去分词】,,,高考3500,3,,,新课标高考词汇,高中
wind,wɪnd,n. 风 ,,,高考3500,3,,,新课标高考词汇,高中
wind wound wound,wɪnd,vt. 缠，连带；蜿蜒，弯曲 【一般现在 过去式 过去分词】,,,高考3500,3,,,新课标高考词汇,高中
windbreaker,ˈwind，breikә,n.风衣，防风(皮)夹克,,,高考3500,3,,,新课标高考词汇,高中
window,ˈwɪndəʊ,n. 窗户；计算机的窗,,,高考3500,3,,,新课标高考词汇,高中
windy,ˈwɪndɪ,a. 有风的，多风的,,,高考3500,3,,,新课标高考词汇,高中
wine,waɪn,n. 酒,,,高考3500,3,,,新课标高考词汇,高中
wing,wɪŋ,n. 机翼，翅膀,,,高考3500,3,,,新课标高考词汇,高中
winner,ˈwɪnə(r),n. 获胜者,,,高考3500,3,,,新课标高考词汇,高中
winter,ˈwɪntə(r),n. 冬天，冬季,,,高考3500,3,,,新课标高考词汇,高中
wipe,waɪp,v. 擦；擦净；擦干,,,高考3500,3,,,新课标高考词汇,高中
wire,ˈwaɪə(r),n. 电线,,,高考3500,3,,,新课标高考词汇,高中
wisdom,ˈwɪzdəm,n. 智慧,,,高考3500,3,,,新课标高考词汇,高中
wise,waɪz,a. 聪明，英明的，有见识的,,,高考3500,3,,,新课标高考词汇,高中
wish,wɪʃ,n. 愿望，祝愿 vt. 希望，想要，祝愿,,,高考3500,3,,,新课标高考词汇,高中
with,wɪʃ,prep.关于，带有，以，和，用，有,,,高考3500,3,,,新课标高考词汇,高中
withdraw,wɪðˈdrɔː,v. 撤回，撤离,,,高考3500,3,,,新课标高考词汇,高中
within,wɪˈðɪn,prep. 在……里面,,,高考3500,3,,,新课标高考词汇,高中
without,wɪˈðaʊt,prep. 没有,,,高考3500,3,,,新课标高考词汇,高中
witness,ˈwɪtnɪs,v./ n. 目击者，见证人,,,高考3500,3,,,新课标高考词汇,高中
wolf wolves,wʊlf,n. 狼【单数 复数】,,,高考3500,3,,,新课标高考词汇,高中
woman women,ˈwʊmən,n.妇女女人【单数 复数】,,,高考3500,3,,,新课标高考词汇,高中
wonder,ˈwʌndə(r),v. 对…疑惑，感到惊奇，想知道 n. 惊讶，惊叹;奇迹,,,高考3500,3,,,新课标高考词汇,高中
wonderful,ˈwʌndəfʊl,a. 美妙的，精彩的；了不起的；太好了,,,高考3500,3,,,新课标高考词汇,高中
wood,ˈwʌndəfʊl,n.木头，木材，(复)树木，森林,,,高考3500,3,,,新课标高考词汇,高中
wooden,ˈwʊd(ə)n,a. 木制的,,,高考3500,3,,,新课标高考词汇,高中
woo,wʊl,l n. 羊毛，羊绒,,,高考3500,3,,,新课标高考词汇,高中
woollen,ˈwulin,a. 羊毛的，羊毛制的,,,高考3500,3,,,新课标高考词汇,高中
word,wɜːd,n. 词，单词；话,,,高考3500,3,,,新课标高考词汇,高中
work,wɜːk,n. 工作，劳动，事情 vi. 工作;(机器、器官等)运转，活动,,,高考3500,3,,,新课标高考词汇,高中
workday,ˈwə:kdei,n. 工作日,,,高考3500,3,,,新课标高考词汇,高中
worker,ˈwɜːkə(r),n. 工人；工作者,,,高考3500,3,,,新课标高考词汇,高中
workforce,ˈwə:kfɔ:s,n. 劳动力,,,高考3500,3,,,新课标高考词汇,高中
workmate,ˈwə:kfɔ:s,n. 同事；工友,,,高考3500,3,,,新课标高考词汇,高中
workplace,wɜːkpleɪs,n.工作场所，车间,,,高考3500,3,,,新课标高考词汇,高中
works,wɜːks,n. 著作，作品,,,高考3500,3,,,新课标高考词汇,高中
world,wɜːld,n. 世界,,,高考3500,3,,,新课标高考词汇,高中
world-famous,wɜːld- ˈfeɪməs,a. 世界闻名的,,,高考3500,3,,,新课标高考词汇,高中
worldwide,ˈwɜːldwaɪd， -ˈwaɪd,a. 遍及全球的，世界范围的,,,高考3500,3,,,新课标高考词汇,高中
worm,wɜːm,n. 软体虫，蠕虫(尤指蚯蚓),,,高考3500,3,,,新课标高考词汇,高中
worn,wɜrn wɜːm,a. 用坏，用旧的，疲惫的,,,高考3500,3,,,新课标高考词汇,高中
worried,ˈwɜrɪd ˈwʌ-,a. 担心的，烦恼的,,,高考3500,3,,,新课标高考词汇,高中
worry,ˈwʌrɪ,n.& v.烦恼，担忧，发怒，困扰,,,高考3500,3,,,新课标高考词汇,高中
worse,wɜːs,a. (bad的比较级)更坏的,,,高考3500,3,,,新课标高考词汇,高中
worst,wɜːst,a. (bad的最高级)最坏的,,,高考3500,3,,,新课标高考词汇,高中
worth,wɜːθ,a. 有…的价值，值得…的,,,高考3500,3,,,新课标高考词汇,高中
worthless,ˈwɜːθlɪs,a.没有价值，没有用的,,,高考3500,3,,,新课标高考词汇,高中
worthwhile,wɜːθˈwaɪl,a. 值得做的,,,高考3500,3,,,新课标高考词汇,高中
worthy,wɜːθˈwaɪl,a. 值得的,,,高考3500,3,,,新课标高考词汇,高中
would,wəd， wʊd,modal v.（will的过去时）将会，打算，想要，过去常常,,,高考3500,3,,,新课标高考词汇,高中
wound,wuːnd,vt.伤，伤害 n.创伤，伤口,,,高考3500,3,,,新课标高考词汇,高中
wounded,wuːndɪd,a. 受伤的,,,高考3500,3,,,新课标高考词汇,高中
wrestle,ˈres(ə)l,v. 摔跤,,,高考3500,3,,,新课标高考词汇,高中
wrinkle,ˈrɪŋk(ə)l,n. 皱纹,,,高考3500,3,,,新课标高考词汇,高中
wrist,rɪst,n. 手腕，腕关节,,,高考3500,3,,,新课标高考词汇,高中
write,raɪt,(wrote， written) v. 写，书写；写作，著述,,,高考3500,3,,,新课标高考词汇,高中
writing,raɪt,n. 书写，写,,,高考3500,3,,,新课标高考词汇,高中
wrong,rɔŋ; (US) rɔːŋ,a.错误，不正常，有毛病的,,,高考3500,3,,,新课标高考词汇,高中
X-ray,eks-reɪ,n. X射线；X光,,,高考3500,3,,,新课标高考词汇,高中
yard,jɑːd,n. 码；院子；场地,,,高考3500,3,,,新课标高考词汇,高中
yawn,jɔːn,v. 打哈欠,,,高考3500,3,,,新课标高考词汇,高中
year,jɪə(r)， jəː(r),n. 年,,,高考3500,3,,,新课标高考词汇,高中
yell,jel,v. 叫喊，吼叫,,,高考3500,3,,,新课标高考词汇,高中
yellow,ˈjeləʊ,a. 黄色的,,,高考3500,3,,,新课标高考词汇,高中
yes,jes,ad. 是，好，同意,,,高考3500,3,,,新课标高考词汇,高中
yesterday,ˈjestədeɪ,n.& ad. 昨天,,,高考3500,3,,,新课标高考词汇,高中
yet,jet,ad. 尚，还，仍然,,,高考3500,3,,,新课标高考词汇,高中
yoghurt,ˈjɔgət，ˈjəʊ-,n. 酸奶,,,高考3500,3,,,新课标高考词汇,高中
you,juː， jʊ,pron. 你；你们,,,高考3500,3,,,新课标高考词汇,高中
young,jʌŋ,a. 年轻的,,,高考3500,3,,,新课标高考词汇,高中
your,jʌŋ,pron. 你的；你们的,,,高考3500,3,,,新课标高考词汇,高中
yours,jɔːz， jʊəz,pron. 你的；你们的,,,高考3500,3,,,新课标高考词汇,高中
yourself,jɔːˈself; (US) jʊərˈself,pron. 你自己,,,高考3500,3,,,新课标高考词汇,高中
yourselves,jɔːˈself; (US) jʊərˈself,pron. 你们自己,,,高考3500,3,,,新课标高考词汇,高中
youth,juːθ,n. 青春；青年,,,高考3500,3,,,新课标高考词汇,高中
yummy,ˈjʌmɪ,a. 很好吃的,,,高考3500,3,,,新课标高考词汇,高中
zebra,ˈzebrə， ˈziːbrə,n. 斑马,,,高考3500,3,,,新课标高考词汇,高中
zebra-crossing,ˈzebrə-ˈkrɔsɪŋ,人行横道线（斑马线）【连字符】,,,高考3500,3,,,新课标高考词汇,高中
zero,ˈzɪərəʊ,n. & num.零，零度，零点,,,高考3500,3,,,新课标高考词汇,高中
zip,zɪp,v.& n.拉开(或扣上)……的拉链；拉链,,,高考3500,3,,,新课标高考词汇,高中
zipcode,zɪp kəʊd,(英)邮政区号，也可写作 postcode,,,高考3500,3,,,新课标高考词汇,高中
zipper,ˈzɪpə(r),n. 拉链,,,高考3500,3,,,新课标高考词汇,高中
zone,zuː,n. 区域；范围,,,高考3500,3,,,新课标高考词汇,高中
zoo,zuː,n. 动物园,,,高考3500,3,,,新课标高考词汇,高中
zoom,zuːm,v. 快速移动，迅速前往，猛涨,,,高考3500,3,,,新课标高考词汇,高中
