#pragma once
// ============================================================
// HelvBold48pt7b — Helvetica Bold 48pt @141dpi 点阵表（Adafruit GFX 格式）
// 生成：python3 tools/gen_gfx_font.py /System/Library/Fonts/Helvetica.ttc 1 48 <out.h>（freetype-py，MONO 1bpp）
// 来源：macOS 系统字体（大屏 UI 重设计 2026-09-17）；与 FreeSans 小字表
// 同为 Helvetica 风格，混排视觉连续。勿手改。
// ============================================================
#include "gfxfont.h"

const uint8_t HelvBold48pt7bBitmaps[] PROGMEM = {
    0x00, 0xFF, 0xFF, 0xFF, 0xFF, 0xFF, 0xFF, 0xFF, 0xFF, 0xFF, 0xFF, 0xFF,
    0xFF, 0xFF, 0xFF, 0xFF, 0xFF, 0xFF, 0xFF, 0xFF, 0xFF, 0xFF, 0xFF, 0xFF,
    0xFF, 0xFF, 0xFF, 0xFF, 0xFF, 0xFF, 0xFF, 0xFF, 0xFF, 0xFF, 0xFF, 0xFF,
    0xFF, 0xFD, 0xFF, 0xE7, 0xFF, 0x9F, 0xFE, 0x7F, 0xF9, 0xFF, 0xE7, 0xFF,
    0x9F, 0xFE, 0x7F, 0xF8, 0xFF, 0xE3, 0xFF, 0x0F, 0xFC, 0x3F, 0xF0, 0xFF,
    0xC3, 0xFF, 0x0F, 0xFC, 0x3F, 0xF0, 0xFF, 0xC1, 0xFF, 0x07, 0xF8, 0x1F,
    0xE0, 0x7F, 0x81, 0xFE, 0x07, 0xF8, 0x1F, 0xE0, 0x7F, 0x80, 0xFE, 0x03,
    0xF0, 0x00, 0x00, 0x00, 0x00, 0x00, 0x00, 0x00, 0x00, 0x00, 0x00, 0x0F,
    0xFF, 0xFF, 0xFF, 0xFF, 0xFF, 0xFF, 0xFF, 0xFF, 0xFF, 0xFF, 0xFF, 0xFF,
    0xFF, 0xFF, 0xFF, 0xFF, 0xFF, 0xFF, 0xFF, 0xFF, 0xFF, 0xFF, 0xC0, 0xFF,
    0xF8, 0x7F, 0xFF, 0xFF, 0xC0, 0xFF, 0xFF, 0xFF, 0x03, 0xFF, 0xFF, 0xFC,
    0x0F, 0xFF, 0xFF, 0xF0, 0x3F, 0xFF, 0xFF, 0xC0, 0xFF, 0xFF, 0xFF, 0x03,
    0xFF, 0xDF, 0xFC, 0x0F, 0xFE, 0x7F, 0xF0, 0x3F, 0xF9, 0xFF, 0xC0, 0xFF,
    0xE7, 0xFF, 0x03, 0xFF, 0x9F, 0xFC, 0x0F, 0xFE, 0x7F, 0xF0, 0x3F, 0xF9,
    0xFF, 0x80, 0xFF, 0xE7, 0xFE, 0x01, 0xFF, 0x9F, 0xF8, 0x07, 0xFE, 0x7F,
    0xE0, 0x1F, 0xF9, 0xFF, 0x80, 0x7F, 0xE7, 0xFE, 0x01, 0xFF, 0x9F, 0xF8,
    0x07, 0xFE, 0x3F, 0xE0, 0x1F, 0xF0, 0xFF, 0x80, 0x7F, 0xC3, 0xFE, 0x01,
    0xFF, 0x0F, 0xF8, 0x07, 0xFC, 0x3F, 0xE0, 0x1F, 0xF0, 0xFF, 0x80, 0x7F,
    0xC3, 0xFC, 0x01, 0xFF, 0x0F, 0xF0, 0x03, 0xFC, 0x00, 0x00, 0x03, 0xFE,
    0x01, 0xFF, 0x00, 0x00, 0x00, 0x3F, 0xE0, 0x3F, 0xF0, 0x00, 0x00, 0x03,
    0xFE, 0x03, 0xFE, 0x00, 0x00, 0x00, 0x7F, 0xC0, 0x3F, 0xE0, 0x00, 0x00,
    0x07, 0xFC, 0x03, 0xFE, 0x00, 0x00, 0x00, 0x7F, 0xC0, 0x7F, 0xE0, 0x00,
    0x00, 0x0F, 0xFC, 0x07, 0xFC, 0x00, 0x00, 0x00, 0xFF, 0x80, 0x7F, 0xC0,
    0x00, 0x00, 0x0F, 0xF8, 0x07, 0xFC, 0x00, 0x00, 0x00, 0xFF, 0x80, 0xFF,
    0x80, 0x00, 0x00, 0x1F, 0xF8, 0x0F, 0xF8, 0x00, 0x00, 0x01, 0xFF, 0x00,
    0xFF, 0x80, 0x00, 0x00, 0x1F, 0xF0, 0x0F, 0xF8, 0x00, 0x00, 0x01, 0xFF,
    0x01, 0xFF, 0x00, 0x00, 0x00, 0x3F, 0xE0, 0x1F, 0xF0, 0x00, 0x00, 0x03,
    0xFE, 0x01, 0xFF, 0x00, 0x00, 0x00, 0x3F, 0xE0, 0x3F, 0xF0, 0x00, 0x00,
    0x07, 0xFE, 0x03, 0xFE, 0x00, 0x00, 0x00, 0x7F, 0xC0, 0x3F, 0xE0, 0x00,
    0x0F, 0xFF, 0xFF, 0xFF, 0xFF, 0xFF, 0x01, 0xFF, 0xFF, 0xFF, 0xFF, 0xFF,
    0xF0, 0x1F, 0xFF, 0xFF, 0xFF, 0xFF, 0xFF, 0x01, 0xFF, 0xFF, 0xFF, 0xFF,
    0xFF, 0xE0, 0x1F, 0xFF, 0xFF, 0xFF, 0xFF, 0xFE, 0x03, 0xFF, 0xFF, 0xFF,
    0xFF, 0xFF, 0xE0, 0x3F, 0xFF, 0xFF, 0xFF, 0xFF, 0xFE, 0x03, 0xFF, 0xFF,
    0xFF, 0xFF, 0xFF, 0xC0, 0x00, 0x1F, 0xF0, 0x0F, 0xF8, 0x00, 0x00, 0x01,
    0xFF, 0x01, 0xFF, 0x00, 0x00, 0x00, 0x3F, 0xE0, 0x1F, 0xF0, 0x00, 0x00,
    0x03, 0xFE, 0x01, 0xFF, 0x00, 0x00, 0x00, 0x3F, 0xE0, 0x3F, 0xF0, 0x00,
    0x00, 0x07, 0xFE, 0x03, 0xFE, 0x00, 0x00, 0x00, 0x7F, 0xC0, 0x3F, 0xE0,
    0x00, 0x00, 0x07, 0xFC, 0x03, 0xFE, 0x00, 0x00, 0x00, 0x7F, 0xC0, 0x7F,
    0xC0, 0x00, 0x00, 0x0F, 0xFC, 0x07, 0xFC, 0x00, 0x00, 0x00, 0xFF, 0x80,
    0x7F, 0xC0, 0x00, 0x00, 0x0F, 0xF8, 0x0F, 0xFC, 0x00, 0x00, 0x00, 0xFF,
    0x80, 0xFF, 0x80, 0x00, 0x3F, 0xFF, 0xFF, 0xFF, 0xFF, 0xFE, 0x03, 0xFF,
    0xFF, 0xFF, 0xFF, 0xFF, 0xC0, 0x7F, 0xFF, 0xFF, 0xFF, 0xFF, 0xFC, 0x07,
    0xFF, 0xFF, 0xFF, 0xFF, 0xFF, 0xC0, 0x7F, 0xFF, 0xFF, 0xFF, 0xFF, 0xF8,
    0x07, 0xFF, 0xFF, 0xFF, 0xFF, 0xFF, 0x80, 0xFF, 0xFF, 0xFF, 0xFF, 0xFF,
    0xF8, 0x0F, 0xFF, 0xFF, 0xFF, 0xFF, 0xFF, 0x80, 0x00, 0x7F, 0xC0, 0x3F,
    0xE0, 0x00, 0x00, 0x07, 0xFC, 0x03, 0xFE, 0x00, 0x00, 0x00, 0x7F, 0xC0,
    0x7F, 0xC0, 0x00, 0x00, 0x0F, 0xF8, 0x07, 0xFC, 0x00, 0x00, 0x00, 0xFF,
    0x80, 0x7F, 0xC0, 0x00, 0x00, 0x0F, 0xF8, 0x0F, 0xFC, 0x00, 0x00, 0x01,
    0xFF, 0x80, 0xFF, 0x80, 0x00, 0x00, 0x1F, 0xF0, 0x0F, 0xF8, 0x00, 0x00,
    0x01, 0xFF, 0x00, 0xFF, 0x80, 0x00, 0x00, 0x1F, 0xF0, 0x1F, 0xF8, 0x00,
    0x00, 0x03, 0xFF, 0x01, 0xFF, 0x00, 0x00, 0x00, 0x3F, 0xE0, 0x1F, 0xF0,
    0x00, 0x00, 0x03, 0xFE, 0x01, 0xFF, 0x00, 0x00, 0x00, 0x3F, 0xE0, 0x3F,
    0xE0, 0x00, 0x00, 0x07, 0xFC, 0x03, 0xFE, 0x00, 0x00, 0x00, 0x7F, 0xC0,
    0x3F, 0xE0, 0x00, 0x00, 0x07, 0xFC, 0x07, 0xFE, 0x00, 0x00, 0x00, 0xFF,
    0xC0, 0x7F, 0xC0, 0x00, 0x00, 0x00, 0x00, 0x07, 0x80, 0x00, 0x00, 0x00,
    0x00, 0x1E, 0x00, 0x00, 0x00, 0x00, 0x00, 0x78, 0x00, 0x00, 0x00, 0x00,
    0x01, 0xE0, 0x00, 0x00, 0x00, 0x00, 0x07, 0x80, 0x00, 0x00, 0x00, 0x00,
    0x1E, 0x00, 0x00, 0x00, 0x00, 0x00, 0x78, 0x00, 0x00, 0x00, 0x00, 0x7F,
    0xFF, 0x80, 0x00, 0x00, 0x0F, 0xFF, 0xFF, 0xC0, 0x00, 0x00, 0xFF, 0xFF,
    0xFF, 0xC0, 0x00, 0x0F, 0xFF, 0xFF, 0xFF, 0x80, 0x00, 0x7F, 0xFF, 0xFF,
    0xFF, 0x80, 0x03, 0xFF, 0xFF, 0xFF, 0xFF, 0x00, 0x1F, 0xFF, 0xFF, 0xFF,
    0xFE, 0x00, 0xFF, 0xFF, 0xFF, 0xFF, 0xFC, 0x03, 0xFF, 0xFF, 0xFF, 0xFF,
    0xF0, 0x1F, 0xFF, 0xF7, 0xFF, 0xFF, 0xE0, 0x7F, 0xFC, 0x1E, 0x3F, 0xFF,
    0x83, 0xFF, 0xE0, 0x78, 0x3F, 0xFF, 0x0F, 0xFF, 0x01, 0xE0, 0x7F, 0xFC,
    0x3F, 0xFC, 0x07, 0x80, 0xFF, 0xF1, 0xFF, 0xE0, 0x1E, 0x03, 0xFF, 0xE7,
    0xFF, 0x80, 0x78, 0x0F, 0xFF, 0x9F, 0xFE, 0x01, 0xE0, 0x1F, 0xFE, 0x7F,
    0xF8, 0x07, 0x80, 0x7F, 0xF9, 0xFF, 0xE0, 0x1E, 0x01, 0xFF, 0xE7, 0xFF,
    0x80, 0x78, 0x00, 0x00, 0x1F, 0xFF, 0x01, 0xE0, 0x00, 0x00, 0x7F, 0xFC,
    0x07, 0x80, 0x00, 0x01, 0xFF, 0xF8, 0x1E, 0x00, 0x00, 0x07, 0xFF, 0xF0,
    0x78, 0x00, 0x00, 0x0F, 0xFF, 0xF1, 0xE0, 0x00, 0x00, 0x3F, 0xFF, 0xFF,
    0x80, 0x00, 0x00, 0xFF, 0xFF, 0xFE, 0x00, 0x00, 0x01, 0xFF, 0xFF, 0xFC,
    0x00, 0x00, 0x03, 0xFF, 0xFF, 0xFE, 0x00, 0x00, 0x0F, 0xFF, 0xFF, 0xFE,
    0x00, 0x00, 0x1F, 0xFF, 0xFF, 0xFF, 0x00, 0x00, 0x3F, 0xFF, 0xFF, 0xFF,
    0x00, 0x00, 0x7F, 0xFF, 0xFF, 0xFF, 0x00, 0x00, 0x7F, 0xFF, 0xFF, 0xFE,
    0x00, 0x00, 0xFF, 0xFF, 0xFF, 0xFE, 0x00, 0x00, 0xFF, 0xFF, 0xFF, 0xFC,
    0x00, 0x00, 0x7F, 0xFF, 0xFF, 0xF0, 0x00, 0x00, 0x3F, 0xFF, 0xFF, 0xE0,
    0x00, 0x00, 0x1F, 0xFF, 0xFF, 0xC0, 0x00, 0x00, 0x7F, 0xFF, 0xFF, 0x00,
    0x00, 0x01, 0xE7, 0xFF, 0xFE, 0x00, 0x00, 0x07, 0x87, 0xFF, 0xF8, 0x00,
    0x00, 0x1E, 0x07, 0xFF, 0xE0, 0x00, 0x00, 0x78, 0x0F, 0xFF, 0xC0, 0x00,
    0x01, 0xE0, 0x3F, 0xFF, 0x00, 0x00, 0x07, 0x80, 0x7F, 0xFF, 0xFF, 0xC0,
    0x1E, 0x01, 0xFF, 0xFF, 0xFF, 0x00, 0x78, 0x07, 0xFF, 0xFF, 0xFC, 0x01,
    0xE0, 0x1F, 0xFF, 0xFF, 0xF8, 0x07, 0x80, 0x7F, 0xFF, 0xFF, 0xE0, 0x1E,
    0x01, 0xFF, 0xFF, 0xFF, 0x80, 0x78, 0x07, 0xFF, 0xFF, 0xFE, 0x01, 0xE0,
    0x3F, 0xFF, 0x7F, 0xFC, 0x07, 0x80, 0xFF, 0xF9, 0xFF, 0xF0, 0x1E, 0x07,
    0xFF, 0xE7, 0xFF, 0xE0, 0x78, 0x3F, 0xFF, 0x9F, 0xFF, 0xE1, 0xE1, 0xFF,
    0xFC, 0x3F, 0xFF, 0xE7, 0xFF, 0xFF, 0xF0, 0xFF, 0xFF, 0xFF, 0xFF, 0xFF,
    0x81, 0xFF, 0xFF, 0xFF, 0xFF, 0xFE, 0x03, 0xFF, 0xFF, 0xFF, 0xFF, 0xF0,
    0x0F, 0xFF, 0xFF, 0xFF, 0xFF, 0x80, 0x1F, 0xFF, 0xFF, 0xFF, 0xFC, 0x00,
    0x1F, 0xFF, 0xFF, 0xFF, 0xE0, 0x00, 0x3F, 0xFF, 0xFF, 0xFE, 0x00, 0x00,
    0x3F, 0xFF, 0xFF, 0xE0, 0x00, 0x00, 0x1F, 0xFF, 0xFE, 0x00, 0x00, 0x00,
    0x07, 0xFF, 0x80, 0x00, 0x00, 0x00, 0x01, 0xE0, 0x00, 0x00, 0x00, 0x00,
    0x07, 0x80, 0x00, 0x00, 0x00, 0x00, 0x1E, 0x00, 0x00, 0x00, 0x00, 0x00,
    0x78, 0x00, 0x00, 0x00, 0x00, 0x01, 0xE0, 0x00, 0x00, 0x00, 0x00, 0x07,
    0x80, 0x00, 0x00, 0x00, 0x00, 0x1E, 0x00, 0x00, 0x00, 0x00, 0x00, 0x78,
    0x00, 0x00, 0x00, 0x00, 0x01, 0xE0, 0x00, 0x00, 0x00, 0x07, 0xF8, 0x00,
    0x00, 0x00, 0x03, 0xFC, 0x00, 0x00, 0x00, 0x7F, 0xFE, 0x00, 0x00, 0x00,
    0x07, 0xF0, 0x00, 0x00, 0x03, 0xFF, 0xFF, 0x00, 0x00, 0x00, 0x1F, 0xC0,
    0x00, 0x00, 0x0F, 0xFF, 0xFF, 0x00, 0x00, 0x00, 0x3F, 0x80, 0x00, 0x00,
    0x7F, 0xFF, 0xFF, 0x80, 0x00, 0x00, 0xFE, 0x00, 0x00, 0x01, 0xFF, 0xFF,
    0xFF, 0x80, 0x00, 0x01, 0xFC, 0x00, 0x00, 0x03, 0xFF, 0xFF, 0xFF, 0x00,
    0x00, 0x07, 0xF0, 0x00, 0x00, 0x0F, 0xFF, 0xFF, 0xFF, 0x00, 0x00, 0x1F,
    0xC0, 0x00, 0x00, 0x3F, 0xFF, 0xFF, 0xFF, 0x00, 0x00, 0x3F, 0x80, 0x00,
    0x00, 0x7F, 0xFF, 0xFF, 0xFE, 0x00, 0x00, 0xFE, 0x00, 0x00, 0x01, 0xFF,
    0xF0, 0x3F, 0xFE, 0x00, 0x01, 0xFC, 0x00, 0x00, 0x03, 0xFF, 0xC0, 0x3F,
    0xFC, 0x00, 0x07, 0xF0, 0x00, 0x00, 0x07, 0xFF, 0x00, 0x3F, 0xF8, 0x00,
    0x0F, 0xE0, 0x00, 0x00, 0x1F, 0xFC, 0x00, 0x3F, 0xF8, 0x00, 0x3F, 0x80,
    0x00, 0x00, 0x3F, 0xF0, 0x00, 0x3F, 0xF0, 0x00, 0x7F, 0x00, 0x00, 0x00,
    0x7F, 0xE0, 0x00, 0x7F, 0xE0, 0x01, 0xFC, 0x00, 0x00, 0x00, 0xFF, 0xC0,
    0x00, 0xFF, 0xC0, 0x07, 0xF8, 0x00, 0x00, 0x01, 0xFF, 0x80, 0x01, 0xFF,
    0x80, 0x0F, 0xE0, 0x00, 0x00, 0x03, 0xFF, 0x00, 0x03, 0xFF, 0x00, 0x3F,
    0x80, 0x00, 0x00, 0x07, 0xFE, 0x00, 0x07, 0xFE, 0x00, 0x7F, 0x00, 0x00,
    0x00, 0x0F, 0xFE, 0x00, 0x1F, 0xFC, 0x01, 0xFC, 0x00, 0x00, 0x00, 0x0F,
    0xFE, 0x00, 0x7F, 0xF0, 0x03, 0xF8, 0x00, 0x00, 0x00, 0x1F, 0xFE, 0x01,
    0xFF, 0xE0, 0x0F, 0xE0, 0x00, 0x00, 0x00, 0x3F, 0xFE, 0x07, 0xFF, 0xC0,
    0x1F, 0xC0, 0x00, 0x00, 0x00, 0x3F, 0xFF, 0xFF, 0xFF, 0x00, 0x7F, 0x00,
    0x00, 0x00, 0x00, 0x7F, 0xFF, 0xFF, 0xFE, 0x00, 0xFE, 0x00, 0x00, 0x00,
    0x00, 0x7F, 0xFF, 0xFF, 0xF8, 0x03, 0xF8, 0x00, 0x00, 0x00, 0x00, 0x7F,
    0xFF, 0xFF, 0xE0, 0x0F, 0xF0, 0x00, 0x00, 0x00, 0x00, 0xFF, 0xFF, 0xFF,
    0xC0, 0x1F, 0xC0, 0x00, 0x00, 0x00, 0x00, 0xFF, 0xFF, 0xFF, 0x00, 0x7F,
    0x00, 0x00, 0x00, 0x00, 0x00, 0x7F, 0xFF, 0xF8, 0x00, 0xFE, 0x00, 0x00,
    0x00, 0x00, 0x00, 0x7F, 0xFF, 0xE0, 0x03, 0xF8, 0x00, 0x00, 0x00, 0x00,
    0x00, 0x3F, 0xFF, 0x00, 0x07, 0xF0, 0x00, 0x00, 0x00, 0x00, 0x00, 0x0F,
    0xF0, 0x00, 0x1F, 0xC0, 0x00, 0x7F, 0x80, 0x00, 0x00, 0x00, 0x00, 0x00,
    0x3F, 0x80, 0x07, 0xFF, 0xE0, 0x00, 0x00, 0x00, 0x00, 0x00, 0xFE, 0x00,
    0x3F, 0xFF, 0xF0, 0x00, 0x00, 0x00, 0x00, 0x01, 0xFC, 0x00, 0xFF, 0xFF,
    0xF0, 0x00, 0x00, 0x00, 0x00, 0x07, 0xF0, 0x07, 0xFF, 0xFF, 0xF8, 0x00,
    0x00, 0x00, 0x00, 0x1F, 0xC0, 0x1F, 0xFF, 0xFF, 0xF8, 0x00, 0x00, 0x00,
    0x00, 0x3F, 0x80, 0x3F, 0xFF, 0xFF, 0xF0, 0x00, 0x00, 0x00, 0x00, 0xFE,
    0x00, 0xFF, 0xFF, 0xFF, 0xF0, 0x00, 0x00, 0x00, 0x01, 0xFC, 0x03, 0xFF,
    0xFF, 0xFF, 0xF0, 0x00, 0x00, 0x00, 0x07, 0xF0, 0x07, 0xFF, 0xFF, 0xFF,
    0xE0, 0x00, 0x00, 0x00, 0x0F, 0xE0, 0x1F, 0xFF, 0x03, 0xFF, 0xE0, 0x00,
    0x00, 0x00, 0x3F, 0x80, 0x3F, 0xFC, 0x03, 0xFF, 0xC0, 0x00, 0x00, 0x00,
    0x7F, 0x00, 0x7F, 0xF0, 0x03, 0xFF, 0x80, 0x00, 0x00, 0x01, 0xFC, 0x01,
    0xFF, 0xC0, 0x03, 0xFF, 0x80, 0x00, 0x00, 0x07, 0xF8, 0x03, 0xFF, 0x00,
    0x03, 0xFF, 0x00, 0x00, 0x00, 0x0F, 0xE0, 0x07, 0xFE, 0x00, 0x07, 0xFE,
    0x00, 0x00, 0x00, 0x3F, 0x80, 0x0F, 0xFC, 0x00, 0x0F, 0xFC, 0x00, 0x00,
    0x00, 0x7F, 0x00, 0x1F, 0xF8, 0x00, 0x1F, 0xF8, 0x00, 0x00, 0x01, 0xFC,
    0x00, 0x3F, 0xF0, 0x00, 0x3F, 0xF0, 0x00, 0x00, 0x03, 0xF8, 0x00, 0x7F,
    0xE0, 0x00, 0x7F, 0xE0, 0x00, 0x00, 0x0F, 0xE0, 0x00, 0xFF, 0xE0, 0x01,
    0xFF, 0xC0, 0x00, 0x00, 0x1F, 0xC0, 0x00, 0xFF, 0xE0, 0x07, 0xFF, 0x00,
    0x00, 0x00, 0x7F, 0x00, 0x01, 0xFF, 0xE0, 0x1F, 0xFE, 0x00, 0x00, 0x00,
    0xFE, 0x00, 0x03, 0xFF, 0xE0, 0x7F, 0xFC, 0x00, 0x00, 0x03, 0xF8, 0x00,
    0x03, 0xFF, 0xFF, 0xFF, 0xF0, 0x00, 0x00, 0x0F, 0xF0, 0x00, 0x07, 0xFF,
    0xFF, 0xFF, 0xE0, 0x00, 0x00, 0x1F, 0xC0, 0x00, 0x07, 0xFF, 0xFF, 0xFF,
    0x80, 0x00, 0x00, 0x7F, 0x00, 0x00, 0x07, 0xFF, 0xFF, 0xFE, 0x00, 0x00,
    0x00, 0xFE, 0x00, 0x00, 0x0F, 0xFF, 0xFF, 0xFC, 0x00, 0x00, 0x03, 0xF8,
    0x00, 0x00, 0x0F, 0xFF, 0xFF, 0xF0, 0x00, 0x00, 0x07, 0xF0, 0x00, 0x00,
    0x07, 0xFF, 0xFF, 0x80, 0x00, 0x00, 0x1F, 0xC0, 0x00, 0x00, 0x07, 0xFF,
    0xFE, 0x00, 0x00, 0x00, 0x3F, 0x80, 0x00, 0x00, 0x03, 0xFF, 0xF0, 0x00,
    0x00, 0x00, 0xFE, 0x00, 0x00, 0x00, 0x00, 0xFF, 0x00, 0x00, 0x00, 0x03,
    0xFC, 0x00, 0x00, 0x00, 0x00, 0x00, 0x00, 0x00, 0x00, 0x00, 0x07, 0xFE,
    0x00, 0x00, 0x00, 0x00, 0x00, 0x01, 0xFF, 0xFE, 0x00, 0x00, 0x00, 0x00,
    0x00, 0x3F, 0xFF, 0xFC, 0x00, 0x00, 0x00, 0x00, 0x07, 0xFF, 0xFF, 0xF0,
    0x00, 0x00, 0x00, 0x00, 0x7F, 0xFF, 0xFF, 0xE0, 0x00, 0x00, 0x00, 0x07,
    0xFF, 0xFF, 0xFF, 0x80, 0x00, 0x00, 0x00, 0x7F, 0xFF, 0xFF, 0xFC, 0x00,
    0x00, 0x00, 0x03, 0xFF, 0xFF, 0xFF, 0xF0, 0x00, 0x00, 0x00, 0x3F, 0xFF,
    0xFF, 0xFF, 0xC0, 0x00, 0x00, 0x01, 0xFF, 0xFF, 0xFF, 0xFE, 0x00, 0x00,
    0x00, 0x1F, 0xFF, 0xC1, 0xFF, 0xF0, 0x00, 0x00, 0x00, 0xFF, 0xF8, 0x07,
    0xFF, 0xC0, 0x00, 0x00, 0x07, 0xFF, 0xC0, 0x1F, 0xFE, 0x00, 0x00, 0x00,
    0x3F, 0xFC, 0x00, 0x7F, 0xF0, 0x00, 0x00, 0x01, 0xFF, 0xE0, 0x03, 0xFF,
    0x80, 0x00, 0x00, 0x0F, 0xFF, 0x00, 0x1F, 0xFC, 0x00, 0x00, 0x00, 0x7F,
    0xF8, 0x00, 0xFF, 0xE0, 0x00, 0x00, 0x03, 0xFF, 0xC0, 0x07, 0xFF, 0x00,
    0x00, 0x00, 0x1F, 0xFF, 0x00, 0x7F, 0xF8, 0x00, 0x00, 0x00, 0xFF, 0xF8,
    0x03, 0xFF, 0xC0, 0x00, 0x00, 0x07, 0xFF, 0xE0, 0x3F, 0xFC, 0x00, 0x00,
    0x00, 0x1F, 0xFF, 0x83, 0xFF, 0xE0, 0x00, 0x00, 0x00, 0xFF, 0xFE, 0x3F,
    0xFF, 0x00, 0x00, 0x00, 0x07, 0xFF, 0xF3, 0xFF, 0xF0, 0x00, 0x00, 0x00,
    0x1F, 0xFF, 0xFF, 0xFF, 0x80, 0x00, 0x00, 0x00, 0xFF, 0xFF, 0xFF, 0xF8,
    0x00, 0x00, 0x00, 0x03, 0xFF, 0xFF, 0xFF, 0x80, 0x00, 0x00, 0x00, 0x0F,
    0xFF, 0xFF, 0xF8, 0x00, 0x00, 0x00, 0x00, 0x3F, 0xFF, 0xFF, 0x80, 0x00,
    0x00, 0x00, 0x01, 0xFF, 0xFF, 0xF8, 0x00, 0x00, 0x00, 0x00, 0x0F, 0xFF,
    0xFF, 0x00, 0x00, 0x00, 0x00, 0x01, 0xFF, 0xFF, 0xF0, 0x00, 0x00, 0x00,
    0x00, 0x1F, 0xFF, 0xFF, 0x00, 0x00, 0x00, 0x00, 0x01, 0xFF, 0xFF, 0xFC,
    0x00, 0x3F, 0xFC, 0x00, 0x3F, 0xFF, 0xFF, 0xF0, 0x01, 0xFF, 0xC0, 0x03,
    0xFF, 0xFF, 0xFF, 0xC0, 0x0F, 0xFE, 0x00, 0x3F, 0xFF, 0xFF, 0xFF, 0x00,
    0x7F, 0xF0, 0x03, 0xFF, 0xFF, 0xFF, 0xF8, 0x07, 0xFF, 0x80, 0x3F, 0xFF,
    0xFF, 0xFF, 0xE0, 0x3F, 0xFC, 0x01, 0xFF, 0xFE, 0x7F, 0xFF, 0x81, 0xFF,
    0xE0, 0x1F, 0xFF, 0xE1, 0xFF, 0xFE, 0x1F, 0xFE, 0x01, 0xFF, 0xFE, 0x0F,
    0xFF, 0xF8, 0xFF, 0xF0, 0x0F, 0xFF, 0xC0, 0x3F, 0xFF, 0xCF, 0xFF, 0x80,
    0xFF, 0xFE, 0x00, 0xFF, 0xFF, 0x7F, 0xF8, 0x07, 0xFF, 0xE0, 0x03, 0xFF,
    0xFF, 0xFF, 0xC0, 0x3F, 0xFE, 0x00, 0x0F, 0xFF, 0xFF, 0xFE, 0x01, 0xFF,
    0xF0, 0x00, 0x7F, 0xFF, 0xFF, 0xE0, 0x0F, 0xFF, 0x00, 0x01, 0xFF, 0xFF,
    0xFF, 0x00, 0xFF, 0xF8, 0x00, 0x07, 0xFF, 0xFF, 0xF0, 0x07, 0xFF, 0xC0,
    0x00, 0x1F, 0xFF, 0xFF, 0x00, 0x3F, 0xFE, 0x00, 0x00, 0x7F, 0xFF, 0xF8,
    0x01, 0xFF, 0xF0, 0x00, 0x03, 0xFF, 0xFF, 0x80, 0x07, 0xFF, 0x80, 0x00,
    0x0F, 0xFF, 0xF8, 0x00, 0x3F, 0xFE, 0x00, 0x00, 0x3F, 0xFF, 0xC0, 0x01,
    0xFF, 0xF0, 0x00, 0x01, 0xFF, 0xFF, 0x00, 0x0F, 0xFF, 0xC0, 0x00, 0x1F,
    0xFF, 0xFC, 0x00, 0x7F, 0xFF, 0x00, 0x01, 0xFF, 0xFF, 0xF0, 0x01, 0xFF,
    0xFC, 0x00, 0x3F, 0xFF, 0xFF, 0xC0, 0x0F, 0xFF, 0xFC, 0x0F, 0xFF, 0xFF,
    0xFE, 0x00, 0x3F, 0xFF, 0xFF, 0xFF, 0xFF, 0xFF, 0xF8, 0x00, 0xFF, 0xFF,
    0xFF, 0xFF, 0xFF, 0xFF, 0xE0, 0x07, 0xFF, 0xFF, 0xFF, 0xFF, 0xFF, 0xFF,
    0x80, 0x1F, 0xFF, 0xFF, 0xFF, 0xFD, 0xFF, 0xFE, 0x00, 0x7F, 0xFF, 0xFF,
    0xFF, 0xC7, 0xFF, 0xF0, 0x01, 0xFF, 0xFF, 0xFF, 0xFC, 0x3F, 0xFF, 0xC0,
    0x07, 0xFF, 0xFF, 0xFF, 0xC0, 0xFF, 0xFF, 0x00, 0x1F, 0xFF, 0xFF, 0xF8,
    0x03, 0xFF, 0xFC, 0x00, 0x3F, 0xFF, 0xFF, 0x00, 0x0F, 0xFF, 0xF0, 0x00,
    0x7F, 0xFF, 0xE0, 0x00, 0x00, 0x00, 0x00, 0x00, 0x3F, 0xF0, 0x00, 0x00,
    0x00, 0x00, 0xFF, 0xFF, 0xFF, 0xFF, 0xFF, 0xFF, 0xFF, 0xFF, 0xFF, 0xFD,
    0xFF, 0xCF, 0xFE, 0x7F, 0xF3, 0xFF, 0x9F, 0xFC, 0xFF, 0xE7, 0xFF, 0x3F,
    0xF9, 0xFF, 0xCF, 0xFE, 0x7F, 0xF3, 0xFF, 0x8F, 0xF8, 0x7F, 0xC3, 0xFE,
    0x1F, 0xF0, 0xFF, 0x87, 0xFC, 0x3F, 0xE1, 0xFF, 0x0F, 0xF8, 0x7F, 0xC0,
    0x00, 0x00, 0xFF, 0xC0, 0x00, 0x7F, 0xE0, 0x00, 0x3F, 0xF0, 0x00, 0x1F,
    0xFC, 0x00, 0x07, 0xFE, 0x00, 0x03, 0xFF, 0x80, 0x00, 0xFF, 0xC0, 0x00,
    0x7F, 0xF0, 0x00, 0x3F, 0xF8, 0x00, 0x0F, 0xFE, 0x00, 0x07, 0xFF, 0x80,
    0x01, 0xFF, 0xC0, 0x00, 0xFF, 0xF0, 0x00, 0x3F, 0xF8, 0x00, 0x1F, 0xFE,
    0x00, 0x07, 0xFF, 0x80, 0x03, 0xFF, 0xC0, 0x00, 0xFF, 0xF0, 0x00, 0x7F,
    0xFC, 0x00, 0x1F, 0xFE, 0x00, 0x0F, 0xFF, 0x80, 0x03, 0xFF, 0xE0, 0x00,
    0xFF, 0xF0, 0x00, 0x7F, 0xFC, 0x00, 0x1F, 0xFF, 0x00, 0x07, 0xFF, 0xC0,
    0x03, 0xFF, 0xF0, 0x00, 0xFF, 0xF8, 0x00, 0x3F, 0xFE, 0x00, 0x0F, 0xFF,
    0x80, 0x07, 0xFF, 0xE0, 0x01, 0xFF, 0xF8, 0x00, 0x7F, 0xFE, 0x00, 0x1F,
    0xFF, 0x80, 0x07, 0xFF, 0xC0, 0x03, 0xFF, 0xF0, 0x00, 0xFF, 0xFC, 0x00,
    0x3F, 0xFF, 0x00, 0x0F, 0xFF, 0xC0, 0x03, 0xFF, 0xF0, 0x00, 0xFF, 0xFC,
    0x00, 0x3F, 0xFF, 0x00, 0x0F, 0xFF, 0xC0, 0x03, 0xFF, 0xF0, 0x00, 0xFF,
    0xFC, 0x00, 0x3F, 0xFF, 0x00, 0x0F, 0xFF, 0xC0, 0x03, 0xFF, 0xF0, 0x00,
    0xFF, 0xFC, 0x00, 0x3F, 0xFF, 0x00, 0x0F, 0xFF, 0xC0, 0x01, 0xFF, 0xF0,
    0x00, 0x7F, 0xFC, 0x00, 0x1F, 0xFF, 0x00, 0x07, 0xFF, 0xE0, 0x01, 0xFF,
    0xF8, 0x00, 0x7F, 0xFE, 0x00, 0x0F, 0xFF, 0x80, 0x03, 0xFF, 0xE0, 0x00,
    0xFF, 0xF8, 0x00, 0x3F, 0xFE, 0x00, 0x07, 0xFF, 0xC0, 0x01, 0xFF, 0xF0,
    0x00, 0x7F, 0xFC, 0x00, 0x0F, 0xFF, 0x00, 0x03, 0xFF, 0xE0, 0x00, 0xFF,
    0xF8, 0x00, 0x1F, 0xFE, 0x00, 0x07, 0xFF, 0x80, 0x00, 0xFF, 0xF0, 0x00,
    0x3F, 0xFC, 0x00, 0x0F, 0xFF, 0x00, 0x01, 0xFF, 0xE0, 0x00, 0x7F, 0xF8,
    0x00, 0x0F, 0xFF, 0x00, 0x03, 0xFF, 0xC0, 0x00, 0x7F, 0xF8, 0x00, 0x1F,
    0xFE, 0x00, 0x03, 0xFF, 0x80, 0x00, 0x7F, 0xF0, 0x00, 0x1F, 0xFC, 0x00,
    0x03, 0xFF, 0x80, 0x00, 0x7F, 0xE0, 0x00, 0x1F, 0xFC, 0x00, 0x03, 0xFF,
    0x00, 0x00, 0x7F, 0xE0, 0x00, 0x1F, 0xF8, 0x00, 0x03, 0xFF, 0xFF, 0xC0,
    0x00, 0x1F, 0xF8, 0x00, 0x03, 0xFF, 0x00, 0x00, 0xFF, 0xC0, 0x00, 0x1F,
    0xF8, 0x00, 0x07, 0xFF, 0x00, 0x00, 0xFF, 0xC0, 0x00, 0x3F, 0xF8, 0x00,
    0x07, 0xFF, 0x00, 0x01, 0xFF, 0xC0, 0x00, 0x7F, 0xF8, 0x00, 0x0F, 0xFE,
    0x00, 0x03, 0xFF, 0xC0, 0x00, 0x7F, 0xF0, 0x00, 0x1F, 0xFE, 0x00, 0x07,
    0xFF, 0x80, 0x00, 0xFF, 0xF0, 0x00, 0x3F, 0xFC, 0x00, 0x0F, 0xFF, 0x80,
    0x01, 0xFF, 0xE0, 0x00, 0x7F, 0xFC, 0x00, 0x1F, 0xFF, 0x00, 0x03, 0xFF,
    0xC0, 0x00, 0xFF, 0xF8, 0x00, 0x3F, 0xFE, 0x00, 0x0F, 0xFF, 0x80, 0x03,
    0xFF, 0xF0, 0x00, 0x7F, 0xFC, 0x00, 0x1F, 0xFF, 0x00, 0x07, 0xFF, 0xC0,
    0x01, 0xFF, 0xF8, 0x00, 0x7F, 0xFE, 0x00, 0x1F, 0xFF, 0x80, 0x07, 0xFF,
    0xE0, 0x00, 0xFF, 0xF8, 0x00, 0x3F, 0xFE, 0x00, 0x0F, 0xFF, 0xC0, 0x03,
    0xFF, 0xF0, 0x00, 0xFF, 0xFC, 0x00, 0x3F, 0xFF, 0x00, 0x0F, 0xFF, 0xC0,
    0x03, 0xFF, 0xF0, 0x00, 0xFF, 0xFC, 0x00, 0x3F, 0xFF, 0x00, 0x0F, 0xFF,
    0xC0, 0x03, 0xFF, 0xF0, 0x00, 0xFF, 0xFC, 0x00, 0x3F, 0xFF, 0x00, 0x0F,
    0xFF, 0xC0, 0x03, 0xFF, 0xF0, 0x00, 0xFF, 0xFC, 0x00, 0x3F, 0xFE, 0x00,
    0x0F, 0xFF, 0x80, 0x07, 0xFF, 0xE0, 0x01, 0xFF, 0xF8, 0x00, 0x7F, 0xFE,
    0x00, 0x1F, 0xFF, 0x80, 0x07, 0xFF, 0xC0, 0x01, 0xFF, 0xF0, 0x00, 0x7F,
    0xFC, 0x00, 0x3F, 0xFF, 0x00, 0x0F, 0xFF, 0x80, 0x03, 0xFF, 0xE0, 0x00,
    0xFF, 0xF8, 0x00, 0x3F, 0xFC, 0x00, 0x1F, 0xFF, 0x00, 0x07, 0xFF, 0xC0,
    0x01, 0xFF, 0xE0, 0x00, 0xFF, 0xF8, 0x00, 0x3F, 0xFC, 0x00, 0x0F, 0xFF,
    0x00, 0x07, 0xFF, 0xC0, 0x01, 0xFF, 0xE0, 0x00, 0x7F, 0xF8, 0x00, 0x3F,
    0xFC, 0x00, 0x0F, 0xFF, 0x00, 0x07, 0xFF, 0x80, 0x01, 0xFF, 0xE0, 0x00,
    0x7F, 0xF0, 0x00, 0x3F, 0xF8, 0x00, 0x0F, 0xFE, 0x00, 0x07, 0xFF, 0x00,
    0x01, 0xFF, 0x80, 0x00, 0xFF, 0xE0, 0x00, 0x3F, 0xF0, 0x00, 0x1F, 0xF8,
    0x00, 0x07, 0xFE, 0x00, 0x03, 0xFF, 0x00, 0x00, 0x00, 0x0F, 0xF0, 0x00,
    0x00, 0x0F, 0xF0, 0x00, 0x00, 0x0F, 0xF0, 0x00, 0x00, 0x0F, 0xF0, 0x00,
    0x00, 0x0F, 0xF0, 0x00, 0x00, 0x0F, 0xF0, 0x00, 0x00, 0x0F, 0xF0, 0x00,
    0x00, 0x0F, 0xF0, 0x00, 0x30, 0x0F, 0xF0, 0x0C, 0x3E, 0x0F, 0xF0, 0x7C,
    0x3F, 0xCF, 0xF3, 0xFC, 0x7F, 0xFF, 0xFF, 0xFE, 0x7F, 0xFF, 0xFF, 0xFE,
    0x7F, 0xFF, 0xFF, 0xFE, 0xFF, 0xFF, 0xFF, 0xFF, 0x3F, 0xFF, 0xFF, 0xFC,
    0x07, 0xFF, 0xFF, 0xE0, 0x00, 0xFF, 0xFF, 0x00, 0x00, 0x3F, 0xFC, 0x00,
    0x00, 0x7F, 0xFE, 0x00, 0x00, 0xFF, 0xFF, 0x00, 0x00, 0xFF, 0xFF, 0x00,
    0x01, 0xFF, 0xFF, 0x80, 0x03, 0xFE, 0x7F, 0xC0, 0x07, 0xFE, 0x7F, 0xE0,
    0x07, 0xFC, 0x3F, 0xE0, 0x0F, 0xF8, 0x1F, 0xF0, 0x0F, 0xF0, 0x0F, 0xF0,
    0x03, 0xF0, 0x0F, 0xC0, 0x01, 0xE0, 0x07, 0x80, 0x00, 0xC0, 0x03, 0x00,
    0x00, 0x00, 0x1F, 0xFE, 0x00, 0x00, 0x00, 0x00, 0x07, 0xFF, 0x80, 0x00,
    0x00, 0x00, 0x01, 0xFF, 0xE0, 0x00, 0x00, 0x00, 0x00, 0x7F, 0xF8, 0x00,
    0x00, 0x00, 0x00, 0x1F, 0xFE, 0x00, 0x00, 0x00, 0x00, 0x07, 0xFF, 0x80,
    0x00, 0x00, 0x00, 0x01, 0xFF, 0xE0, 0x00, 0x00, 0x00, 0x00, 0x7F, 0xF8,
    0x00, 0x00, 0x00, 0x00, 0x1F, 0xFE, 0x00, 0x00, 0x00, 0x00, 0x07, 0xFF,
    0x80, 0x00, 0x00, 0x00, 0x01, 0xFF, 0xE0, 0x00, 0x00, 0x00, 0x00, 0x7F,
    0xF8, 0x00, 0x00, 0x00, 0x00, 0x1F, 0xFE, 0x00, 0x00, 0x00, 0x00, 0x07,
    0xFF, 0x80, 0x00, 0x00, 0x00, 0x01, 0xFF, 0xE0, 0x00, 0x00, 0x00, 0x00,
    0x7F, 0xF8, 0x00, 0x00, 0x00, 0x00, 0x1F, 0xFE, 0x00, 0x00, 0x00, 0x00,
    0x07, 0xFF, 0x80, 0x00, 0x00, 0x00, 0x01, 0xFF, 0xE0, 0x00, 0x03, 0xFF,
    0xFF, 0xFF, 0xFF, 0xFF, 0xFF, 0xFF, 0xFF, 0xFF, 0xFF, 0xFF, 0xFF, 0xFF,
    0xFF, 0xFF, 0xFF, 0xFF, 0xFF, 0xFF, 0xFF, 0xFF, 0xFF, 0xFF, 0xFF, 0xFF,
    0xFF, 0xFF, 0xFF, 0xFF, 0xFF, 0xFF, 0xFF, 0xFF, 0xFF, 0xFF, 0xFF, 0xFF,
    0xFF, 0xFF, 0xFF, 0xFF, 0xFF, 0xFF, 0xFF, 0xFF, 0xFF, 0xFF, 0xFF, 0xFF,
    0xFF, 0xFF, 0xFF, 0xFF, 0xFF, 0xFF, 0xFF, 0xFF, 0xFF, 0xFF, 0xFF, 0xFF,
    0xFF, 0xFF, 0xFF, 0xFF, 0xFF, 0xFF, 0xFF, 0xFF, 0xFF, 0xFF, 0xFF, 0xFF,
    0xFF, 0xFC, 0x00, 0x00, 0x7F, 0xF8, 0x00, 0x00, 0x00, 0x00, 0x1F, 0xFE,
    0x00, 0x00, 0x00, 0x00, 0x07, 0xFF, 0x80, 0x00, 0x00, 0x00, 0x01, 0xFF,
    0xE0, 0x00, 0x00, 0x00, 0x00, 0x7F, 0xF8, 0x00, 0x00, 0x00, 0x00, 0x1F,
    0xFE, 0x00, 0x00, 0x00, 0x00, 0x07, 0xFF, 0x80, 0x00, 0x00, 0x00, 0x01,
    0xFF, 0xE0, 0x00, 0x00, 0x00, 0x00, 0x7F, 0xF8, 0x00, 0x00, 0x00, 0x00,
    0x1F, 0xFE, 0x00, 0x00, 0x00, 0x00, 0x07, 0xFF, 0x80, 0x00, 0x00, 0x00,
    0x01, 0xFF, 0xE0, 0x00, 0x00, 0x00, 0x00, 0x7F, 0xF8, 0x00, 0x00, 0x00,
    0x00, 0x1F, 0xFE, 0x00, 0x00, 0x00, 0x00, 0x07, 0xFF, 0x80, 0x00, 0x00,
    0x00, 0x01, 0xFF, 0xE0, 0x00, 0x00, 0x00, 0x00, 0x7F, 0xF8, 0x00, 0x00,
    0x00, 0x00, 0x1F, 0xFE, 0x00, 0x00, 0x00, 0x00, 0x07, 0xFF, 0x80, 0x00,
    0x00, 0xFF, 0xFF, 0xFF, 0xFF, 0xFF, 0xFF, 0xFF, 0xFF, 0xFF, 0xFF, 0xFF,
    0xFF, 0xFF, 0xFF, 0xFF, 0xFF, 0xFF, 0xFF, 0xFF, 0xFF, 0xFF, 0xFF, 0xFF,
    0xFF, 0xF0, 0x0F, 0xC0, 0x3F, 0x00, 0xFC, 0x07, 0xE0, 0x1F, 0x80, 0x7E,
    0x03, 0xF8, 0x0F, 0xC0, 0x7F, 0x07, 0xF8, 0x7F, 0xC3, 0xFE, 0x0F, 0xF0,
    0x3F, 0x80, 0xF8, 0x03, 0x00, 0x00, 0xFF, 0xFF, 0xFF, 0xFF, 0xFF, 0xFF,
    0xFF, 0xFF, 0xFF, 0xFF, 0xFF, 0xFF, 0xFF, 0xFF, 0xFF, 0xFF, 0xFF, 0xFF,
    0xFF, 0xFF, 0xFF, 0xFF, 0xFF, 0xFF, 0xFF, 0xFF, 0xFF, 0xFF, 0xFF, 0xFF,
    0xFF, 0xFF, 0xFF, 0xFF, 0xFF, 0xFF, 0xFF, 0xFF, 0xFF, 0xFF, 0xFF, 0xFF,
    0xFF, 0xFF, 0xFF, 0xFF, 0xFF, 0xFF, 0xFF, 0xFF, 0xFF, 0xFF, 0xFF, 0xFF,
    0xFF, 0xFF, 0xFF, 0xFF, 0xFF, 0xFF, 0xFF, 0xFF, 0xFF, 0xF0, 0x00, 0x00,
    0x00, 0x3F, 0xF8, 0x00, 0x00, 0x01, 0xFF, 0x80, 0x00, 0x00, 0x1F, 0xFC,
    0x00, 0x00, 0x00, 0xFF, 0xE0, 0x00, 0x00, 0x0F, 0xFE, 0x00, 0x00, 0x00,
    0x7F, 0xF0, 0x00, 0x00, 0x03, 0xFF, 0x80, 0x00, 0x00, 0x3F, 0xF8, 0x00,
    0x00, 0x01, 0xFF, 0xC0, 0x00, 0x00, 0x0F, 0xFC, 0x00, 0x00, 0x00, 0xFF,
    0xE0, 0x00, 0x00, 0x07, 0xFF, 0x00, 0x00, 0x00, 0x7F, 0xF0, 0x00, 0x00,
    0x03, 0xFF, 0x80, 0x00, 0x00, 0x1F, 0xFC, 0x00, 0x00, 0x01, 0xFF, 0xC0,
    0x00, 0x00, 0x0F, 0xFE, 0x00, 0x00, 0x00, 0x7F, 0xE0, 0x00, 0x00, 0x07,
    0xFF, 0x00, 0x00, 0x00, 0x3F, 0xF8, 0x00, 0x00, 0x03, 0xFF, 0x80, 0x00,
    0x00, 0x1F, 0xFC, 0x00, 0x00, 0x00, 0xFF, 0xE0, 0x00, 0x00, 0x0F, 0xFE,
    0x00, 0x00, 0x00, 0x7F, 0xF0, 0x00, 0x00, 0x03, 0xFF, 0x00, 0x00, 0x00,
    0x3F, 0xF8, 0x00, 0x00, 0x01, 0xFF, 0xC0, 0x00, 0x00, 0x1F, 0xFC, 0x00,
    0x00, 0x00, 0xFF, 0xE0, 0x00, 0x00, 0x07, 0xFF, 0x00, 0x00, 0x00, 0x7F,
    0xF0, 0x00, 0x00, 0x03, 0xFF, 0x80, 0x00, 0x00, 0x1F, 0xF8, 0x00, 0x00,
    0x01, 0xFF, 0xC0, 0x00, 0x00, 0x0F, 0xFE, 0x00, 0x00, 0x00, 0xFF, 0xE0,
    0x00, 0x00, 0x07, 0xFF, 0x00, 0x00, 0x00, 0x3F, 0xF8, 0x00, 0x00, 0x03,
    0xFF, 0x80, 0x00, 0x00, 0x1F, 0xFC, 0x00, 0x00, 0x00, 0xFF, 0xC0, 0x00,
    0x00, 0x0F, 0xFE, 0x00, 0x00, 0x00, 0x7F, 0xF0, 0x00, 0x00, 0x03, 0xFF,
    0x00, 0x00, 0x00, 0x3F, 0xF8, 0x00, 0x00, 0x01, 0xFF, 0xC0, 0x00, 0x00,
    0x1F, 0xFC, 0x00, 0x00, 0x00, 0xFF, 0xE0, 0x00, 0x00, 0x07, 0xFE, 0x00,
    0x00, 0x00, 0x7F, 0xF0, 0x00, 0x00, 0x03, 0xFF, 0x80, 0x00, 0x00, 0x1F,
    0xF8, 0x00, 0x00, 0x01, 0xFF, 0xC0, 0x00, 0x00, 0x0F, 0xFE, 0x00, 0x00,
    0x00, 0xFF, 0xE0, 0x00, 0x00, 0x07, 0xFF, 0x00, 0x00, 0x00, 0x3F, 0xF0,
    0x00, 0x00, 0x03, 0xFF, 0x80, 0x00, 0x00, 0x1F, 0xFC, 0x00, 0x00, 0x00,
    0xFF, 0xC0, 0x00, 0x00, 0x0F, 0xFE, 0x00, 0x00, 0x00, 0x7F, 0xF0, 0x00,
    0x00, 0x07, 0xFF, 0x00, 0x00, 0x00, 0x3F, 0xF8, 0x00, 0x00, 0x01, 0xFF,
    0x80, 0x00, 0x00, 0x1F, 0xFC, 0x00, 0x00, 0x00, 0xFF, 0xE0, 0x00, 0x00,
    0x07, 0xFE, 0x00, 0x00, 0x00, 0x7F, 0xF0, 0x00, 0x00, 0x00, 0x00, 0x00,
    0x7F, 0xF0, 0x00, 0x00, 0x00, 0x0F, 0xFF, 0xFC, 0x00, 0x00, 0x00, 0xFF,
    0xFF, 0xFC, 0x00, 0x00, 0x0F, 0xFF, 0xFF, 0xFC, 0x00, 0x00, 0x7F, 0xFF,
    0xFF, 0xF8, 0x00, 0x03, 0xFF, 0xFF, 0xFF, 0xF0, 0x00, 0x1F, 0xFF, 0xFF,
    0xFF, 0xE0, 0x00, 0xFF, 0xFF, 0xFF, 0xFF, 0xC0, 0x07, 0xFF, 0xFF, 0xFF,
    0xFF, 0x80, 0x1F, 0xFF, 0xFF, 0xFF, 0xFE, 0x00, 0xFF, 0xFF, 0xFF, 0xFF,
    0xFC, 0x03, 0xFF, 0xFC, 0x0F, 0xFF, 0xF0, 0x1F, 0xFF, 0xC0, 0x1F, 0xFF,
    0xE0, 0x7F, 0xFE, 0x00, 0x3F, 0xFF, 0x81, 0xFF, 0xF0, 0x00, 0x7F, 0xFE,
    0x0F, 0xFF, 0x80, 0x00, 0xFF, 0xFC, 0x3F, 0xFE, 0x00, 0x03, 0xFF, 0xF0,
    0xFF, 0xF8, 0x00, 0x0F, 0xFF, 0xC3, 0xFF, 0xC0, 0x00, 0x1F, 0xFF, 0x1F,
    0xFF, 0x00, 0x00, 0x7F, 0xFE, 0x7F, 0xFC, 0x00, 0x01, 0xFF, 0xF9, 0xFF,
    0xF0, 0x00, 0x07, 0xFF, 0xE7, 0xFF, 0xC0, 0x00, 0x1F, 0xFF, 0x9F, 0xFF,
    0x00, 0x00, 0x7F, 0xFE, 0x7F, 0xF8, 0x00, 0x00, 0xFF, 0xFB, 0xFF, 0xE0,
    0x00, 0x03, 0xFF, 0xFF, 0xFF, 0x80, 0x00, 0x0F, 0xFF, 0xFF, 0xFE, 0x00,
    0x00, 0x3F, 0xFF, 0xFF, 0xF8, 0x00, 0x00, 0xFF, 0xFF, 0xFF, 0xE0, 0x00,
    0x03, 0xFF, 0xFF, 0xFF, 0x80, 0x00, 0x0F, 0xFF, 0xFF, 0xFE, 0x00, 0x00,
    0x3F, 0xFF, 0xFF, 0xF8, 0x00, 0x00, 0xFF, 0xFF, 0xFF, 0xE0, 0x00, 0x03,
    0xFF, 0xFF, 0xFF, 0x80, 0x00, 0x0F, 0xFF, 0xFF, 0xFE, 0x00, 0x00, 0x3F,
    0xFF, 0xFF, 0xF8, 0x00, 0x00, 0xFF, 0xFF, 0xFF, 0xE0, 0x00, 0x03, 0xFF,
    0xFF, 0xFF, 0x80, 0x00, 0x0F, 0xFF, 0xFF, 0xFE, 0x00, 0x00, 0x3F, 0xFF,
    0xFF, 0xF8, 0x00, 0x00, 0xFF, 0xFF, 0xFF, 0xE0, 0x00, 0x03, 0xFF, 0xFF,
    0xFF, 0x80, 0x00, 0x0F, 0xFF, 0xFF, 0xFE, 0x00, 0x00, 0x3F, 0xFF, 0x7F,
    0xF8, 0x00, 0x00, 0xFF, 0xF9, 0xFF, 0xF0, 0x00, 0x07, 0xFF, 0xE7, 0xFF,
    0xC0, 0x00, 0x1F, 0xFF, 0x9F, 0xFF, 0x00, 0x00, 0x7F, 0xFE, 0x7F, 0xFC,
    0x00, 0x01, 0xFF, 0xF9, 0xFF, 0xF0, 0x00, 0x07, 0xFF, 0xE3, 0xFF, 0xC0,
    0x00, 0x1F, 0xFF, 0x0F, 0xFF, 0x80, 0x00, 0xFF, 0xFC, 0x3F, 0xFE, 0x00,
    0x03, 0xFF, 0xF0, 0xFF, 0xF8, 0x00, 0x0F, 0xFF, 0xC1, 0xFF, 0xF0, 0x00,
    0x7F, 0xFE, 0x07, 0xFF, 0xE0, 0x03, 0xFF, 0xF8, 0x1F, 0xFF, 0xC0, 0x1F,
    0xFF, 0xE0, 0x3F, 0xFF, 0xC0, 0xFF, 0xFF, 0x00, 0xFF, 0xFF, 0xFF, 0xFF,
    0xFC, 0x01, 0xFF, 0xFF, 0xFF, 0xFF, 0xE0, 0x07, 0xFF, 0xFF, 0xFF, 0xFF,
    0x80, 0x0F, 0xFF, 0xFF, 0xFF, 0xFC, 0x00, 0x1F, 0xFF, 0xFF, 0xFF, 0xE0,
    0x00, 0x3F, 0xFF, 0xFF, 0xFF, 0x00, 0x00, 0x7F, 0xFF, 0xFF, 0xF8, 0x00,
    0x00, 0xFF, 0xFF, 0xFF, 0xC0, 0x00, 0x00, 0xFF, 0xFF, 0xFC, 0x00, 0x00,
    0x00, 0xFF, 0xFF, 0xC0, 0x00, 0x00, 0x00, 0x7F, 0xF0, 0x00, 0x00, 0x00,
    0x00, 0x3F, 0xF8, 0x00, 0x01, 0xFF, 0xC0, 0x00, 0x0F, 0xFE, 0x00, 0x00,
    0x7F, 0xF0, 0x00, 0x07, 0xFF, 0x80, 0x00, 0x3F, 0xFC, 0x00, 0x03, 0xFF,
    0xE0, 0x00, 0x1F, 0xFF, 0x00, 0x01, 0xFF, 0xF8, 0x00, 0x3F, 0xFF, 0xC0,
    0x07, 0xFF, 0xFE, 0x03, 0xFF, 0xFF, 0xFF, 0xFF, 0xFF, 0xFF, 0xFF, 0xFF,
    0xFF, 0xFF, 0xFF, 0xFF, 0xFF, 0xFF, 0xFF, 0xFF, 0xFF, 0xFF, 0xFF, 0xFF,
    0xFF, 0xFF, 0xFF, 0xFF, 0xFF, 0xFF, 0xFF, 0xFF, 0xFF, 0xFF, 0xFF, 0xFF,
    0xFF, 0xFF, 0xFF, 0x80, 0x00, 0x7F, 0xFC, 0x00, 0x03, 0xFF, 0xE0, 0x00,
    0x1F, 0xFF, 0x00, 0x00, 0xFF, 0xF8, 0x00, 0x07, 0xFF, 0xC0, 0x00, 0x3F,
    0xFE, 0x00, 0x01, 0xFF, 0xF0, 0x00, 0x0F, 0xFF, 0x80, 0x00, 0x7F, 0xFC,
    0x00, 0x03, 0xFF, 0xE0, 0x00, 0x1F, 0xFF, 0x00, 0x00, 0xFF, 0xF8, 0x00,
    0x07, 0xFF, 0xC0, 0x00, 0x3F, 0xFE, 0x00, 0x01, 0xFF, 0xF0, 0x00, 0x0F,
    0xFF, 0x80, 0x00, 0x7F, 0xFC, 0x00, 0x03, 0xFF, 0xE0, 0x00, 0x1F, 0xFF,
    0x00, 0x00, 0xFF, 0xF8, 0x00, 0x07, 0xFF, 0xC0, 0x00, 0x3F, 0xFE, 0x00,
    0x01, 0xFF, 0xF0, 0x00, 0x0F, 0xFF, 0x80, 0x00, 0x7F, 0xFC, 0x00, 0x03,
    0xFF, 0xE0, 0x00, 0x1F, 0xFF, 0x00, 0x00, 0xFF, 0xF8, 0x00, 0x07, 0xFF,
    0xC0, 0x00, 0x3F, 0xFE, 0x00, 0x01, 0xFF, 0xF0, 0x00, 0x0F, 0xFF, 0x80,
    0x00, 0x7F, 0xFC, 0x00, 0x03, 0xFF, 0xE0, 0x00, 0x1F, 0xFF, 0x00, 0x00,
    0xFF, 0xF8, 0x00, 0x07, 0xFF, 0xC0, 0x00, 0x3F, 0xFE, 0x00, 0x01, 0xFF,
    0xF0, 0x00, 0x0F, 0xFF, 0x80, 0x00, 0x7F, 0xFC, 0x00, 0x03, 0xFF, 0xE0,
    0x00, 0x1F, 0xFF, 0x00, 0x00, 0xFF, 0xF8, 0x00, 0x07, 0xFF, 0xC0, 0x00,
    0x3F, 0xFE, 0x00, 0x00, 0x7F, 0xF0, 0x00, 0x00, 0x00, 0x1F, 0xFF, 0xFC,
    0x00, 0x00, 0x01, 0xFF, 0xFF, 0xFC, 0x00, 0x00, 0x1F, 0xFF, 0xFF, 0xFC,
    0x00, 0x00, 0xFF, 0xFF, 0xFF, 0xFC, 0x00, 0x07, 0xFF, 0xFF, 0xFF, 0xF8,
    0x00, 0x3F, 0xFF, 0xFF, 0xFF, 0xF0, 0x01, 0xFF, 0xFF, 0xFF, 0xFF, 0xE0,
    0x07, 0xFF, 0xFF, 0xFF, 0xFF, 0xC0, 0x3F, 0xFF, 0xFF, 0xFF, 0xFF, 0x01,
    0xFF, 0xFF, 0xFF, 0xFF, 0xFE, 0x07, 0xFF, 0xF8, 0x0F, 0xFF, 0xF8, 0x1F,
    0xFF, 0x80, 0x0F, 0xFF, 0xF0, 0xFF, 0xFC, 0x00, 0x1F, 0xFF, 0xC3, 0xFF,
    0xE0, 0x00, 0x3F, 0xFF, 0x0F, 0xFF, 0x80, 0x00, 0x7F, 0xFE, 0x7F, 0xFC,
    0x00, 0x01, 0xFF, 0xF9, 0xFF, 0xF0, 0x00, 0x03, 0xFF, 0xE7, 0xFF, 0xC0,
    0x00, 0x0F, 0xFF, 0x9F, 0xFF, 0x00, 0x00, 0x3F, 0xFE, 0x7F, 0xFC, 0x00,
    0x00, 0xFF, 0xF9, 0xFF, 0xF0, 0x00, 0x03, 0xFF, 0xE7, 0xFF, 0x80, 0x00,
    0x0F, 0xFF, 0x9F, 0xFE, 0x00, 0x00, 0x3F, 0xFE, 0x00, 0x00, 0x00, 0x01,
    0xFF, 0xF8, 0x00, 0x00, 0x00, 0x07, 0xFF, 0xE0, 0x00, 0x00, 0x00, 0x1F,
    0xFF, 0x80, 0x00, 0x00, 0x00, 0xFF, 0xFC, 0x00, 0x00, 0x00, 0x07, 0xFF,
    0xF0, 0x00, 0x00, 0x00, 0x1F, 0xFF, 0xC0, 0x00, 0x00, 0x00, 0xFF, 0xFE,
    0x00, 0x00, 0x00, 0x07, 0xFF, 0xF8, 0x00, 0x00, 0x00, 0x3F, 0xFF, 0xC0,
    0x00, 0x00, 0x03, 0xFF, 0xFF, 0x00, 0x00, 0x00, 0x1F, 0xFF, 0xF8, 0x00,
    0x00, 0x00, 0xFF, 0xFF, 0xC0, 0x00, 0x00, 0x07, 0xFF, 0xFE, 0x00, 0x00,
    0x00, 0x7F, 0xFF, 0xF0, 0x00, 0x00, 0x03, 0xFF, 0xFF, 0x80, 0x00, 0x00,
    0x1F, 0xFF, 0xFC, 0x00, 0x00, 0x01, 0xFF, 0xFF, 0xC0, 0x00, 0x00, 0x0F,
    0xFF, 0xFE, 0x00, 0x00, 0x00, 0x7F, 0xFF, 0xF0, 0x00, 0x00, 0x07, 0xFF,
    0xFF, 0x00, 0x00, 0x00, 0x3F, 0xFF, 0xF8, 0x00, 0x00, 0x01, 0xFF, 0xFF,
    0x80, 0x00, 0x00, 0x0F, 0xFF, 0xFC, 0x00, 0x00, 0x00, 0x7F, 0xFF, 0xE0,
    0x00, 0x00, 0x03, 0xFF, 0xFE, 0x00, 0x00, 0x00, 0x0F, 0xFF, 0xF0, 0x00,
    0x00, 0x00, 0x7F, 0xFF, 0x80, 0x00, 0x00, 0x03, 0xFF, 0xF8, 0x00, 0x00,
    0x00, 0x0F, 0xFF, 0xC0, 0x00, 0x00, 0x00, 0x7F, 0xFE, 0x00, 0x00, 0x00,
    0x01, 0xFF, 0xF8, 0x00, 0x00, 0x00, 0x0F, 0xFF, 0xFF, 0xFF, 0xFF, 0xFF,
    0x3F, 0xFF, 0xFF, 0xFF, 0xFF, 0xFC, 0xFF, 0xFF, 0xFF, 0xFF, 0xFF, 0xF7,
    0xFF, 0xFF, 0xFF, 0xFF, 0xFF, 0xDF, 0xFF, 0xFF, 0xFF, 0xFF, 0xFF, 0x7F,
    0xFF, 0xFF, 0xFF, 0xFF, 0xFF, 0xFF, 0xFF, 0xFF, 0xFF, 0xFF, 0xFF, 0xFF,
    0xFF, 0xFF, 0xFF, 0xFF, 0xFF, 0xFF, 0xFF, 0xFF, 0xFF, 0xFF, 0xFF, 0xFF,
    0xFF, 0xFF, 0xFF, 0xFF, 0xFF, 0xFF, 0xFF, 0xFF, 0xFF, 0xFF, 0xFF, 0xFF,
    0xFF, 0xFF, 0xFF, 0xC0, 0x00, 0x00, 0xFF, 0xE0, 0x00, 0x00, 0x00, 0x1F,
    0xFF, 0xF8, 0x00, 0x00, 0x01, 0xFF, 0xFF, 0xF8, 0x00, 0x00, 0x1F, 0xFF,
    0xFF, 0xF8, 0x00, 0x00, 0xFF, 0xFF, 0xFF, 0xF8, 0x00, 0x07, 0xFF, 0xFF,
    0xFF, 0xF0, 0x00, 0x3F, 0xFF, 0xFF, 0xFF, 0xE0, 0x01, 0xFF, 0xFF, 0xFF,
    0xFF, 0xC0, 0x0F, 0xFF, 0xFF, 0xFF, 0xFF, 0x00, 0x3F, 0xFF, 0xFF, 0xFF,
    0xFE, 0x01, 0xFF, 0xFF, 0xFF, 0xFF, 0xF8, 0x0F, 0xFF, 0xF0, 0x1F, 0xFF,
    0xF0, 0x3F, 0xFF, 0x00, 0x1F, 0xFF, 0xC0, 0xFF, 0xF8, 0x00, 0x3F, 0xFF,
    0x07, 0xFF, 0xC0, 0x00, 0x7F, 0xFE, 0x1F, 0xFF, 0x00, 0x01, 0xFF, 0xF8,
    0x7F, 0xF8, 0x00, 0x03, 0xFF, 0xE1, 0xFF, 0xE0, 0x00, 0x0F, 0xFF, 0x87,
    0xFF, 0x80, 0x00, 0x3F, 0xFE, 0x1F, 0xFE, 0x00, 0x00, 0xFF, 0xF8, 0xFF,
    0xF8, 0x00, 0x03, 0xFF, 0xE3, 0xFF, 0xE0, 0x00, 0x0F, 0xFF, 0x80, 0x00,
    0x00, 0x00, 0x3F, 0xFE, 0x00, 0x00, 0x00, 0x01, 0xFF, 0xF0, 0x00, 0x00,
    0x00, 0x07, 0xFF, 0xC0, 0x00, 0x00, 0x00, 0x3F, 0xFF, 0x00, 0x00, 0x00,
    0x00, 0xFF, 0xF8, 0x00, 0x00, 0x00, 0x0F, 0xFF, 0xC0, 0x00, 0x00, 0x01,
    0xFF, 0xFF, 0x00, 0x00, 0x01, 0xFF, 0xFF, 0xF8, 0x00, 0x00, 0x07, 0xFF,
    0xFF, 0xC0, 0x00, 0x00, 0x1F, 0xFF, 0xFC, 0x00, 0x00, 0x00, 0x7F, 0xFF,
    0xF8, 0x00, 0x00, 0x01, 0xFF, 0xFF, 0xF0, 0x00, 0x00, 0x07, 0xFF, 0xFF,
    0xF0, 0x00, 0x00, 0x1F, 0xFF, 0xFF, 0xE0, 0x00, 0x00, 0x7F, 0xFF, 0xFF,
    0xC0, 0x00, 0x01, 0xFF, 0xFF, 0xFF, 0x80, 0x00, 0x00, 0x1F, 0xFF, 0xFE,
    0x00, 0x00, 0x00, 0x07, 0xFF, 0xFC, 0x00, 0x00, 0x00, 0x07, 0xFF, 0xF8,
    0x00, 0x00, 0x00, 0x0F, 0xFF, 0xE0, 0x00, 0x00, 0x00, 0x1F, 0xFF, 0x80,
    0x00, 0x00, 0x00, 0x7F, 0xFF, 0x00, 0x00, 0x00, 0x01, 0xFF, 0xFC, 0x00,
    0x00, 0x00, 0x03, 0xFF, 0xF0, 0x00, 0x00, 0x00, 0x0F, 0xFF, 0xFF, 0xFC,
    0x00, 0x00, 0x3F, 0xFF, 0xFF, 0xF8, 0x00, 0x00, 0xFF, 0xFF, 0xFF, 0xE0,
    0x00, 0x03, 0xFF, 0xFF, 0xFF, 0x80, 0x00, 0x0F, 0xFF, 0xFF, 0xFE, 0x00,
    0x00, 0x3F, 0xFF, 0xFF, 0xF8, 0x00, 0x01, 0xFF, 0xFB, 0xFF, 0xF0, 0x00,
    0x07, 0xFF, 0xE7, 0xFF, 0xC0, 0x00, 0x3F, 0xFF, 0x9F, 0xFF, 0x80, 0x01,
    0xFF, 0xFE, 0x7F, 0xFF, 0x80, 0x0F, 0xFF, 0xF0, 0xFF, 0xFF, 0x81, 0xFF,
    0xFF, 0xC3, 0xFF, 0xFF, 0xFF, 0xFF, 0xFE, 0x07, 0xFF, 0xFF, 0xFF, 0xFF,
    0xF8, 0x1F, 0xFF, 0xFF, 0xFF, 0xFF, 0xC0, 0x3F, 0xFF, 0xFF, 0xFF, 0xFE,
    0x00, 0x7F, 0xFF, 0xFF, 0xFF, 0xF0, 0x00, 0xFF, 0xFF, 0xFF, 0xFF, 0x80,
    0x01, 0xFF, 0xFF, 0xFF, 0xFC, 0x00, 0x03, 0xFF, 0xFF, 0xFF, 0xE0, 0x00,
    0x03, 0xFF, 0xFF, 0xFE, 0x00, 0x00, 0x01, 0xFF, 0xFF, 0xC0, 0x00, 0x00,
    0x00, 0x7F, 0xF0, 0x00, 0x00, 0x00, 0x00, 0x00, 0xFF, 0xFE, 0x00, 0x00,
    0x00, 0x03, 0xFF, 0xFC, 0x00, 0x00, 0x00, 0x07, 0xFF, 0xF8, 0x00, 0x00,
    0x00, 0x1F, 0xFF, 0xF0, 0x00, 0x00, 0x00, 0x3F, 0xFF, 0xE0, 0x00, 0x00,
    0x00, 0xFF, 0xFF, 0xC0, 0x00, 0x00, 0x03, 0xFF, 0xFF, 0x80, 0x00, 0x00,
    0x07, 0xFF, 0xFF, 0x00, 0x00, 0x00, 0x1F, 0xFF, 0xFE, 0x00, 0x00, 0x00,
    0x3F, 0xFF, 0xFC, 0x00, 0x00, 0x00, 0xFF, 0xFF, 0xF8, 0x00, 0x00, 0x03,
    0xFF, 0xFF, 0xF0, 0x00, 0x00, 0x07, 0xFF, 0xFF, 0xE0, 0x00, 0x00, 0x1F,
    0xFF, 0xFF, 0xC0, 0x00, 0x00, 0x3F, 0xEF, 0xFF, 0x80, 0x00, 0x00, 0xFF,
    0xDF, 0xFF, 0x00, 0x00, 0x03, 0xFF, 0x3F, 0xFE, 0x00, 0x00, 0x07, 0xFE,
    0x7F, 0xFC, 0x00, 0x00, 0x1F, 0xF8, 0xFF, 0xF8, 0x00, 0x00, 0x3F, 0xE1,
    0xFF, 0xF0, 0x00, 0x00, 0xFF, 0xC3, 0xFF, 0xE0, 0x00, 0x03, 0xFF, 0x07,
    0xFF, 0xC0, 0x00, 0x07, 0xFE, 0x0F, 0xFF, 0x80, 0x00, 0x1F, 0xF8, 0x1F,
    0xFF, 0x00, 0x00, 0x3F, 0xF0, 0x3F, 0xFE, 0x00, 0x00, 0xFF, 0xC0, 0x7F,
    0xFC, 0x00, 0x03, 0xFF, 0x00, 0xFF, 0xF8, 0x00, 0x07, 0xFE, 0x01, 0xFF,
    0xF0, 0x00, 0x1F, 0xF8, 0x03, 0xFF, 0xE0, 0x00, 0x7F, 0xF0, 0x07, 0xFF,
    0xC0, 0x00, 0xFF, 0xC0, 0x0F, 0xFF, 0x80, 0x03, 0xFF, 0x00, 0x1F, 0xFF,
    0x00, 0x07, 0xFE, 0x00, 0x3F, 0xFE, 0x00, 0x1F, 0xF8, 0x00, 0x7F, 0xFC,
    0x00, 0x7F, 0xF0, 0x00, 0xFF, 0xF8, 0x00, 0xFF, 0xC0, 0x01, 0xFF, 0xF0,
    0x03, 0xFF, 0x80, 0x03, 0xFF, 0xE0, 0x07, 0xFE, 0x00, 0x07, 0xFF, 0xC0,
    0x1F, 0xF8, 0x00, 0x0F, 0xFF, 0x80, 0x7F, 0xF0, 0x00, 0x1F, 0xFF, 0x00,
    0xFF, 0xC0, 0x00, 0x3F, 0xFE, 0x01, 0xFF, 0x80, 0x00, 0x7F, 0xFC, 0x03,
    0xFF, 0xFF, 0xFF, 0xFF, 0xFF, 0xFF, 0xFF, 0xFF, 0xFF, 0xFF, 0xFF, 0xFF,
    0xFF, 0xFF, 0xFF, 0xFF, 0xFF, 0xFF, 0xFF, 0xFF, 0xFF, 0xFF, 0xFF, 0xFF,
    0xFF, 0xFF, 0xFF, 0xFF, 0xFF, 0xFF, 0xFF, 0xFF, 0xFF, 0xFF, 0xFF, 0xFF,
    0xFF, 0xFF, 0xFF, 0xFF, 0xFF, 0xFF, 0xFF, 0xFF, 0xFF, 0xFF, 0xFF, 0xFF,
    0xFF, 0xFF, 0xFF, 0xFF, 0xFF, 0xFF, 0xFF, 0xFF, 0xFF, 0xFF, 0xF0, 0x00,
    0x00, 0x03, 0xFF, 0xE0, 0x00, 0x00, 0x00, 0x07, 0xFF, 0xC0, 0x00, 0x00,
    0x00, 0x0F, 0xFF, 0x80, 0x00, 0x00, 0x00, 0x1F, 0xFF, 0x00, 0x00, 0x00,
    0x00, 0x3F, 0xFE, 0x00, 0x00, 0x00, 0x00, 0x7F, 0xFC, 0x00, 0x00, 0x00,
    0x00, 0xFF, 0xF8, 0x00, 0x00, 0x00, 0x01, 0xFF, 0xF0, 0x00, 0x00, 0x00,
    0x03, 0xFF, 0xE0, 0x00, 0x00, 0x00, 0x07, 0xFF, 0xC0, 0x00, 0x00, 0x00,
    0x0F, 0xFF, 0x80, 0x00, 0x00, 0x00, 0x1F, 0xFF, 0x00, 0x00, 0x00, 0x00,
    0x3F, 0xFE, 0x00, 0x00, 0x00, 0x00, 0x7F, 0xFC, 0x00, 0x03, 0xFF, 0xFF,
    0xFF, 0xFF, 0xE0, 0x0F, 0xFF, 0xFF, 0xFF, 0xFF, 0x80, 0x3F, 0xFF, 0xFF,
    0xFF, 0xFE, 0x00, 0xFF, 0xFF, 0xFF, 0xFF, 0xF8, 0x03, 0xFF, 0xFF, 0xFF,
    0xFF, 0xE0, 0x0F, 0xFF, 0xFF, 0xFF, 0xFF, 0x80, 0x7F, 0xFF, 0xFF, 0xFF,
    0xFE, 0x01, 0xFF, 0xFF, 0xFF, 0xFF, 0xF8, 0x07, 0xFF, 0xFF, 0xFF, 0xFF,
    0xE0, 0x1F, 0xFF, 0xFF, 0xFF, 0xFF, 0x80, 0x7F, 0xFF, 0xFF, 0xFF, 0xFE,
    0x01, 0xFF, 0xC0, 0x00, 0x00, 0x00, 0x07, 0xFF, 0x00, 0x00, 0x00, 0x00,
    0x1F, 0xF8, 0x00, 0x00, 0x00, 0x00, 0xFF, 0xE0, 0x00, 0x00, 0x00, 0x03,
    0xFF, 0x80, 0x00, 0x00, 0x00, 0x0F, 0xFE, 0x00, 0x00, 0x00, 0x00, 0x3F,
    0xF8, 0x00, 0x00, 0x00, 0x00, 0xFF, 0xE0, 0x00, 0x00, 0x00, 0x03, 0xFF,
    0x00, 0x00, 0x00, 0x00, 0x0F, 0xFC, 0x00, 0x00, 0x00, 0x00, 0x3F, 0xF0,
    0x00, 0x00, 0x00, 0x01, 0xFF, 0xC0, 0xFF, 0xC0, 0x00, 0x07, 0xFF, 0x1F,
    0xFF, 0xE0, 0x00, 0x1F, 0xFD, 0xFF, 0xFF, 0xE0, 0x00, 0x7F, 0xEF, 0xFF,
    0xFF, 0xE0, 0x01, 0xFF, 0xFF, 0xFF, 0xFF, 0xC0, 0x07, 0xFF, 0xFF, 0xFF,
    0xFF, 0xC0, 0x1F, 0xFF, 0xFF, 0xFF, 0xFF, 0x80, 0x7F, 0xFF, 0xFF, 0xFF,
    0xFE, 0x03, 0xFF, 0xFF, 0xFF, 0xFF, 0xFC, 0x0F, 0xFF, 0xFF, 0xFF, 0xFF,
    0xF8, 0x3F, 0xFF, 0xFF, 0xFF, 0xFF, 0xE0, 0xFF, 0xFF, 0x00, 0xFF, 0xFF,
    0xC3, 0xFF, 0xF0, 0x00, 0xFF, 0xFF, 0x0F, 0xFF, 0x80, 0x01, 0xFF, 0xFE,
    0x3F, 0xFC, 0x00, 0x03, 0xFF, 0xF8, 0x01, 0xF0, 0x00, 0x0F, 0xFF, 0xE0,
    0x00, 0x00, 0x00, 0x1F, 0xFF, 0xC0, 0x00, 0x00, 0x00, 0x7F, 0xFF, 0x00,
    0x00, 0x00, 0x01, 0xFF, 0xFC, 0x00, 0x00, 0x00, 0x03, 0xFF, 0xF0, 0x00,
    0x00, 0x00, 0x0F, 0xFF, 0xC0, 0x00, 0x00, 0x00, 0x3F, 0xFF, 0x00, 0x00,
    0x00, 0x00, 0xFF, 0xFC, 0x00, 0x00, 0x00, 0x03, 0xFF, 0xF0, 0x00, 0x00,
    0x00, 0x0F, 0xFF, 0xC0, 0x00, 0x00, 0x00, 0x3F, 0xFF, 0xFF, 0xF8, 0x00,
    0x00, 0xFF, 0xFF, 0xFF, 0xE0, 0x00, 0x07, 0xFF, 0xEF, 0xFF, 0x80, 0x00,
    0x1F, 0xFF, 0xBF, 0xFF, 0x00, 0x00, 0x7F, 0xFE, 0xFF, 0xFC, 0x00, 0x03,
    0xFF, 0xF9, 0xFF, 0xF8, 0x00, 0x1F, 0xFF, 0xC7, 0xFF, 0xE0, 0x00, 0x7F,
    0xFF, 0x1F, 0xFF, 0xE0, 0x07, 0xFF, 0xF8, 0x3F, 0xFF, 0xE0, 0x7F, 0xFF,
    0xE0, 0xFF, 0xFF, 0xFF, 0xFF, 0xFF, 0x01, 0xFF, 0xFF, 0xFF, 0xFF, 0xFC,
    0x07, 0xFF, 0xFF, 0xFF, 0xFF, 0xE0, 0x0F, 0xFF, 0xFF, 0xFF, 0xFF, 0x00,
    0x1F, 0xFF, 0xFF, 0xFF, 0xF8, 0x00, 0x3F, 0xFF, 0xFF, 0xFF, 0xC0, 0x00,
    0x7F, 0xFF, 0xFF, 0xFE, 0x00, 0x00, 0x7F, 0xFF, 0xFF, 0xF0, 0x00, 0x00,
    0xFF, 0xFF, 0xFF, 0x00, 0x00, 0x00, 0x7F, 0xFF, 0xE0, 0x00, 0x00, 0x00,
    0x1F, 0xFC, 0x00, 0x00, 0x00, 0x00, 0x1F, 0xF8, 0x00, 0x00, 0x00, 0x07,
    0xFF, 0xFE, 0x00, 0x00, 0x00, 0x7F, 0xFF, 0xFE, 0x00, 0x00, 0x03, 0xFF,
    0xFF, 0xFE, 0x00, 0x00, 0x3F, 0xFF, 0xFF, 0xFC, 0x00, 0x01, 0xFF, 0xFF,
    0xFF, 0xF8, 0x00, 0x0F, 0xFF, 0xFF, 0xFF, 0xF0, 0x00, 0x7F, 0xFF, 0xFF,
    0xFF, 0xE0, 0x01, 0xFF, 0xFF, 0xFF, 0xFF, 0xC0, 0x0F, 0xFF, 0xFF, 0xFF,
    0xFF, 0x00, 0x7F, 0xFF, 0xFF, 0xFF, 0xFE, 0x01, 0xFF, 0xFE, 0x07, 0xFF,
    0xF8, 0x0F, 0xFF, 0xE0, 0x07, 0xFF, 0xE0, 0x3F, 0xFF, 0x00, 0x0F, 0xFF,
    0xC1, 0xFF, 0xF8, 0x00, 0x1F, 0xFF, 0x07, 0xFF, 0xC0, 0x00, 0x7F, 0xFC,
    0x1F, 0xFE, 0x00, 0x01, 0xFF, 0xF0, 0xFF, 0xF8, 0x00, 0x03, 0xFF, 0xE3,
    0xFF, 0xE0, 0x00, 0x00, 0x00, 0x0F, 0xFF, 0x00, 0x00, 0x00, 0x00, 0x7F,
    0xFC, 0x00, 0x00, 0x00, 0x01, 0xFF, 0xF0, 0x00, 0x00, 0x00, 0x07, 0xFF,
    0xC0, 0x00, 0x00, 0x00, 0x1F, 0xFF, 0x00, 0x00, 0x00, 0x00, 0x7F, 0xF8,
    0x07, 0xFE, 0x00, 0x01, 0xFF, 0xE0, 0xFF, 0xFF, 0x00, 0x0F, 0xFF, 0x8F,
    0xFF, 0xFF, 0x00, 0x3F, 0xFE, 0x7F, 0xFF, 0xFE, 0x00, 0xFF, 0xFB, 0xFF,
    0xFF, 0xFE, 0x03, 0xFF, 0xFF, 0xFF, 0xFF, 0xFC, 0x0F, 0xFF, 0xFF, 0xFF,
    0xFF, 0xF8, 0x3F, 0xFF, 0xFF, 0xFF, 0xFF, 0xF0, 0xFF, 0xFF, 0xFF, 0xFF,
    0xFF, 0xC3, 0xFF, 0xFF, 0xFF, 0xFF, 0xFF, 0x8F, 0xFF, 0xFF, 0x03, 0xFF,
    0xFF, 0x3F, 0xFF, 0xF0, 0x03, 0xFF, 0xFC, 0xFF, 0xFF, 0x80, 0x03, 0xFF,
    0xF3, 0xFF, 0xFC, 0x00, 0x0F, 0xFF, 0xEF, 0xFF, 0xE0, 0x00, 0x1F, 0xFF,
    0xBF, 0xFF, 0x80, 0x00, 0x3F, 0xFE, 0xFF, 0xFC, 0x00, 0x00, 0xFF, 0xFF,
    0xFF, 0xF0, 0x00, 0x03, 0xFF, 0xFF, 0xFF, 0xC0, 0x00, 0x07, 0xFF, 0xFF,
    0xFF, 0x00, 0x00, 0x1F, 0xFF, 0xFF, 0xF8, 0x00, 0x00, 0x7F, 0xFD, 0xFF,
    0xE0, 0x00, 0x01, 0xFF, 0xF7, 0xFF, 0x80, 0x00, 0x07, 0xFF, 0xDF, 0xFE,
    0x00, 0x00, 0x1F, 0xFF, 0x7F, 0xFC, 0x00, 0x00, 0x7F, 0xFD, 0xFF, 0xF0,
    0x00, 0x01, 0xFF, 0xF7, 0xFF, 0xC0, 0x00, 0x0F, 0xFF, 0xCF, 0xFF, 0x00,
    0x00, 0x3F, 0xFE, 0x3F, 0xFE, 0x00, 0x00, 0xFF, 0xF8, 0xFF, 0xF8, 0x00,
    0x07, 0xFF, 0xE1, 0xFF, 0xF0, 0x00, 0x1F, 0xFF, 0x07, 0xFF, 0xE0, 0x00,
    0xFF, 0xFC, 0x0F, 0xFF, 0xC0, 0x07, 0xFF, 0xF0, 0x3F, 0xFF, 0xE0, 0x7F,
    0xFF, 0x80, 0x7F, 0xFF, 0xFF, 0xFF, 0xFE, 0x01, 0xFF, 0xFF, 0xFF, 0xFF,
    0xF0, 0x03, 0xFF, 0xFF, 0xFF, 0xFF, 0x80, 0x07, 0xFF, 0xFF, 0xFF, 0xFE,
    0x00, 0x1F, 0xFF, 0xFF, 0xFF, 0xF0, 0x00, 0x3F, 0xFF, 0xFF, 0xFF, 0x80,
    0x00, 0x3F, 0xFF, 0xFF, 0xFC, 0x00, 0x00, 0x7F, 0xFF, 0xFF, 0xE0, 0x00,
    0x00, 0xFF, 0xFF, 0xFE, 0x00, 0x00, 0x00, 0x7F, 0xFF, 0xE0, 0x00, 0x00,
    0x00, 0x3F, 0xF8, 0x00, 0x00, 0x7F, 0xFF, 0xFF, 0xFF, 0xFF, 0xFF, 0x7F,
    0xFF, 0xFF, 0xFF, 0xFF, 0xFF, 0x7F, 0xFF, 0xFF, 0xFF, 0xFF, 0xFF, 0x7F,
    0xFF, 0xFF, 0xFF, 0xFF, 0xFF, 0x7F, 0xFF, 0xFF, 0xFF, 0xFF, 0xFF, 0xFF,
    0xFF, 0xFF, 0xFF, 0xFF, 0xFF, 0xFF, 0xFF, 0xFF, 0xFF, 0xFF, 0xFF, 0xFF,
    0xFF, 0xFF, 0xFF, 0xFF, 0xFF, 0xFF, 0xFF, 0xFF, 0xFF, 0xFF, 0xFF, 0xFF,
    0xFF, 0xFF, 0xFF, 0xFF, 0xFF, 0xFF, 0xFF, 0xFF, 0xFF, 0xFF, 0xFE, 0xFF,
    0xFF, 0xFF, 0xFF, 0xFF, 0xFC, 0x00, 0x00, 0x00, 0x00, 0x7F, 0xFC, 0x00,
    0x00, 0x00, 0x00, 0xFF, 0xF8, 0x00, 0x00, 0x00, 0x01, 0xFF, 0xF0, 0x00,
    0x00, 0x00, 0x03, 0xFF, 0xE0, 0x00, 0x00, 0x00, 0x03, 0xFF, 0xC0, 0x00,
    0x00, 0x00, 0x07, 0xFF, 0xC0, 0x00, 0x00, 0x00, 0x0F, 0xFF, 0x80, 0x00,
    0x00, 0x00, 0x1F, 0xFF, 0x00, 0x00, 0x00, 0x00, 0x1F, 0xFE, 0x00, 0x00,
    0x00, 0x00, 0x3F, 0xFE, 0x00, 0x00, 0x00, 0x00, 0x7F, 0xFC, 0x00, 0x00,
    0x00, 0x00, 0x7F, 0xFC, 0x00, 0x00, 0x00, 0x00, 0xFF, 0xF8, 0x00, 0x00,
    0x00, 0x01, 0xFF, 0xF0, 0x00, 0x00, 0x00, 0x01, 0xFF, 0xF0, 0x00, 0x00,
    0x00, 0x03, 0xFF, 0xE0, 0x00, 0x00, 0x00, 0x03, 0xFF, 0xC0, 0x00, 0x00,
    0x00, 0x07, 0xFF, 0xC0, 0x00, 0x00, 0x00, 0x0F, 0xFF, 0x80, 0x00, 0x00,
    0x00, 0x0F, 0xFF, 0x80, 0x00, 0x00, 0x00, 0x1F, 0xFF, 0x00, 0x00, 0x00,
    0x00, 0x1F, 0xFF, 0x00, 0x00, 0x00, 0x00, 0x3F, 0xFE, 0x00, 0x00, 0x00,
    0x00, 0x3F, 0xFE, 0x00, 0x00, 0x00, 0x00, 0x7F, 0xFC, 0x00, 0x00, 0x00,
    0x00, 0x7F, 0xFC, 0x00, 0x00, 0x00, 0x00, 0xFF, 0xFC, 0x00, 0x00, 0x00,
    0x00, 0xFF, 0xF8, 0x00, 0x00, 0x00, 0x00, 0xFF, 0xF8, 0x00, 0x00, 0x00,
    0x01, 0xFF, 0xF0, 0x00, 0x00, 0x00, 0x01, 0xFF, 0xF0, 0x00, 0x00, 0x00,
    0x03, 0xFF, 0xF0, 0x00, 0x00, 0x00, 0x03, 0xFF, 0xE0, 0x00, 0x00, 0x00,
    0x03, 0xFF, 0xE0, 0x00, 0x00, 0x00, 0x07, 0xFF, 0xE0, 0x00, 0x00, 0x00,
    0x07, 0xFF, 0xE0, 0x00, 0x00, 0x00, 0x07, 0xFF, 0xC0, 0x00, 0x00, 0x00,
    0x0F, 0xFF, 0xC0, 0x00, 0x00, 0x00, 0x0F, 0xFF, 0xC0, 0x00, 0x00, 0x00,
    0x0F, 0xFF, 0xC0, 0x00, 0x00, 0x00, 0x0F, 0xFF, 0x80, 0x00, 0x00, 0x00,
    0x1F, 0xFF, 0x80, 0x00, 0x00, 0x00, 0x1F, 0xFF, 0x80, 0x00, 0x00, 0x00,
    0x1F, 0xFF, 0x80, 0x00, 0x00, 0x00, 0x1F, 0xFF, 0x00, 0x00, 0x00, 0x00,
    0x1F, 0xFF, 0x00, 0x00, 0x00, 0x00, 0x3F, 0xFF, 0x00, 0x00, 0x00, 0x00,
    0x3F, 0xFF, 0x00, 0x00, 0x00, 0x00, 0x3F, 0xFF, 0x00, 0x00, 0x00, 0x00,
    0x3F, 0xFF, 0x00, 0x00, 0x00, 0x00, 0x3F, 0xFF, 0x00, 0x00, 0x00, 0x00,
    0x3F, 0xFE, 0x00, 0x00, 0x00, 0x00, 0x3F, 0xFE, 0x00, 0x00, 0x00, 0x00,
    0x3F, 0xFE, 0x00, 0x00, 0x00, 0x00, 0x00, 0x3F, 0xF8, 0x00, 0x00, 0x00,
    0x0F, 0xFF, 0xFE, 0x00, 0x00, 0x00, 0xFF, 0xFF, 0xFE, 0x00, 0x00, 0x0F,
    0xFF, 0xFF, 0xFE, 0x00, 0x00, 0x7F, 0xFF, 0xFF, 0xFC, 0x00, 0x03, 0xFF,
    0xFF, 0xFF, 0xF8, 0x00, 0x1F, 0xFF, 0xFF, 0xFF, 0xF0, 0x00, 0xFF, 0xFF,
    0xFF, 0xFF, 0xE0, 0x07, 0xFF, 0xFF, 0xFF, 0xFF, 0x80, 0x1F, 0xFF, 0xFF,
    0xFF, 0xFF, 0x00, 0xFF, 0xFF, 0xFF, 0xFF, 0xFE, 0x03, 0xFF, 0xF8, 0x0F,
    0xFF, 0xF8, 0x1F, 0xFF, 0x80, 0x0F, 0xFF, 0xE0, 0x7F, 0xFC, 0x00, 0x1F,
    0xFF, 0xC1, 0xFF, 0xE0, 0x00, 0x3F, 0xFF, 0x07, 0xFF, 0x80, 0x00, 0xFF,
    0xFC, 0x1F, 0xFE, 0x00, 0x01, 0xFF, 0xF0, 0x7F, 0xF0, 0x00, 0x07, 0xFF,
    0xC1, 0xFF, 0xC0, 0x00, 0x1F, 0xFF, 0x07, 0xFF, 0x00, 0x00, 0x7F, 0xFC,
    0x1F, 0xFC, 0x00, 0x01, 0xFF, 0xF0, 0x7F, 0xF8, 0x00, 0x07, 0xFF, 0x81,
    0xFF, 0xE0, 0x00, 0x3F, 0xFE, 0x03, 0xFF, 0x80, 0x00, 0xFF, 0xF8, 0x0F,
    0xFF, 0x00, 0x07, 0xFF, 0xE0, 0x1F, 0xFE, 0x00, 0x3F, 0xFF, 0x00, 0x7F,
    0xFE, 0x03, 0xFF, 0xF8, 0x00, 0xFF, 0xFF, 0xFF, 0xFF, 0xE0, 0x01, 0xFF,
    0xFF, 0xFF, 0xFF, 0x00, 0x03, 0xFF, 0xFF, 0xFF, 0xF0, 0x00, 0x07, 0xFF,
    0xFF, 0xFF, 0x80, 0x00, 0x0F, 0xFF, 0xFF, 0xFF, 0x00, 0x00, 0xFF, 0xFF,
    0xFF, 0xFE, 0x00, 0x07, 0xFF, 0xFF, 0xFF, 0xFC, 0x00, 0x7F, 0xFF, 0xFF,
    0xFF, 0xF8, 0x01, 0xFF, 0xFF, 0xFF, 0xFF, 0xF0, 0x0F, 0xFF, 0xFF, 0xFF,
    0xFF, 0xE0, 0x7F, 0xFF, 0xC0, 0x7F, 0xFF, 0x83, 0xFF, 0xFC, 0x00, 0x7F,
    0xFF, 0x0F, 0xFF, 0xE0, 0x00, 0xFF, 0xFC, 0x7F, 0xFF, 0x00, 0x01, 0xFF,
    0xF9, 0xFF, 0xF8, 0x00, 0x03, 0xFF, 0xE7, 0xFF, 0xE0, 0x00, 0x0F, 0xFF,
    0x9F, 0xFF, 0x00, 0x00, 0x3F, 0xFE, 0xFF, 0xFC, 0x00, 0x00, 0x7F, 0xFF,
    0xFF, 0xF0, 0x00, 0x01, 0xFF, 0xFF, 0xFF, 0xC0, 0x00, 0x07, 0xFF, 0xFF,
    0xFF, 0x00, 0x00, 0x1F, 0xFF, 0xFF, 0xFC, 0x00, 0x00, 0x7F, 0xFF, 0xFF,
    0xF0, 0x00, 0x01, 0xFF, 0xFF, 0xFF, 0xC0, 0x00, 0x07, 0xFF, 0xFF, 0xFF,
    0x00, 0x00, 0x3F, 0xFF, 0xFF, 0xFE, 0x00, 0x00, 0xFF, 0xFD, 0xFF, 0xF8,
    0x00, 0x03, 0xFF, 0xE7, 0xFF, 0xF0, 0x00, 0x1F, 0xFF, 0x9F, 0xFF, 0xE0,
    0x00, 0xFF, 0xFE, 0x7F, 0xFF, 0xC0, 0x07, 0xFF, 0xF0, 0xFF, 0xFF, 0xC0,
    0x7F, 0xFF, 0xC3, 0xFF, 0xFF, 0xFF, 0xFF, 0xFE, 0x07, 0xFF, 0xFF, 0xFF,
    0xFF, 0xF8, 0x0F, 0xFF, 0xFF, 0xFF, 0xFF, 0xC0, 0x3F, 0xFF, 0xFF, 0xFF,
    0xFE, 0x00, 0x7F, 0xFF, 0xFF, 0xFF, 0xF0, 0x00, 0xFF, 0xFF, 0xFF, 0xFF,
    0x80, 0x01, 0xFF, 0xFF, 0xFF, 0xFC, 0x00, 0x01, 0xFF, 0xFF, 0xFF, 0xE0,
    0x00, 0x03, 0xFF, 0xFF, 0xFE, 0x00, 0x00, 0x01, 0xFF, 0xFF, 0xC0, 0x00,
    0x00, 0x00, 0xFF, 0xF0, 0x00, 0x00, 0x00, 0x00, 0x7F, 0xF0, 0x00, 0x00,
    0x00, 0x0F, 0xFF, 0xF8, 0x00, 0x00, 0x01, 0xFF, 0xFF, 0xFC, 0x00, 0x00,
    0x0F, 0xFF, 0xFF, 0xF8, 0x00, 0x00, 0xFF, 0xFF, 0xFF, 0xF8, 0x00, 0x07,
    0xFF, 0xFF, 0xFF, 0xF0, 0x00, 0x3F, 0xFF, 0xFF, 0xFF, 0xE0, 0x01, 0xFF,
    0xFF, 0xFF, 0xFF, 0xC0, 0x07, 0xFF, 0xFF, 0xFF, 0xFF, 0x00, 0x3F, 0xFF,
    0xFF, 0xFF, 0xFE, 0x01, 0xFF, 0xFF, 0xFF, 0xFF, 0xFC, 0x07, 0xFF, 0xF8,
    0x0F, 0xFF, 0xF0, 0x3F, 0xFF, 0x80, 0x0F, 0xFF, 0xE0, 0xFF, 0xFC, 0x00,
    0x1F, 0xFF, 0x87, 0xFF, 0xE0, 0x00, 0x3F, 0xFE, 0x1F, 0xFF, 0x00, 0x00,
    0x7F, 0xFC, 0x7F, 0xFC, 0x00, 0x01, 0xFF, 0xF1, 0xFF, 0xF0, 0x00, 0x03,
    0xFF, 0xCF, 0xFF, 0x80, 0x00, 0x0F, 0xFF, 0xBF, 0xFE, 0x00, 0x00, 0x3F,
    0xFE, 0xFF, 0xF8, 0x00, 0x00, 0xFF, 0xFB, 0xFF, 0xE0, 0x00, 0x03, 0xFF,
    0xEF, 0xFF, 0x80, 0x00, 0x0F, 0xFF, 0xBF, 0xFE, 0x00, 0x00, 0x3F, 0xFF,
    0xFF, 0xF8, 0x00, 0x00, 0xFF, 0xFF, 0xFF, 0xE0, 0x00, 0x03, 0xFF, 0xFF,
    0xFF, 0x80, 0x00, 0x0F, 0xFF, 0xFF, 0xFF, 0x00, 0x00, 0x3F, 0xFF, 0xFF,
    0xFC, 0x00, 0x01, 0xFF, 0xFD, 0xFF, 0xF0, 0x00, 0x07, 0xFF, 0xF7, 0xFF,
    0xE0, 0x00, 0x3F, 0xFF, 0xDF, 0xFF, 0xC0, 0x01, 0xFF, 0xFF, 0x7F, 0xFF,
    0x80, 0x0F, 0xFF, 0xFC, 0xFF, 0xFF, 0x80, 0xFF, 0xFF, 0xF3, 0xFF, 0xFF,
    0xFF, 0xFF, 0xFF, 0xC7, 0xFF, 0xFF, 0xFF, 0xFF, 0xFF, 0x1F, 0xFF, 0xFF,
    0xFF, 0xFF, 0xFC, 0x3F, 0xFF, 0xFF, 0xFF, 0xFF, 0xF0, 0x7F, 0xFF, 0xFF,
    0xFF, 0xFF, 0xC0, 0xFF, 0xFF, 0xFF, 0xFF, 0xFF, 0x01, 0xFF, 0xFF, 0xFF,
    0x7F, 0xFC, 0x01, 0xFF, 0xFF, 0xF9, 0xFF, 0xF0, 0x03, 0xFF, 0xFF, 0xC7,
    0xFF, 0xC0, 0x03, 0xFF, 0xFC, 0x1F, 0xFF, 0x00, 0x01, 0xFF, 0x80, 0x7F,
    0xFC, 0x00, 0x00, 0x00, 0x01, 0xFF, 0xE0, 0x00, 0x00, 0x00, 0x0F, 0xFF,
    0x80, 0x00, 0x00, 0x00, 0x3F, 0xFE, 0x00, 0x00, 0x00, 0x00, 0xFF, 0xF8,
    0x00, 0x00, 0x00, 0x03, 0xFF, 0xC0, 0x00, 0x00, 0x00, 0x1F, 0xFF, 0x1F,
    0xFF, 0x00, 0x00, 0x7F, 0xFC, 0x7F, 0xFE, 0x00, 0x01, 0xFF, 0xF0, 0xFF,
    0xF8, 0x00, 0x0F, 0xFF, 0x83, 0xFF, 0xE0, 0x00, 0x7F, 0xFE, 0x0F, 0xFF,
    0xC0, 0x03, 0xFF, 0xF0, 0x3F, 0xFF, 0x80, 0x1F, 0xFF, 0xC0, 0x7F, 0xFF,
    0x81, 0xFF, 0xFE, 0x01, 0xFF, 0xFF, 0xFF, 0xFF, 0xF8, 0x03, 0xFF, 0xFF,
    0xFF, 0xFF, 0xC0, 0x0F, 0xFF, 0xFF, 0xFF, 0xFF, 0x00, 0x1F, 0xFF, 0xFF,
    0xFF, 0xF8, 0x00, 0x3F, 0xFF, 0xFF, 0xFF, 0xC0, 0x00, 0x7F, 0xFF, 0xFF,
    0xFE, 0x00, 0x00, 0xFF, 0xFF, 0xFF, 0xF0, 0x00, 0x00, 0xFF, 0xFF, 0xFF,
    0x00, 0x00, 0x01, 0xFF, 0xFF, 0xF8, 0x00, 0x00, 0x01, 0xFF, 0xFF, 0x80,
    0x00, 0x00, 0x00, 0x7F, 0xE0, 0x00, 0x00, 0xFF, 0xFF, 0xFF, 0xFF, 0xFF,
    0xFF, 0xFF, 0xFF, 0xFF, 0xFF, 0xFF, 0xFF, 0xFF, 0xFF, 0xFF, 0xFF, 0xFF,
    0xFF, 0xFF, 0xFF, 0xFF, 0xFF, 0xFF, 0xFF, 0xF0, 0x00, 0x00, 0x00, 0x00,
    0x00, 0x00, 0x00, 0x00, 0x00, 0x00, 0x00, 0x00, 0x00, 0x00, 0x00, 0x00,
    0x00, 0x00, 0x00, 0x00, 0x00, 0x00, 0x00, 0x00, 0x00, 0x00, 0x00, 0x00,
    0x00, 0x00, 0x00, 0x00, 0x00, 0x00, 0x0F, 0xFF, 0xFF, 0xFF, 0xFF, 0xFF,
    0xFF, 0xFF, 0xFF, 0xFF, 0xFF, 0xFF, 0xFF, 0xFF, 0xFF, 0xFF, 0xFF, 0xFF,
    0xFF, 0xFF, 0xFF, 0xFF, 0xFF, 0xFF, 0xFF, 0xFF, 0xFF, 0xFF, 0xFF, 0xFF,
    0xFF, 0xFF, 0xFF, 0xFF, 0xFF, 0xFF, 0xFF, 0xFF, 0xFF, 0xFF, 0xFF, 0xFF,
    0xFF, 0xFF, 0xFF, 0xFF, 0xFF, 0xFF, 0xFF, 0xF0, 0x00, 0x00, 0x00, 0x00,
    0x00, 0x00, 0x00, 0x00, 0x00, 0x00, 0x00, 0x00, 0x00, 0x00, 0x00, 0x00,
    0x00, 0x00, 0x00, 0x00, 0x00, 0x00, 0x00, 0x00, 0x00, 0x00, 0x00, 0x00,
    0x00, 0x00, 0x00, 0x00, 0x00, 0x00, 0x0F, 0xFF, 0xFF, 0xFF, 0xFF, 0xFF,
    0xFF, 0xFF, 0xFF, 0xFF, 0xFF, 0xFF, 0xFF, 0xFF, 0xFF, 0xFF, 0xFF, 0xFF,
    0xFF, 0xFF, 0xFF, 0xFF, 0xFF, 0xFF, 0xFF, 0x00, 0xFC, 0x03, 0xF0, 0x0F,
    0xC0, 0x7E, 0x01, 0xF8, 0x07, 0xE0, 0x3F, 0x80, 0xFC, 0x07, 0xF0, 0x7F,
    0x87, 0xFC, 0x3F, 0xE0, 0xFF, 0x03, 0xF8, 0x0F, 0x80, 0x30, 0x00, 0x00,
    0x00, 0x00, 0x00, 0x00, 0x00, 0x04, 0x00, 0x00, 0x00, 0x00, 0x00, 0x00,
    0xF0, 0x00, 0x00, 0x00, 0x00, 0x00, 0x0F, 0xC0, 0x00, 0x00, 0x00, 0x00,
    0x01, 0xFF, 0x00, 0x00, 0x00, 0x00, 0x00, 0x3F, 0xFC, 0x00, 0x00, 0x00,
    0x00, 0x03, 0xFF, 0xF0, 0x00, 0x00, 0x00, 0x00, 0x7F, 0xFF, 0xC0, 0x00,
    0x00, 0x00, 0x0F, 0xFF, 0xFF, 0x00, 0x00, 0x00, 0x00, 0xFF, 0xFF, 0xFC,
    0x00, 0x00, 0x00, 0x1F, 0xFF, 0xFF, 0xF0, 0x00, 0x00, 0x01, 0xFF, 0xFF,
    0xFF, 0xC0, 0x00, 0x00, 0x3F, 0xFF, 0xFF, 0xFF, 0x00, 0x00, 0x07, 0xFF,
    0xFF, 0xFF, 0xFC, 0x00, 0x00, 0x7F, 0xFF, 0xFF, 0xFF, 0xC0, 0x00, 0x0F,
    0xFF, 0xFF, 0xFF, 0xF8, 0x00, 0x01, 0xFF, 0xFF, 0xFF, 0xFF, 0x80, 0x00,
    0x1F, 0xFF, 0xFF, 0xFF, 0xF0, 0x00, 0x03, 0xFF, 0xFF, 0xFF, 0xFE, 0x00,
    0x00, 0x3F, 0xFF, 0xFF, 0xFF, 0xC0, 0x00, 0x07, 0xFF, 0xFF, 0xFF, 0xF8,
    0x00, 0x00, 0xFF, 0xFF, 0xFF, 0xFF, 0x00, 0x00, 0x03, 0xFF, 0xFF, 0xFF,
    0xF0, 0x00, 0x00, 0x0F, 0xFF, 0xFF, 0xFE, 0x00, 0x00, 0x00, 0x3F, 0xFF,
    0xFF, 0xC0, 0x00, 0x00, 0x00, 0xFF, 0xFF, 0xF8, 0x00, 0x00, 0x00, 0x03,
    0xFF, 0xFF, 0x00, 0x00, 0x00, 0x00, 0x0F, 0xFF, 0xF0, 0x00, 0x00, 0x00,
    0x00, 0x3F, 0xFF, 0xF0, 0x00, 0x00, 0x00, 0x00, 0xFF, 0xFF, 0xF8, 0x00,
    0x00, 0x00, 0x03, 0xFF, 0xFF, 0xFC, 0x00, 0x00, 0x00, 0x0F, 0xFF, 0xFF,
    0xFE, 0x00, 0x00, 0x00, 0x3F, 0xFF, 0xFF, 0xFF, 0x00, 0x00, 0x00, 0xFF,
    0xFF, 0xFF, 0xFF, 0x00, 0x00, 0x00, 0x7F, 0xFF, 0xFF, 0xFF, 0x80, 0x00,
    0x00, 0x3F, 0xFF, 0xFF, 0xFF, 0xC0, 0x00, 0x00, 0x3F, 0xFF, 0xFF, 0xFF,
    0xE0, 0x00, 0x00, 0x1F, 0xFF, 0xFF, 0xFF, 0xF0, 0x00, 0x00, 0x1F, 0xFF,
    0xFF, 0xFF, 0xF8, 0x00, 0x00, 0x0F, 0xFF, 0xFF, 0xFF, 0xF8, 0x00, 0x00,
    0x07, 0xFF, 0xFF, 0xFF, 0xFC, 0x00, 0x00, 0x07, 0xFF, 0xFF, 0xFF, 0xFC,
    0x00, 0x00, 0x03, 0xFF, 0xFF, 0xFF, 0xF0, 0x00, 0x00, 0x01, 0xFF, 0xFF,
    0xFF, 0xC0, 0x00, 0x00, 0x01, 0xFF, 0xFF, 0xFF, 0x00, 0x00, 0x00, 0x00,
    0xFF, 0xFF, 0xFC, 0x00, 0x00, 0x00, 0x00, 0xFF, 0xFF, 0xF0, 0x00, 0x00,
    0x00, 0x00, 0x7F, 0xFF, 0xC0, 0x00, 0x00, 0x00, 0x00, 0x3F, 0xFF, 0x00,
    0x00, 0x00, 0x00, 0x00, 0x3F, 0xFC, 0x00, 0x00, 0x00, 0x00, 0x00, 0x1F,
    0xF0, 0x00, 0x00, 0x00, 0x00, 0x00, 0x0F, 0xC0, 0x00, 0x00, 0x00, 0x00,
    0x00, 0x0F, 0x00, 0x00, 0x00, 0x00, 0x00, 0x00, 0x04, 0xFF, 0xFF, 0xFF,
    0xFF, 0xFF, 0xFF, 0xFF, 0xFF, 0xFF, 0xFF, 0xFF, 0xFF, 0xFF, 0xFF, 0xFF,
    0xFF, 0xFF, 0xFF, 0xFF, 0xFF, 0xFF, 0xFF, 0xFF, 0xFF, 0xFF, 0xFF, 0xFF,
    0xFF, 0xFF, 0xFF, 0xFF, 0xFF, 0xFF, 0xFF, 0xFF, 0xFF, 0xFF, 0xFF, 0xFF,
    0xFF, 0xFF, 0xFF, 0xFF, 0xFF, 0xFF, 0xFF, 0xFF, 0xFF, 0xFF, 0xFF, 0xFF,
    0xFF, 0xFF, 0xFF, 0xFF, 0xFF, 0xFF, 0xFF, 0xFF, 0xFF, 0xFF, 0xFF, 0xFF,
    0xFF, 0xFF, 0xFF, 0xFF, 0xFF, 0xFF, 0xFF, 0xFF, 0xFF, 0xFF, 0xFF, 0xFF,
    0x00, 0x00, 0x00, 0x00, 0x00, 0x00, 0x00, 0x00, 0x00, 0x00, 0x00, 0x00,
    0x00, 0x00, 0x00, 0x00, 0x00, 0x00, 0x00, 0x00, 0x00, 0x00, 0x00, 0x00,
    0x00, 0x00, 0x00, 0x00, 0x00, 0x00, 0x00, 0x00, 0x00, 0x00, 0x00, 0x00,
    0x00, 0x00, 0x00, 0x00, 0x00, 0x00, 0x00, 0x00, 0x00, 0x00, 0x00, 0x00,
    0x00, 0x00, 0x00, 0x00, 0x00, 0x00, 0x00, 0x00, 0x00, 0x00, 0x00, 0x00,
    0x00, 0x00, 0x0F, 0xFF, 0xFF, 0xFF, 0xFF, 0xFF, 0xFF, 0xFF, 0xFF, 0xFF,
    0xFF, 0xFF, 0xFF, 0xFF, 0xFF, 0xFF, 0xFF, 0xFF, 0xFF, 0xFF, 0xFF, 0xFF,
    0xFF, 0xFF, 0xFF, 0xFF, 0xFF, 0xFF, 0xFF, 0xFF, 0xFF, 0xFF, 0xFF, 0xFF,
    0xFF, 0xFF, 0xFF, 0xFF, 0xFF, 0xFF, 0xFF, 0xFF, 0xFF, 0xFF, 0xFF, 0xFF,
    0xFF, 0xFF, 0xFF, 0xFF, 0xFF, 0xFF, 0xFF, 0xFF, 0xFF, 0xFF, 0xFF, 0xFF,
    0xFF, 0xFF, 0xFF, 0xFF, 0xFF, 0xFF, 0xFF, 0xFF, 0xFF, 0xFF, 0xFF, 0xFF,
    0xFF, 0xFF, 0xFF, 0xFF, 0xFF, 0xF0, 0x80, 0x00, 0x00, 0x00, 0x00, 0x00,
    0x03, 0xC0, 0x00, 0x00, 0x00, 0x00, 0x00, 0x0F, 0xE0, 0x00, 0x00, 0x00,
    0x00, 0x00, 0x3F, 0xE0, 0x00, 0x00, 0x00, 0x00, 0x00, 0xFF, 0xF0, 0x00,
    0x00, 0x00, 0x00, 0x03, 0xFF, 0xF0, 0x00, 0x00, 0x00, 0x00, 0x0F, 0xFF,
    0xF8, 0x00, 0x00, 0x00, 0x00, 0x3F, 0xFF, 0xFC, 0x00, 0x00, 0x00, 0x00,
    0xFF, 0xFF, 0xFC, 0x00, 0x00, 0x00, 0x03, 0xFF, 0xFF, 0xFE, 0x00, 0x00,
    0x00, 0x0F, 0xFF, 0xFF, 0xFF, 0x00, 0x00, 0x00, 0x3F, 0xFF, 0xFF, 0xFF,
    0x00, 0x00, 0x00, 0xFF, 0xFF, 0xFF, 0xFF, 0x80, 0x00, 0x00, 0xFF, 0xFF,
    0xFF, 0xFF, 0x80, 0x00, 0x00, 0x7F, 0xFF, 0xFF, 0xFF, 0xC0, 0x00, 0x00,
    0x3F, 0xFF, 0xFF, 0xFF, 0xE0, 0x00, 0x00, 0x3F, 0xFF, 0xFF, 0xFF, 0xE0,
    0x00, 0x00, 0x1F, 0xFF, 0xFF, 0xFF, 0xF0, 0x00, 0x00, 0x0F, 0xFF, 0xFF,
    0xFF, 0xF0, 0x00, 0x00, 0x07, 0xFF, 0xFF, 0xFF, 0xF8, 0x00, 0x00, 0x03,
    0xFF, 0xFF, 0xFF, 0xFC, 0x00, 0x00, 0x01, 0xFF, 0xFF, 0xFF, 0xF0, 0x00,
    0x00, 0x01, 0xFF, 0xFF, 0xFF, 0xC0, 0x00, 0x00, 0x00, 0xFF, 0xFF, 0xFF,
    0x00, 0x00, 0x00, 0x00, 0x7F, 0xFF, 0xFC, 0x00, 0x00, 0x00, 0x00, 0x3F,
    0xFF, 0xF0, 0x00, 0x00, 0x00, 0x00, 0x1F, 0xFF, 0xC0, 0x00, 0x00, 0x00,
    0x03, 0xFF, 0xFF, 0x00, 0x00, 0x00, 0x00, 0x7F, 0xFF, 0xFC, 0x00, 0x00,
    0x00, 0x0F, 0xFF, 0xFF, 0xF0, 0x00, 0x00, 0x01, 0xFF, 0xFF, 0xFF, 0xC0,
    0x00, 0x00, 0x1F, 0xFF, 0xFF, 0xFF, 0x00, 0x00, 0x03, 0xFF, 0xFF, 0xFF,
    0xFC, 0x00, 0x00, 0x7F, 0xFF, 0xFF, 0xFF, 0x80, 0x00, 0x0F, 0xFF, 0xFF,
    0xFF, 0xF8, 0x00, 0x01, 0xFF, 0xFF, 0xFF, 0xFF, 0x00, 0x00, 0x3F, 0xFF,
    0xFF, 0xFF, 0xE0, 0x00, 0x03, 0xFF, 0xFF, 0xFF, 0xFE, 0x00, 0x00, 0x7F,
    0xFF, 0xFF, 0xFF, 0xC0, 0x00, 0x0F, 0xFF, 0xFF, 0xFF, 0xF8, 0x00, 0x00,
    0xFF, 0xFF, 0xFF, 0xFF, 0x80, 0x00, 0x03, 0xFF, 0xFF, 0xFF, 0xF0, 0x00,
    0x00, 0x0F, 0xFF, 0xFF, 0xFF, 0x00, 0x00, 0x00, 0x3F, 0xFF, 0xFF, 0xE0,
    0x00, 0x00, 0x00, 0xFF, 0xFF, 0xFC, 0x00, 0x00, 0x00, 0x03, 0xFF, 0xFF,
    0xC0, 0x00, 0x00, 0x00, 0x0F, 0xFF, 0xF8, 0x00, 0x00, 0x00, 0x00, 0x3F,
    0xFF, 0x80, 0x00, 0x00, 0x00, 0x00, 0xFF, 0xF0, 0x00, 0x00, 0x00, 0x00,
    0x03, 0xFE, 0x00, 0x00, 0x00, 0x00, 0x00, 0x0F, 0xE0, 0x00, 0x00, 0x00,
    0x00, 0x00, 0x3C, 0x00, 0x00, 0x00, 0x00, 0x00, 0x00, 0x80, 0x00, 0x00,
    0x00, 0x00, 0x00, 0x00, 0x00, 0x00, 0x7F, 0xF8, 0x00, 0x00, 0x00, 0x1F,
    0xFF, 0xFE, 0x00, 0x00, 0x01, 0xFF, 0xFF, 0xFE, 0x00, 0x00, 0x1F, 0xFF,
    0xFF, 0xFE, 0x00, 0x00, 0xFF, 0xFF, 0xFF, 0xFE, 0x00, 0x0F, 0xFF, 0xFF,
    0xFF, 0xFC, 0x00, 0x7F, 0xFF, 0xFF, 0xFF, 0xFC, 0x01, 0xFF, 0xFF, 0xFF,
    0xFF, 0xF0, 0x0F, 0xFF, 0xFF, 0xFF, 0xFF, 0xE0, 0x7F, 0xFF, 0xFF, 0xFF,
    0xFF, 0xC1, 0xFF, 0xFF, 0xFF, 0xFF, 0xFF, 0x8F, 0xFF, 0xF8, 0x07, 0xFF,
    0xFE, 0x3F, 0xFF, 0x80, 0x07, 0xFF, 0xF9, 0xFF, 0xFC, 0x00, 0x0F, 0xFF,
    0xF7, 0xFF, 0xE0, 0x00, 0x1F, 0xFF, 0xDF, 0xFF, 0x80, 0x00, 0x7F, 0xFF,
    0x7F, 0xFC, 0x00, 0x00, 0xFF, 0xFF, 0xFF, 0xF0, 0x00, 0x03, 0xFF, 0xFF,
    0xFF, 0xC0, 0x00, 0x0F, 0xFF, 0xFF, 0xFE, 0x00, 0x00, 0x3F, 0xFF, 0xFF,
    0xF8, 0x00, 0x00, 0xFF, 0xFF, 0xFF, 0xE0, 0x00, 0x03, 0xFF, 0xF0, 0x00,
    0x00, 0x00, 0x0F, 0xFF, 0xC0, 0x00, 0x00, 0x00, 0x3F, 0xFF, 0x00, 0x00,
    0x00, 0x01, 0xFF, 0xFC, 0x00, 0x00, 0x00, 0x07, 0xFF, 0xF0, 0x00, 0x00,
    0x00, 0x3F, 0xFF, 0x80, 0x00, 0x00, 0x01, 0xFF, 0xFE, 0x00, 0x00, 0x00,
    0x0F, 0xFF, 0xF0, 0x00, 0x00, 0x00, 0x7F, 0xFF, 0xC0, 0x00, 0x00, 0x07,
    0xFF, 0xFE, 0x00, 0x00, 0x00, 0x3F, 0xFF, 0xF0, 0x00, 0x00, 0x01, 0xFF,
    0xFF, 0x80, 0x00, 0x00, 0x0F, 0xFF, 0xFC, 0x00, 0x00, 0x00, 0x7F, 0xFF,
    0xC0, 0x00, 0x00, 0x03, 0xFF, 0xFE, 0x00, 0x00, 0x00, 0x1F, 0xFF, 0xF0,
    0x00, 0x00, 0x00, 0x7F, 0xFF, 0x80, 0x00, 0x00, 0x03, 0xFF, 0xF8, 0x00,
    0x00, 0x00, 0x0F, 0xFF, 0xC0, 0x00, 0x00, 0x00, 0x3F, 0xFE, 0x00, 0x00,
    0x00, 0x00, 0xFF, 0xF8, 0x00, 0x00, 0x00, 0x07, 0xFF, 0xC0, 0x00, 0x00,
    0x00, 0x1F, 0xFF, 0x00, 0x00, 0x00, 0x00, 0x7F, 0xFC, 0x00, 0x00, 0x00,
    0x01, 0xFF, 0xF0, 0x00, 0x00, 0x00, 0x07, 0xFF, 0x80, 0x00, 0x00, 0x00,
    0x1F, 0xFE, 0x00, 0x00, 0x00, 0x00, 0x7F, 0xF8, 0x00, 0x00, 0x00, 0x00,
    0x00, 0x00, 0x00, 0x00, 0x00, 0x00, 0x00, 0x00, 0x00, 0x00, 0x00, 0x00,
    0x00, 0x00, 0x00, 0x00, 0x00, 0x00, 0x00, 0x00, 0x00, 0x00, 0x00, 0x00,
    0x00, 0x00, 0x00, 0x00, 0x00, 0x00, 0x00, 0x00, 0x00, 0x00, 0x1F, 0xFF,
    0x80, 0x00, 0x00, 0x00, 0x7F, 0xFE, 0x00, 0x00, 0x00, 0x01, 0xFF, 0xF8,
    0x00, 0x00, 0x00, 0x07, 0xFF, 0xE0, 0x00, 0x00, 0x00, 0x1F, 0xFF, 0x80,
    0x00, 0x00, 0x00, 0x7F, 0xFE, 0x00, 0x00, 0x00, 0x01, 0xFF, 0xF8, 0x00,
    0x00, 0x00, 0x07, 0xFF, 0xE0, 0x00, 0x00, 0x00, 0x1F, 0xFF, 0x80, 0x00,
    0x00, 0x00, 0x7F, 0xFE, 0x00, 0x00, 0x00, 0x01, 0xFF, 0xF8, 0x00, 0x00,
    0x00, 0x07, 0xFF, 0xE0, 0x00, 0x00, 0x00, 0x1F, 0xFF, 0x80, 0x00, 0x00,
    0x00, 0x00, 0x00, 0x7F, 0xFE, 0x00, 0x00, 0x00, 0x00, 0x00, 0x00, 0x03,
    0xFF, 0xFF, 0xFC, 0x00, 0x00, 0x00, 0x00, 0x00, 0x07, 0xFF, 0xFF, 0xFF,
    0xE0, 0x00, 0x00, 0x00, 0x00, 0x0F, 0xFF, 0xFF, 0xFF, 0xFE, 0x00, 0x00,
    0x00, 0x00, 0x0F, 0xFF, 0xFF, 0xFF, 0xFF, 0xE0, 0x00, 0x00, 0x00, 0x0F,
    0xFF, 0xFF, 0xFF, 0xFF, 0xFE, 0x00, 0x00, 0x00, 0x07, 0xFF, 0xFF, 0xFF,
    0xFF, 0xFF, 0xE0, 0x00, 0x00, 0x07, 0xFF, 0xFF, 0x00, 0x07, 0xFF, 0xFC,
    0x00, 0x00, 0x03, 0xFF, 0xF8, 0x00, 0x00, 0x1F, 0xFF, 0x80, 0x00, 0x01,
    0xFF, 0xF0, 0x00, 0x00, 0x00, 0xFF, 0xF0, 0x00, 0x01, 0xFF, 0xF0, 0x00,
    0x00, 0x00, 0x0F, 0xFE, 0x00, 0x00, 0xFF, 0xF0, 0x00, 0x00, 0x00, 0x00,
    0xFF, 0xC0, 0x00, 0x7F, 0xF8, 0x00, 0x00, 0x00, 0x00, 0x1F, 0xF8, 0x00,
    0x1F, 0xF8, 0x00, 0x00, 0x00, 0x00, 0x01, 0xFF, 0x00, 0x0F, 0xFC, 0x00,
    0x00, 0x00, 0x00, 0x00, 0x3F, 0xC0, 0x07, 0xFE, 0x00, 0x00, 0x00, 0x00,
    0x00, 0x07, 0xF8, 0x03, 0xFF, 0x00, 0x00, 0x7F, 0x80, 0x00, 0x01, 0xFE,
    0x00, 0xFF, 0x80, 0x00, 0x7F, 0xF8, 0x00, 0x00, 0x3F, 0xC0, 0x7F, 0xC0,
    0x00, 0x7F, 0xFF, 0x87, 0xFC, 0x07, 0xF0, 0x3F, 0xE0, 0x00, 0x7F, 0xFF,
    0xF1, 0xFF, 0x01, 0xFE, 0x0F, 0xF0, 0x00, 0x3F, 0xFF, 0xFC, 0x7F, 0x80,
    0x3F, 0x87, 0xF8, 0x00, 0x1F, 0xFF, 0xFF, 0xBF, 0xE0, 0x0F, 0xE1, 0xFE,
    0x00, 0x0F, 0xFF, 0x83, 0xEF, 0xF8, 0x03, 0xF8, 0xFF, 0x00, 0x07, 0xFF,
    0x80, 0x7F, 0xFE, 0x00, 0x7F, 0x3F, 0xC0, 0x01, 0xFF, 0xC0, 0x0F, 0xFF,
    0x00, 0x1F, 0xCF, 0xE0, 0x00, 0xFF, 0xE0, 0x01, 0xFF, 0xC0, 0x07, 0xF7,
    0xF8, 0x00, 0x7F, 0xF0, 0x00, 0x7F, 0xF0, 0x01, 0xFD, 0xFE, 0x00, 0x1F,
    0xFC, 0x00, 0x1F, 0xF8, 0x00, 0x7F, 0x7F, 0x00, 0x0F, 0xFE, 0x00, 0x07,
    0xFE, 0x00, 0x1F, 0xDF, 0xC0, 0x03, 0xFF, 0x80, 0x01, 0xFF, 0x80, 0x07,
    0xFF, 0xF0, 0x01, 0xFF, 0xC0, 0x00, 0x7F, 0xC0, 0x01, 0xFF, 0xF8, 0x00,
    0x7F, 0xF0, 0x00, 0x1F, 0xF0, 0x00, 0x7F, 0xFE, 0x00, 0x1F, 0xF8, 0x00,
    0x0F, 0xFC, 0x00, 0x1F, 0xFF, 0x80, 0x07, 0xFE, 0x00, 0x03, 0xFF, 0x00,
    0x07, 0xFF, 0xE0, 0x03, 0xFF, 0x80, 0x00, 0xFF, 0x80, 0x03, 0xFB, 0xF8,
    0x00, 0xFF, 0xC0, 0x00, 0x7F, 0xE0, 0x00, 0xFE, 0xFE, 0x00, 0x3F, 0xF0,
    0x00, 0x1F, 0xF8, 0x00, 0x3F, 0xBF, 0x80, 0x0F, 0xFC, 0x00, 0x07, 0xFC,
    0x00, 0x1F, 0xEF, 0xE0, 0x03, 0xFF, 0x00, 0x03, 0xFF, 0x00, 0x07, 0xF3,
    0xF8, 0x00, 0xFF, 0xC0, 0x00, 0xFF, 0xC0, 0x01, 0xFC, 0xFE, 0x00, 0x3F,
    0xF0, 0x00, 0x7F, 0xE0, 0x00, 0xFF, 0x3F, 0x80, 0x0F, 0xFC, 0x00, 0x1F,
    0xF8, 0x00, 0x7F, 0x8F, 0xE0, 0x03, 0xFF, 0x00, 0x0F, 0xFE, 0x00, 0x3F,
    0xC1, 0xFC, 0x00, 0xFF, 0xE0, 0x03, 0xFF, 0x80, 0x0F, 0xF0, 0x7F, 0x00,
    0x1F, 0xF8, 0x01, 0xFF, 0xE0, 0x07, 0xF8, 0x1F, 0xC0, 0x07, 0xFF, 0x00,
    0xFF, 0xFC, 0x07, 0xFC, 0x07, 0xF0, 0x01, 0xFF, 0xE0, 0xFE, 0xFF, 0x87,
    0xFF, 0x01, 0xFE, 0x00, 0x3F, 0xFF, 0xFF, 0xBF, 0xFF, 0xFF, 0x80, 0x3F,
    0x80, 0x0F, 0xFF, 0xFF, 0xCF, 0xFF, 0xFF, 0xC0, 0x0F, 0xF0, 0x01, 0xFF,
    0xFF, 0xE1, 0xFF, 0xFF, 0xE0, 0x01, 0xFC, 0x00, 0x3F, 0xFF, 0xF0, 0x7F,
    0xFF, 0xE0, 0x00, 0x7F, 0x80, 0x07, 0xFF, 0xF8, 0x0F, 0xFF, 0xF0, 0x00,
    0x1F, 0xF0, 0x00, 0x7F, 0xF8, 0x01, 0xFF, 0xF0, 0x00, 0x03, 0xFC, 0x00,
    0x07, 0xF8, 0x00, 0x1F, 0xE0, 0x00, 0x00, 0xFF, 0x80, 0x00, 0x00, 0x00,
    0x00, 0x00, 0x00, 0x00, 0x1F, 0xF0, 0x00, 0x00, 0x00, 0x00, 0x00, 0x00,
    0x00, 0x03, 0xFE, 0x00, 0x00, 0x00, 0x00, 0x00, 0x00, 0x80, 0x00, 0xFF,
    0xC0, 0x00, 0x00, 0x00, 0x00, 0x00, 0x60, 0x00, 0x1F, 0xFC, 0x00, 0x00,
    0x00, 0x00, 0x00, 0x7C, 0x00, 0x03, 0xFF, 0x80, 0x00, 0x00, 0x00, 0x00,
    0x3F, 0x80, 0x00, 0x7F, 0xF8, 0x00, 0x00, 0x00, 0x00, 0x3F, 0xE0, 0x00,
    0x0F, 0xFF, 0x00, 0x00, 0x00, 0x00, 0x3F, 0xFC, 0x00, 0x01, 0xFF, 0xF8,
    0x00, 0x00, 0x00, 0x7F, 0xFC, 0x00, 0x00, 0x3F, 0xFF, 0xC0, 0x00, 0x00,
    0xFF, 0xFE, 0x00, 0x00, 0x07, 0xFF, 0xFF, 0x00, 0x07, 0xFF, 0xFE, 0x00,
    0x00, 0x00, 0x7F, 0xFF, 0xFF, 0xFF, 0xFF, 0xFF, 0x00, 0x00, 0x00, 0x0F,
    0xFF, 0xFF, 0xFF, 0xFF, 0xFF, 0x00, 0x00, 0x00, 0x00, 0xFF, 0xFF, 0xFF,
    0xFF, 0xFF, 0x00, 0x00, 0x00, 0x00, 0x0F, 0xFF, 0xFF, 0xFF, 0xFF, 0x00,
    0x00, 0x00, 0x00, 0x00, 0xFF, 0xFF, 0xFF, 0xFE, 0x00, 0x00, 0x00, 0x00,
    0x00, 0x07, 0xFF, 0xFF, 0xFC, 0x00, 0x00, 0x00, 0x00, 0x00, 0x00, 0x07,
    0xFF, 0xE0, 0x00, 0x00, 0x00, 0x00, 0x00, 0x00, 0xFF, 0xFF, 0x80, 0x00,
    0x00, 0x00, 0x00, 0x00, 0xFF, 0xFF, 0x80, 0x00, 0x00, 0x00, 0x00, 0x00,
    0xFF, 0xFF, 0x80, 0x00, 0x00, 0x00, 0x00, 0x01, 0xFF, 0xFF, 0xC0, 0x00,
    0x00, 0x00, 0x00, 0x01, 0xFF, 0xFF, 0xC0, 0x00, 0x00, 0x00, 0x00, 0x01,
    0xFF, 0xFF, 0xC0, 0x00, 0x00, 0x00, 0x00, 0x03, 0xFF, 0xFF, 0xE0, 0x00,
    0x00, 0x00, 0x00, 0x03, 0xFF, 0xFF, 0xE0, 0x00, 0x00, 0x00, 0x00, 0x07,
    0xFF, 0xFF, 0xF0, 0x00, 0x00, 0x00, 0x00, 0x07, 0xFF, 0xFF, 0xF0, 0x00,
    0x00, 0x00, 0x00, 0x07, 0xFF, 0xFF, 0xF0, 0x00, 0x00, 0x00, 0x00, 0x0F,
    0xFF, 0xFF, 0xF8, 0x00, 0x00, 0x00, 0x00, 0x0F, 0xFF, 0xFF, 0xF8, 0x00,
    0x00, 0x00, 0x00, 0x0F, 0xFF, 0xFF, 0xF8, 0x00, 0x00, 0x00, 0x00, 0x1F,
    0xFF, 0xFF, 0xFC, 0x00, 0x00, 0x00, 0x00, 0x1F, 0xFF, 0xFF, 0xFC, 0x00,
    0x00, 0x00, 0x00, 0x1F, 0xFF, 0x7F, 0xFC, 0x00, 0x00, 0x00, 0x00, 0x3F,
    0xFF, 0x7F, 0xFE, 0x00, 0x00, 0x00, 0x00, 0x3F, 0xFE, 0x7F, 0xFE, 0x00,
    0x00, 0x00, 0x00, 0x3F, 0xFE, 0x3F, 0xFE, 0x00, 0x00, 0x00, 0x00, 0x7F,
    0xFE, 0x3F, 0xFF, 0x00, 0x00, 0x00, 0x00, 0x7F, 0xFC, 0x3F, 0xFF, 0x00,
    0x00, 0x00, 0x00, 0x7F, 0xFC, 0x1F, 0xFF, 0x00, 0x00, 0x00, 0x00, 0xFF,
    0xFC, 0x1F, 0xFF, 0x80, 0x00, 0x00, 0x00, 0xFF, 0xF8, 0x1F, 0xFF, 0x80,
    0x00, 0x00, 0x01, 0xFF, 0xF8, 0x0F, 0xFF, 0x80, 0x00, 0x00, 0x01, 0xFF,
    0xF8, 0x0F, 0xFF, 0xC0, 0x00, 0x00, 0x01, 0xFF, 0xF0, 0x0F, 0xFF, 0xC0,
    0x00, 0x00, 0x03, 0xFF, 0xF0, 0x07, 0xFF, 0xE0, 0x00, 0x00, 0x03, 0xFF,
    0xF0, 0x07, 0xFF, 0xE0, 0x00, 0x00, 0x03, 0xFF, 0xE0, 0x07, 0xFF, 0xE0,
    0x00, 0x00, 0x07, 0xFF, 0xE0, 0x07, 0xFF, 0xF0, 0x00, 0x00, 0x07, 0xFF,
    0xE0, 0x03, 0xFF, 0xF0, 0x00, 0x00, 0x07, 0xFF, 0xC0, 0x03, 0xFF, 0xF0,
    0x00, 0x00, 0x0F, 0xFF, 0xC0, 0x03, 0xFF, 0xF8, 0x00, 0x00, 0x0F, 0xFF,
    0xC0, 0x01, 0xFF, 0xF8, 0x00, 0x00, 0x0F, 0xFF, 0x80, 0x01, 0xFF, 0xF8,
    0x00, 0x00, 0x1F, 0xFF, 0x80, 0x01, 0xFF, 0xFC, 0x00, 0x00, 0x1F, 0xFF,
    0x80, 0x00, 0xFF, 0xFC, 0x00, 0x00, 0x3F, 0xFF, 0x00, 0x00, 0xFF, 0xFC,
    0x00, 0x00, 0x3F, 0xFF, 0x00, 0x00, 0xFF, 0xFE, 0x00, 0x00, 0x3F, 0xFF,
    0x00, 0x00, 0x7F, 0xFE, 0x00, 0x00, 0x7F, 0xFF, 0xFF, 0xFF, 0xFF, 0xFE,
    0x00, 0x00, 0x7F, 0xFF, 0xFF, 0xFF, 0xFF, 0xFF, 0x00, 0x00, 0x7F, 0xFF,
    0xFF, 0xFF, 0xFF, 0xFF, 0x00, 0x00, 0xFF, 0xFF, 0xFF, 0xFF, 0xFF, 0xFF,
    0x80, 0x00, 0xFF, 0xFF, 0xFF, 0xFF, 0xFF, 0xFF, 0x80, 0x00, 0xFF, 0xFF,
    0xFF, 0xFF, 0xFF, 0xFF, 0x80, 0x01, 0xFF, 0xFF, 0xFF, 0xFF, 0xFF, 0xFF,
    0xC0, 0x01, 0xFF, 0xFF, 0xFF, 0xFF, 0xFF, 0xFF, 0xC0, 0x01, 0xFF, 0xFF,
    0xFF, 0xFF, 0xFF, 0xFF, 0xC0, 0x03, 0xFF, 0xFF, 0xFF, 0xFF, 0xFF, 0xFF,
    0xE0, 0x03, 0xFF, 0xFF, 0xFF, 0xFF, 0xFF, 0xFF, 0xE0, 0x03, 0xFF, 0xFF,
    0xFF, 0xFF, 0xFF, 0xFF, 0xE0, 0x07, 0xFF, 0xF0, 0x00, 0x00, 0x07, 0xFF,
    0xF0, 0x07, 0xFF, 0xE0, 0x00, 0x00, 0x07, 0xFF, 0xF0, 0x0F, 0xFF, 0xE0,
    0x00, 0x00, 0x03, 0xFF, 0xF0, 0x0F, 0xFF, 0xE0, 0x00, 0x00, 0x03, 0xFF,
    0xF8, 0x0F, 0xFF, 0xC0, 0x00, 0x00, 0x03, 0xFF, 0xF8, 0x1F, 0xFF, 0xC0,
    0x00, 0x00, 0x03, 0xFF, 0xF8, 0x1F, 0xFF, 0xC0, 0x00, 0x00, 0x01, 0xFF,
    0xFC, 0x1F, 0xFF, 0x80, 0x00, 0x00, 0x01, 0xFF, 0xFC, 0x3F, 0xFF, 0x80,
    0x00, 0x00, 0x01, 0xFF, 0xFE, 0x3F, 0xFF, 0x80, 0x00, 0x00, 0x00, 0xFF,
    0xFE, 0x3F, 0xFF, 0x00, 0x00, 0x00, 0x00, 0xFF, 0xFE, 0x7F, 0xFF, 0x00,
    0x00, 0x00, 0x00, 0xFF, 0xFF, 0x7F, 0xFF, 0x00, 0x00, 0x00, 0x00, 0x7F,
    0xFF, 0xFF, 0xFE, 0x00, 0x00, 0x00, 0x00, 0x7F, 0xFF, 0xFF, 0xFF, 0xFF,
    0xFF, 0xFE, 0x00, 0x00, 0xFF, 0xFF, 0xFF, 0xFF, 0xFF, 0xC0, 0x00, 0xFF,
    0xFF, 0xFF, 0xFF, 0xFF, 0xF8, 0x00, 0xFF, 0xFF, 0xFF, 0xFF, 0xFF, 0xFE,
    0x00, 0xFF, 0xFF, 0xFF, 0xFF, 0xFF, 0xFF, 0x00, 0xFF, 0xFF, 0xFF, 0xFF,
    0xFF, 0xFF, 0x80, 0xFF, 0xFF, 0xFF, 0xFF, 0xFF, 0xFF, 0xC0, 0xFF, 0xFF,
    0xFF, 0xFF, 0xFF, 0xFF, 0xE0, 0xFF, 0xFF, 0xFF, 0xFF, 0xFF, 0xFF, 0xE0,
    0xFF, 0xFF, 0xFF, 0xFF, 0xFF, 0xFF, 0xF0, 0xFF, 0xFF, 0xFF, 0xFF, 0xFF,
    0xFF, 0xF0, 0xFF, 0xFF, 0xFF, 0xFF, 0xFF, 0xFF, 0xF8, 0xFF, 0xFC, 0x00,
    0x00, 0x1F, 0xFF, 0xF8, 0xFF, 0xFC, 0x00, 0x00, 0x03, 0xFF, 0xF8, 0xFF,
    0xFC, 0x00, 0x00, 0x01, 0xFF, 0xF8, 0xFF, 0xFC, 0x00, 0x00, 0x00, 0xFF,
    0xF8, 0xFF, 0xFC, 0x00, 0x00, 0x00, 0xFF, 0xFC, 0xFF, 0xFC, 0x00, 0x00,
    0x00, 0xFF, 0xFC, 0xFF, 0xFC, 0x00, 0x00, 0x00, 0x7F, 0xFC, 0xFF, 0xFC,
    0x00, 0x00, 0x00, 0x7F, 0xFC, 0xFF, 0xFC, 0x00, 0x00, 0x00, 0x7F, 0xF8,
    0xFF, 0xFC, 0x00, 0x00, 0x00, 0xFF, 0xF8, 0xFF, 0xFC, 0x00, 0x00, 0x00,
    0xFF, 0xF8, 0xFF, 0xFC, 0x00, 0x00, 0x00, 0xFF, 0xF8, 0xFF, 0xFC, 0x00,
    0x00, 0x01, 0xFF, 0xF0, 0xFF, 0xFC, 0x00, 0x00, 0x07, 0xFF, 0xF0, 0xFF,
    0xFC, 0x00, 0x00, 0x1F, 0xFF, 0xE0, 0xFF, 0xFF, 0xFF, 0xFF, 0xFF, 0xFF,
    0xE0, 0xFF, 0xFF, 0xFF, 0xFF, 0xFF, 0xFF, 0xC0, 0xFF, 0xFF, 0xFF, 0xFF,
    0xFF, 0xFF, 0x80, 0xFF, 0xFF, 0xFF, 0xFF, 0xFF, 0xFE, 0x00, 0xFF, 0xFF,
    0xFF, 0xFF, 0xFF, 0xFC, 0x00, 0xFF, 0xFF, 0xFF, 0xFF, 0xFF, 0xFE, 0x00,
    0xFF, 0xFF, 0xFF, 0xFF, 0xFF, 0xFF, 0x80, 0xFF, 0xFF, 0xFF, 0xFF, 0xFF,
    0xFF, 0xC0, 0xFF, 0xFF, 0xFF, 0xFF, 0xFF, 0xFF, 0xF0, 0xFF, 0xFF, 0xFF,
    0xFF, 0xFF, 0xFF, 0xF0, 0xFF, 0xFF, 0xFF, 0xFF, 0xFF, 0xFF, 0xF8, 0xFF,
    0xFC, 0x00, 0x00, 0x0F, 0xFF, 0xFC, 0xFF, 0xFC, 0x00, 0x00, 0x03, 0xFF,
    0xFC, 0xFF, 0xFC, 0x00, 0x00, 0x00, 0xFF, 0xFE, 0xFF, 0xFC, 0x00, 0x00,
    0x00, 0x7F, 0xFE, 0xFF, 0xFC, 0x00, 0x00, 0x00, 0x7F, 0xFE, 0xFF, 0xFC,
    0x00, 0x00, 0x00, 0x3F, 0xFE, 0xFF, 0xFC, 0x00, 0x00, 0x00, 0x3F, 0xFF,
    0xFF, 0xFC, 0x00, 0x00, 0x00, 0x3F, 0xFF, 0xFF, 0xFC, 0x00, 0x00, 0x00,
    0x3F, 0xFF, 0xFF, 0xFC, 0x00, 0x00, 0x00, 0x3F, 0xFF, 0xFF, 0xFC, 0x00,
    0x00, 0x00, 0x3F, 0xFF, 0xFF, 0xFC, 0x00, 0x00, 0x00, 0x3F, 0xFF, 0xFF,
    0xFC, 0x00, 0x00, 0x00, 0x7F, 0xFF, 0xFF, 0xFC, 0x00, 0x00, 0x00, 0x7F,
    0xFE, 0xFF, 0xFC, 0x00, 0x00, 0x00, 0xFF, 0xFE, 0xFF, 0xFC, 0x00, 0x00,
    0x01, 0xFF, 0xFE, 0xFF, 0xFC, 0x00, 0x00, 0x03, 0xFF, 0xFE, 0xFF, 0xFC,
    0x00, 0x00, 0x1F, 0xFF, 0xFC, 0xFF, 0xFF, 0xFF, 0xFF, 0xFF, 0xFF, 0xFC,
    0xFF, 0xFF, 0xFF, 0xFF, 0xFF, 0xFF, 0xF8, 0xFF, 0xFF, 0xFF, 0xFF, 0xFF,
    0xFF, 0xF8, 0xFF, 0xFF, 0xFF, 0xFF, 0xFF, 0xFF, 0xF0, 0xFF, 0xFF, 0xFF,
    0xFF, 0xFF, 0xFF, 0xE0, 0xFF, 0xFF, 0xFF, 0xFF, 0xFF, 0xFF, 0xC0, 0xFF,
    0xFF, 0xFF, 0xFF, 0xFF, 0xFF, 0x80, 0xFF, 0xFF, 0xFF, 0xFF, 0xFF, 0xFF,
    0x00, 0xFF, 0xFF, 0xFF, 0xFF, 0xFF, 0xFE, 0x00, 0xFF, 0xFF, 0xFF, 0xFF,
    0xFF, 0xF8, 0x00, 0xFF, 0xFF, 0xFF, 0xFF, 0xFF, 0xE0, 0x00, 0xFF, 0xFF,
    0xFF, 0xFF, 0xFC, 0x00, 0x00, 0x00, 0x00, 0x00, 0xFF, 0xF8, 0x00, 0x00,
    0x00, 0x00, 0x00, 0xFF, 0xFF, 0xF8, 0x00, 0x00, 0x00, 0x00, 0x7F, 0xFF,
    0xFF, 0xF0, 0x00, 0x00, 0x00, 0x0F, 0xFF, 0xFF, 0xFF, 0xC0, 0x00, 0x00,
    0x03, 0xFF, 0xFF, 0xFF, 0xFF, 0x00, 0x00, 0x00, 0xFF, 0xFF, 0xFF, 0xFF,
    0xFC, 0x00, 0x00, 0x1F, 0xFF, 0xFF, 0xFF, 0xFF, 0xE0, 0x00, 0x03, 0xFF,
    0xFF, 0xFF, 0xFF, 0xFF, 0x00, 0x00, 0x7F, 0xFF, 0xFF, 0xFF, 0xFF, 0xF8,
    0x00, 0x0F, 0xFF, 0xFF, 0xFF, 0xFF, 0xFF, 0xC0, 0x01, 0xFF, 0xFF, 0xFF,
    0xFF, 0xFF, 0xFE, 0x00, 0x1F, 0xFF, 0xFF, 0xFF, 0xFF, 0xFF, 0xE0, 0x03,
    0xFF, 0xFF, 0xE0, 0x1F, 0xFF, 0xFF, 0x00, 0x7F, 0xFF, 0xF0, 0x00, 0x3F,
    0xFF, 0xF8, 0x07, 0xFF, 0xFC, 0x00, 0x00, 0xFF, 0xFF, 0x80, 0xFF, 0xFF,
    0x80, 0x00, 0x07, 0xFF, 0xFC, 0x0F, 0xFF, 0xF0, 0x00, 0x00, 0x3F, 0xFF,
    0xC1, 0xFF, 0xFE, 0x00, 0x00, 0x01, 0xFF, 0xFC, 0x1F, 0xFF, 0xC0, 0x00,
    0x00, 0x1F, 0xFF, 0xE3, 0xFF, 0xFC, 0x00, 0x00, 0x00, 0xFF, 0xFE, 0x3F,
    0xFF, 0x80, 0x00, 0x00, 0x0F, 0xFF, 0xE3, 0xFF, 0xF8, 0x00, 0x00, 0x00,
    0x7F, 0xFE, 0x3F, 0xFF, 0x00, 0x00, 0x00, 0x07, 0xFF, 0xF7, 0xFF, 0xF0,
    0x00, 0x00, 0x00, 0x7F, 0xFF, 0x7F, 0xFE, 0x00, 0x00, 0x00, 0x00, 0x00,
    0x07, 0xFF, 0xE0, 0x00, 0x00, 0x00, 0x00, 0x00, 0x7F, 0xFE, 0x00, 0x00,
    0x00, 0x00, 0x00, 0x07, 0xFF, 0xE0, 0x00, 0x00, 0x00, 0x00, 0x00, 0xFF,
    0xFE, 0x00, 0x00, 0x00, 0x00, 0x00, 0x0F, 0xFF, 0xC0, 0x00, 0x00, 0x00,
    0x00, 0x00, 0xFF, 0xFC, 0x00, 0x00, 0x00, 0x00, 0x00, 0x0F, 0xFF, 0xC0,
    0x00, 0x00, 0x00, 0x00, 0x00, 0xFF, 0xFC, 0x00, 0x00, 0x00, 0x00, 0x00,
    0x0F, 0xFF, 0xC0, 0x00, 0x00, 0x00, 0x00, 0x00, 0xFF, 0xFC, 0x00, 0x00,
    0x00, 0x00, 0x00, 0x0F, 0xFF, 0xC0, 0x00, 0x00, 0x00, 0x00, 0x00, 0xFF,
    0xFC, 0x00, 0x00, 0x00, 0x00, 0x00, 0x0F, 0xFF, 0xC0, 0x00, 0x00, 0x00,
    0x00, 0x00, 0xFF, 0xFC, 0x00, 0x00, 0x00, 0x00, 0x00, 0x0F, 0xFF, 0xC0,
    0x00, 0x00, 0x00, 0x00, 0x00, 0xFF, 0xFC, 0x00, 0x00, 0x00, 0x00, 0x00,
    0x0F, 0xFF, 0xC0, 0x00, 0x00, 0x00, 0x00, 0x00, 0xFF, 0xFC, 0x00, 0x00,
    0x00, 0x00, 0x00, 0x0F, 0xFF, 0xE0, 0x00, 0x00, 0x00, 0x00, 0x00, 0x7F,
    0xFE, 0x00, 0x00, 0x00, 0x00, 0x00, 0x07, 0xFF, 0xE0, 0x00, 0x00, 0x00,
    0x00, 0x00, 0x7F, 0xFE, 0x00, 0x00, 0x00, 0x03, 0xFF, 0xF7, 0xFF, 0xF0,
    0x00, 0x00, 0x00, 0x7F, 0xFE, 0x7F, 0xFF, 0x00, 0x00, 0x00, 0x07, 0xFF,
    0xE3, 0xFF, 0xF0, 0x00, 0x00, 0x00, 0x7F, 0xFE, 0x3F, 0xFF, 0x80, 0x00,
    0x00, 0x0F, 0xFF, 0xE3, 0xFF, 0xF8, 0x00, 0x00, 0x00, 0xFF, 0xFC, 0x1F,
    0xFF, 0xC0, 0x00, 0x00, 0x1F, 0xFF, 0xC1, 0xFF, 0xFE, 0x00, 0x00, 0x03,
    0xFF, 0xFC, 0x0F, 0xFF, 0xF0, 0x00, 0x00, 0x3F, 0xFF, 0x80, 0xFF, 0xFF,
    0x80, 0x00, 0x07, 0xFF, 0xF8, 0x07, 0xFF, 0xFC, 0x00, 0x01, 0xFF, 0xFF,
    0x00, 0x7F, 0xFF, 0xF0, 0x00, 0x3F, 0xFF, 0xF0, 0x03, 0xFF, 0xFF, 0xE0,
    0x1F, 0xFF, 0xFE, 0x00, 0x3F, 0xFF, 0xFF, 0xFF, 0xFF, 0xFF, 0xC0, 0x01,
    0xFF, 0xFF, 0xFF, 0xFF, 0xFF, 0xFC, 0x00, 0x0F, 0xFF, 0xFF, 0xFF, 0xFF,
    0xFF, 0x80, 0x00, 0x7F, 0xFF, 0xFF, 0xFF, 0xFF, 0xF0, 0x00, 0x03, 0xFF,
    0xFF, 0xFF, 0xFF, 0xFE, 0x00, 0x00, 0x1F, 0xFF, 0xFF, 0xFF, 0xFF, 0xC0,
    0x00, 0x00, 0xFF, 0xFF, 0xFF, 0xFF, 0xF8, 0x00, 0x00, 0x03, 0xFF, 0xFF,
    0xFF, 0xFE, 0x00, 0x00, 0x00, 0x1F, 0xFF, 0xFF, 0xFF, 0xC0, 0x00, 0x00,
    0x00, 0x7F, 0xFF, 0xFF, 0xF0, 0x00, 0x00, 0x00, 0x00, 0xFF, 0xFF, 0xF8,
    0x00, 0x00, 0x00, 0x00, 0x00, 0x7F, 0xF8, 0x00, 0x00, 0x00, 0xFF, 0xFF,
    0xFF, 0xFF, 0xF0, 0x00, 0x00, 0x3F, 0xFF, 0xFF, 0xFF, 0xFF, 0xC0, 0x00,
    0x0F, 0xFF, 0xFF, 0xFF, 0xFF, 0xFE, 0x00, 0x03, 0xFF, 0xFF, 0xFF, 0xFF,
    0xFF, 0xE0, 0x00, 0xFF, 0xFF, 0xFF, 0xFF, 0xFF, 0xFC, 0x00, 0x3F, 0xFF,
    0xFF, 0xFF, 0xFF, 0xFF, 0xC0, 0x0F, 0xFF, 0xFF, 0xFF, 0xFF, 0xFF, 0xF8,
    0x03, 0xFF, 0xFF, 0xFF, 0xFF, 0xFF, 0xFF, 0x00, 0xFF, 0xFF, 0xFF, 0xFF,
    0xFF, 0xFF, 0xE0, 0x3F, 0xFF, 0xFF, 0xFF, 0xFF, 0xFF, 0xF8, 0x0F, 0xFF,
    0xFF, 0xFF, 0xFF, 0xFF, 0xFF, 0x03, 0xFF, 0xFF, 0xFF, 0xFF, 0xFF, 0xFF,
    0xE0, 0xFF, 0xFC, 0x00, 0x00, 0x7F, 0xFF, 0xF8, 0x3F, 0xFF, 0x00, 0x00,
    0x03, 0xFF, 0xFF, 0x0F, 0xFF, 0xC0, 0x00, 0x00, 0x3F, 0xFF, 0xC3, 0xFF,
    0xF0, 0x00, 0x00, 0x07, 0xFF, 0xF8, 0xFF, 0xFC, 0x00, 0x00, 0x00, 0xFF,
    0xFE, 0x3F, 0xFF, 0x00, 0x00, 0x00, 0x1F, 0xFF, 0xCF, 0xFF, 0xC0, 0x00,
    0x00, 0x07, 0xFF, 0xF3, 0xFF, 0xF0, 0x00, 0x00, 0x00, 0xFF, 0xFC, 0xFF,
    0xFC, 0x00, 0x00, 0x00, 0x3F, 0xFF, 0xBF, 0xFF, 0x00, 0x00, 0x00, 0x0F,
    0xFF, 0xEF, 0xFF, 0xC0, 0x00, 0x00, 0x01, 0xFF, 0xFB, 0xFF, 0xF0, 0x00,
    0x00, 0x00, 0x7F, 0xFE, 0xFF, 0xFC, 0x00, 0x00, 0x00, 0x1F, 0xFF, 0xBF,
    0xFF, 0x00, 0x00, 0x00, 0x07, 0xFF, 0xEF, 0xFF, 0xC0, 0x00, 0x00, 0x00,
    0xFF, 0xFF, 0xFF, 0xF0, 0x00, 0x00, 0x00, 0x3F, 0xFF, 0xFF, 0xFC, 0x00,
    0x00, 0x00, 0x0F, 0xFF, 0xFF, 0xFF, 0x00, 0x00, 0x00, 0x03, 0xFF, 0xFF,
    0xFF, 0xC0, 0x00, 0x00, 0x00, 0xFF, 0xFF, 0xFF, 0xF0, 0x00, 0x00, 0x00,
    0x3F, 0xFF, 0xFF, 0xFC, 0x00, 0x00, 0x00, 0x0F, 0xFF, 0xFF, 0xFF, 0x00,
    0x00, 0x00, 0x03, 0xFF, 0xFF, 0xFF, 0xC0, 0x00, 0x00, 0x00, 0xFF, 0xFF,
    0xFF, 0xF0, 0x00, 0x00, 0x00, 0x3F, 0xFF, 0xFF, 0xFC, 0x00, 0x00, 0x00,
    0x0F, 0xFF, 0xFF, 0xFF, 0x00, 0x00, 0x00, 0x03, 0xFF, 0xFF, 0xFF, 0xC0,
    0x00, 0x00, 0x00, 0xFF, 0xFF, 0xFF, 0xF0, 0x00, 0x00, 0x00, 0x3F, 0xFF,
    0xFF, 0xFC, 0x00, 0x00, 0x00, 0x1F, 0xFF, 0xBF, 0xFF, 0x00, 0x00, 0x00,
    0x07, 0xFF, 0xEF, 0xFF, 0xC0, 0x00, 0x00, 0x01, 0xFF, 0xFB, 0xFF, 0xF0,
    0x00, 0x00, 0x00, 0x7F, 0xFE, 0xFF, 0xFC, 0x00, 0x00, 0x00, 0x3F, 0xFF,
    0xBF, 0xFF, 0x00, 0x00, 0x00, 0x0F, 0xFF, 0xCF, 0xFF, 0xC0, 0x00, 0x00,
    0x03, 0xFF, 0xF3, 0xFF, 0xF0, 0x00, 0x00, 0x01, 0xFF, 0xFC, 0xFF, 0xFC,
    0x00, 0x00, 0x00, 0x7F, 0xFF, 0x3F, 0xFF, 0x00, 0x00, 0x00, 0x3F, 0xFF,
    0x8F, 0xFF, 0xC0, 0x00, 0x00, 0x1F, 0xFF, 0xE3, 0xFF, 0xF0, 0x00, 0x00,
    0x0F, 0xFF, 0xF0, 0xFF, 0xFC, 0x00, 0x00, 0x07, 0xFF, 0xFC, 0x3F, 0xFF,
    0x00, 0x00, 0x03, 0xFF, 0xFE, 0x0F, 0xFF, 0xC0, 0x00, 0x03, 0xFF, 0xFF,
    0x83, 0xFF, 0xF0, 0x00, 0x03, 0xFF, 0xFF, 0xC0, 0xFF, 0xFF, 0xFF, 0xFF,
    0xFF, 0xFF, 0xF0, 0x3F, 0xFF, 0xFF, 0xFF, 0xFF, 0xFF, 0xF8, 0x0F, 0xFF,
    0xFF, 0xFF, 0xFF, 0xFF, 0xFC, 0x03, 0xFF, 0xFF, 0xFF, 0xFF, 0xFF, 0xFF,
    0x00, 0xFF, 0xFF, 0xFF, 0xFF, 0xFF, 0xFF, 0x80, 0x3F, 0xFF, 0xFF, 0xFF,
    0xFF, 0xFF, 0xC0, 0x0F, 0xFF, 0xFF, 0xFF, 0xFF, 0xFF, 0xC0, 0x03, 0xFF,
    0xFF, 0xFF, 0xFF, 0xFF, 0xE0, 0x00, 0xFF, 0xFF, 0xFF, 0xFF, 0xFF, 0xF0,
    0x00, 0x3F, 0xFF, 0xFF, 0xFF, 0xFF, 0xF0, 0x00, 0x0F, 0xFF, 0xFF, 0xFF,
    0xFF, 0xE0, 0x00, 0x03, 0xFF, 0xFF, 0xFF, 0xFF, 0xC0, 0x00, 0x00, 0xFF,
    0xFF, 0xFF, 0xFF, 0xFF, 0xFF, 0xDF, 0xFF, 0xFF, 0xFF, 0xFF, 0xFF, 0xFB,
    0xFF, 0xFF, 0xFF, 0xFF, 0xFF, 0xFF, 0x7F, 0xFF, 0xFF, 0xFF, 0xFF, 0xFF,
    0xEF, 0xFF, 0xFF, 0xFF, 0xFF, 0xFF, 0xFD, 0xFF, 0xFF, 0xFF, 0xFF, 0xFF,
    0xFF, 0xBF, 0xFF, 0xFF, 0xFF, 0xFF, 0xFF, 0xF7, 0xFF, 0xFF, 0xFF, 0xFF,
    0xFF, 0xFE, 0xFF, 0xFF, 0xFF, 0xFF, 0xFF, 0xFF, 0xDF, 0xFF, 0xFF, 0xFF,
    0xFF, 0xFF, 0xFB, 0xFF, 0xFF, 0xFF, 0xFF, 0xFF, 0xFF, 0x7F, 0xFF, 0xFF,
    0xFF, 0xFF, 0xFF, 0xEF, 0xFF, 0xC0, 0x00, 0x00, 0x00, 0x01, 0xFF, 0xF8,
    0x00, 0x00, 0x00, 0x00, 0x3F, 0xFF, 0x00, 0x00, 0x00, 0x00, 0x07, 0xFF,
    0xE0, 0x00, 0x00, 0x00, 0x00, 0xFF, 0xFC, 0x00, 0x00, 0x00, 0x00, 0x1F,
    0xFF, 0x80, 0x00, 0x00, 0x00, 0x03, 0xFF, 0xF0, 0x00, 0x00, 0x00, 0x00,
    0x7F, 0xFE, 0x00, 0x00, 0x00, 0x00, 0x0F, 0xFF, 0xC0, 0x00, 0x00, 0x00,
    0x01, 0xFF, 0xF8, 0x00, 0x00, 0x00, 0x00, 0x3F, 0xFF, 0x00, 0x00, 0x00,
    0x00, 0x07, 0xFF, 0xE0, 0x00, 0x00, 0x00, 0x00, 0xFF, 0xFC, 0x00, 0x00,
    0x00, 0x00, 0x1F, 0xFF, 0x80, 0x00, 0x00, 0x00, 0x03, 0xFF, 0xF0, 0x00,
    0x00, 0x00, 0x00, 0x7F, 0xFF, 0xFF, 0xFF, 0xFF, 0xFF, 0x0F, 0xFF, 0xFF,
    0xFF, 0xFF, 0xFF, 0xE1, 0xFF, 0xFF, 0xFF, 0xFF, 0xFF, 0xFC, 0x3F, 0xFF,
    0xFF, 0xFF, 0xFF, 0xFF, 0x87, 0xFF, 0xFF, 0xFF, 0xFF, 0xFF, 0xF0, 0xFF,
    0xFF, 0xFF, 0xFF, 0xFF, 0xFE, 0x1F, 0xFF, 0xFF, 0xFF, 0xFF, 0xFF, 0xC3,
    0xFF, 0xFF, 0xFF, 0xFF, 0xFF, 0xF8, 0x7F, 0xFF, 0xFF, 0xFF, 0xFF, 0xFF,
    0x0F, 0xFF, 0xFF, 0xFF, 0xFF, 0xFF, 0xE1, 0xFF, 0xFF, 0xFF, 0xFF, 0xFF,
    0xFC, 0x3F, 0xFF, 0xFF, 0xFF, 0xFF, 0xFF, 0x87, 0xFF, 0xE0, 0x00, 0x00,
    0x00, 0x00, 0xFF, 0xFC, 0x00, 0x00, 0x00, 0x00, 0x1F, 0xFF, 0x80, 0x00,
    0x00, 0x00, 0x03, 0xFF, 0xF0, 0x00, 0x00, 0x00, 0x00, 0x7F, 0xFE, 0x00,
    0x00, 0x00, 0x00, 0x0F, 0xFF, 0xC0, 0x00, 0x00, 0x00, 0x01, 0xFF, 0xF8,
    0x00, 0x00, 0x00, 0x00, 0x3F, 0xFF, 0x00, 0x00, 0x00, 0x00, 0x07, 0xFF,
    0xE0, 0x00, 0x00, 0x00, 0x00, 0xFF, 0xFC, 0x00, 0x00, 0x00, 0x00, 0x1F,
    0xFF, 0x80, 0x00, 0x00, 0x00, 0x03, 0xFF, 0xF0, 0x00, 0x00, 0x00, 0x00,
    0x7F, 0xFE, 0x00, 0x00, 0x00, 0x00, 0x0F, 0xFF, 0xC0, 0x00, 0x00, 0x00,
    0x01, 0xFF, 0xF8, 0x00, 0x00, 0x00, 0x00, 0x3F, 0xFF, 0x00, 0x00, 0x00,
    0x00, 0x07, 0xFF, 0xE0, 0x00, 0x00, 0x00, 0x00, 0xFF, 0xFF, 0xFF, 0xFF,
    0xFF, 0xFF, 0xFF, 0xFF, 0xFF, 0xFF, 0xFF, 0xFF, 0xFF, 0xFF, 0xFF, 0xFF,
    0xFF, 0xFF, 0xFF, 0xFF, 0xFF, 0xFF, 0xFF, 0xFF, 0xFF, 0xFF, 0xFF, 0xFF,
    0xFF, 0xFF, 0xFF, 0xFF, 0xFF, 0xFF, 0xFF, 0xFF, 0xFF, 0xFF, 0xFF, 0xFF,
    0xFF, 0xFF, 0xFF, 0xFF, 0xFF, 0xFF, 0xFF, 0xFF, 0xFF, 0xFF, 0xFF, 0xFF,
    0xFF, 0xFF, 0xFF, 0xFF, 0xFF, 0xFF, 0xFF, 0xFF, 0xFF, 0xFF, 0xFF, 0xFF,
    0xFF, 0xFF, 0xFF, 0xFF, 0xFF, 0xFF, 0xFF, 0xFF, 0xFF, 0xFF, 0xFF, 0xFF,
    0xF0, 0xFF, 0xFF, 0xFF, 0xFF, 0xFF, 0xFF, 0xFF, 0xFF, 0xFF, 0xFF, 0xFF,
    0xFF, 0xFF, 0xFF, 0xFF, 0xFF, 0xFF, 0xFF, 0xFF, 0xFF, 0xFF, 0xFF, 0xFF,
    0xFF, 0xFF, 0xFF, 0xFF, 0xFF, 0xFF, 0xFF, 0xFF, 0xFF, 0xFF, 0xFF, 0xFF,
    0xFF, 0xFF, 0xFF, 0xFF, 0xFF, 0xFF, 0xFF, 0xFF, 0xFF, 0xFF, 0xFF, 0xFF,
    0xFF, 0xFF, 0xFF, 0xFF, 0xFF, 0xFF, 0xFF, 0xFF, 0xFF, 0xFF, 0xFF, 0xFF,
    0xFF, 0xFF, 0xFF, 0xFF, 0xFF, 0xFF, 0xFF, 0xFF, 0xFF, 0xFF, 0xFF, 0xFF,
    0xFF, 0xFF, 0xFC, 0x00, 0x00, 0x00, 0x00, 0xFF, 0xFC, 0x00, 0x00, 0x00,
    0x00, 0xFF, 0xFC, 0x00, 0x00, 0x00, 0x00, 0xFF, 0xFC, 0x00, 0x00, 0x00,
    0x00, 0xFF, 0xFC, 0x00, 0x00, 0x00, 0x00, 0xFF, 0xFC, 0x00, 0x00, 0x00,
    0x00, 0xFF, 0xFC, 0x00, 0x00, 0x00, 0x00, 0xFF, 0xFC, 0x00, 0x00, 0x00,
    0x00, 0xFF, 0xFC, 0x00, 0x00, 0x00, 0x00, 0xFF, 0xFC, 0x00, 0x00, 0x00,
    0x00, 0xFF, 0xFC, 0x00, 0x00, 0x00, 0x00, 0xFF, 0xFC, 0x00, 0x00, 0x00,
    0x00, 0xFF, 0xFC, 0x00, 0x00, 0x00, 0x00, 0xFF, 0xFC, 0x00, 0x00, 0x00,
    0x00, 0xFF, 0xFC, 0x00, 0x00, 0x00, 0x00, 0xFF, 0xFC, 0x00, 0x00, 0x00,
    0x00, 0xFF, 0xFF, 0xFF, 0xFF, 0xFF, 0xF0, 0xFF, 0xFF, 0xFF, 0xFF, 0xFF,
    0xF0, 0xFF, 0xFF, 0xFF, 0xFF, 0xFF, 0xF0, 0xFF, 0xFF, 0xFF, 0xFF, 0xFF,
    0xF0, 0xFF, 0xFF, 0xFF, 0xFF, 0xFF, 0xF0, 0xFF, 0xFF, 0xFF, 0xFF, 0xFF,
    0xF0, 0xFF, 0xFF, 0xFF, 0xFF, 0xFF, 0xF0, 0xFF, 0xFF, 0xFF, 0xFF, 0xFF,
    0xF0, 0xFF, 0xFF, 0xFF, 0xFF, 0xFF, 0xF0, 0xFF, 0xFF, 0xFF, 0xFF, 0xFF,
    0xF0, 0xFF, 0xFF, 0xFF, 0xFF, 0xFF, 0xF0, 0xFF, 0xFF, 0xFF, 0xFF, 0xFF,
    0xF0, 0xFF, 0xFC, 0x00, 0x00, 0x00, 0x00, 0xFF, 0xFC, 0x00, 0x00, 0x00,
    0x00, 0xFF, 0xFC, 0x00, 0x00, 0x00, 0x00, 0xFF, 0xFC, 0x00, 0x00, 0x00,
    0x00, 0xFF, 0xFC, 0x00, 0x00, 0x00, 0x00, 0xFF, 0xFC, 0x00, 0x00, 0x00,
    0x00, 0xFF, 0xFC, 0x00, 0x00, 0x00, 0x00, 0xFF, 0xFC, 0x00, 0x00, 0x00,
    0x00, 0xFF, 0xFC, 0x00, 0x00, 0x00, 0x00, 0xFF, 0xFC, 0x00, 0x00, 0x00,
    0x00, 0xFF, 0xFC, 0x00, 0x00, 0x00, 0x00, 0xFF, 0xFC, 0x00, 0x00, 0x00,
    0x00, 0xFF, 0xFC, 0x00, 0x00, 0x00, 0x00, 0xFF, 0xFC, 0x00, 0x00, 0x00,
    0x00, 0xFF, 0xFC, 0x00, 0x00, 0x00, 0x00, 0xFF, 0xFC, 0x00, 0x00, 0x00,
    0x00, 0xFF, 0xFC, 0x00, 0x00, 0x00, 0x00, 0xFF, 0xFC, 0x00, 0x00, 0x00,
    0x00, 0xFF, 0xFC, 0x00, 0x00, 0x00, 0x00, 0xFF, 0xFC, 0x00, 0x00, 0x00,
    0x00, 0xFF, 0xFC, 0x00, 0x00, 0x00, 0x00, 0xFF, 0xFC, 0x00, 0x00, 0x00,
    0x00, 0xFF, 0xFC, 0x00, 0x00, 0x00, 0x00, 0xFF, 0xFC, 0x00, 0x00, 0x00,
    0x00, 0xFF, 0xFC, 0x00, 0x00, 0x00, 0x00, 0xFF, 0xFC, 0x00, 0x00, 0x00,
    0x00, 0xFF, 0xFC, 0x00, 0x00, 0x00, 0x00, 0xFF, 0xFC, 0x00, 0x00, 0x00,
    0x00, 0x00, 0x00, 0x00, 0x3F, 0xFE, 0x00, 0x00, 0x00, 0x00, 0x00, 0x0F,
    0xFF, 0xFF, 0xC0, 0x00, 0x00, 0x00, 0x01, 0xFF, 0xFF, 0xFF, 0xC0, 0x00,
    0x00, 0x00, 0x1F, 0xFF, 0xFF, 0xFF, 0xC0, 0x00, 0x00, 0x01, 0xFF, 0xFF,
    0xFF, 0xFF, 0xC0, 0x00, 0x00, 0x0F, 0xFF, 0xFF, 0xFF, 0xFF, 0xC0, 0x00,
    0x00, 0xFF, 0xFF, 0xFF, 0xFF, 0xFF, 0x80, 0x00, 0x07, 0xFF, 0xFF, 0xFF,
    0xFF, 0xFF, 0x00, 0x00, 0x3F, 0xFF, 0xFF, 0xFF, 0xFF, 0xFE, 0x00, 0x01,
    0xFF, 0xFF, 0xFF, 0xFF, 0xFF, 0xFC, 0x00, 0x0F, 0xFF, 0xFF, 0xFF, 0xFF,
    0xFF, 0xF8, 0x00, 0x7F, 0xFF, 0xFF, 0xFF, 0xFF, 0xFF, 0xF0, 0x01, 0xFF,
    0xFF, 0xF0, 0x07, 0xFF, 0xFF, 0xC0, 0x0F, 0xFF, 0xFE, 0x00, 0x03, 0xFF,
    0xFF, 0x80, 0x7F, 0xFF, 0xE0, 0x00, 0x03, 0xFF, 0xFF, 0x01, 0xFF, 0xFF,
    0x00, 0x00, 0x03, 0xFF, 0xFC, 0x0F, 0xFF, 0xF8, 0x00, 0x00, 0x07, 0xFF,
    0xF0, 0x3F, 0xFF, 0xC0, 0x00, 0x00, 0x0F, 0xFF, 0xE1, 0xFF, 0xFE, 0x00,
    0x00, 0x00, 0x3F, 0xFF, 0x87, 0xFF, 0xF0, 0x00, 0x00, 0x00, 0x7F, 0xFE,
    0x3F, 0xFF, 0xC0, 0x00, 0x00, 0x01, 0xFF, 0xFC, 0xFF, 0xFE, 0x00, 0x00,
    0x00, 0x03, 0xFF, 0xF3, 0xFF, 0xF0, 0x00, 0x00, 0x00, 0x0F, 0xFF, 0xCF,
    0xFF, 0xC0, 0x00, 0x00, 0x00, 0x00, 0x00, 0x7F, 0xFF, 0x00, 0x00, 0x00,
    0x00, 0x00, 0x01, 0xFF, 0xF8, 0x00, 0x00, 0x00, 0x00, 0x00, 0x07, 0xFF,
    0xE0, 0x00, 0x00, 0x00, 0x00, 0x00, 0x1F, 0xFF, 0x80, 0x00, 0x00, 0x00,
    0x00, 0x00, 0x7F, 0xFE, 0x00, 0x00, 0x00, 0x00, 0x00, 0x03, 0xFF, 0xF0,
    0x00, 0x00, 0x00, 0x00, 0x00, 0x0F, 0xFF, 0xC0, 0x00, 0x00, 0x00, 0x00,
    0x00, 0x3F, 0xFF, 0x00, 0x00, 0x00, 0x00, 0x00, 0x00, 0xFF, 0xFC, 0x00,
    0x00, 0x00, 0x00, 0x00, 0x03, 0xFF, 0xF0, 0x00, 0x00, 0xFF, 0xFF, 0xFF,
    0xFF, 0xFF, 0xC0, 0x00, 0x03, 0xFF, 0xFF, 0xFF, 0xFF, 0xFF, 0x00, 0x00,
    0x0F, 0xFF, 0xFF, 0xFF, 0xFF, 0xFC, 0x00, 0x00, 0x3F, 0xFF, 0xFF, 0xFF,
    0xFF, 0xF0, 0x00, 0x00, 0xFF, 0xFF, 0xFF, 0xFF, 0xFF, 0xC0, 0x00, 0x03,
    0xFF, 0xFF, 0xFF, 0xFF, 0xFF, 0x00, 0x00, 0x0F, 0xFF, 0xFF, 0xFF, 0xFF,
    0xFC, 0x00, 0x00, 0x3F, 0xFF, 0xFF, 0xFF, 0xFF, 0xF0, 0x00, 0x00, 0xFF,
    0xFF, 0xFF, 0xFF, 0xFF, 0xC0, 0x00, 0x03, 0xFF, 0xFF, 0xFF, 0xFF, 0xFF,
    0x80, 0x00, 0x0F, 0xFF, 0xFF, 0xFF, 0x7F, 0xFE, 0x00, 0x00, 0x00, 0x00,
    0x3F, 0xFD, 0xFF, 0xF8, 0x00, 0x00, 0x00, 0x00, 0xFF, 0xF7, 0xFF, 0xE0,
    0x00, 0x00, 0x00, 0x07, 0xFF, 0xDF, 0xFF, 0xC0, 0x00, 0x00, 0x00, 0x1F,
    0xFF, 0x7F, 0xFF, 0x00, 0x00, 0x00, 0x00, 0x7F, 0xFC, 0xFF, 0xFC, 0x00,
    0x00, 0x00, 0x03, 0xFF, 0xF3, 0xFF, 0xF8, 0x00, 0x00, 0x00, 0x0F, 0xFF,
    0xCF, 0xFF, 0xF0, 0x00, 0x00, 0x00, 0x7F, 0xFF, 0x1F, 0xFF, 0xC0, 0x00,
    0x00, 0x03, 0xFF, 0xFC, 0x7F, 0xFF, 0x80, 0x00, 0x00, 0x0F, 0xFF, 0xF0,
    0xFF, 0xFF, 0x00, 0x00, 0x00, 0x7F, 0xFF, 0xC3, 0xFF, 0xFF, 0x00, 0x00,
    0x03, 0xFF, 0xFF, 0x07, 0xFF, 0xFE, 0x00, 0x00, 0x3F, 0xFF, 0xFC, 0x1F,
    0xFF, 0xFE, 0x00, 0x03, 0xFF, 0xFF, 0xF0, 0x3F, 0xFF, 0xFF, 0x00, 0x7F,
    0xFF, 0xFF, 0xC0, 0x7F, 0xFF, 0xFF, 0xFF, 0xFF, 0xFF, 0xFF, 0x00, 0xFF,
    0xFF, 0xFF, 0xFF, 0xFF, 0xFF, 0xFC, 0x03, 0xFF, 0xFF, 0xFF, 0xFF, 0xFF,
    0xBF, 0xF0, 0x07, 0xFF, 0xFF, 0xFF, 0xFF, 0xFC, 0xFF, 0xC0, 0x0F, 0xFF,
    0xFF, 0xFF, 0xFF, 0xE3, 0xFF, 0x00, 0x0F, 0xFF, 0xFF, 0xFF, 0xFF, 0x0F,
    0xFC, 0x00, 0x1F, 0xFF, 0xFF, 0xFF, 0xF8, 0x3F, 0xF0, 0x00, 0x3F, 0xFF,
    0xFF, 0xFF, 0xC0, 0x7F, 0xC0, 0x00, 0x3F, 0xFF, 0xFF, 0xFC, 0x01, 0xFF,
    0x00, 0x00, 0x3F, 0xFF, 0xFF, 0xE0, 0x07, 0xFC, 0x00, 0x00, 0x3F, 0xFF,
    0xFC, 0x00, 0x00, 0x00, 0x00, 0x00, 0x0F, 0xFF, 0x00, 0x00, 0x00, 0x00,
    0xFF, 0xFC, 0x00, 0x00, 0x00, 0x7F, 0xFF, 0xFF, 0xF8, 0x00, 0x00, 0x00,
    0xFF, 0xFF, 0xFF, 0xF0, 0x00, 0x00, 0x01, 0xFF, 0xFF, 0xFF, 0xE0, 0x00,
    0x00, 0x03, 0xFF, 0xFF, 0xFF, 0xC0, 0x00, 0x00, 0x07, 0xFF, 0xFF, 0xFF,
    0x80, 0x00, 0x00, 0x0F, 0xFF, 0xFF, 0xFF, 0x00, 0x00, 0x00, 0x1F, 0xFF,
    0xFF, 0xFE, 0x00, 0x00, 0x00, 0x3F, 0xFF, 0xFF, 0xFC, 0x00, 0x00, 0x00,
    0x7F, 0xFF, 0xFF, 0xF8, 0x00, 0x00, 0x00, 0xFF, 0xFF, 0xFF, 0xF0, 0x00,
    0x00, 0x01, 0xFF, 0xFF, 0xFF, 0xE0, 0x00, 0x00, 0x03, 0xFF, 0xFF, 0xFF,
    0xC0, 0x00, 0x00, 0x07, 0xFF, 0xFF, 0xFF, 0x80, 0x00, 0x00, 0x0F, 0xFF,
    0xFF, 0xFF, 0x00, 0x00, 0x00, 0x1F, 0xFF, 0xFF, 0xFE, 0x00, 0x00, 0x00,
    0x3F, 0xFF, 0xFF, 0xFC, 0x00, 0x00, 0x00, 0x7F, 0xFF, 0xFF, 0xF8, 0x00,
    0x00, 0x00, 0xFF, 0xFF, 0xFF, 0xF0, 0x00, 0x00, 0x01, 0xFF, 0xFF, 0xFF,
    0xE0, 0x00, 0x00, 0x03, 0xFF, 0xFF, 0xFF, 0xC0, 0x00, 0x00, 0x07, 0xFF,
    0xFF, 0xFF, 0x80, 0x00, 0x00, 0x0F, 0xFF, 0xFF, 0xFF, 0x00, 0x00, 0x00,
    0x1F, 0xFF, 0xFF, 0xFE, 0x00, 0x00, 0x00, 0x3F, 0xFF, 0xFF, 0xFC, 0x00,
    0x00, 0x00, 0x7F, 0xFF, 0xFF, 0xF8, 0x00, 0x00, 0x00, 0xFF, 0xFF, 0xFF,
    0xFF, 0xFF, 0xFF, 0xFF, 0xFF, 0xFF, 0xFF, 0xFF, 0xFF, 0xFF, 0xFF, 0xFF,
    0xFF, 0xFF, 0xFF, 0xFF, 0xFF, 0xFF, 0xFF, 0xFF, 0xFF, 0xFF, 0xFF, 0xFF,
    0xFF, 0xFF, 0xFF, 0xFF, 0xFF, 0xFF, 0xFF, 0xFF, 0xFF, 0xFF, 0xFF, 0xFF,
    0xFF, 0xFF, 0xFF, 0xFF, 0xFF, 0xFF, 0xFF, 0xFF, 0xFF, 0xFF, 0xFF, 0xFF,
    0xFF, 0xFF, 0xFF, 0xFF, 0xFF, 0xFF, 0xFF, 0xFF, 0xFF, 0xFF, 0xFF, 0xFF,
    0xFF, 0xFF, 0xFF, 0xFF, 0xFF, 0xFF, 0xFF, 0xFF, 0xFF, 0xFF, 0xFF, 0xFF,
    0xFF, 0xFF, 0xFF, 0xFF, 0xFF, 0xFF, 0xFF, 0xFF, 0xFF, 0xFF, 0xFF, 0x00,
    0x00, 0x00, 0x1F, 0xFF, 0xFF, 0xFE, 0x00, 0x00, 0x00, 0x3F, 0xFF, 0xFF,
    0xFC, 0x00, 0x00, 0x00, 0x7F, 0xFF, 0xFF, 0xF8, 0x00, 0x00, 0x00, 0xFF,
    0xFF, 0xFF, 0xF0, 0x00, 0x00, 0x01, 0xFF, 0xFF, 0xFF, 0xE0, 0x00, 0x00,
    0x03, 0xFF, 0xFF, 0xFF, 0xC0, 0x00, 0x00, 0x07, 0xFF, 0xFF, 0xFF, 0x80,
    0x00, 0x00, 0x0F, 0xFF, 0xFF, 0xFF, 0x00, 0x00, 0x00, 0x1F, 0xFF, 0xFF,
    0xFE, 0x00, 0x00, 0x00, 0x3F, 0xFF, 0xFF, 0xFC, 0x00, 0x00, 0x00, 0x7F,
    0xFF, 0xFF, 0xF8, 0x00, 0x00, 0x00, 0xFF, 0xFF, 0xFF, 0xF0, 0x00, 0x00,
    0x01, 0xFF, 0xFF, 0xFF, 0xE0, 0x00, 0x00, 0x03, 0xFF, 0xFF, 0xFF, 0xC0,
    0x00, 0x00, 0x07, 0xFF, 0xFF, 0xFF, 0x80, 0x00, 0x00, 0x0F, 0xFF, 0xFF,
    0xFF, 0x00, 0x00, 0x00, 0x1F, 0xFF, 0xFF, 0xFE, 0x00, 0x00, 0x00, 0x3F,
    0xFF, 0xFF, 0xFC, 0x00, 0x00, 0x00, 0x7F, 0xFF, 0xFF, 0xF8, 0x00, 0x00,
    0x00, 0xFF, 0xFF, 0xFF, 0xF0, 0x00, 0x00, 0x01, 0xFF, 0xFF, 0xFF, 0xE0,
    0x00, 0x00, 0x03, 0xFF, 0xFF, 0xFF, 0xC0, 0x00, 0x00, 0x07, 0xFF, 0xFF,
    0xFF, 0x80, 0x00, 0x00, 0x0F, 0xFF, 0xFF, 0xFF, 0x00, 0x00, 0x00, 0x1F,
    0xFF, 0xFF, 0xFE, 0x00, 0x00, 0x00, 0x3F, 0xFF, 0xFF, 0xFC, 0x00, 0x00,
    0x00, 0x7F, 0xFF, 0xFF, 0xF8, 0x00, 0x00, 0x00, 0xFF, 0xFF, 0xFF, 0xF0,
    0x00, 0x00, 0x01, 0xFF, 0xFF, 0xFF, 0xE0, 0x00, 0x00, 0x03, 0xFF, 0xF0,
    0xFF, 0xFF, 0xFF, 0xFF, 0xFF, 0xFF, 0xFF, 0xFF, 0xFF, 0xFF, 0xFF, 0xFF,
    0xFF, 0xFF, 0xFF, 0xFF, 0xFF, 0xFF, 0xFF, 0xFF, 0xFF, 0xFF, 0xFF, 0xFF,
    0xFF, 0xFF, 0xFF, 0xFF, 0xFF, 0xFF, 0xFF, 0xFF, 0xFF, 0xFF, 0xFF, 0xFF,
    0xFF, 0xFF, 0xFF, 0xFF, 0xFF, 0xFF, 0xFF, 0xFF, 0xFF, 0xFF, 0xFF, 0xFF,
    0xFF, 0xFF, 0xFF, 0xFF, 0xFF, 0xFF, 0xFF, 0xFF, 0xFF, 0xFF, 0xFF, 0xFF,
    0xFF, 0xFF, 0xFF, 0xFF, 0xFF, 0xFF, 0xFF, 0xFF, 0xFF, 0xFF, 0xFF, 0xFF,
    0xFF, 0xFF, 0xFF, 0xFF, 0xFF, 0xFF, 0xFF, 0xFF, 0xFF, 0xFF, 0xFF, 0xFF,
    0xFF, 0xFF, 0xFF, 0xFF, 0xFF, 0xFF, 0xFF, 0xFF, 0xFF, 0xFF, 0xFF, 0xFF,
    0xFF, 0xFF, 0xFF, 0xFF, 0xFF, 0xFF, 0xFF, 0xFF, 0xFF, 0xFF, 0xFF, 0xFF,
    0xFF, 0xFF, 0xFF, 0xFF, 0xFF, 0xFF, 0xFF, 0xFF, 0xFF, 0xFF, 0xFF, 0x00,
    0x00, 0x00, 0x07, 0xFF, 0xE0, 0x00, 0x00, 0x00, 0xFF, 0xFC, 0x00, 0x00,
    0x00, 0x1F, 0xFF, 0x80, 0x00, 0x00, 0x03, 0xFF, 0xF0, 0x00, 0x00, 0x00,
    0x7F, 0xFE, 0x00, 0x00, 0x00, 0x0F, 0xFF, 0xC0, 0x00, 0x00, 0x01, 0xFF,
    0xF8, 0x00, 0x00, 0x00, 0x3F, 0xFF, 0x00, 0x00, 0x00, 0x07, 0xFF, 0xE0,
    0x00, 0x00, 0x00, 0xFF, 0xFC, 0x00, 0x00, 0x00, 0x1F, 0xFF, 0x80, 0x00,
    0x00, 0x03, 0xFF, 0xF0, 0x00, 0x00, 0x00, 0x7F, 0xFE, 0x00, 0x00, 0x00,
    0x0F, 0xFF, 0xC0, 0x00, 0x00, 0x01, 0xFF, 0xF8, 0x00, 0x00, 0x00, 0x3F,
    0xFF, 0x00, 0x00, 0x00, 0x07, 0xFF, 0xE0, 0x00, 0x00, 0x00, 0xFF, 0xFC,
    0x00, 0x00, 0x00, 0x1F, 0xFF, 0x80, 0x00, 0x00, 0x03, 0xFF, 0xF0, 0x00,
    0x00, 0x00, 0x7F, 0xFE, 0x00, 0x00, 0x00, 0x0F, 0xFF, 0xC0, 0x00, 0x00,
    0x01, 0xFF, 0xF8, 0x00, 0x00, 0x00, 0x3F, 0xFF, 0x00, 0x00, 0x00, 0x07,
    0xFF, 0xE0, 0x00, 0x00, 0x00, 0xFF, 0xFC, 0x00, 0x00, 0x00, 0x1F, 0xFF,
    0x80, 0x00, 0x00, 0x03, 0xFF, 0xF0, 0x00, 0x00, 0x00, 0x7F, 0xFE, 0x00,
    0x00, 0x00, 0x0F, 0xFF, 0xC0, 0x00, 0x00, 0x01, 0xFF, 0xF8, 0x00, 0x00,
    0x00, 0x3F, 0xFF, 0x00, 0x00, 0x00, 0x07, 0xFF, 0xE0, 0x00, 0x00, 0x00,
    0xFF, 0xFC, 0x00, 0x00, 0x00, 0x1F, 0xFF, 0x80, 0x00, 0x00, 0x03, 0xFF,
    0xF0, 0x00, 0x00, 0x00, 0x7F, 0xFE, 0x00, 0x00, 0x00, 0x0F, 0xFF, 0xC0,
    0x00, 0x00, 0x01, 0xFF, 0xF8, 0x00, 0x00, 0x00, 0x3F, 0xFF, 0x00, 0x00,
    0x00, 0x07, 0xFF, 0xE0, 0x00, 0x00, 0x00, 0xFF, 0xFF, 0xFF, 0xE0, 0x00,
    0x1F, 0xFF, 0xFF, 0xFC, 0x00, 0x03, 0xFF, 0xFF, 0xFF, 0x80, 0x00, 0x7F,
    0xFF, 0xFF, 0xF0, 0x00, 0x0F, 0xFF, 0xFF, 0xFE, 0x00, 0x01, 0xFF, 0xFF,
    0xFF, 0xC0, 0x00, 0x3F, 0xFF, 0xFF, 0xF8, 0x00, 0x07, 0xFF, 0xFF, 0xFF,
    0x00, 0x00, 0xFF, 0xFF, 0xFF, 0xF0, 0x00, 0x1F, 0xFF, 0xBF, 0xFE, 0x00,
    0x03, 0xFF, 0xF7, 0xFF, 0xC0, 0x00, 0x7F, 0xFE, 0xFF, 0xF8, 0x00, 0x1F,
    0xFF, 0xDF, 0xFF, 0x80, 0x03, 0xFF, 0xF3, 0xFF, 0xF0, 0x00, 0xFF, 0xFE,
    0x3F, 0xFF, 0x00, 0x3F, 0xFF, 0xC7, 0xFF, 0xF8, 0x0F, 0xFF, 0xF8, 0xFF,
    0xFF, 0xFF, 0xFF, 0xFE, 0x0F, 0xFF, 0xFF, 0xFF, 0xFF, 0xC1, 0xFF, 0xFF,
    0xFF, 0xFF, 0xF8, 0x1F, 0xFF, 0xFF, 0xFF, 0xFE, 0x03, 0xFF, 0xFF, 0xFF,
    0xFF, 0x80, 0x3F, 0xFF, 0xFF, 0xFF, 0xF0, 0x03, 0xFF, 0xFF, 0xFF, 0xFC,
    0x00, 0x3F, 0xFF, 0xFF, 0xFF, 0x00, 0x03, 0xFF, 0xFF, 0xFF, 0x80, 0x00,
    0x3F, 0xFF, 0xFF, 0xE0, 0x00, 0x00, 0xFF, 0xFF, 0xF0, 0x00, 0x00, 0x01,
    0xFF, 0xE0, 0x00, 0x00, 0xFF, 0xFC, 0x00, 0x00, 0x00, 0xFF, 0xFF, 0xCF,
    0xFF, 0xC0, 0x00, 0x00, 0x1F, 0xFF, 0xF8, 0xFF, 0xFC, 0x00, 0x00, 0x03,
    0xFF, 0xFF, 0x0F, 0xFF, 0xC0, 0x00, 0x00, 0x7F, 0xFF, 0xE0, 0xFF, 0xFC,
    0x00, 0x00, 0x0F, 0xFF, 0xFC, 0x0F, 0xFF, 0xC0, 0x00, 0x01, 0xFF, 0xFF,
    0x80, 0xFF, 0xFC, 0x00, 0x00, 0x3F, 0xFF, 0xF0, 0x0F, 0xFF, 0xC0, 0x00,
    0x07, 0xFF, 0xFE, 0x00, 0xFF, 0xFC, 0x00, 0x00, 0xFF, 0xFF, 0xC0, 0x0F,
    0xFF, 0xC0, 0x00, 0x1F, 0xFF, 0xF8, 0x00, 0xFF, 0xFC, 0x00, 0x03, 0xFF,
    0xFF, 0x00, 0x0F, 0xFF, 0xC0, 0x00, 0x7F, 0xFF, 0xE0, 0x00, 0xFF, 0xFC,
    0x00, 0x0F, 0xFF, 0xFC, 0x00, 0x0F, 0xFF, 0xC0, 0x00, 0xFF, 0xFF, 0x80,
    0x00, 0xFF, 0xFC, 0x00, 0x1F, 0xFF, 0xF0, 0x00, 0x0F, 0xFF, 0xC0, 0x03,
    0xFF, 0xFE, 0x00, 0x00, 0xFF, 0xFC, 0x00, 0x7F, 0xFF, 0xC0, 0x00, 0x0F,
    0xFF, 0xC0, 0x0F, 0xFF, 0xF8, 0x00, 0x00, 0xFF, 0xFC, 0x01, 0xFF, 0xFF,
    0x00, 0x00, 0x0F, 0xFF, 0xC0, 0x3F, 0xFF, 0xE0, 0x00, 0x00, 0xFF, 0xFC,
    0x07, 0xFF, 0xFC, 0x00, 0x00, 0x0F, 0xFF, 0xC0, 0xFF, 0xFF, 0x80, 0x00,
    0x00, 0xFF, 0xFC, 0x1F, 0xFF, 0xF0, 0x00, 0x00, 0x0F, 0xFF, 0xC3, 0xFF,
    0xFE, 0x00, 0x00, 0x00, 0xFF, 0xFC, 0x7F, 0xFF, 0xC0, 0x00, 0x00, 0x0F,
    0xFF, 0xCF, 0xFF, 0xF8, 0x00, 0x00, 0x00, 0xFF, 0xFD, 0xFF, 0xFF, 0x00,
    0x00, 0x00, 0x0F, 0xFF, 0xFF, 0xFF, 0xE0, 0x00, 0x00, 0x00, 0xFF, 0xFF,
    0xFF, 0xFE, 0x00, 0x00, 0x00, 0x0F, 0xFF, 0xFF, 0xFF, 0xF0, 0x00, 0x00,
    0x00, 0xFF, 0xFF, 0xFF, 0xFF, 0x00, 0x00, 0x00, 0x0F, 0xFF, 0xFF, 0xFF,
    0xF8, 0x00, 0x00, 0x00, 0xFF, 0xFF, 0xFF, 0xFF, 0xC0, 0x00, 0x00, 0x0F,
    0xFF, 0xFF, 0xFF, 0xFE, 0x00, 0x00, 0x00, 0xFF, 0xFF, 0xFF, 0xFF, 0xE0,
    0x00, 0x00, 0x0F, 0xFF, 0xFF, 0xFF, 0xFF, 0x00, 0x00, 0x00, 0xFF, 0xFF,
    0xFF, 0xFF, 0xF8, 0x00, 0x00, 0x0F, 0xFF, 0xFF, 0xFF, 0xFF, 0xC0, 0x00,
    0x00, 0xFF, 0xFF, 0xFF, 0xFF, 0xFC, 0x00, 0x00, 0x0F, 0xFF, 0xFF, 0x7F,
    0xFF, 0xE0, 0x00, 0x00, 0xFF, 0xFF, 0xE3, 0xFF, 0xFF, 0x00, 0x00, 0x0F,
    0xFF, 0xFC, 0x1F, 0xFF, 0xF8, 0x00, 0x00, 0xFF, 0xFF, 0x80, 0xFF, 0xFF,
    0x80, 0x00, 0x0F, 0xFF, 0xF0, 0x0F, 0xFF, 0xFC, 0x00, 0x00, 0xFF, 0xFE,
    0x00, 0x7F, 0xFF, 0xE0, 0x00, 0x0F, 0xFF, 0xC0, 0x03, 0xFF, 0xFE, 0x00,
    0x00, 0xFF, 0xFC, 0x00, 0x3F, 0xFF, 0xF0, 0x00, 0x0F, 0xFF, 0xC0, 0x01,
    0xFF, 0xFF, 0x80, 0x00, 0xFF, 0xFC, 0x00, 0x0F, 0xFF, 0xFC, 0x00, 0x0F,
    0xFF, 0xC0, 0x00, 0x7F, 0xFF, 0xC0, 0x00, 0xFF, 0xFC, 0x00, 0x07, 0xFF,
    0xFE, 0x00, 0x0F, 0xFF, 0xC0, 0x00, 0x3F, 0xFF, 0xF0, 0x00, 0xFF, 0xFC,
    0x00, 0x01, 0xFF, 0xFF, 0x80, 0x0F, 0xFF, 0xC0, 0x00, 0x1F, 0xFF, 0xF8,
    0x00, 0xFF, 0xFC, 0x00, 0x00, 0xFF, 0xFF, 0xC0, 0x0F, 0xFF, 0xC0, 0x00,
    0x07, 0xFF, 0xFE, 0x00, 0xFF, 0xFC, 0x00, 0x00, 0x7F, 0xFF, 0xE0, 0x0F,
    0xFF, 0xC0, 0x00, 0x03, 0xFF, 0xFF, 0x00, 0xFF, 0xFC, 0x00, 0x00, 0x1F,
    0xFF, 0xF8, 0x0F, 0xFF, 0xC0, 0x00, 0x00, 0xFF, 0xFF, 0xC0, 0xFF, 0xFC,
    0x00, 0x00, 0x0F, 0xFF, 0xFC, 0x0F, 0xFF, 0xC0, 0x00, 0x00, 0x7F, 0xFF,
    0xE0, 0xFF, 0xFC, 0x00, 0x00, 0x03, 0xFF, 0xFF, 0x0F, 0xFF, 0xC0, 0x00,
    0x00, 0x3F, 0xFF, 0xF8, 0xFF, 0xFC, 0x00, 0x00, 0x01, 0xFF, 0xFF, 0x8F,
    0xFF, 0xC0, 0x00, 0x00, 0x0F, 0xFF, 0xFC, 0xFF, 0xFC, 0x00, 0x00, 0x00,
    0x7F, 0xFF, 0xEF, 0xFF, 0xC0, 0x00, 0x00, 0x07, 0xFF, 0xFF, 0xFF, 0xFC,
    0x00, 0x00, 0x00, 0x00, 0xFF, 0xFC, 0x00, 0x00, 0x00, 0x00, 0xFF, 0xFC,
    0x00, 0x00, 0x00, 0x00, 0xFF, 0xFC, 0x00, 0x00, 0x00, 0x00, 0xFF, 0xFC,
    0x00, 0x00, 0x00, 0x00, 0xFF, 0xFC, 0x00, 0x00, 0x00, 0x00, 0xFF, 0xFC,
    0x00, 0x00, 0x00, 0x00, 0xFF, 0xFC, 0x00, 0x00, 0x00, 0x00, 0xFF, 0xFC,
    0x00, 0x00, 0x00, 0x00, 0xFF, 0xFC, 0x00, 0x00, 0x00, 0x00, 0xFF, 0xFC,
    0x00, 0x00, 0x00, 0x00, 0xFF, 0xFC, 0x00, 0x00, 0x00, 0x00, 0xFF, 0xFC,
    0x00, 0x00, 0x00, 0x00, 0xFF, 0xFC, 0x00, 0x00, 0x00, 0x00, 0xFF, 0xFC,
    0x00, 0x00, 0x00, 0x00, 0xFF, 0xFC, 0x00, 0x00, 0x00, 0x00, 0xFF, 0xFC,
    0x00, 0x00, 0x00, 0x00, 0xFF, 0xFC, 0x00, 0x00, 0x00, 0x00, 0xFF, 0xFC,
    0x00, 0x00, 0x00, 0x00, 0xFF, 0xFC, 0x00, 0x00, 0x00, 0x00, 0xFF, 0xFC,
    0x00, 0x00, 0x00, 0x00, 0xFF, 0xFC, 0x00, 0x00, 0x00, 0x00, 0xFF, 0xFC,
    0x00, 0x00, 0x00, 0x00, 0xFF, 0xFC, 0x00, 0x00, 0x00, 0x00, 0xFF, 0xFC,
    0x00, 0x00, 0x00, 0x00, 0xFF, 0xFC, 0x00, 0x00, 0x00, 0x00, 0xFF, 0xFC,
    0x00, 0x00, 0x00, 0x00, 0xFF, 0xFC, 0x00, 0x00, 0x00, 0x00, 0xFF, 0xFC,
    0x00, 0x00, 0x00, 0x00, 0xFF, 0xFC, 0x00, 0x00, 0x00, 0x00, 0xFF, 0xFC,
    0x00, 0x00, 0x00, 0x00, 0xFF, 0xFC, 0x00, 0x00, 0x00, 0x00, 0xFF, 0xFC,
    0x00, 0x00, 0x00, 0x00, 0xFF, 0xFC, 0x00, 0x00, 0x00, 0x00, 0xFF, 0xFC,
    0x00, 0x00, 0x00, 0x00, 0xFF, 0xFC, 0x00, 0x00, 0x00, 0x00, 0xFF, 0xFC,
    0x00, 0x00, 0x00, 0x00, 0xFF, 0xFC, 0x00, 0x00, 0x00, 0x00, 0xFF, 0xFC,
    0x00, 0x00, 0x00, 0x00, 0xFF, 0xFC, 0x00, 0x00, 0x00, 0x00, 0xFF, 0xFC,
    0x00, 0x00, 0x00, 0x00, 0xFF, 0xFC, 0x00, 0x00, 0x00, 0x00, 0xFF, 0xFC,
    0x00, 0x00, 0x00, 0x00, 0xFF, 0xFC, 0x00, 0x00, 0x00, 0x00, 0xFF, 0xFC,
    0x00, 0x00, 0x00, 0x00, 0xFF, 0xFC, 0x00, 0x00, 0x00, 0x00, 0xFF, 0xFC,
    0x00, 0x00, 0x00, 0x00, 0xFF, 0xFC, 0x00, 0x00, 0x00, 0x00, 0xFF, 0xFC,
    0x00, 0x00, 0x00, 0x00, 0xFF, 0xFC, 0x00, 0x00, 0x00, 0x00, 0xFF, 0xFC,
    0x00, 0x00, 0x00, 0x00, 0xFF, 0xFC, 0x00, 0x00, 0x00, 0x00, 0xFF, 0xFC,
    0x00, 0x00, 0x00, 0x00, 0xFF, 0xFC, 0x00, 0x00, 0x00, 0x00, 0xFF, 0xFC,
    0x00, 0x00, 0x00, 0x00, 0xFF, 0xFC, 0x00, 0x00, 0x00, 0x00, 0xFF, 0xFF,
    0xFF, 0xFF, 0xFF, 0xFF, 0xFF, 0xFF, 0xFF, 0xFF, 0xFF, 0xFF, 0xFF, 0xFF,
    0xFF, 0xFF, 0xFF, 0xFF, 0xFF, 0xFF, 0xFF, 0xFF, 0xFF, 0xFF, 0xFF, 0xFF,
    0xFF, 0xFF, 0xFF, 0xFF, 0xFF, 0xFF, 0xFF, 0xFF, 0xFF, 0xFF, 0xFF, 0xFF,
    0xFF, 0xFF, 0xFF, 0xFF, 0xFF, 0xFF, 0xFF, 0xFF, 0xFF, 0xFF, 0xFF, 0xFF,
    0xFF, 0xFF, 0xFF, 0xFF, 0xFF, 0xFF, 0xFF, 0xFF, 0xFF, 0xFF, 0xFF, 0xFF,
    0xFF, 0xFF, 0xFF, 0xFF, 0xFF, 0xFF, 0xFF, 0xFF, 0xFF, 0xFF, 0xFF, 0xFF,
    0xF8, 0x00, 0x00, 0x07, 0xFF, 0xFF, 0xFF, 0xFF, 0xFC, 0x00, 0x00, 0x07,
    0xFF, 0xFF, 0xFF, 0xFF, 0xFE, 0x00, 0x00, 0x03, 0xFF, 0xFF, 0xFF, 0xFF,
    0xFF, 0x00, 0x00, 0x01, 0xFF, 0xFF, 0xFF, 0xFF, 0xFF, 0x80, 0x00, 0x00,
    0xFF, 0xFF, 0xFF, 0xFF, 0xFF, 0xE0, 0x00, 0x00, 0x7F, 0xFF, 0xFF, 0xFF,
    0xFF, 0xF0, 0x00, 0x00, 0x7F, 0xFF, 0xFF, 0xFF, 0xFF, 0xF8, 0x00, 0x00,
    0x3F, 0xFF, 0xFF, 0xFF, 0xFF, 0xFC, 0x00, 0x00, 0x1F, 0xFF, 0xFF, 0xFF,
    0xFF, 0xFF, 0x00, 0x00, 0x0F, 0xFF, 0xFF, 0xFF, 0xFF, 0xFF, 0x80, 0x00,
    0x0F, 0xFF, 0xFF, 0xFF, 0xFF, 0xFF, 0xC0, 0x00, 0x07, 0xFF, 0xFF, 0xFF,
    0xFF, 0xFF, 0xE0, 0x00, 0x03, 0xFF, 0xFF, 0xFF, 0xFF, 0xDF, 0xF8, 0x00,
    0x01, 0xFF, 0x7F, 0xFF, 0xFF, 0xEF, 0xFC, 0x00, 0x01, 0xFF, 0xBF, 0xFF,
    0xFF, 0xF7, 0xFE, 0x00, 0x00, 0xFF, 0xDF, 0xFF, 0xFF, 0xFB, 0xFF, 0x00,
    0x00, 0x7F, 0xEF, 0xFF, 0xFF, 0xFD, 0xFF, 0x80, 0x00, 0x3F, 0xF7, 0xFF,
    0xFF, 0xFE, 0x7F, 0xE0, 0x00, 0x1F, 0xF3, 0xFF, 0xFF, 0xFF, 0x3F, 0xF0,
    0x00, 0x1F, 0xF9, 0xFF, 0xFF, 0xFF, 0x9F, 0xF8, 0x00, 0x0F, 0xFC, 0xFF,
    0xFF, 0xFF, 0xCF, 0xFC, 0x00, 0x07, 0xFE, 0x7F, 0xFF, 0xFF, 0xE3, 0xFF,
    0x00, 0x03, 0xFE, 0x3F, 0xFF, 0xFF, 0xF1, 0xFF, 0x80, 0x03, 0xFF, 0x1F,
    0xFF, 0xFF, 0xF8, 0xFF, 0xC0, 0x01, 0xFF, 0x8F, 0xFF, 0xFF, 0xFC, 0x7F,
    0xE0, 0x00, 0xFF, 0xC7, 0xFF, 0xFF, 0xFE, 0x3F, 0xF0, 0x00, 0x7F, 0xE3,
    0xFF, 0xFF, 0xFF, 0x0F, 0xFC, 0x00, 0x3F, 0xE1, 0xFF, 0xFF, 0xFF, 0x87,
    0xFE, 0x00, 0x3F, 0xF0, 0xFF, 0xFF, 0xFF, 0xC3, 0xFF, 0x00, 0x1F, 0xF8,
    0x7F, 0xFF, 0xFF, 0xE1, 0xFF, 0x80, 0x0F, 0xFC, 0x3F, 0xFF, 0xFF, 0xF0,
    0x7F, 0xE0, 0x07, 0xFC, 0x1F, 0xFF, 0xFF, 0xF8, 0x3F, 0xF0, 0x07, 0xFE,
    0x0F, 0xFF, 0xFF, 0xFC, 0x1F, 0xF8, 0x03, 0xFF, 0x07, 0xFF, 0xFF, 0xFE,
    0x0F, 0xFC, 0x01, 0xFF, 0x83, 0xFF, 0xFF, 0xFF, 0x07, 0xFF, 0x00, 0xFF,
    0xC1, 0xFF, 0xFF, 0xFF, 0x81, 0xFF, 0x80, 0xFF, 0xC0, 0xFF, 0xFF, 0xFF,
    0xC0, 0xFF, 0xC0, 0x7F, 0xE0, 0x7F, 0xFF, 0xFF, 0xE0, 0x7F, 0xE0, 0x3F,
    0xF0, 0x3F, 0xFF, 0xFF, 0xF0, 0x3F, 0xF0, 0x1F, 0xF8, 0x1F, 0xFF, 0xFF,
    0xF8, 0x0F, 0xFC, 0x0F, 0xF8, 0x0F, 0xFF, 0xFF, 0xFC, 0x07, 0xFE, 0x0F,
    0xFC, 0x07, 0xFF, 0xFF, 0xFE, 0x03, 0xFF, 0x07, 0xFE, 0x03, 0xFF, 0xFF,
    0xFF, 0x01, 0xFF, 0x83, 0xFF, 0x01, 0xFF, 0xFF, 0xFF, 0x80, 0xFF, 0xE1,
    0xFF, 0x80, 0xFF, 0xFF, 0xFF, 0xC0, 0x3F, 0xF1, 0xFF, 0x80, 0x7F, 0xFF,
    0xFF, 0xE0, 0x1F, 0xF8, 0xFF, 0xC0, 0x3F, 0xFF, 0xFF, 0xF0, 0x0F, 0xFC,
    0x7F, 0xE0, 0x1F, 0xFF, 0xFF, 0xF8, 0x07, 0xFF, 0x3F, 0xF0, 0x0F, 0xFF,
    0xFF, 0xFC, 0x01, 0xFF, 0x9F, 0xF0, 0x07, 0xFF, 0xFF, 0xFE, 0x00, 0xFF,
    0xDF, 0xF8, 0x03, 0xFF, 0xFF, 0xFF, 0x00, 0x7F, 0xEF, 0xFC, 0x01, 0xFF,
    0xFF, 0xFF, 0x80, 0x3F, 0xF7, 0xFE, 0x00, 0xFF, 0xFF, 0xFF, 0xC0, 0x1F,
    0xFF, 0xFF, 0x00, 0x7F, 0xFF, 0xFF, 0xE0, 0x07, 0xFF, 0xFF, 0x00, 0x3F,
    0xFF, 0xFF, 0xF0, 0x03, 0xFF, 0xFF, 0x80, 0x1F, 0xFF, 0xFF, 0xF8, 0x01,
    0xFF, 0xFF, 0xC0, 0x0F, 0xFF, 0xFF, 0xFC, 0x00, 0xFF, 0xFF, 0xE0, 0x07,
    0xFF, 0xFF, 0xFE, 0x00, 0x3F, 0xFF, 0xE0, 0x03, 0xFF, 0xFF, 0xFF, 0x00,
    0x1F, 0xFF, 0xF0, 0x01, 0xFF, 0xFF, 0xFF, 0x80, 0x0F, 0xFF, 0xF8, 0x00,
    0xFF, 0xFF, 0xFF, 0xC0, 0x07, 0xFF, 0xFC, 0x00, 0x7F, 0xFF, 0xFF, 0xE0,
    0x03, 0xFF, 0xFE, 0x00, 0x3F, 0xFF, 0xFF, 0xF0, 0x00, 0xFF, 0xFE, 0x00,
    0x1F, 0xFF, 0xFF, 0xF8, 0x00, 0x7F, 0xFF, 0x00, 0x0F, 0xFF, 0xFF, 0xFC,
    0x00, 0x3F, 0xFF, 0x80, 0x07, 0xFF, 0xFF, 0xFE, 0x00, 0x1F, 0xFF, 0xC0,
    0x03, 0xFF, 0xFF, 0xFF, 0x00, 0x07, 0xFF, 0xC0, 0x01, 0xFF, 0xF0, 0xFF,
    0xFE, 0x00, 0x00, 0x00, 0x3F, 0xFF, 0xFF, 0xFE, 0x00, 0x00, 0x00, 0x7F,
    0xFF, 0xFF, 0xFC, 0x00, 0x00, 0x00, 0xFF, 0xFF, 0xFF, 0xFC, 0x00, 0x00,
    0x01, 0xFF, 0xFF, 0xFF, 0xF8, 0x00, 0x00, 0x03, 0xFF, 0xFF, 0xFF, 0xF8,
    0x00, 0x00, 0x07, 0xFF, 0xFF, 0xFF, 0xF8, 0x00, 0x00, 0x0F, 0xFF, 0xFF,
    0xFF, 0xF0, 0x00, 0x00, 0x1F, 0xFF, 0xFF, 0xFF, 0xF0, 0x00, 0x00, 0x3F,
    0xFF, 0xFF, 0xFF, 0xE0, 0x00, 0x00, 0x7F, 0xFF, 0xFF, 0xFF, 0xE0, 0x00,
    0x00, 0xFF, 0xFF, 0xFF, 0xFF, 0xC0, 0x00, 0x01, 0xFF, 0xFF, 0xFF, 0xFF,
    0xC0, 0x00, 0x03, 0xFF, 0xFF, 0xFF, 0xFF, 0xC0, 0x00, 0x07, 0xFF, 0xFF,
    0xFF, 0xFF, 0x80, 0x00, 0x0F, 0xFF, 0xFF, 0xFF, 0xFF, 0x80, 0x00, 0x1F,
    0xFF, 0xFF, 0xFF, 0xFF, 0x00, 0x00, 0x3F, 0xFF, 0xFF, 0xFF, 0xFF, 0x00,
    0x00, 0x7F, 0xFF, 0xFF, 0xFF, 0xFE, 0x00, 0x00, 0xFF, 0xFF, 0xFF, 0xFF,
    0xFE, 0x00, 0x01, 0xFF, 0xFF, 0xFF, 0xFF, 0xFE, 0x00, 0x03, 0xFF, 0xFF,
    0xFF, 0x7F, 0xFC, 0x00, 0x07, 0xFF, 0xFF, 0xFE, 0x7F, 0xFC, 0x00, 0x0F,
    0xFF, 0xFF, 0xFC, 0xFF, 0xF8, 0x00, 0x1F, 0xFF, 0xFF, 0xF8, 0xFF, 0xF8,
    0x00, 0x3F, 0xFF, 0xFF, 0xF1, 0xFF, 0xF0, 0x00, 0x7F, 0xFF, 0xFF, 0xE1,
    0xFF, 0xF0, 0x00, 0xFF, 0xFF, 0xFF, 0xC3, 0xFF, 0xF0, 0x01, 0xFF, 0xFF,
    0xFF, 0x83, 0xFF, 0xE0, 0x03, 0xFF, 0xFF, 0xFF, 0x03, 0xFF, 0xE0, 0x07,
    0xFF, 0xFF, 0xFE, 0x07, 0xFF, 0xC0, 0x0F, 0xFF, 0xFF, 0xFC, 0x07, 0xFF,
    0xC0, 0x1F, 0xFF, 0xFF, 0xF8, 0x0F, 0xFF, 0x80, 0x3F, 0xFF, 0xFF, 0xF0,
    0x0F, 0xFF, 0x80, 0x7F, 0xFF, 0xFF, 0xE0, 0x1F, 0xFF, 0x80, 0xFF, 0xFF,
    0xFF, 0xC0, 0x1F, 0xFF, 0x01, 0xFF, 0xFF, 0xFF, 0x80, 0x1F, 0xFF, 0x03,
    0xFF, 0xFF, 0xFF, 0x00, 0x3F, 0xFE, 0x07, 0xFF, 0xFF, 0xFE, 0x00, 0x3F,
    0xFE, 0x0F, 0xFF, 0xFF, 0xFC, 0x00, 0x7F, 0xFC, 0x1F, 0xFF, 0xFF, 0xF8,
    0x00, 0x7F, 0xFC, 0x3F, 0xFF, 0xFF, 0xF0, 0x00, 0x7F, 0xFC, 0x7F, 0xFF,
    0xFF, 0xE0, 0x00, 0xFF, 0xF8, 0xFF, 0xFF, 0xFF, 0xC0, 0x00, 0xFF, 0xF9,
    0xFF, 0xFF, 0xFF, 0x80, 0x01, 0xFF, 0xF3, 0xFF, 0xFF, 0xFF, 0x00, 0x01,
    0xFF, 0xF7, 0xFF, 0xFF, 0xFE, 0x00, 0x03, 0xFF, 0xEF, 0xFF, 0xFF, 0xFC,
    0x00, 0x03, 0xFF, 0xFF, 0xFF, 0xFF, 0xF8, 0x00, 0x03, 0xFF, 0xFF, 0xFF,
    0xFF, 0xF0, 0x00, 0x07, 0xFF, 0xFF, 0xFF, 0xFF, 0xE0, 0x00, 0x07, 0xFF,
    0xFF, 0xFF, 0xFF, 0xC0, 0x00, 0x0F, 0xFF, 0xFF, 0xFF, 0xFF, 0x80, 0x00,
    0x0F, 0xFF, 0xFF, 0xFF, 0xFF, 0x00, 0x00, 0x1F, 0xFF, 0xFF, 0xFF, 0xFE,
    0x00, 0x00, 0x1F, 0xFF, 0xFF, 0xFF, 0xFC, 0x00, 0x00, 0x1F, 0xFF, 0xFF,
    0xFF, 0xF8, 0x00, 0x00, 0x3F, 0xFF, 0xFF, 0xFF, 0xF0, 0x00, 0x00, 0x3F,
    0xFF, 0xFF, 0xFF, 0xE0, 0x00, 0x00, 0x7F, 0xFF, 0xFF, 0xFF, 0xC0, 0x00,
    0x00, 0x7F, 0xFF, 0xFF, 0xFF, 0x80, 0x00, 0x00, 0xFF, 0xFF, 0xFF, 0xFF,
    0x00, 0x00, 0x00, 0xFF, 0xFF, 0xFF, 0xFE, 0x00, 0x00, 0x00, 0xFF, 0xFF,
    0xFF, 0xFC, 0x00, 0x00, 0x01, 0xFF, 0xFF, 0xFF, 0xF8, 0x00, 0x00, 0x01,
    0xFF, 0xFF, 0xFF, 0xF0, 0x00, 0x00, 0x03, 0xFF, 0xFF, 0xFF, 0xE0, 0x00,
    0x00, 0x03, 0xFF, 0xFF, 0xFF, 0xC0, 0x00, 0x00, 0x07, 0xFF, 0xF0, 0x00,
    0x00, 0x00, 0x7F, 0xFE, 0x00, 0x00, 0x00, 0x00, 0x00, 0x07, 0xFF, 0xFF,
    0xE0, 0x00, 0x00, 0x00, 0x00, 0x3F, 0xFF, 0xFF, 0xFC, 0x00, 0x00, 0x00,
    0x00, 0xFF, 0xFF, 0xFF, 0xFF, 0x00, 0x00, 0x00, 0x03, 0xFF, 0xFF, 0xFF,
    0xFF, 0xC0, 0x00, 0x00, 0x07, 0xFF, 0xFF, 0xFF, 0xFF, 0xE0, 0x00, 0x00,
    0x0F, 0xFF, 0xFF, 0xFF, 0xFF, 0xF0, 0x00, 0x00, 0x1F, 0xFF, 0xFF, 0xFF,
    0xFF, 0xF8, 0x00, 0x00, 0x3F, 0xFF, 0xFF, 0xFF, 0xFF, 0xFC, 0x00, 0x00,
    0x7F, 0xFF, 0xFF, 0xFF, 0xFF, 0xFE, 0x00, 0x00, 0xFF, 0xFF, 0xFF, 0xFF,
    0xFF, 0xFF, 0x00, 0x01, 0xFF, 0xFF, 0xFF, 0xFF, 0xFF, 0xFF, 0x80, 0x03,
    0xFF, 0xFF, 0xF0, 0x0F, 0xFF, 0xFF, 0xC0, 0x07, 0xFF, 0xFF, 0x80, 0x01,
    0xFF, 0xFF, 0xC0, 0x07, 0xFF, 0xFE, 0x00, 0x00, 0x7F, 0xFF, 0xE0, 0x0F,
    0xFF, 0xFC, 0x00, 0x00, 0x3F, 0xFF, 0xF0, 0x0F, 0xFF, 0xF8, 0x00, 0x00,
    0x0F, 0xFF, 0xF0, 0x1F, 0xFF, 0xF0, 0x00, 0x00, 0x07, 0xFF, 0xF8, 0x1F,
    0xFF, 0xE0, 0x00, 0x00, 0x07, 0xFF, 0xF8, 0x1F, 0xFF, 0xC0, 0x00, 0x00,
    0x03, 0xFF, 0xF8, 0x3F, 0xFF, 0x80, 0x00, 0x00, 0x01, 0xFF, 0xFC, 0x3F,
    0xFF, 0x80, 0x00, 0x00, 0x01, 0xFF, 0xFC, 0x3F, 0xFF, 0x00, 0x00, 0x00,
    0x00, 0xFF, 0xFC, 0x7F, 0xFF, 0x00, 0x00, 0x00, 0x00, 0xFF, 0xFE, 0x7F,
    0xFF, 0x00, 0x00, 0x00, 0x00, 0xFF, 0xFE, 0x7F, 0xFE, 0x00, 0x00, 0x00,
    0x00, 0x7F, 0xFE, 0x7F, 0xFE, 0x00, 0x00, 0x00, 0x00, 0x7F, 0xFE, 0x7F,
    0xFE, 0x00, 0x00, 0x00, 0x00, 0x7F, 0xFE, 0xFF, 0xFE, 0x00, 0x00, 0x00,
    0x00, 0x7F, 0xFF, 0xFF, 0xFC, 0x00, 0x00, 0x00, 0x00, 0x3F, 0xFF, 0xFF,
    0xFC, 0x00, 0x00, 0x00, 0x00, 0x3F, 0xFF, 0xFF, 0xFC, 0x00, 0x00, 0x00,
    0x00, 0x3F, 0xFF, 0xFF, 0xFC, 0x00, 0x00, 0x00, 0x00, 0x3F, 0xFF, 0xFF,
    0xFC, 0x00, 0x00, 0x00, 0x00, 0x3F, 0xFF, 0xFF, 0xFC, 0x00, 0x00, 0x00,
    0x00, 0x3F, 0xFF, 0xFF, 0xFC, 0x00, 0x00, 0x00, 0x00, 0x3F, 0xFF, 0xFF,
    0xFC, 0x00, 0x00, 0x00, 0x00, 0x3F, 0xFF, 0xFF, 0xFC, 0x00, 0x00, 0x00,
    0x00, 0x3F, 0xFF, 0xFF, 0xFC, 0x00, 0x00, 0x00, 0x00, 0x3F, 0xFF, 0xFF,
    0xFC, 0x00, 0x00, 0x00, 0x00, 0x3F, 0xFF, 0xFF, 0xFC, 0x00, 0x00, 0x00,
    0x00, 0x3F, 0xFF, 0xFF, 0xFC, 0x00, 0x00, 0x00, 0x00, 0x3F, 0xFF, 0xFF,
    0xFC, 0x00, 0x00, 0x00, 0x00, 0x3F, 0xFF, 0xFF, 0xFE, 0x00, 0x00, 0x00,
    0x00, 0x7F, 0xFF, 0x7F, 0xFE, 0x00, 0x00, 0x00, 0x00, 0x7F, 0xFE, 0x7F,
    0xFE, 0x00, 0x00, 0x00, 0x00, 0x7F, 0xFE, 0x7F, 0xFE, 0x00, 0x00, 0x00,
    0x00, 0x7F, 0xFE, 0x7F, 0xFF, 0x00, 0x00, 0x00, 0x00, 0xFF, 0xFE, 0x7F,
    0xFF, 0x00, 0x00, 0x00, 0x00, 0xFF, 0xFE, 0x3F, 0xFF, 0x00, 0x00, 0x00,
    0x00, 0xFF, 0xFC, 0x3F, 0xFF, 0x80, 0x00, 0x00, 0x01, 0xFF, 0xFC, 0x3F,
    0xFF, 0x80, 0x00, 0x00, 0x01, 0xFF, 0xFC, 0x1F, 0xFF, 0xC0, 0x00, 0x00,
    0x03, 0xFF, 0xF8, 0x1F, 0xFF, 0xE0, 0x00, 0x00, 0x07, 0xFF, 0xF8, 0x1F,
    0xFF, 0xF0, 0x00, 0x00, 0x07, 0xFF, 0xF8, 0x0F, 0xFF, 0xF0, 0x00, 0x00,
    0x0F, 0xFF, 0xF0, 0x0F, 0xFF, 0xFC, 0x00, 0x00, 0x3F, 0xFF, 0xF0, 0x07,
    0xFF, 0xFE, 0x00, 0x00, 0x7F, 0xFF, 0xE0, 0x03, 0xFF, 0xFF, 0x80, 0x01,
    0xFF, 0xFF, 0xC0, 0x03, 0xFF, 0xFF, 0xF0, 0x0F, 0xFF, 0xFF, 0xC0, 0x01,
    0xFF, 0xFF, 0xFF, 0xFF, 0xFF, 0xFF, 0x80, 0x00, 0xFF, 0xFF, 0xFF, 0xFF,
    0xFF, 0xFF, 0x00, 0x00, 0x7F, 0xFF, 0xFF, 0xFF, 0xFF, 0xFE, 0x00, 0x00,
    0x3F, 0xFF, 0xFF, 0xFF, 0xFF, 0xFE, 0x00, 0x00, 0x1F, 0xFF, 0xFF, 0xFF,
    0xFF, 0xF8, 0x00, 0x00, 0x0F, 0xFF, 0xFF, 0xFF, 0xFF, 0xF0, 0x00, 0x00,
    0x07, 0xFF, 0xFF, 0xFF, 0xFF, 0xE0, 0x00, 0x00, 0x03, 0xFF, 0xFF, 0xFF,
    0xFF, 0xC0, 0x00, 0x00, 0x00, 0xFF, 0xFF, 0xFF, 0xFF, 0x00, 0x00, 0x00,
    0x00, 0x3F, 0xFF, 0xFF, 0xFC, 0x00, 0x00, 0x00, 0x00, 0x07, 0xFF, 0xFF,
    0xE0, 0x00, 0x00, 0x00, 0x00, 0x00, 0x7F, 0xFE, 0x00, 0x00, 0x00, 0xFF,
    0xFF, 0xFF, 0xFF, 0xF0, 0x00, 0x07, 0xFF, 0xFF, 0xFF, 0xFF, 0xF8, 0x00,
    0x3F, 0xFF, 0xFF, 0xFF, 0xFF, 0xF0, 0x01, 0xFF, 0xFF, 0xFF, 0xFF, 0xFF,
    0xE0, 0x0F, 0xFF, 0xFF, 0xFF, 0xFF, 0xFF, 0xC0, 0x7F, 0xFF, 0xFF, 0xFF,
    0xFF, 0xFF, 0x03, 0xFF, 0xFF, 0xFF, 0xFF, 0xFF, 0xFC, 0x1F, 0xFF, 0xFF,
    0xFF, 0xFF, 0xFF, 0xF0, 0xFF, 0xFF, 0xFF, 0xFF, 0xFF, 0xFF, 0xC7, 0xFF,
    0xFF, 0xFF, 0xFF, 0xFF, 0xFE, 0x3F, 0xFF, 0xFF, 0xFF, 0xFF, 0xFF, 0xF9,
    0xFF, 0xFF, 0xFF, 0xFF, 0xFF, 0xFF, 0xCF, 0xFF, 0xC0, 0x00, 0x0F, 0xFF,
    0xFF, 0x7F, 0xFE, 0x00, 0x00, 0x0F, 0xFF, 0xFB, 0xFF, 0xF0, 0x00, 0x00,
    0x3F, 0xFF, 0xDF, 0xFF, 0x80, 0x00, 0x00, 0xFF, 0xFE, 0xFF, 0xFC, 0x00,
    0x00, 0x03, 0xFF, 0xFF, 0xFF, 0xE0, 0x00, 0x00, 0x1F, 0xFF, 0xFF, 0xFF,
    0x00, 0x00, 0x00, 0x7F, 0xFF, 0xFF, 0xF8, 0x00, 0x00, 0x03, 0xFF, 0xFF,
    0xFF, 0xC0, 0x00, 0x00, 0x1F, 0xFF, 0xFF, 0xFE, 0x00, 0x00, 0x00, 0xFF,
    0xFF, 0xFF, 0xF0, 0x00, 0x00, 0x07, 0xFF, 0xFF, 0xFF, 0x80, 0x00, 0x00,
    0x3F, 0xFF, 0xFF, 0xFC, 0x00, 0x00, 0x01, 0xFF, 0xFF, 0xFF, 0xE0, 0x00,
    0x00, 0x0F, 0xFF, 0xFF, 0xFF, 0x00, 0x00, 0x00, 0xFF, 0xFF, 0xFF, 0xF8,
    0x00, 0x00, 0x07, 0xFF, 0xFF, 0xFF, 0xC0, 0x00, 0x00, 0x7F, 0xFF, 0x7F,
    0xFE, 0x00, 0x00, 0x07, 0xFF, 0xFB, 0xFF, 0xF0, 0x00, 0x00, 0x7F, 0xFF,
    0xDF, 0xFF, 0x80, 0x00, 0x1F, 0xFF, 0xFE, 0xFF, 0xFF, 0xFF, 0xFF, 0xFF,
    0xFF, 0xE7, 0xFF, 0xFF, 0xFF, 0xFF, 0xFF, 0xFF, 0x3F, 0xFF, 0xFF, 0xFF,
    0xFF, 0xFF, 0xF1, 0xFF, 0xFF, 0xFF, 0xFF, 0xFF, 0xFF, 0x8F, 0xFF, 0xFF,
    0xFF, 0xFF, 0xFF, 0xF8, 0x7F, 0xFF, 0xFF, 0xFF, 0xFF, 0xFF, 0x83, 0xFF,
    0xFF, 0xFF, 0xFF, 0xFF, 0xF8, 0x1F, 0xFF, 0xFF, 0xFF, 0xFF, 0xFF, 0x80,
    0xFF, 0xFF, 0xFF, 0xFF, 0xFF, 0xF0, 0x07, 0xFF, 0xFF, 0xFF, 0xFF, 0xFE,
    0x00, 0x3F, 0xFF, 0xFF, 0xFF, 0xFF, 0xC0, 0x01, 0xFF, 0xFF, 0xFF, 0xFF,
    0xC0, 0x00, 0x0F, 0xFF, 0xC0, 0x00, 0x00, 0x00, 0x00, 0x7F, 0xFE, 0x00,
    0x00, 0x00, 0x00, 0x03, 0xFF, 0xF0, 0x00, 0x00, 0x00, 0x00, 0x1F, 0xFF,
    0x80, 0x00, 0x00, 0x00, 0x00, 0xFF, 0xFC, 0x00, 0x00, 0x00, 0x00, 0x07,
    0xFF, 0xE0, 0x00, 0x00, 0x00, 0x00, 0x3F, 0xFF, 0x00, 0x00, 0x00, 0x00,
    0x01, 0xFF, 0xF8, 0x00, 0x00, 0x00, 0x00, 0x0F, 0xFF, 0xC0, 0x00, 0x00,
    0x00, 0x00, 0x7F, 0xFE, 0x00, 0x00, 0x00, 0x00, 0x03, 0xFF, 0xF0, 0x00,
    0x00, 0x00, 0x00, 0x1F, 0xFF, 0x80, 0x00, 0x00, 0x00, 0x00, 0xFF, 0xFC,
    0x00, 0x00, 0x00, 0x00, 0x07, 0xFF, 0xE0, 0x00, 0x00, 0x00, 0x00, 0x3F,
    0xFF, 0x00, 0x00, 0x00, 0x00, 0x01, 0xFF, 0xF8, 0x00, 0x00, 0x00, 0x00,
    0x0F, 0xFF, 0xC0, 0x00, 0x00, 0x00, 0x00, 0x7F, 0xFE, 0x00, 0x00, 0x00,
    0x00, 0x03, 0xFF, 0xF0, 0x00, 0x00, 0x00, 0x00, 0x1F, 0xFF, 0x80, 0x00,
    0x00, 0x00, 0x00, 0xFF, 0xFC, 0x00, 0x00, 0x00, 0x00, 0x07, 0xFF, 0xE0,
    0x00, 0x00, 0x00, 0x00, 0x3F, 0xFF, 0x00, 0x00, 0x00, 0x00, 0x01, 0xFF,
    0xF8, 0x00, 0x00, 0x00, 0x00, 0x00, 0x00, 0x00, 0x00, 0x3F, 0xFC, 0x00,
    0x00, 0x00, 0x00, 0x00, 0x03, 0xFF, 0xFF, 0xC0, 0x00, 0x00, 0x00, 0x00,
    0x1F, 0xFF, 0xFF, 0xF8, 0x00, 0x00, 0x00, 0x00, 0x7F, 0xFF, 0xFF, 0xFE,
    0x00, 0x00, 0x00, 0x01, 0xFF, 0xFF, 0xFF, 0xFF, 0x80, 0x00, 0x00, 0x07,
    0xFF, 0xFF, 0xFF, 0xFF, 0xC0, 0x00, 0x00, 0x0F, 0xFF, 0xFF, 0xFF, 0xFF,
    0xF0, 0x00, 0x00, 0x1F, 0xFF, 0xFF, 0xFF, 0xFF, 0xF8, 0x00, 0x00, 0x3F,
    0xFF, 0xFF, 0xFF, 0xFF, 0xFC, 0x00, 0x00, 0x7F, 0xFF, 0xFF, 0xFF, 0xFF,
    0xFE, 0x00, 0x00, 0xFF, 0xFF, 0xFF, 0xFF, 0xFF, 0xFF, 0x00, 0x01, 0xFF,
    0xFF, 0xFF, 0xFF, 0xFF, 0xFF, 0x80, 0x03, 0xFF, 0xFF, 0xF0, 0x07, 0xFF,
    0xFF, 0xC0, 0x03, 0xFF, 0xFF, 0x80, 0x00, 0xFF, 0xFF, 0xC0, 0x07, 0xFF,
    0xFE, 0x00, 0x00, 0x7F, 0xFF, 0xE0, 0x07, 0xFF, 0xF8, 0x00, 0x00, 0x1F,
    0xFF, 0xE0, 0x0F, 0xFF, 0xF0, 0x00, 0x00, 0x0F, 0xFF, 0xF0, 0x0F, 0xFF,
    0xE0, 0x00, 0x00, 0x07, 0xFF, 0xF8, 0x1F, 0xFF, 0xE0, 0x00, 0x00, 0x03,
    0xFF, 0xF8, 0x1F, 0xFF, 0xC0, 0x00, 0x00, 0x03, 0xFF, 0xF8, 0x3F, 0xFF,
    0x80, 0x00, 0x00, 0x01, 0xFF, 0xFC, 0x3F, 0xFF, 0x80, 0x00, 0x00, 0x01,
    0xFF, 0xFC, 0x3F, 0xFF, 0x00, 0x00, 0x00, 0x00, 0xFF, 0xFC, 0x7F, 0xFF,
    0x00, 0x00, 0x00, 0x00, 0xFF, 0xFE, 0x7F, 0xFF, 0x00, 0x00, 0x00, 0x00,
    0xFF, 0xFE, 0x7F, 0xFE, 0x00, 0x00, 0x00, 0x00, 0x7F, 0xFE, 0x7F, 0xFE,
    0x00, 0x00, 0x00, 0x00, 0x7F, 0xFE, 0x7F, 0xFE, 0x00, 0x00, 0x00, 0x00,
    0x7F, 0xFE, 0xFF, 0xFE, 0x00, 0x00, 0x00, 0x00, 0x7F, 0xFF, 0xFF, 0xFC,
    0x00, 0x00, 0x00, 0x00, 0x3F, 0xFF, 0xFF, 0xFC, 0x00, 0x00, 0x00, 0x00,
    0x3F, 0xFF, 0xFF, 0xFC, 0x00, 0x00, 0x00, 0x00, 0x3F, 0xFF, 0xFF, 0xFC,
    0x00, 0x00, 0x00, 0x00, 0x3F, 0xFF, 0xFF, 0xFC, 0x00, 0x00, 0x00, 0x00,
    0x3F, 0xFF, 0xFF, 0xFC, 0x00, 0x00, 0x00, 0x00, 0x3F, 0xFF, 0xFF, 0xFC,
    0x00, 0x00, 0x00, 0x00, 0x3F, 0xFF, 0xFF, 0xFC, 0x00, 0x00, 0x00, 0x00,
    0x3F, 0xFF, 0xFF, 0xFC, 0x00, 0x00, 0x00, 0x00, 0x3F, 0xFF, 0xFF, 0xFC,
    0x00, 0x00, 0x00, 0x00, 0x3F, 0xFF, 0xFF, 0xFC, 0x00, 0x00, 0x00, 0x00,
    0x3F, 0xFF, 0xFF, 0xFC, 0x00, 0x00, 0x00, 0x00, 0x3F, 0xFF, 0xFF, 0xFC,
    0x00, 0x00, 0x00, 0x00, 0x3F, 0xFF, 0xFF, 0xFC, 0x00, 0x00, 0x00, 0x00,
    0x7F, 0xFF, 0xFF, 0xFE, 0x00, 0x00, 0x00, 0x00, 0x7F, 0xFE, 0x7F, 0xFE,
    0x00, 0x00, 0x01, 0x00, 0x7F, 0xFE, 0x7F, 0xFE, 0x00, 0x00, 0x03, 0x80,
    0x7F, 0xFE, 0x7F, 0xFE, 0x00, 0x00, 0x03, 0xC0, 0xFF, 0xFE, 0x7F, 0xFF,
    0x00, 0x00, 0x07, 0xE0, 0xFF, 0xFE, 0x7F, 0xFF, 0x00, 0x00, 0x0F, 0xF8,
    0xFF, 0xFC, 0x3F, 0xFF, 0x00, 0x00, 0x1F, 0xFD, 0xFF, 0xFC, 0x3F, 0xFF,
    0x80, 0x00, 0x3F, 0xFF, 0xFF, 0xFC, 0x3F, 0xFF, 0x80, 0x00, 0x7F, 0xFF,
    0xFF, 0xF8, 0x1F, 0xFF, 0xC0, 0x00, 0x7F, 0xFF, 0xFF, 0xF8, 0x1F, 0xFF,
    0xE0, 0x00, 0x1F, 0xFF, 0xFF, 0xF8, 0x1F, 0xFF, 0xE0, 0x00, 0x0F, 0xFF,
    0xFF, 0xF0, 0x0F, 0xFF, 0xF0, 0x00, 0x07, 0xFF, 0xFF, 0xF0, 0x0F, 0xFF,
    0xF8, 0x00, 0x03, 0xFF, 0xFF, 0xE0, 0x07, 0xFF, 0xFE, 0x00, 0x01, 0xFF,
    0xFF, 0xC0, 0x03, 0xFF, 0xFF, 0x80, 0x01, 0xFF, 0xFF, 0xC0, 0x03, 0xFF,
    0xFF, 0xF0, 0x0F, 0xFF, 0xFF, 0x80, 0x01, 0xFF, 0xFF, 0xFF, 0xFF, 0xFF,
    0xFF, 0x80, 0x00, 0xFF, 0xFF, 0xFF, 0xFF, 0xFF, 0xFF, 0xC0, 0x00, 0x7F,
    0xFF, 0xFF, 0xFF, 0xFF, 0xFF, 0xE0, 0x00, 0x3F, 0xFF, 0xFF, 0xFF, 0xFF,
    0xFF, 0xF0, 0x00, 0x1F, 0xFF, 0xFF, 0xFF, 0xFF, 0xFF, 0xF8, 0x00, 0x0F,
    0xFF, 0xFF, 0xFF, 0xFF, 0xFF, 0xFC, 0x00, 0x07, 0xFF, 0xFF, 0xFF, 0xFF,
    0xFF, 0xFE, 0x00, 0x01, 0xFF, 0xFF, 0xFF, 0xFF, 0x7F, 0xFF, 0x00, 0x00,
    0xFF, 0xFF, 0xFF, 0xFE, 0x3F, 0xFE, 0x00, 0x00, 0x1F, 0xFF, 0xFF, 0xF8,
    0x1F, 0xFC, 0x00, 0x00, 0x07, 0xFF, 0xFF, 0xC0, 0x0F, 0xF8, 0x00, 0x00,
    0x00, 0x7F, 0xFC, 0x00, 0x07, 0xF0, 0x00, 0x00, 0x00, 0x00, 0x00, 0x00,
    0x03, 0xE0, 0x00, 0x00, 0x00, 0x00, 0x00, 0x00, 0x01, 0xC0, 0x00, 0x00,
    0x00, 0x00, 0x00, 0x00, 0x00, 0x80, 0xFF, 0xFF, 0xFF, 0xFF, 0xFF, 0x00,
    0x00, 0x7F, 0xFF, 0xFF, 0xFF, 0xFF, 0xF8, 0x00, 0x3F, 0xFF, 0xFF, 0xFF,
    0xFF, 0xFF, 0x00, 0x1F, 0xFF, 0xFF, 0xFF, 0xFF, 0xFF, 0xE0, 0x0F, 0xFF,
    0xFF, 0xFF, 0xFF, 0xFF, 0xF8, 0x07, 0xFF, 0xFF, 0xFF, 0xFF, 0xFF, 0xFE,
    0x03, 0xFF, 0xFF, 0xFF, 0xFF, 0xFF, 0xFF, 0x81, 0xFF, 0xFF, 0xFF, 0xFF,
    0xFF, 0xFF, 0xE0, 0xFF, 0xFF, 0xFF, 0xFF, 0xFF, 0xFF, 0xF8, 0x7F, 0xFF,
    0xFF, 0xFF, 0xFF, 0xFF, 0xFC, 0x3F, 0xFF, 0xFF, 0xFF, 0xFF, 0xFF, 0xFF,
    0x1F, 0xFF, 0xFF, 0xFF, 0xFF, 0xFF, 0xFF, 0x8F, 0xFF, 0xC0, 0x00, 0x01,
    0xFF, 0xFF, 0xE7, 0xFF, 0xE0, 0x00, 0x00, 0x1F, 0xFF, 0xF3, 0xFF, 0xF0,
    0x00, 0x00, 0x07, 0xFF, 0xF9, 0xFF, 0xF8, 0x00, 0x00, 0x01, 0xFF, 0xFE,
    0xFF, 0xFC, 0x00, 0x00, 0x00, 0xFF, 0xFF, 0x7F, 0xFE, 0x00, 0x00, 0x00,
    0x3F, 0xFF, 0xBF, 0xFF, 0x00, 0x00, 0x00, 0x1F, 0xFF, 0xDF, 0xFF, 0x80,
    0x00, 0x00, 0x0F, 0xFF, 0xEF, 0xFF, 0xC0, 0x00, 0x00, 0x07, 0xFF, 0xF7,
    0xFF, 0xE0, 0x00, 0x00, 0x03, 0xFF, 0xFB, 0xFF, 0xF0, 0x00, 0x00, 0x01,
    0xFF, 0xFD, 0xFF, 0xF8, 0x00, 0x00, 0x00, 0xFF, 0xFC, 0xFF, 0xFC, 0x00,
    0x00, 0x00, 0x7F, 0xFE, 0x7F, 0xFE, 0x00, 0x00, 0x00, 0x3F, 0xFF, 0x3F,
    0xFF, 0x00, 0x00, 0x00, 0x3F, 0xFF, 0x9F, 0xFF, 0x80, 0x00, 0x00, 0x3F,
    0xFF, 0x8F, 0xFF, 0xC0, 0x00, 0x00, 0x3F, 0xFF, 0xC7, 0xFF, 0xE0, 0x00,
    0x00, 0xFF, 0xFF, 0xC3, 0xFF, 0xFF, 0xFF, 0xFF, 0xFF, 0xFF, 0xC1, 0xFF,
    0xFF, 0xFF, 0xFF, 0xFF, 0xFF, 0xE0, 0xFF, 0xFF, 0xFF, 0xFF, 0xFF, 0xFF,
    0xE0, 0x7F, 0xFF, 0xFF, 0xFF, 0xFF, 0xFF, 0xC0, 0x3F, 0xFF, 0xFF, 0xFF,
    0xFF, 0xFF, 0x80, 0x1F, 0xFF, 0xFF, 0xFF, 0xFF, 0xFF, 0x80, 0x0F, 0xFF,
    0xFF, 0xFF, 0xFF, 0xFF, 0xF0, 0x07, 0xFF, 0xFF, 0xFF, 0xFF, 0xFF, 0xFC,
    0x03, 0xFF, 0xFF, 0xFF, 0xFF, 0xFF, 0xFF, 0x01, 0xFF, 0xFF, 0xFF, 0xFF,
    0xFF, 0xFF, 0xC0, 0xFF, 0xFF, 0xFF, 0xFF, 0xFF, 0xFF, 0xF0, 0x7F, 0xFE,
    0x00, 0x00, 0x1F, 0xFF, 0xF8, 0x3F, 0xFF, 0x00, 0x00, 0x01, 0xFF, 0xFE,
    0x1F, 0xFF, 0x80, 0x00, 0x00, 0x7F, 0xFF, 0x0F, 0xFF, 0xC0, 0x00, 0x00,
    0x3F, 0xFF, 0x87, 0xFF, 0xE0, 0x00, 0x00, 0x0F, 0xFF, 0xE3, 0xFF, 0xF0,
    0x00, 0x00, 0x07, 0xFF, 0xF1, 0xFF, 0xF8, 0x00, 0x00, 0x03, 0xFF, 0xF8,
    0xFF, 0xFC, 0x00, 0x00, 0x00, 0xFF, 0xFC, 0x7F, 0xFE, 0x00, 0x00, 0x00,
    0x7F, 0xFE, 0x3F, 0xFF, 0x00, 0x00, 0x00, 0x3F, 0xFF, 0x1F, 0xFF, 0x80,
    0x00, 0x00, 0x1F, 0xFF, 0x8F, 0xFF, 0xC0, 0x00, 0x00, 0x0F, 0xFF, 0xC7,
    0xFF, 0xE0, 0x00, 0x00, 0x07, 0xFF, 0xE3, 0xFF, 0xF0, 0x00, 0x00, 0x03,
    0xFF, 0xF1, 0xFF, 0xF8, 0x00, 0x00, 0x01, 0xFF, 0xF8, 0xFF, 0xFC, 0x00,
    0x00, 0x00, 0xFF, 0xFC, 0x7F, 0xFE, 0x00, 0x00, 0x00, 0x7F, 0xFE, 0x3F,
    0xFF, 0x00, 0x00, 0x00, 0x3F, 0xFF, 0x1F, 0xFF, 0x80, 0x00, 0x00, 0x1F,
    0xFF, 0x8F, 0xFF, 0xC0, 0x00, 0x00, 0x0F, 0xFF, 0xC7, 0xFF, 0xE0, 0x00,
    0x00, 0x07, 0xFF, 0xE3, 0xFF, 0xF0, 0x00, 0x00, 0x03, 0xFF, 0xF1, 0xFF,
    0xF8, 0x00, 0x00, 0x00, 0xFF, 0xF8, 0xFF, 0xFC, 0x00, 0x00, 0x00, 0x7F,
    0xFE, 0x7F, 0xFE, 0x00, 0x00, 0x00, 0x3F, 0xFF, 0xBF, 0xFF, 0x00, 0x00,
    0x00, 0x1F, 0xFF, 0xFF, 0xFF, 0x80, 0x00, 0x00, 0x07, 0xFF, 0xF0, 0x00,
    0x00, 0x0F, 0xFF, 0x80, 0x00, 0x00, 0x00, 0x01, 0xFF, 0xFF, 0xF0, 0x00,
    0x00, 0x00, 0x1F, 0xFF, 0xFF, 0xFC, 0x00, 0x00, 0x00, 0xFF, 0xFF, 0xFF,
    0xFE, 0x00, 0x00, 0x07, 0xFF, 0xFF, 0xFF, 0xFE, 0x00, 0x00, 0x1F, 0xFF,
    0xFF, 0xFF, 0xFF, 0x00, 0x00, 0x7F, 0xFF, 0xFF, 0xFF, 0xFF, 0x00, 0x01,
    0xFF, 0xFF, 0xFF, 0xFF, 0xFF, 0x00, 0x07, 0xFF, 0xFF, 0xFF, 0xFF, 0xFF,
    0x00, 0x1F, 0xFF, 0xFF, 0xFF, 0xFF, 0xFF, 0x00, 0x3F, 0xFF, 0xFF, 0xFF,
    0xFF, 0xFF, 0x00, 0xFF, 0xFF, 0xFF, 0xFF, 0xFF, 0xFE, 0x01, 0xFF, 0xFF,
    0x80, 0x1F, 0xFF, 0xFE, 0x07, 0xFF, 0xFC, 0x00, 0x07, 0xFF, 0xFC, 0x0F,
    0xFF, 0xE0, 0x00, 0x07, 0xFF, 0xFC, 0x1F, 0xFF, 0x80, 0x00, 0x03, 0xFF,
    0xF8, 0x7F, 0xFE, 0x00, 0x00, 0x03, 0xFF, 0xF0, 0xFF, 0xFC, 0x00, 0x00,
    0x07, 0xFF, 0xF1, 0xFF, 0xF0, 0x00, 0x00, 0x07, 0xFF, 0xE3, 0xFF, 0xE0,
    0x00, 0x00, 0x0F, 0xFF, 0xC7, 0xFF, 0xC0, 0x00, 0x00, 0x1F, 0xFF, 0x8F,
    0xFF, 0x80, 0x00, 0x00, 0x3F, 0xFF, 0x1F, 0xFF, 0x00, 0x00, 0x00, 0x00,
    0x00, 0x3F, 0xFF, 0x00, 0x00, 0x00, 0x00, 0x00, 0x7F, 0xFE, 0x00, 0x00,
    0x00, 0x00, 0x00, 0xFF, 0xFF, 0x00, 0x00, 0x00, 0x00, 0x00, 0xFF, 0xFF,
    0x80, 0x00, 0x00, 0x00, 0x01, 0xFF, 0xFF, 0xE0, 0x00, 0x00, 0x00, 0x03,
    0xFF, 0xFF, 0xF8, 0x00, 0x00, 0x00, 0x03, 0xFF, 0xFF, 0xFF, 0x80, 0x00,
    0x00, 0x07, 0xFF, 0xFF, 0xFF, 0xF0, 0x00, 0x00, 0x07, 0xFF, 0xFF, 0xFF,
    0xFE, 0x00, 0x00, 0x0F, 0xFF, 0xFF, 0xFF, 0xFF, 0x80, 0x00, 0x0F, 0xFF,
    0xFF, 0xFF, 0xFF, 0xE0, 0x00, 0x0F, 0xFF, 0xFF, 0xFF, 0xFF, 0xF0, 0x00,
    0x0F, 0xFF, 0xFF, 0xFF, 0xFF, 0xF8, 0x00, 0x07, 0xFF, 0xFF, 0xFF, 0xFF,
    0xF8, 0x00, 0x03, 0xFF, 0xFF, 0xFF, 0xFF, 0xF8, 0x00, 0x01, 0xFF, 0xFF,
    0xFF, 0xFF, 0xF8, 0x00, 0x00, 0x7F, 0xFF, 0xFF, 0xFF, 0xF8, 0x00, 0x00,
    0x0F, 0xFF, 0xFF, 0xFF, 0xF8, 0x00, 0x00, 0x01, 0xFF, 0xFF, 0xFF, 0xF0,
    0x00, 0x00, 0x00, 0x1F, 0xFF, 0xFF, 0xF0, 0x00, 0x00, 0x00, 0x03, 0xFF,
    0xFF, 0xE0, 0x00, 0x00, 0x00, 0x00, 0xFF, 0xFF, 0xE0, 0x00, 0x00, 0x00,
    0x00, 0x7F, 0xFF, 0xC0, 0x00, 0x00, 0x00, 0x00, 0x3F, 0xFF, 0x80, 0x00,
    0x00, 0x00, 0x00, 0x3F, 0xFF, 0x00, 0x00, 0x00, 0x00, 0x00, 0x7F, 0xFF,
    0xFF, 0xF0, 0x00, 0x00, 0x00, 0x7F, 0xFF, 0xFF, 0xF0, 0x00, 0x00, 0x00,
    0xFF, 0xFF, 0xFF, 0xE0, 0x00, 0x00, 0x01, 0xFF, 0xFF, 0xFF, 0xC0, 0x00,
    0x00, 0x03, 0xFF, 0xFF, 0xFF, 0x80, 0x00, 0x00, 0x0F, 0xFF, 0xFF, 0xFF,
    0x80, 0x00, 0x00, 0x1F, 0xFF, 0xBF, 0xFF, 0x80, 0x00, 0x00, 0x7F, 0xFF,
    0x7F, 0xFF, 0x00, 0x00, 0x00, 0xFF, 0xFC, 0xFF, 0xFF, 0x80, 0x00, 0x07,
    0xFF, 0xF8, 0xFF, 0xFF, 0x80, 0x00, 0x1F, 0xFF, 0xF1, 0xFF, 0xFF, 0xF0,
    0x03, 0xFF, 0xFF, 0xC1, 0xFF, 0xFF, 0xFF, 0xFF, 0xFF, 0xFF, 0x81, 0xFF,
    0xFF, 0xFF, 0xFF, 0xFF, 0xFE, 0x03, 0xFF, 0xFF, 0xFF, 0xFF, 0xFF, 0xF8,
    0x03, 0xFF, 0xFF, 0xFF, 0xFF, 0xFF, 0xF0, 0x03, 0xFF, 0xFF, 0xFF, 0xFF,
    0xFF, 0xC0, 0x03, 0xFF, 0xFF, 0xFF, 0xFF, 0xFF, 0x00, 0x03, 0xFF, 0xFF,
    0xFF, 0xFF, 0xF8, 0x00, 0x01, 0xFF, 0xFF, 0xFF, 0xFF, 0xE0, 0x00, 0x00,
    0xFF, 0xFF, 0xFF, 0xFF, 0x00, 0x00, 0x00, 0x7F, 0xFF, 0xFF, 0xF8, 0x00,
    0x00, 0x00, 0x1F, 0xFF, 0xFF, 0x80, 0x00, 0x00, 0x00, 0x03, 0xFF, 0xF0,
    0x00, 0x00, 0xFF, 0xFF, 0xFF, 0xFF, 0xFF, 0xFF, 0xFF, 0xFF, 0xFF, 0xFF,
    0xFF, 0xFF, 0xFF, 0xFF, 0xFF, 0xFF, 0xFF, 0xFF, 0xFF, 0xFF, 0xFF, 0xFF,
    0xFF, 0xFF, 0xFF, 0xFF, 0xFF, 0xFF, 0xFF, 0xFF, 0xFF, 0xFF, 0xFF, 0xFF,
    0xFF, 0xFF, 0xFF, 0xFF, 0xFF, 0xFF, 0xFF, 0xFF, 0xFF, 0xFF, 0xFF, 0xFF,
    0xFF, 0xFF, 0xFF, 0xFF, 0xFF, 0xFF, 0xFF, 0xFF, 0xFF, 0xFF, 0xFF, 0xFF,
    0xFF, 0xFF, 0xFF, 0xFF, 0xFF, 0xFF, 0xFF, 0xFF, 0xFF, 0xFF, 0xFF, 0xFF,
    0xFF, 0xFF, 0xFF, 0xFF, 0xFF, 0xFF, 0xFF, 0xFF, 0xFF, 0xFF, 0xFF, 0x00,
    0x00, 0x0F, 0xFF, 0xC0, 0x00, 0x00, 0x00, 0x00, 0x3F, 0xFF, 0x00, 0x00,
    0x00, 0x00, 0x00, 0xFF, 0xFC, 0x00, 0x00, 0x00, 0x00, 0x03, 0xFF, 0xF0,
    0x00, 0x00, 0x00, 0x00, 0x0F, 0xFF, 0xC0, 0x00, 0x00, 0x00, 0x00, 0x3F,
    0xFF, 0x00, 0x00, 0x00, 0x00, 0x00, 0xFF, 0xFC, 0x00, 0x00, 0x00, 0x00,
    0x03, 0xFF, 0xF0, 0x00, 0x00, 0x00, 0x00, 0x0F, 0xFF, 0xC0, 0x00, 0x00,
    0x00, 0x00, 0x3F, 0xFF, 0x00, 0x00, 0x00, 0x00, 0x00, 0xFF, 0xFC, 0x00,
    0x00, 0x00, 0x00, 0x03, 0xFF, 0xF0, 0x00, 0x00, 0x00, 0x00, 0x0F, 0xFF,
    0xC0, 0x00, 0x00, 0x00, 0x00, 0x3F, 0xFF, 0x00, 0x00, 0x00, 0x00, 0x00,
    0xFF, 0xFC, 0x00, 0x00, 0x00, 0x00, 0x03, 0xFF, 0xF0, 0x00, 0x00, 0x00,
    0x00, 0x0F, 0xFF, 0xC0, 0x00, 0x00, 0x00, 0x00, 0x3F, 0xFF, 0x00, 0x00,
    0x00, 0x00, 0x00, 0xFF, 0xFC, 0x00, 0x00, 0x00, 0x00, 0x03, 0xFF, 0xF0,
    0x00, 0x00, 0x00, 0x00, 0x0F, 0xFF, 0xC0, 0x00, 0x00, 0x00, 0x00, 0x3F,
    0xFF, 0x00, 0x00, 0x00, 0x00, 0x00, 0xFF, 0xFC, 0x00, 0x00, 0x00, 0x00,
    0x03, 0xFF, 0xF0, 0x00, 0x00, 0x00, 0x00, 0x0F, 0xFF, 0xC0, 0x00, 0x00,
    0x00, 0x00, 0x3F, 0xFF, 0x00, 0x00, 0x00, 0x00, 0x00, 0xFF, 0xFC, 0x00,
    0x00, 0x00, 0x00, 0x03, 0xFF, 0xF0, 0x00, 0x00, 0x00, 0x00, 0x0F, 0xFF,
    0xC0, 0x00, 0x00, 0x00, 0x00, 0x3F, 0xFF, 0x00, 0x00, 0x00, 0x00, 0x00,
    0xFF, 0xFC, 0x00, 0x00, 0x00, 0x00, 0x03, 0xFF, 0xF0, 0x00, 0x00, 0x00,
    0x00, 0x0F, 0xFF, 0xC0, 0x00, 0x00, 0x00, 0x00, 0x3F, 0xFF, 0x00, 0x00,
    0x00, 0x00, 0x00, 0xFF, 0xFC, 0x00, 0x00, 0x00, 0x00, 0x03, 0xFF, 0xF0,
    0x00, 0x00, 0x00, 0x00, 0x0F, 0xFF, 0xC0, 0x00, 0x00, 0x00, 0x00, 0x3F,
    0xFF, 0x00, 0x00, 0x00, 0x00, 0x00, 0xFF, 0xFC, 0x00, 0x00, 0x00, 0x00,
    0x03, 0xFF, 0xF0, 0x00, 0x00, 0x00, 0x00, 0x0F, 0xFF, 0xC0, 0x00, 0x00,
    0x00, 0x00, 0x3F, 0xFF, 0x00, 0x00, 0x00, 0x00, 0x00, 0xFF, 0xFC, 0x00,
    0x00, 0x00, 0x00, 0x03, 0xFF, 0xF0, 0x00, 0x00, 0x00, 0x00, 0x0F, 0xFF,
    0xC0, 0x00, 0x00, 0x00, 0x00, 0x3F, 0xFF, 0x00, 0x00, 0x00, 0x00, 0x00,
    0xFF, 0xFC, 0x00, 0x00, 0x00, 0x00, 0x03, 0xFF, 0xF0, 0x00, 0x00, 0x00,
    0x00, 0x0F, 0xFF, 0xC0, 0x00, 0x00, 0x00, 0x00, 0x3F, 0xFF, 0x00, 0x00,
    0x00, 0x00, 0x00, 0xFF, 0xFC, 0x00, 0x00, 0x00, 0x00, 0x03, 0xFF, 0xF0,
    0x00, 0x00, 0x00, 0x00, 0x0F, 0xFF, 0xC0, 0x00, 0x00, 0x00, 0x00, 0x3F,
    0xFF, 0x00, 0x00, 0x00, 0x00, 0x00, 0xFF, 0xFC, 0x00, 0x00, 0x00, 0x00,
    0x03, 0xFF, 0xF0, 0x00, 0x00, 0xFF, 0xFC, 0x00, 0x00, 0x00, 0x7F, 0xFF,
    0xFF, 0xF8, 0x00, 0x00, 0x00, 0xFF, 0xFF, 0xFF, 0xF0, 0x00, 0x00, 0x01,
    0xFF, 0xFF, 0xFF, 0xE0, 0x00, 0x00, 0x03, 0xFF, 0xFF, 0xFF, 0xC0, 0x00,
    0x00, 0x07, 0xFF, 0xFF, 0xFF, 0x80, 0x00, 0x00, 0x0F, 0xFF, 0xFF, 0xFF,
    0x00, 0x00, 0x00, 0x1F, 0xFF, 0xFF, 0xFE, 0x00, 0x00, 0x00, 0x3F, 0xFF,
    0xFF, 0xFC, 0x00, 0x00, 0x00, 0x7F, 0xFF, 0xFF, 0xF8, 0x00, 0x00, 0x00,
    0xFF, 0xFF, 0xFF, 0xF0, 0x00, 0x00, 0x01, 0xFF, 0xFF, 0xFF, 0xE0, 0x00,
    0x00, 0x03, 0xFF, 0xFF, 0xFF, 0xC0, 0x00, 0x00, 0x07, 0xFF, 0xFF, 0xFF,
    0x80, 0x00, 0x00, 0x0F, 0xFF, 0xFF, 0xFF, 0x00, 0x00, 0x00, 0x1F, 0xFF,
    0xFF, 0xFE, 0x00, 0x00, 0x00, 0x3F, 0xFF, 0xFF, 0xFC, 0x00, 0x00, 0x00,
    0x7F, 0xFF, 0xFF, 0xF8, 0x00, 0x00, 0x00, 0xFF, 0xFF, 0xFF, 0xF0, 0x00,
    0x00, 0x01, 0xFF, 0xFF, 0xFF, 0xE0, 0x00, 0x00, 0x03, 0xFF, 0xFF, 0xFF,
    0xC0, 0x00, 0x00, 0x07, 0xFF, 0xFF, 0xFF, 0x80, 0x00, 0x00, 0x0F, 0xFF,
    0xFF, 0xFF, 0x00, 0x00, 0x00, 0x1F, 0xFF, 0xFF, 0xFE, 0x00, 0x00, 0x00,
    0x3F, 0xFF, 0xFF, 0xFC, 0x00, 0x00, 0x00, 0x7F, 0xFF, 0xFF, 0xF8, 0x00,
    0x00, 0x00, 0xFF, 0xFF, 0xFF, 0xF0, 0x00, 0x00, 0x01, 0xFF, 0xFF, 0xFF,
    0xE0, 0x00, 0x00, 0x03, 0xFF, 0xFF, 0xFF, 0xC0, 0x00, 0x00, 0x07, 0xFF,
    0xFF, 0xFF, 0x80, 0x00, 0x00, 0x0F, 0xFF, 0xFF, 0xFF, 0x00, 0x00, 0x00,
    0x1F, 0xFF, 0xFF, 0xFE, 0x00, 0x00, 0x00, 0x3F, 0xFF, 0xFF, 0xFC, 0x00,
    0x00, 0x00, 0x7F, 0xFF, 0xFF, 0xF8, 0x00, 0x00, 0x00, 0xFF, 0xFF, 0xFF,
    0xF0, 0x00, 0x00, 0x01, 0xFF, 0xFF, 0xFF, 0xE0, 0x00, 0x00, 0x03, 0xFF,
    0xFF, 0xFF, 0xC0, 0x00, 0x00, 0x07, 0xFF, 0xFF, 0xFF, 0x80, 0x00, 0x00,
    0x0F, 0xFF, 0xFF, 0xFF, 0x00, 0x00, 0x00, 0x1F, 0xFF, 0xFF, 0xFE, 0x00,
    0x00, 0x00, 0x3F, 0xFF, 0xFF, 0xFC, 0x00, 0x00, 0x00, 0x7F, 0xFF, 0xFF,
    0xF8, 0x00, 0x00, 0x00, 0xFF, 0xFF, 0xFF, 0xF0, 0x00, 0x00, 0x01, 0xFF,
    0xFF, 0xFF, 0xE0, 0x00, 0x00, 0x03, 0xFF, 0xFF, 0xFF, 0xC0, 0x00, 0x00,
    0x07, 0xFF, 0xFF, 0xFF, 0x80, 0x00, 0x00, 0x0F, 0xFF, 0xFF, 0xFF, 0x00,
    0x00, 0x00, 0x1F, 0xFF, 0xFF, 0xFE, 0x00, 0x00, 0x00, 0x3F, 0xFF, 0xFF,
    0xFC, 0x00, 0x00, 0x00, 0xFF, 0xFF, 0xFF, 0xFC, 0x00, 0x00, 0x01, 0xFF,
    0xF9, 0xFF, 0xF8, 0x00, 0x00, 0x03, 0xFF, 0xF3, 0xFF, 0xF0, 0x00, 0x00,
    0x07, 0xFF, 0xE7, 0xFF, 0xF0, 0x00, 0x00, 0x1F, 0xFF, 0xCF, 0xFF, 0xE0,
    0x00, 0x00, 0x3F, 0xFF, 0x8F, 0xFF, 0xE0, 0x00, 0x00, 0xFF, 0xFE, 0x1F,
    0xFF, 0xE0, 0x00, 0x03, 0xFF, 0xFC, 0x3F, 0xFF, 0xF0, 0x00, 0x1F, 0xFF,
    0xF8, 0x3F, 0xFF, 0xFC, 0x01, 0xFF, 0xFF, 0xE0, 0x7F, 0xFF, 0xFF, 0xFF,
    0xFF, 0xFF, 0xC0, 0x7F, 0xFF, 0xFF, 0xFF, 0xFF, 0xFF, 0x00, 0xFF, 0xFF,
    0xFF, 0xFF, 0xFF, 0xFE, 0x00, 0xFF, 0xFF, 0xFF, 0xFF, 0xFF, 0xF8, 0x00,
    0xFF, 0xFF, 0xFF, 0xFF, 0xFF, 0xE0, 0x00, 0xFF, 0xFF, 0xFF, 0xFF, 0xFF,
    0x80, 0x00, 0xFF, 0xFF, 0xFF, 0xFF, 0xFE, 0x00, 0x00, 0xFF, 0xFF, 0xFF,
    0xFF, 0xF0, 0x00, 0x00, 0x7F, 0xFF, 0xFF, 0xFF, 0xC0, 0x00, 0x00, 0x3F,
    0xFF, 0xFF, 0xFE, 0x00, 0x00, 0x00, 0x0F, 0xFF, 0xFF, 0xE0, 0x00, 0x00,
    0x00, 0x01, 0xFF, 0xF8, 0x00, 0x00, 0x00, 0xFF, 0xFE, 0x00, 0x00, 0x00,
    0x07, 0xFF, 0xEF, 0xFF, 0xE0, 0x00, 0x00, 0x01, 0xFF, 0xFD, 0xFF, 0xFC,
    0x00, 0x00, 0x00, 0x3F, 0xFF, 0xBF, 0xFF, 0x80, 0x00, 0x00, 0x07, 0xFF,
    0xE3, 0xFF, 0xF8, 0x00, 0x00, 0x01, 0xFF, 0xFC, 0x7F, 0xFF, 0x00, 0x00,
    0x00, 0x3F, 0xFF, 0x8F, 0xFF, 0xE0, 0x00, 0x00, 0x07, 0xFF, 0xE0, 0xFF,
    0xFC, 0x00, 0x00, 0x00, 0xFF, 0xFC, 0x1F, 0xFF, 0xC0, 0x00, 0x00, 0x3F,
    0xFF, 0x83, 0xFF, 0xF8, 0x00, 0x00, 0x07, 0xFF, 0xE0, 0x3F, 0xFF, 0x00,
    0x00, 0x00, 0xFF, 0xFC, 0x07, 0xFF, 0xF0, 0x00, 0x00, 0x3F, 0xFF, 0x80,
    0xFF, 0xFE, 0x00, 0x00, 0x07, 0xFF, 0xE0, 0x0F, 0xFF, 0xC0, 0x00, 0x00,
    0xFF, 0xFC, 0x01, 0xFF, 0xF8, 0x00, 0x00, 0x1F, 0xFF, 0x80, 0x3F, 0xFF,
    0x80, 0x00, 0x07, 0xFF, 0xE0, 0x03, 0xFF, 0xF0, 0x00, 0x00, 0xFF, 0xFC,
    0x00, 0x7F, 0xFE, 0x00, 0x00, 0x1F, 0xFF, 0x80, 0x0F, 0xFF, 0xE0, 0x00,
    0x07, 0xFF, 0xE0, 0x00, 0xFF, 0xFC, 0x00, 0x00, 0xFF, 0xFC, 0x00, 0x1F,
    0xFF, 0x80, 0x00, 0x1F, 0xFF, 0x80, 0x03, 0xFF, 0xF0, 0x00, 0x03, 0xFF,
    0xE0, 0x00, 0x3F, 0xFF, 0x00, 0x00, 0xFF, 0xFC, 0x00, 0x07, 0xFF, 0xE0,
    0x00, 0x1F, 0xFF, 0x00, 0x00, 0xFF, 0xFC, 0x00, 0x03, 0xFF, 0xE0, 0x00,
    0x0F, 0xFF, 0xC0, 0x00, 0xFF, 0xFC, 0x00, 0x01, 0xFF, 0xF8, 0x00, 0x1F,
    0xFF, 0x00, 0x00, 0x3F, 0xFF, 0x00, 0x03, 0xFF, 0xE0, 0x00, 0x03, 0xFF,
    0xE0, 0x00, 0x7F, 0xFC, 0x00, 0x00, 0x7F, 0xFE, 0x00, 0x1F, 0xFF, 0x00,
    0x00, 0x0F, 0xFF, 0xC0, 0x03, 0xFF, 0xE0, 0x00, 0x00, 0xFF, 0xF8, 0x00,
    0x7F, 0xFC, 0x00, 0x00, 0x1F, 0xFF, 0x80, 0x1F, 0xFF, 0x00, 0x00, 0x03,
    0xFF, 0xF0, 0x03, 0xFF, 0xE0, 0x00, 0x00, 0x3F, 0xFE, 0x00, 0x7F, 0xFC,
    0x00, 0x00, 0x07, 0xFF, 0xC0, 0x0F, 0xFF, 0x00, 0x00, 0x00, 0xFF, 0xFC,
    0x03, 0xFF, 0xE0, 0x00, 0x00, 0x0F, 0xFF, 0x80, 0x7F, 0xFC, 0x00, 0x00,
    0x01, 0xFF, 0xF0, 0x0F, 0xFF, 0x00, 0x00, 0x00, 0x3F, 0xFF, 0x03, 0xFF,
    0xE0, 0x00, 0x00, 0x03, 0xFF, 0xE0, 0x7F, 0xFC, 0x00, 0x00, 0x00, 0x7F,
    0xFC, 0x0F, 0xFF, 0x00, 0x00, 0x00, 0x0F, 0xFF, 0x81, 0xFF, 0xE0, 0x00,
    0x00, 0x00, 0xFF, 0xF8, 0x7F, 0xFC, 0x00, 0x00, 0x00, 0x1F, 0xFF, 0x0F,
    0xFF, 0x00, 0x00, 0x00, 0x03, 0xFF, 0xE1, 0xFF, 0xE0, 0x00, 0x00, 0x00,
    0x3F, 0xFC, 0x7F, 0xFC, 0x00, 0x00, 0x00, 0x07, 0xFF, 0xCF, 0xFF, 0x00,
    0x00, 0x00, 0x00, 0xFF, 0xF9, 0xFF, 0xE0, 0x00, 0x00, 0x00, 0x0F, 0xFF,
    0x3F, 0xFC, 0x00, 0x00, 0x00, 0x01, 0xFF, 0xFF, 0xFF, 0x00, 0x00, 0x00,
    0x00, 0x3F, 0xFF, 0xFF, 0xE0, 0x00, 0x00, 0x00, 0x03, 0xFF, 0xFF, 0xFC,
    0x00, 0x00, 0x00, 0x00, 0x7F, 0xFF, 0xFF, 0x00, 0x00, 0x00, 0x00, 0x0F,
    0xFF, 0xFF, 0xE0, 0x00, 0x00, 0x00, 0x00, 0xFF, 0xFF, 0xFC, 0x00, 0x00,
    0x00, 0x00, 0x1F, 0xFF, 0xFF, 0x00, 0x00, 0x00, 0x00, 0x03, 0xFF, 0xFF,
    0xE0, 0x00, 0x00, 0x00, 0x00, 0x3F, 0xFF, 0xFC, 0x00, 0x00, 0x00, 0x00,
    0x07, 0xFF, 0xFF, 0x00, 0x00, 0x00, 0x00, 0x00, 0xFF, 0xFF, 0xE0, 0x00,
    0x00, 0x00, 0x00, 0x0F, 0xFF, 0xFC, 0x00, 0x00, 0x00, 0x00, 0x01, 0xFF,
    0xFF, 0x00, 0x00, 0x00, 0x00, 0x00, 0x3F, 0xFF, 0xE0, 0x00, 0x00, 0x00,
    0x00, 0x03, 0xFF, 0xFC, 0x00, 0x00, 0x00, 0x00, 0x00, 0x7F, 0xFF, 0x00,
    0x00, 0x00, 0x00, 0x00, 0x07, 0xFF, 0xE0, 0x00, 0x00, 0x00, 0x00, 0x00,
    0xFF, 0xFC, 0x00, 0x00, 0x00, 0xFF, 0xFF, 0x00, 0x00, 0x0F, 0xFF, 0xE0,
    0x00, 0x00, 0xFF, 0xFD, 0xFF, 0xFC, 0x00, 0x00, 0x3F, 0xFF, 0x80, 0x00,
    0x03, 0xFF, 0xF7, 0xFF, 0xF0, 0x00, 0x01, 0xFF, 0xFE, 0x00, 0x00, 0x1F,
    0xFF, 0xDF, 0xFF, 0xC0, 0x00, 0x07, 0xFF, 0xFC, 0x00, 0x00, 0x7F, 0xFE,
    0x3F, 0xFF, 0x00, 0x00, 0x1F, 0xFF, 0xF0, 0x00, 0x01, 0xFF, 0xF8, 0xFF,
    0xFE, 0x00, 0x00, 0x7F, 0xFF, 0xC0, 0x00, 0x07, 0xFF, 0xE3, 0xFF, 0xF8,
    0x00, 0x01, 0xFF, 0xFF, 0x00, 0x00, 0x3F, 0xFF, 0x8F, 0xFF, 0xE0, 0x00,
    0x0F, 0xFF, 0xFC, 0x00, 0x00, 0xFF, 0xFC, 0x1F, 0xFF, 0x80, 0x00, 0x3F,
    0xFF, 0xF8, 0x00, 0x03, 0xFF, 0xF0, 0x7F, 0xFF, 0x00, 0x00, 0xFF, 0xFF,
    0xE0, 0x00, 0x0F, 0xFF, 0xC1, 0xFF, 0xFC, 0x00, 0x03, 0xFF, 0xFF, 0x80,
    0x00, 0x3F, 0xFE, 0x03, 0xFF, 0xF0, 0x00, 0x0F, 0xFF, 0xFE, 0x00, 0x01,
    0xFF, 0xF8, 0x0F, 0xFF, 0xC0, 0x00, 0x7F, 0xFF, 0xF8, 0x00, 0x07, 0xFF,
    0xE0, 0x3F, 0xFF, 0x00, 0x01, 0xFF, 0xFF, 0xF0, 0x00, 0x1F, 0xFF, 0x80,
    0xFF, 0xFE, 0x00, 0x07, 0xFF, 0xFF, 0xC0, 0x00, 0x7F, 0xFC, 0x01, 0xFF,
    0xF8, 0x00, 0x1F, 0xFF, 0xFF, 0x00, 0x03, 0xFF, 0xF0, 0x07, 0xFF, 0xE0,
    0x00, 0x7F, 0xEF, 0xFC, 0x00, 0x0F, 0xFF, 0xC0, 0x1F, 0xFF, 0x80, 0x03,
    0xFF, 0xBF, 0xF0, 0x00, 0x3F, 0xFE, 0x00, 0x3F, 0xFF, 0x00, 0x0F, 0xFE,
    0xFF, 0xE0, 0x00, 0xFF, 0xF8, 0x00, 0xFF, 0xFC, 0x00, 0x3F, 0xF3, 0xFF,
    0x80, 0x07, 0xFF, 0xE0, 0x03, 0xFF, 0xF0, 0x00, 0xFF, 0xCF, 0xFE, 0x00,
    0x1F, 0xFF, 0x80, 0x0F, 0xFF, 0xC0, 0x03, 0xFF, 0x3F, 0xF8, 0x00, 0x7F,
    0xFC, 0x00, 0x1F, 0xFF, 0x80, 0x1F, 0xFC, 0x7F, 0xE0, 0x01, 0xFF, 0xF0,
    0x00, 0x7F, 0xFE, 0x00, 0x7F, 0xF1, 0xFF, 0xC0, 0x07, 0xFF, 0xC0, 0x01,
    0xFF, 0xF8, 0x01, 0xFF, 0xC7, 0xFF, 0x00, 0x3F, 0xFE, 0x00, 0x03, 0xFF,
    0xE0, 0x07, 0xFE, 0x1F, 0xFC, 0x00, 0xFF, 0xF8, 0x00, 0x0F, 0xFF, 0x80,
    0x1F, 0xF8, 0x7F, 0xF0, 0x03, 0xFF, 0xE0, 0x00, 0x3F, 0xFF, 0x00, 0xFF,
    0xE1, 0xFF, 0xC0, 0x0F, 0xFF, 0x80, 0x00, 0xFF, 0xFC, 0x03, 0xFF, 0x83,
    0xFF, 0x80, 0x7F, 0xFC, 0x00, 0x01, 0xFF, 0xF0, 0x0F, 0xFE, 0x0F, 0xFE,
    0x01, 0xFF, 0xF0, 0x00, 0x07, 0xFF, 0xC0, 0x3F, 0xF0, 0x3F, 0xF8, 0x07,
    0xFF, 0xC0, 0x00, 0x1F, 0xFF, 0x80, 0xFF, 0xC0, 0xFF, 0xE0, 0x1F, 0xFF,
    0x00, 0x00, 0x3F, 0xFE, 0x03, 0xFF, 0x01, 0xFF, 0x80, 0x7F, 0xF8, 0x00,
    0x00, 0xFF, 0xF8, 0x1F, 0xFC, 0x07, 0xFF, 0x03, 0xFF, 0xE0, 0x00, 0x03,
    0xFF, 0xE0, 0x7F, 0xF0, 0x1F, 0xFC, 0x0F, 0xFF, 0x80, 0x00, 0x0F, 0xFF,
    0xC1, 0xFF, 0x80, 0x7F, 0xF0, 0x3F, 0xFC, 0x00, 0x00, 0x1F, 0xFF, 0x07,
    0xFE, 0x01, 0xFF, 0xC0, 0xFF, 0xF0, 0x00, 0x00, 0x7F, 0xFC, 0x1F, 0xF8,
    0x03, 0xFF, 0x87, 0xFF, 0xC0, 0x00, 0x01, 0xFF, 0xF0, 0xFF, 0xE0, 0x0F,
    0xFE, 0x1F, 0xFF, 0x00, 0x00, 0x03, 0xFF, 0xC3, 0xFF, 0x80, 0x3F, 0xF8,
    0x7F, 0xF8, 0x00, 0x00, 0x0F, 0xFF, 0x8F, 0xFC, 0x00, 0xFF, 0xE1, 0xFF,
    0xE0, 0x00, 0x00, 0x3F, 0xFE, 0x3F, 0xF0, 0x03, 0xFF, 0x87, 0xFF, 0x80,
    0x00, 0x00, 0xFF, 0xF8, 0xFF, 0xC0, 0x07, 0xFE, 0x3F, 0xFC, 0x00, 0x00,
    0x01, 0xFF, 0xE7, 0xFF, 0x00, 0x1F, 0xFC, 0xFF, 0xF0, 0x00, 0x00, 0x07,
    0xFF, 0x9F, 0xFC, 0x00, 0x7F, 0xF3, 0xFF, 0xC0, 0x00, 0x00, 0x1F, 0xFF,
    0x7F, 0xE0, 0x01, 0xFF, 0xCF, 0xFF, 0x00, 0x00, 0x00, 0x7F, 0xFD, 0xFF,
    0x80, 0x07, 0xFF, 0x3F, 0xF8, 0x00, 0x00, 0x00, 0xFF, 0xF7, 0xFE, 0x00,
    0x0F, 0xFD, 0xFF, 0xE0, 0x00, 0x00, 0x03, 0xFF, 0xFF, 0xF8, 0x00, 0x3F,
    0xFF, 0xFF, 0x80, 0x00, 0x00, 0x0F, 0xFF, 0xFF, 0xE0, 0x00, 0xFF, 0xFF,
    0xFC, 0x00, 0x00, 0x00, 0x1F, 0xFF, 0xFF, 0x00, 0x03, 0xFF, 0xFF, 0xF0,
    0x00, 0x00, 0x00, 0x7F, 0xFF, 0xFC, 0x00, 0x0F, 0xFF, 0xFF, 0xC0, 0x00,
    0x00, 0x01, 0xFF, 0xFF, 0xF0, 0x00, 0x1F, 0xFF, 0xFF, 0x00, 0x00, 0x00,
    0x07, 0xFF, 0xFF, 0xC0, 0x00, 0x7F, 0xFF, 0xF8, 0x00, 0x00, 0x00, 0x0F,
    0xFF, 0xFE, 0x00, 0x01, 0xFF, 0xFF, 0xE0, 0x00, 0x00, 0x00, 0x3F, 0xFF,
    0xF8, 0x00, 0x07, 0xFF, 0xFF, 0x80, 0x00, 0x00, 0x00, 0xFF, 0xFF, 0xE0,
    0x00, 0x1F, 0xFF, 0xFE, 0x00, 0x00, 0x00, 0x01, 0xFF, 0xFF, 0x80, 0x00,
    0x3F, 0xFF, 0xF0, 0x00, 0x00, 0x00, 0x07, 0xFF, 0xFE, 0x00, 0x00, 0xFF,
    0xFF, 0xC0, 0x00, 0x00, 0x00, 0x1F, 0xFF, 0xF0, 0x00, 0x03, 0xFF, 0xFF,
    0x00, 0x00, 0x00, 0x00, 0x7F, 0xFF, 0xC0, 0x00, 0x0F, 0xFF, 0xF8, 0x00,
    0x00, 0x00, 0x00, 0xFF, 0xFF, 0x00, 0x00, 0x3F, 0xFF, 0xE0, 0x00, 0x00,
    0x00, 0x03, 0xFF, 0xFC, 0x00, 0x00, 0x7F, 0xFF, 0x80, 0x00, 0x00, 0x00,
    0x0F, 0xFF, 0xF0, 0x00, 0x01, 0xFF, 0xFE, 0x00, 0x00, 0x00, 0x00, 0x1F,
    0xFF, 0x80, 0x00, 0x07, 0xFF, 0xF0, 0x00, 0x00, 0x00, 0x00, 0x7F, 0xFE,
    0x00, 0x00, 0x1F, 0xFF, 0xC0, 0x00, 0x00, 0x00, 0x01, 0xFF, 0xF8, 0x00,
    0x00, 0x7F, 0xFF, 0x00, 0x00, 0x00, 0x00, 0x07, 0xFF, 0xE0, 0x00, 0x00,
    0xFF, 0xF8, 0x00, 0x00, 0x7F, 0xFF, 0xC0, 0x00, 0x00, 0x3F, 0xFF, 0xC7,
    0xFF, 0xFC, 0x00, 0x00, 0x07, 0xFF, 0xF8, 0x3F, 0xFF, 0xE0, 0x00, 0x00,
    0xFF, 0xFF, 0x81, 0xFF, 0xFE, 0x00, 0x00, 0x0F, 0xFF, 0xF0, 0x1F, 0xFF,
    0xF0, 0x00, 0x01, 0xFF, 0xFE, 0x00, 0xFF, 0xFF, 0x00, 0x00, 0x1F, 0xFF,
    0xE0, 0x07, 0xFF, 0xF8, 0x00, 0x03, 0xFF, 0xFC, 0x00, 0x7F, 0xFF, 0xC0,
    0x00, 0x3F, 0xFF, 0xC0, 0x03, 0xFF, 0xFC, 0x00, 0x07, 0xFF, 0xF8, 0x00,
    0x3F, 0xFF, 0xE0, 0x00, 0x7F, 0xFF, 0x00, 0x01, 0xFF, 0xFE, 0x00, 0x0F,
    0xFF, 0xF0, 0x00, 0x0F, 0xFF, 0xF0, 0x01, 0xFF, 0xFE, 0x00, 0x00, 0xFF,
    0xFF, 0x00, 0x1F, 0xFF, 0xC0, 0x00, 0x07, 0xFF, 0xF8, 0x03, 0xFF, 0xFC,
    0x00, 0x00, 0x3F, 0xFF, 0x80, 0x3F, 0xFF, 0x80, 0x00, 0x03, 0xFF, 0xFC,
    0x07, 0xFF, 0xF0, 0x00, 0x00, 0x1F, 0xFF, 0xC0, 0x7F, 0xFF, 0x00, 0x00,
    0x01, 0xFF, 0xFE, 0x0F, 0xFF, 0xE0, 0x00, 0x00, 0x0F, 0xFF, 0xF0, 0xFF,
    0xFE, 0x00, 0x00, 0x00, 0x7F, 0xFF, 0x1F, 0xFF, 0xC0, 0x00, 0x00, 0x07,
    0xFF, 0xFB, 0xFF, 0xF8, 0x00, 0x00, 0x00, 0x3F, 0xFF, 0xBF, 0xFF, 0x80,
    0x00, 0x00, 0x01, 0xFF, 0xFF, 0xFF, 0xF0, 0x00, 0x00, 0x00, 0x1F, 0xFF,
    0xFF, 0xFE, 0x00, 0x00, 0x00, 0x00, 0xFF, 0xFF, 0xFF, 0xE0, 0x00, 0x00,
    0x00, 0x0F, 0xFF, 0xFF, 0xFC, 0x00, 0x00, 0x00, 0x00, 0x7F, 0xFF, 0xFF,
    0xC0, 0x00, 0x00, 0x00, 0x03, 0xFF, 0xFF, 0xF8, 0x00, 0x00, 0x00, 0x00,
    0x3F, 0xFF, 0xFF, 0x00, 0x00, 0x00, 0x00, 0x01, 0xFF, 0xFF, 0xF0, 0x00,
    0x00, 0x00, 0x00, 0x1F, 0xFF, 0xFE, 0x00, 0x00, 0x00, 0x00, 0x00, 0xFF,
    0xFF, 0xC0, 0x00, 0x00, 0x00, 0x00, 0x07, 0xFF, 0xFC, 0x00, 0x00, 0x00,
    0x00, 0x00, 0x7F, 0xFF, 0xC0, 0x00, 0x00, 0x00, 0x00, 0x07, 0xFF, 0xFE,
    0x00, 0x00, 0x00, 0x00, 0x00, 0xFF, 0xFF, 0xE0, 0x00, 0x00, 0x00, 0x00,
    0x1F, 0xFF, 0xFF, 0x00, 0x00, 0x00, 0x00, 0x01, 0xFF, 0xFF, 0xF0, 0x00,
    0x00, 0x00, 0x00, 0x3F, 0xFF, 0xFF, 0x80, 0x00, 0x00, 0x00, 0x07, 0xFF,
    0xFF, 0xFC, 0x00, 0x00, 0x00, 0x00, 0x7F, 0xFF, 0xFF, 0xC0, 0x00, 0x00,
    0x00, 0x0F, 0xFF, 0xFF, 0xFE, 0x00, 0x00, 0x00, 0x00, 0xFF, 0xFF, 0xFF,
    0xF0, 0x00, 0x00, 0x00, 0x1F, 0xFF, 0xFF, 0xFF, 0x00, 0x00, 0x00, 0x03,
    0xFF, 0xFF, 0xFF, 0xF8, 0x00, 0x00, 0x00, 0x3F, 0xFF, 0xBF, 0xFF, 0xC0,
    0x00, 0x00, 0x07, 0xFF, 0xFB, 0xFF, 0xFC, 0x00, 0x00, 0x00, 0xFF, 0xFF,
    0x1F, 0xFF, 0xE0, 0x00, 0x00, 0x0F, 0xFF, 0xE0, 0xFF, 0xFE, 0x00, 0x00,
    0x01, 0xFF, 0xFE, 0x0F, 0xFF, 0xF0, 0x00, 0x00, 0x3F, 0xFF, 0xC0, 0x7F,
    0xFF, 0x80, 0x00, 0x03, 0xFF, 0xFC, 0x07, 0xFF, 0xF8, 0x00, 0x00, 0x7F,
    0xFF, 0x80, 0x3F, 0xFF, 0xC0, 0x00, 0x07, 0xFF, 0xF0, 0x03, 0xFF, 0xFE,
    0x00, 0x00, 0xFF, 0xFF, 0x00, 0x1F, 0xFF, 0xE0, 0x00, 0x1F, 0xFF, 0xE0,
    0x01, 0xFF, 0xFF, 0x00, 0x01, 0xFF, 0xFE, 0x00, 0x0F, 0xFF, 0xF0, 0x00,
    0x3F, 0xFF, 0xC0, 0x00, 0x7F, 0xFF, 0x80, 0x07, 0xFF, 0xFC, 0x00, 0x07,
    0xFF, 0xFC, 0x00, 0x7F, 0xFF, 0x80, 0x00, 0x3F, 0xFF, 0xC0, 0x0F, 0xFF,
    0xF0, 0x00, 0x03, 0xFF, 0xFE, 0x00, 0xFF, 0xFF, 0x00, 0x00, 0x1F, 0xFF,
    0xE0, 0x1F, 0xFF, 0xE0, 0x00, 0x01, 0xFF, 0xFF, 0x03, 0xFF, 0xFE, 0x00,
    0x00, 0x0F, 0xFF, 0xF8, 0x3F, 0xFF, 0xC0, 0x00, 0x00, 0xFF, 0xFF, 0x87,
    0xFF, 0xF8, 0x00, 0x00, 0x07, 0xFF, 0xFC, 0xFF, 0xFF, 0x80, 0x00, 0x00,
    0x3F, 0xFF, 0xEF, 0xFF, 0xF0, 0x00, 0x00, 0x03, 0xFF, 0xFF, 0xFF, 0xFF,
    0x00, 0x00, 0x00, 0x1F, 0xFF, 0xFF, 0xFF, 0xF8, 0x00, 0x00, 0x01, 0xFF,
    0xFE, 0x7F, 0xFF, 0x80, 0x00, 0x00, 0x3F, 0xFF, 0xC3, 0xFF, 0xFC, 0x00,
    0x00, 0x03, 0xFF, 0xFC, 0x3F, 0xFF, 0xC0, 0x00, 0x00, 0x3F, 0xFF, 0x81,
    0xFF, 0xFE, 0x00, 0x00, 0x07, 0xFF, 0xF8, 0x1F, 0xFF, 0xE0, 0x00, 0x00,
    0x7F, 0xFF, 0x00, 0xFF, 0xFF, 0x00, 0x00, 0x0F, 0xFF, 0xF0, 0x0F, 0xFF,
    0xF0, 0x00, 0x00, 0xFF, 0xFE, 0x00, 0x7F, 0xFF, 0x80, 0x00, 0x1F, 0xFF,
    0xE0, 0x07, 0xFF, 0xF8, 0x00, 0x01, 0xFF, 0xFC, 0x00, 0x3F, 0xFF, 0xC0,
    0x00, 0x3F, 0xFF, 0xC0, 0x03, 0xFF, 0xFC, 0x00, 0x03, 0xFF, 0xF8, 0x00,
    0x1F, 0xFF, 0xE0, 0x00, 0x3F, 0xFF, 0x00, 0x00, 0xFF, 0xFE, 0x00, 0x07,
    0xFF, 0xF0, 0x00, 0x0F, 0xFF, 0xF0, 0x00, 0x7F, 0xFE, 0x00, 0x00, 0x7F,
    0xFF, 0x00, 0x0F, 0xFF, 0xE0, 0x00, 0x07, 0xFF, 0xF8, 0x00, 0xFF, 0xFC,
    0x00, 0x00, 0x3F, 0xFF, 0x80, 0x1F, 0xFF, 0xC0, 0x00, 0x03, 0xFF, 0xF8,
    0x01, 0xFF, 0xF8, 0x00, 0x00, 0x1F, 0xFF, 0xC0, 0x3F, 0xFF, 0x80, 0x00,
    0x01, 0xFF, 0xFC, 0x03, 0xFF, 0xF0, 0x00, 0x00, 0x0F, 0xFF, 0xE0, 0x7F,
    0xFF, 0x00, 0x00, 0x00, 0x7F, 0xFE, 0x07, 0xFF, 0xE0, 0x00, 0x00, 0x07,
    0xFF, 0xF0, 0x7F, 0xFE, 0x00, 0x00, 0x00, 0x3F, 0xFF, 0x0F, 0xFF, 0xC0,
    0x00, 0x00, 0x03, 0xFF, 0xF8, 0xFF, 0xFC, 0x00, 0x00, 0x00, 0x1F, 0xFF,
    0x9F, 0xFF, 0x80, 0x00, 0x00, 0x01, 0xFF, 0xFD, 0xFF, 0xF0, 0x00, 0x00,
    0x00, 0x0F, 0xFF, 0xFF, 0xFF, 0x00, 0x00, 0x00, 0x00, 0xFF, 0xFF, 0xFF,
    0xE0, 0x00, 0x00, 0x00, 0x07, 0xFF, 0xFF, 0xFE, 0x00, 0x00, 0x00, 0x00,
    0x3F, 0xFF, 0xFF, 0xC0, 0x00, 0x00, 0x00, 0x03, 0xFF, 0xFF, 0xFC, 0x00,
    0x00, 0x00, 0x00, 0x1F, 0xFF, 0xFF, 0x80, 0x00, 0x00, 0x00, 0x01, 0xFF,
    0xFF, 0xF8, 0x00, 0x00, 0x00, 0x00, 0x0F, 0xFF, 0xFF, 0x00, 0x00, 0x00,
    0x00, 0x00, 0xFF, 0xFF, 0xF0, 0x00, 0x00, 0x00, 0x00, 0x07, 0xFF, 0xFE,
    0x00, 0x00, 0x00, 0x00, 0x00, 0x7F, 0xFF, 0xE0, 0x00, 0x00, 0x00, 0x00,
    0x03, 0xFF, 0xFC, 0x00, 0x00, 0x00, 0x00, 0x00, 0x3F, 0xFF, 0xC0, 0x00,
    0x00, 0x00, 0x00, 0x01, 0xFF, 0xF8, 0x00, 0x00, 0x00, 0x00, 0x00, 0x1F,
    0xFF, 0x80, 0x00, 0x00, 0x00, 0x00, 0x01, 0xFF, 0xF8, 0x00, 0x00, 0x00,
    0x00, 0x00, 0x1F, 0xFF, 0x80, 0x00, 0x00, 0x00, 0x00, 0x01, 0xFF, 0xF8,
    0x00, 0x00, 0x00, 0x00, 0x00, 0x1F, 0xFF, 0x80, 0x00, 0x00, 0x00, 0x00,
    0x01, 0xFF, 0xF8, 0x00, 0x00, 0x00, 0x00, 0x00, 0x1F, 0xFF, 0x80, 0x00,
    0x00, 0x00, 0x00, 0x01, 0xFF, 0xF8, 0x00, 0x00, 0x00, 0x00, 0x00, 0x1F,
    0xFF, 0x80, 0x00, 0x00, 0x00, 0x00, 0x01, 0xFF, 0xF8, 0x00, 0x00, 0x00,
    0x00, 0x00, 0x1F, 0xFF, 0x80, 0x00, 0x00, 0x00, 0x00, 0x01, 0xFF, 0xF8,
    0x00, 0x00, 0x00, 0x00, 0x00, 0x1F, 0xFF, 0x80, 0x00, 0x00, 0x00, 0x00,
    0x01, 0xFF, 0xF8, 0x00, 0x00, 0x00, 0x00, 0x00, 0x1F, 0xFF, 0x80, 0x00,
    0x00, 0x00, 0x00, 0x01, 0xFF, 0xF8, 0x00, 0x00, 0x00, 0x00, 0x00, 0x1F,
    0xFF, 0x80, 0x00, 0x00, 0x00, 0x00, 0x01, 0xFF, 0xF8, 0x00, 0x00, 0x00,
    0x00, 0x00, 0x1F, 0xFF, 0x80, 0x00, 0x00, 0x00, 0x00, 0x01, 0xFF, 0xF8,
    0x00, 0x00, 0x00, 0x00, 0x00, 0x1F, 0xFF, 0x80, 0x00, 0x00, 0x00, 0x00,
    0x01, 0xFF, 0xF8, 0x00, 0x00, 0x00, 0x00, 0x00, 0x1F, 0xFF, 0x80, 0x00,
    0x00, 0x00, 0x00, 0x01, 0xFF, 0xF8, 0x00, 0x00, 0x00, 0x00, 0x00, 0x1F,
    0xFF, 0x80, 0x00, 0x00, 0x7F, 0xFF, 0xFF, 0xFF, 0xFF, 0xFF, 0xFB, 0xFF,
    0xFF, 0xFF, 0xFF, 0xFF, 0xFF, 0xDF, 0xFF, 0xFF, 0xFF, 0xFF, 0xFF, 0xFE,
    0xFF, 0xFF, 0xFF, 0xFF, 0xFF, 0xFF, 0xF7, 0xFF, 0xFF, 0xFF, 0xFF, 0xFF,
    0xFF, 0xBF, 0xFF, 0xFF, 0xFF, 0xFF, 0xFF, 0xFD, 0xFF, 0xFF, 0xFF, 0xFF,
    0xFF, 0xFF, 0xEF, 0xFF, 0xFF, 0xFF, 0xFF, 0xFF, 0xFF, 0x7F, 0xFF, 0xFF,
    0xFF, 0xFF, 0xFF, 0xFB, 0xFF, 0xFF, 0xFF, 0xFF, 0xFF, 0xFF, 0xDF, 0xFF,
    0xFF, 0xFF, 0xFF, 0xFF, 0xFE, 0xFF, 0xFF, 0xFF, 0xFF, 0xFF, 0xFF, 0xF0,
    0x00, 0x00, 0x00, 0x01, 0xFF, 0xFF, 0x00, 0x00, 0x00, 0x00, 0x1F, 0xFF,
    0xF0, 0x00, 0x00, 0x00, 0x01, 0xFF, 0xFF, 0x00, 0x00, 0x00, 0x00, 0x0F,
    0xFF, 0xF8, 0x00, 0x00, 0x00, 0x00, 0xFF, 0xFF, 0x80, 0x00, 0x00, 0x00,
    0x0F, 0xFF, 0xF8, 0x00, 0x00, 0x00, 0x00, 0xFF, 0xFF, 0x80, 0x00, 0x00,
    0x00, 0x0F, 0xFF, 0xFC, 0x00, 0x00, 0x00, 0x00, 0x7F, 0xFF, 0xC0, 0x00,
    0x00, 0x00, 0x07, 0xFF, 0xFC, 0x00, 0x00, 0x00, 0x00, 0x7F, 0xFF, 0xC0,
    0x00, 0x00, 0x00, 0x07, 0xFF, 0xFC, 0x00, 0x00, 0x00, 0x00, 0x7F, 0xFF,
    0xE0, 0x00, 0x00, 0x00, 0x03, 0xFF, 0xFE, 0x00, 0x00, 0x00, 0x00, 0x3F,
    0xFF, 0xE0, 0x00, 0x00, 0x00, 0x03, 0xFF, 0xFE, 0x00, 0x00, 0x00, 0x00,
    0x3F, 0xFF, 0xE0, 0x00, 0x00, 0x00, 0x03, 0xFF, 0xFF, 0x00, 0x00, 0x00,
    0x00, 0x1F, 0xFF, 0xF0, 0x00, 0x00, 0x00, 0x01, 0xFF, 0xFF, 0x00, 0x00,
    0x00, 0x00, 0x1F, 0xFF, 0xF0, 0x00, 0x00, 0x00, 0x01, 0xFF, 0xFF, 0x00,
    0x00, 0x00, 0x00, 0x1F, 0xFF, 0xF8, 0x00, 0x00, 0x00, 0x00, 0xFF, 0xFF,
    0x80, 0x00, 0x00, 0x00, 0x0F, 0xFF, 0xF8, 0x00, 0x00, 0x00, 0x00, 0xFF,
    0xFF, 0x80, 0x00, 0x00, 0x00, 0x0F, 0xFF, 0xF8, 0x00, 0x00, 0x00, 0x00,
    0xFF, 0xFF, 0xC0, 0x00, 0x00, 0x00, 0x07, 0xFF, 0xFC, 0x00, 0x00, 0x00,
    0x00, 0x7F, 0xFF, 0xC0, 0x00, 0x00, 0x00, 0x07, 0xFF, 0xFC, 0x00, 0x00,
    0x00, 0x00, 0x7F, 0xFF, 0xC0, 0x00, 0x00, 0x00, 0x07, 0xFF, 0xFE, 0x00,
    0x00, 0x00, 0x00, 0x3F, 0xFF, 0xE0, 0x00, 0x00, 0x00, 0x03, 0xFF, 0xFE,
    0x00, 0x00, 0x00, 0x00, 0x3F, 0xFF, 0xE0, 0x00, 0x00, 0x00, 0x03, 0xFF,
    0xFF, 0x00, 0x00, 0x00, 0x00, 0x1F, 0xFF, 0xF0, 0x00, 0x00, 0x00, 0x01,
    0xFF, 0xFF, 0x00, 0x00, 0x00, 0x00, 0x1F, 0xFF, 0xF0, 0x00, 0x00, 0x00,
    0x01, 0xFF, 0xFF, 0x00, 0x00, 0x00, 0x00, 0x1F, 0xFF, 0xF8, 0x00, 0x00,
    0x00, 0x00, 0xFF, 0xFF, 0x80, 0x00, 0x00, 0x00, 0x0F, 0xFF, 0xF8, 0x00,
    0x00, 0x00, 0x00, 0xFF, 0xFF, 0xFF, 0xFF, 0xFF, 0xFF, 0xFF, 0xFF, 0xFF,
    0xFF, 0xFF, 0xFF, 0xFF, 0xFF, 0xFF, 0xFF, 0xFF, 0xFF, 0xFF, 0xFF, 0xFF,
    0xFF, 0xFF, 0xFF, 0xFF, 0xFF, 0xFF, 0xFF, 0xFF, 0xFF, 0xFF, 0xFF, 0xFF,
    0xFF, 0xFF, 0xFF, 0xFF, 0xFF, 0xFF, 0xFF, 0xFF, 0xFF, 0xFF, 0xFF, 0xFF,
    0xFF, 0xFF, 0xFF, 0xFF, 0xFF, 0xFF, 0xFF, 0xFF, 0xFF, 0xFF, 0xFF, 0xFF,
    0xFF, 0xFF, 0xFF, 0xFF, 0xFF, 0xFF, 0xFF, 0xFF, 0xFF, 0xFF, 0xFF, 0xFF,
    0xFF, 0xFF, 0xFF, 0xFF, 0xFF, 0xFF, 0xFF, 0xFF, 0xFF, 0xFF, 0xF0, 0xFF,
    0xFF, 0xFF, 0xFF, 0xFF, 0xFF, 0xFF, 0xFF, 0xFF, 0xFF, 0xFF, 0xFF, 0xFF,
    0xFF, 0xFF, 0xFF, 0xFF, 0xFF, 0xFF, 0xFF, 0xFF, 0xFF, 0xFF, 0xFF, 0xFF,
    0xFF, 0xFF, 0xFF, 0xFF, 0xFF, 0xC0, 0x07, 0xFF, 0x80, 0x0F, 0xFF, 0x00,
    0x1F, 0xFE, 0x00, 0x3F, 0xFC, 0x00, 0x7F, 0xF8, 0x00, 0xFF, 0xF0, 0x01,
    0xFF, 0xE0, 0x03, 0xFF, 0xC0, 0x07, 0xFF, 0x80, 0x0F, 0xFF, 0x00, 0x1F,
    0xFE, 0x00, 0x3F, 0xFC, 0x00, 0x7F, 0xF8, 0x00, 0xFF, 0xF0, 0x01, 0xFF,
    0xE0, 0x03, 0xFF, 0xC0, 0x07, 0xFF, 0x80, 0x0F, 0xFF, 0x00, 0x1F, 0xFE,
    0x00, 0x3F, 0xFC, 0x00, 0x7F, 0xF8, 0x00, 0xFF, 0xF0, 0x01, 0xFF, 0xE0,
    0x03, 0xFF, 0xC0, 0x07, 0xFF, 0x80, 0x0F, 0xFF, 0x00, 0x1F, 0xFE, 0x00,
    0x3F, 0xFC, 0x00, 0x7F, 0xF8, 0x00, 0xFF, 0xF0, 0x01, 0xFF, 0xE0, 0x03,
    0xFF, 0xC0, 0x07, 0xFF, 0x80, 0x0F, 0xFF, 0x00, 0x1F, 0xFE, 0x00, 0x3F,
    0xFC, 0x00, 0x7F, 0xF8, 0x00, 0xFF, 0xF0, 0x01, 0xFF, 0xE0, 0x03, 0xFF,
    0xC0, 0x07, 0xFF, 0x80, 0x0F, 0xFF, 0x00, 0x1F, 0xFE, 0x00, 0x3F, 0xFC,
    0x00, 0x7F, 0xF8, 0x00, 0xFF, 0xF0, 0x01, 0xFF, 0xE0, 0x03, 0xFF, 0xC0,
    0x07, 0xFF, 0x80, 0x0F, 0xFF, 0x00, 0x1F, 0xFE, 0x00, 0x3F, 0xFC, 0x00,
    0x7F, 0xF8, 0x00, 0xFF, 0xF0, 0x01, 0xFF, 0xE0, 0x03, 0xFF, 0xC0, 0x07,
    0xFF, 0x80, 0x0F, 0xFF, 0x00, 0x1F, 0xFE, 0x00, 0x3F, 0xFC, 0x00, 0x7F,
    0xF8, 0x00, 0xFF, 0xF0, 0x01, 0xFF, 0xE0, 0x03, 0xFF, 0xC0, 0x07, 0xFF,
    0x80, 0x0F, 0xFF, 0xFF, 0xFF, 0xFF, 0xFF, 0xFF, 0xFF, 0xFF, 0xFF, 0xFF,
    0xFF, 0xFF, 0xFF, 0xFF, 0xFF, 0xFF, 0xFF, 0xFF, 0xFF, 0xFF, 0xFF, 0xFF,
    0xFF, 0xFF, 0xFF, 0xFF, 0xFF, 0xFF, 0xC0, 0xFF, 0xE0, 0x00, 0x00, 0x03,
    0xFF, 0x00, 0x00, 0x00, 0x1F, 0xFC, 0x00, 0x00, 0x00, 0xFF, 0xE0, 0x00,
    0x00, 0x03, 0xFF, 0x00, 0x00, 0x00, 0x1F, 0xFC, 0x00, 0x00, 0x00, 0xFF,
    0xE0, 0x00, 0x00, 0x03, 0xFF, 0x80, 0x00, 0x00, 0x1F, 0xFC, 0x00, 0x00,
    0x00, 0x7F, 0xE0, 0x00, 0x00, 0x03, 0xFF, 0x80, 0x00, 0x00, 0x1F, 0xFC,
    0x00, 0x00, 0x00, 0x7F, 0xE0, 0x00, 0x00, 0x03, 0xFF, 0x80, 0x00, 0x00,
    0x1F, 0xFC, 0x00, 0x00, 0x00, 0x7F, 0xF0, 0x00, 0x00, 0x03, 0xFF, 0x80,
    0x00, 0x00, 0x0F, 0xFC, 0x00, 0x00, 0x00, 0x7F, 0xF0, 0x00, 0x00, 0x03,
    0xFF, 0x80, 0x00, 0x00, 0x0F, 0xFC, 0x00, 0x00, 0x00, 0x7F, 0xF0, 0x00,
    0x00, 0x03, 0xFF, 0x80, 0x00, 0x00, 0x0F, 0xFE, 0x00, 0x00, 0x00, 0x7F,
    0xF0, 0x00, 0x00, 0x01, 0xFF, 0x80, 0x00, 0x00, 0x0F, 0xFE, 0x00, 0x00,
    0x00, 0x7F, 0xF0, 0x00, 0x00, 0x01, 0xFF, 0x80, 0x00, 0x00, 0x0F, 0xFE,
    0x00, 0x00, 0x00, 0x7F, 0xF0, 0x00, 0x00, 0x01, 0xFF, 0xC0, 0x00, 0x00,
    0x0F, 0xFE, 0x00, 0x00, 0x00, 0x3F, 0xF0, 0x00, 0x00, 0x01, 0xFF, 0xC0,
    0x00, 0x00, 0x0F, 0xFE, 0x00, 0x00, 0x00, 0x3F, 0xF0, 0x00, 0x00, 0x01,
    0xFF, 0xC0, 0x00, 0x00, 0x0F, 0xFE, 0x00, 0x00, 0x00, 0x3F, 0xF8, 0x00,
    0x00, 0x01, 0xFF, 0xC0, 0x00, 0x00, 0x0F, 0xFE, 0x00, 0x00, 0x00, 0x3F,
    0xF8, 0x00, 0x00, 0x01, 0xFF, 0xC0, 0x00, 0x00, 0x07, 0xFE, 0x00, 0x00,
    0x00, 0x3F, 0xF8, 0x00, 0x00, 0x01, 0xFF, 0xC0, 0x00, 0x00, 0x07, 0xFF,
    0x00, 0x00, 0x00, 0x3F, 0xF8, 0x00, 0x00, 0x01, 0xFF, 0xC0, 0x00, 0x00,
    0x07, 0xFF, 0x00, 0x00, 0x00, 0x3F, 0xF8, 0x00, 0x00, 0x00, 0xFF, 0xC0,
    0x00, 0x00, 0x07, 0xFF, 0x00, 0x00, 0x00, 0x3F, 0xF8, 0x00, 0x00, 0x00,
    0xFF, 0xE0, 0x00, 0x00, 0x07, 0xFF, 0x00, 0x00, 0x00, 0x3F, 0xF8, 0x00,
    0x00, 0x00, 0xFF, 0xE0, 0x00, 0x00, 0x07, 0xFF, 0x00, 0x00, 0x00, 0x1F,
    0xF8, 0x00, 0x00, 0x00, 0xFF, 0xE0, 0x00, 0x00, 0x07, 0xFF, 0x00, 0x00,
    0x00, 0x1F, 0xFC, 0x00, 0x00, 0x00, 0xFF, 0xE0, 0x00, 0x00, 0x07, 0xFF,
    0x00, 0x00, 0x00, 0x1F, 0xFC, 0x00, 0x00, 0x00, 0xFF, 0xE0, 0x00, 0x00,
    0x03, 0xFF, 0x00, 0x00, 0x00, 0x1F, 0xFC, 0xFF, 0xFF, 0xFF, 0xFF, 0xFF,
    0xFF, 0xFF, 0xFF, 0xFF, 0xFF, 0xFF, 0xFF, 0xFF, 0xFF, 0xFF, 0xFF, 0xFF,
    0xFF, 0xFF, 0xFF, 0xFF, 0xFF, 0xFF, 0xFF, 0xFF, 0xFE, 0x00, 0x3F, 0xFC,
    0x00, 0x7F, 0xF8, 0x00, 0xFF, 0xF0, 0x01, 0xFF, 0xE0, 0x03, 0xFF, 0xC0,
    0x07, 0xFF, 0x80, 0x0F, 0xFF, 0x00, 0x1F, 0xFE, 0x00, 0x3F, 0xFC, 0x00,
    0x7F, 0xF8, 0x00, 0xFF, 0xF0, 0x01, 0xFF, 0xE0, 0x03, 0xFF, 0xC0, 0x07,
    0xFF, 0x80, 0x0F, 0xFF, 0x00, 0x1F, 0xFE, 0x00, 0x3F, 0xFC, 0x00, 0x7F,
    0xF8, 0x00, 0xFF, 0xF0, 0x01, 0xFF, 0xE0, 0x03, 0xFF, 0xC0, 0x07, 0xFF,
    0x80, 0x0F, 0xFF, 0x00, 0x1F, 0xFE, 0x00, 0x3F, 0xFC, 0x00, 0x7F, 0xF8,
    0x00, 0xFF, 0xF0, 0x01, 0xFF, 0xE0, 0x03, 0xFF, 0xC0, 0x07, 0xFF, 0x80,
    0x0F, 0xFF, 0x00, 0x1F, 0xFE, 0x00, 0x3F, 0xFC, 0x00, 0x7F, 0xF8, 0x00,
    0xFF, 0xF0, 0x01, 0xFF, 0xE0, 0x03, 0xFF, 0xC0, 0x07, 0xFF, 0x80, 0x0F,
    0xFF, 0x00, 0x1F, 0xFE, 0x00, 0x3F, 0xFC, 0x00, 0x7F, 0xF8, 0x00, 0xFF,
    0xF0, 0x01, 0xFF, 0xE0, 0x03, 0xFF, 0xC0, 0x07, 0xFF, 0x80, 0x0F, 0xFF,
    0x00, 0x1F, 0xFE, 0x00, 0x3F, 0xFC, 0x00, 0x7F, 0xF8, 0x00, 0xFF, 0xF0,
    0x01, 0xFF, 0xE0, 0x03, 0xFF, 0xC0, 0x07, 0xFF, 0x80, 0x0F, 0xFF, 0x00,
    0x1F, 0xFE, 0x00, 0x3F, 0xFC, 0x00, 0x7F, 0xF8, 0x00, 0xFF, 0xF0, 0x01,
    0xFF, 0xE0, 0x03, 0xFF, 0xC0, 0x07, 0xFF, 0x80, 0x0F, 0xFF, 0x00, 0x1F,
    0xFE, 0x00, 0x3F, 0xFC, 0x00, 0x7F, 0xF8, 0x00, 0xFF, 0xFF, 0xFF, 0xFF,
    0xFF, 0xFF, 0xFF, 0xFF, 0xFF, 0xFF, 0xFF, 0xFF, 0xFF, 0xFF, 0xFF, 0xFF,
    0xFF, 0xFF, 0xFF, 0xFF, 0xFF, 0xFF, 0xFF, 0xFF, 0xFF, 0xFF, 0xFF, 0xFF,
    0xFF, 0xFF, 0xC0, 0x00, 0x00, 0x7F, 0xF0, 0x00, 0x00, 0x00, 0x07, 0xFF,
    0x00, 0x00, 0x00, 0x00, 0xFF, 0xF8, 0x00, 0x00, 0x00, 0x0F, 0xFF, 0x80,
    0x00, 0x00, 0x01, 0xFF, 0xF8, 0x00, 0x00, 0x00, 0x1F, 0xFF, 0xC0, 0x00,
    0x00, 0x01, 0xFF, 0xFC, 0x00, 0x00, 0x00, 0x3F, 0xFF, 0xE0, 0x00, 0x00,
    0x03, 0xFF, 0xFE, 0x00, 0x00, 0x00, 0x7F, 0xFF, 0xF0, 0x00, 0x00, 0x07,
    0xFF, 0xFF, 0x00, 0x00, 0x00, 0xFF, 0xFF, 0xF0, 0x00, 0x00, 0x0F, 0xFF,
    0xFF, 0x80, 0x00, 0x00, 0xFF, 0xFF, 0xF8, 0x00, 0x00, 0x1F, 0xFF, 0xFF,
    0xC0, 0x00, 0x01, 0xFF, 0xDF, 0xFC, 0x00, 0x00, 0x3F, 0xFD, 0xFF, 0xC0,
    0x00, 0x03, 0xFF, 0x8F, 0xFE, 0x00, 0x00, 0x3F, 0xF8, 0xFF, 0xE0, 0x00,
    0x07, 0xFF, 0x8F, 0xFF, 0x00, 0x00, 0x7F, 0xF0, 0x7F, 0xF0, 0x00, 0x0F,
    0xFF, 0x07, 0xFF, 0x80, 0x00, 0xFF, 0xE0, 0x3F, 0xF8, 0x00, 0x1F, 0xFE,
    0x03, 0xFF, 0x80, 0x01, 0xFF, 0xC0, 0x3F, 0xFC, 0x00, 0x1F, 0xFC, 0x01,
    0xFF, 0xC0, 0x03, 0xFF, 0xC0, 0x1F, 0xFE, 0x00, 0x3F, 0xF8, 0x00, 0xFF,
    0xE0, 0x07, 0xFF, 0x80, 0x0F, 0xFE, 0x00, 0x7F, 0xF0, 0x00, 0xFF, 0xF0,
    0x07, 0xFF, 0x00, 0x07, 0xFF, 0x00, 0xFF, 0xF0, 0x00, 0x7F, 0xF8, 0x0F,
    0xFE, 0x00, 0x03, 0xFF, 0x81, 0xFF, 0xE0, 0x00, 0x3F, 0xFC, 0x1F, 0xFC,
    0x00, 0x03, 0xFF, 0xC3, 0xFF, 0xC0, 0x00, 0x1F, 0xFC, 0x3F, 0xFC, 0x00,
    0x01, 0xFF, 0xE3, 0xFF, 0x80, 0x00, 0x0F, 0xFE, 0x7F, 0xF8, 0x00, 0x00,
    0xFF, 0xF7, 0xFF, 0x00, 0x00, 0x0F, 0xFF, 0xFF, 0xF0, 0x00, 0x00, 0x7F,
    0xF0, 0xFF, 0xFF, 0xFF, 0xFF, 0xFF, 0xFF, 0xFF, 0xFF, 0xFF, 0xFF, 0xFF,
    0xFF, 0xFF, 0xFF, 0xFF, 0xFF, 0xFF, 0xFF, 0xFF, 0xFF, 0xFF, 0xFF, 0xFF,
    0xFF, 0xFF, 0xFF, 0xFF, 0xFF, 0xFF, 0xFF, 0xFF, 0xFF, 0xF0, 0xFF, 0xFE,
    0x00, 0xFF, 0xFC, 0x00, 0xFF, 0xFC, 0x00, 0xFF, 0xFC, 0x00, 0xFF, 0xF8,
    0x00, 0xFF, 0xF8, 0x00, 0xFF, 0xF0, 0x00, 0xFF, 0xF0, 0x00, 0xFF, 0xF0,
    0x00, 0xFF, 0xE0, 0x00, 0xFF, 0xE0, 0x00, 0xFF, 0xC0, 0x00, 0xFF, 0xC0,
    0x00, 0xFF, 0xC0, 0x00, 0x00, 0x7F, 0xF8, 0x00, 0x00, 0x00, 0x0F, 0xFF,
    0xFF, 0x00, 0x00, 0x00, 0x7F, 0xFF, 0xFF, 0xC0, 0x00, 0x03, 0xFF, 0xFF,
    0xFF, 0xE0, 0x00, 0x0F, 0xFF, 0xFF, 0xFF, 0xF0, 0x00, 0x7F, 0xFF, 0xFF,
    0xFF, 0xF0, 0x00, 0xFF, 0xFF, 0xFF, 0xFF, 0xF0, 0x03, 0xFF, 0xFF, 0xFF,
    0xFF, 0xE0, 0x0F, 0xFF, 0xFF, 0xFF, 0xFF, 0xE0, 0x1F, 0xFF, 0xFF, 0xFF,
    0xFF, 0xC0, 0x7F, 0xFF, 0xFF, 0xFF, 0xFF, 0x80, 0xFF, 0xFF, 0x00, 0xFF,
    0xFF, 0x83, 0xFF, 0xF8, 0x00, 0x7F, 0xFF, 0x07, 0xFF, 0xE0, 0x00, 0x7F,
    0xFE, 0x0F, 0xFF, 0x80, 0x00, 0x7F, 0xFC, 0x1F, 0xFF, 0x00, 0x00, 0xFF,
    0xF8, 0x3F, 0xFC, 0x00, 0x01, 0xFF, 0xF0, 0x7F, 0xF8, 0x00, 0x03, 0xFF,
    0xE0, 0x00, 0x00, 0x00, 0x0F, 0xFF, 0xC0, 0x00, 0x00, 0x00, 0x3F, 0xFF,
    0x80, 0x00, 0x00, 0x01, 0xFF, 0xFF, 0x00, 0x00, 0x00, 0xFF, 0xFF, 0xFE,
    0x00, 0x00, 0xFF, 0xFF, 0xFF, 0xFC, 0x00, 0x1F, 0xFF, 0xFF, 0xFF, 0xF8,
    0x00, 0xFF, 0xFF, 0xFF, 0xFF, 0xF0, 0x07, 0xFF, 0xFF, 0xFF, 0xFF, 0xE0,
    0x1F, 0xFF, 0xFF, 0xFF, 0xFF, 0xC0, 0x7F, 0xFF, 0xFF, 0xEF, 0xFF, 0x81,
    0xFF, 0xFF, 0xFF, 0x1F, 0xFF, 0x07, 0xFF, 0xFF, 0xC0, 0x3F, 0xFE, 0x0F,
    0xFF, 0xF8, 0x00, 0x7F, 0xFC, 0x3F, 0xFF, 0x80, 0x00, 0xFF, 0xF8, 0x7F,
    0xFE, 0x00, 0x01, 0xFF, 0xF0, 0xFF, 0xF8, 0x00, 0x03, 0xFF, 0xE3, 0xFF,
    0xF0, 0x00, 0x07, 0xFF, 0xC7, 0xFF, 0xC0, 0x00, 0x0F, 0xFF, 0x8F, 0xFF,
    0x80, 0x00, 0x3F, 0xFF, 0x1F, 0xFF, 0x00, 0x00, 0x7F, 0xFE, 0x3F, 0xFE,
    0x00, 0x01, 0xFF, 0xFC, 0x7F, 0xFC, 0x00, 0x03, 0xFF, 0xF8, 0xFF, 0xFC,
    0x00, 0x0F, 0xFF, 0xF1, 0xFF, 0xFC, 0x00, 0x7F, 0xFF, 0xE3, 0xFF, 0xFC,
    0x03, 0xFF, 0xFF, 0xC3, 0xFF, 0xFF, 0xFF, 0xFF, 0xFF, 0x87, 0xFF, 0xFF,
    0xFF, 0xFF, 0xFF, 0x0F, 0xFF, 0xFF, 0xFF, 0xFF, 0xFE, 0x0F, 0xFF, 0xFF,
    0xFF, 0x7F, 0xFC, 0x0F, 0xFF, 0xFF, 0xFC, 0xFF, 0xFC, 0x0F, 0xFF, 0xFF,
    0xF1, 0xFF, 0xFC, 0x0F, 0xFF, 0xFF, 0xC1, 0xFF, 0xFC, 0x0F, 0xFF, 0xFE,
    0x03, 0xFF, 0xF8, 0x07, 0xFF, 0xF0, 0x00, 0x00, 0x00, 0x01, 0xFF, 0x00,
    0x00, 0x00, 0x00, 0xFF, 0xF8, 0x00, 0x00, 0x00, 0x00, 0xFF, 0xF8, 0x00,
    0x00, 0x00, 0x00, 0xFF, 0xF8, 0x00, 0x00, 0x00, 0x00, 0xFF, 0xF8, 0x00,
    0x00, 0x00, 0x00, 0xFF, 0xF8, 0x00, 0x00, 0x00, 0x00, 0xFF, 0xF8, 0x00,
    0x00, 0x00, 0x00, 0xFF, 0xF8, 0x00, 0x00, 0x00, 0x00, 0xFF, 0xF8, 0x00,
    0x00, 0x00, 0x00, 0xFF, 0xF8, 0x00, 0x00, 0x00, 0x00, 0xFF, 0xF8, 0x00,
    0x00, 0x00, 0x00, 0xFF, 0xF8, 0x00, 0x00, 0x00, 0x00, 0xFF, 0xF8, 0x00,
    0x00, 0x00, 0x00, 0xFF, 0xF8, 0x00, 0x00, 0x00, 0x00, 0xFF, 0xF8, 0x00,
    0x00, 0x00, 0x00, 0xFF, 0xF8, 0x00, 0x00, 0x00, 0x00, 0xFF, 0xF8, 0x00,
    0x00, 0x00, 0x00, 0xFF, 0xF8, 0x00, 0x00, 0x00, 0x00, 0xFF, 0xF8, 0x01,
    0xFF, 0x00, 0x00, 0xFF, 0xF8, 0x0F, 0xFF, 0xE0, 0x00, 0xFF, 0xF8, 0x3F,
    0xFF, 0xF8, 0x00, 0xFF, 0xF8, 0x7F, 0xFF, 0xFE, 0x00, 0xFF, 0xF8, 0xFF,
    0xFF, 0xFF, 0x00, 0xFF, 0xF9, 0xFF, 0xFF, 0xFF, 0x80, 0xFF, 0xFB, 0xFF,
    0xFF, 0xFF, 0xC0, 0xFF, 0xFF, 0xFF, 0xFF, 0xFF, 0xE0, 0xFF, 0xFF, 0xFF,
    0xFF, 0xFF, 0xF0, 0xFF, 0xFF, 0xFF, 0xFF, 0xFF, 0xF0, 0xFF, 0xFF, 0xFF,
    0xFF, 0xFF, 0xF8, 0xFF, 0xFF, 0xF0, 0x0F, 0xFF, 0xF8, 0xFF, 0xFF, 0xC0,
    0x07, 0xFF, 0xFC, 0xFF, 0xFF, 0x80, 0x03, 0xFF, 0xFC, 0xFF, 0xFF, 0x00,
    0x01, 0xFF, 0xFC, 0xFF, 0xFE, 0x00, 0x00, 0xFF, 0xFE, 0xFF, 0xFE, 0x00,
    0x00, 0xFF, 0xFE, 0xFF, 0xFC, 0x00, 0x00, 0x7F, 0xFE, 0xFF, 0xFC, 0x00,
    0x00, 0x7F, 0xFE, 0xFF, 0xFC, 0x00, 0x00, 0x7F, 0xFF, 0xFF, 0xF8, 0x00,
    0x00, 0x3F, 0xFF, 0xFF, 0xF8, 0x00, 0x00, 0x3F, 0xFF, 0xFF, 0xF8, 0x00,
    0x00, 0x3F, 0xFF, 0xFF, 0xF8, 0x00, 0x00, 0x3F, 0xFF, 0xFF, 0xF8, 0x00,
    0x00, 0x3F, 0xFF, 0xFF, 0xF8, 0x00, 0x00, 0x3F, 0xFF, 0xFF, 0xF8, 0x00,
    0x00, 0x3F, 0xFF, 0xFF, 0xF8, 0x00, 0x00, 0x3F, 0xFF, 0xFF, 0xF8, 0x00,
    0x00, 0x3F, 0xFF, 0xFF, 0xF8, 0x00, 0x00, 0x3F, 0xFF, 0xFF, 0xF8, 0x00,
    0x00, 0x3F, 0xFF, 0xFF, 0xFC, 0x00, 0x00, 0x7F, 0xFF, 0xFF, 0xFC, 0x00,
    0x00, 0x7F, 0xFE, 0xFF, 0xFC, 0x00, 0x00, 0x7F, 0xFE, 0xFF, 0xFC, 0x00,
    0x00, 0x7F, 0xFE, 0xFF, 0xFE, 0x00, 0x00, 0xFF, 0xFE, 0xFF, 0xFF, 0x00,
    0x00, 0xFF, 0xFC, 0xFF, 0xFF, 0x00, 0x01, 0xFF, 0xFC, 0xFF, 0xFF, 0x80,
    0x03, 0xFF, 0xFC, 0xFF, 0xFF, 0xC0, 0x07, 0xFF, 0xF8, 0xFF, 0xFF, 0xF8,
    0x1F, 0xFF, 0xF8, 0xFF, 0xFF, 0xFF, 0xFF, 0xFF, 0xF0, 0xFF, 0xFF, 0xFF,
    0xFF, 0xFF, 0xF0, 0xFF, 0xFF, 0xFF, 0xFF, 0xFF, 0xE0, 0xFF, 0xFF, 0xFF,
    0xFF, 0xFF, 0xE0, 0xFF, 0xFB, 0xFF, 0xFF, 0xFF, 0xC0, 0xFF, 0xF9, 0xFF,
    0xFF, 0xFF, 0x80, 0xFF, 0xF8, 0xFF, 0xFF, 0xFF, 0x00, 0xFF, 0xF8, 0x7F,
    0xFF, 0xFE, 0x00, 0xFF, 0xF8, 0x3F, 0xFF, 0xF8, 0x00, 0xFF, 0xF8, 0x0F,
    0xFF, 0xE0, 0x00, 0x00, 0x00, 0x01, 0xFF, 0x00, 0x00, 0x00, 0x00, 0x3F,
    0xFC, 0x00, 0x00, 0x00, 0x07, 0xFF, 0xFF, 0x00, 0x00, 0x00, 0x7F, 0xFF,
    0xFF, 0x00, 0x00, 0x07, 0xFF, 0xFF, 0xFF, 0x00, 0x00, 0x7F, 0xFF, 0xFF,
    0xFF, 0x00, 0x03, 0xFF, 0xFF, 0xFF, 0xFE, 0x00, 0x1F, 0xFF, 0xFF, 0xFF,
    0xFC, 0x00, 0xFF, 0xFF, 0xFF, 0xFF, 0xF8, 0x07, 0xFF, 0xFF, 0xFF, 0xFF,
    0xE0, 0x1F, 0xFF, 0xFF, 0xFF, 0xFF, 0xC0, 0xFF, 0xFF, 0xFF, 0xFF, 0xFF,
    0x07, 0xFF, 0xFE, 0x03, 0xFF, 0xFE, 0x1F, 0xFF, 0xE0, 0x03, 0xFF, 0xF8,
    0xFF, 0xFF, 0x00, 0x07, 0xFF, 0xE3, 0xFF, 0xF8, 0x00, 0x1F, 0xFF, 0xCF,
    0xFF, 0xC0, 0x00, 0x3F, 0xFF, 0x7F, 0xFF, 0x00, 0x00, 0xFF, 0xFD, 0xFF,
    0xF8, 0x00, 0x01, 0xFF, 0xF7, 0xFF, 0xE0, 0x00, 0x07, 0xFF, 0xDF, 0xFF,
    0x80, 0x00, 0x00, 0x00, 0xFF, 0xFE, 0x00, 0x00, 0x00, 0x03, 0xFF, 0xF0,
    0x00, 0x00, 0x00, 0x0F, 0xFF, 0xC0, 0x00, 0x00, 0x00, 0x3F, 0xFF, 0x00,
    0x00, 0x00, 0x00, 0xFF, 0xFC, 0x00, 0x00, 0x00, 0x03, 0xFF, 0xF0, 0x00,
    0x00, 0x00, 0x0F, 0xFF, 0xC0, 0x00, 0x00, 0x00, 0x3F, 0xFF, 0x00, 0x00,
    0x00, 0x00, 0xFF, 0xFC, 0x00, 0x00, 0x00, 0x03, 0xFF, 0xF0, 0x00, 0x00,
    0x00, 0x0F, 0xFF, 0xC0, 0x00, 0x00, 0x00, 0x3F, 0xFF, 0x00, 0x00, 0x00,
    0x00, 0xFF, 0xFC, 0x00, 0x00, 0x00, 0x03, 0xFF, 0xF8, 0x00, 0x01, 0xFF,
    0xF7, 0xFF, 0xE0, 0x00, 0x07, 0xFF, 0xDF, 0xFF, 0x80, 0x00, 0x3F, 0xFF,
    0x7F, 0xFF, 0x00, 0x00, 0xFF, 0xFD, 0xFF, 0xFC, 0x00, 0x03, 0xFF, 0xE3,
    0xFF, 0xF8, 0x00, 0x1F, 0xFF, 0x8F, 0xFF, 0xF0, 0x00, 0x7F, 0xFE, 0x1F,
    0xFF, 0xE0, 0x03, 0xFF, 0xF0, 0x7F, 0xFF, 0xE0, 0x3F, 0xFF, 0xC0, 0xFF,
    0xFF, 0xFF, 0xFF, 0xFE, 0x03, 0xFF, 0xFF, 0xFF, 0xFF, 0xF8, 0x07, 0xFF,
    0xFF, 0xFF, 0xFF, 0xC0, 0x0F, 0xFF, 0xFF, 0xFF, 0xFE, 0x00, 0x3F, 0xFF,
    0xFF, 0xFF, 0xF0, 0x00, 0x7F, 0xFF, 0xFF, 0xFF, 0x80, 0x00, 0xFF, 0xFF,
    0xFF, 0xFC, 0x00, 0x00, 0xFF, 0xFF, 0xFF, 0xE0, 0x00, 0x00, 0xFF, 0xFF,
    0xFE, 0x00, 0x00, 0x00, 0xFF, 0xFF, 0xE0, 0x00, 0x00, 0x00, 0x3F, 0xF8,
    0x00, 0x00, 0x00, 0x00, 0x00, 0x00, 0x1F, 0xFF, 0x00, 0x00, 0x00, 0x00,
    0x1F, 0xFF, 0x00, 0x00, 0x00, 0x00, 0x1F, 0xFF, 0x00, 0x00, 0x00, 0x00,
    0x1F, 0xFF, 0x00, 0x00, 0x00, 0x00, 0x1F, 0xFF, 0x00, 0x00, 0x00, 0x00,
    0x1F, 0xFF, 0x00, 0x00, 0x00, 0x00, 0x1F, 0xFF, 0x00, 0x00, 0x00, 0x00,
    0x1F, 0xFF, 0x00, 0x00, 0x00, 0x00, 0x1F, 0xFF, 0x00, 0x00, 0x00, 0x00,
    0x1F, 0xFF, 0x00, 0x00, 0x00, 0x00, 0x1F, 0xFF, 0x00, 0x00, 0x00, 0x00,
    0x1F, 0xFF, 0x00, 0x00, 0x00, 0x00, 0x1F, 0xFF, 0x00, 0x00, 0x00, 0x00,
    0x1F, 0xFF, 0x00, 0x00, 0x00, 0x00, 0x1F, 0xFF, 0x00, 0x00, 0x00, 0x00,
    0x1F, 0xFF, 0x00, 0x00, 0x00, 0x00, 0x1F, 0xFF, 0x00, 0x00, 0x7F, 0xC0,
    0x1F, 0xFF, 0x00, 0x07, 0xFF, 0xF8, 0x1F, 0xFF, 0x00, 0x1F, 0xFF, 0xFC,
    0x1F, 0xFF, 0x00, 0x3F, 0xFF, 0xFF, 0x1F, 0xFF, 0x00, 0x7F, 0xFF, 0xFF,
    0x9F, 0xFF, 0x01, 0xFF, 0xFF, 0xFF, 0xDF, 0xFF, 0x01, 0xFF, 0xFF, 0xFF,
    0xDF, 0xFF, 0x03, 0xFF, 0xFF, 0xFF, 0xFF, 0xFF, 0x07, 0xFF, 0xFF, 0xFF,
    0xFF, 0xFF, 0x0F, 0xFF, 0xFF, 0xFF, 0xFF, 0xFF, 0x0F, 0xFF, 0xFF, 0xFF,
    0xFF, 0xFF, 0x1F, 0xFF, 0xF8, 0x1F, 0xFF, 0xFF, 0x1F, 0xFF, 0xE0, 0x07,
    0xFF, 0xFF, 0x3F, 0xFF, 0xC0, 0x01, 0xFF, 0xFF, 0x3F, 0xFF, 0x80, 0x00,
    0xFF, 0xFF, 0x3F, 0xFF, 0x00, 0x00, 0xFF, 0xFF, 0x7F, 0xFF, 0x00, 0x00,
    0x7F, 0xFF, 0x7F, 0xFF, 0x00, 0x00, 0x7F, 0xFF, 0x7F, 0xFE, 0x00, 0x00,
    0x3F, 0xFF, 0x7F, 0xFE, 0x00, 0x00, 0x3F, 0xFF, 0xFF, 0xFE, 0x00, 0x00,
    0x3F, 0xFF, 0xFF, 0xFC, 0x00, 0x00, 0x1F, 0xFF, 0xFF, 0xFC, 0x00, 0x00,
    0x1F, 0xFF, 0xFF, 0xFC, 0x00, 0x00, 0x1F, 0xFF, 0xFF, 0xFC, 0x00, 0x00,
    0x1F, 0xFF, 0xFF, 0xFC, 0x00, 0x00, 0x1F, 0xFF, 0xFF, 0xFC, 0x00, 0x00,
    0x1F, 0xFF, 0xFF, 0xFC, 0x00, 0x00, 0x1F, 0xFF, 0xFF, 0xFC, 0x00, 0x00,
    0x1F, 0xFF, 0xFF, 0xFC, 0x00, 0x00, 0x1F, 0xFF, 0xFF, 0xFC, 0x00, 0x00,
    0x1F, 0xFF, 0xFF, 0xFC, 0x00, 0x00, 0x1F, 0xFF, 0xFF, 0xFE, 0x00, 0x00,
    0x3F, 0xFF, 0xFF, 0xFE, 0x00, 0x00, 0x3F, 0xFF, 0x7F, 0xFE, 0x00, 0x00,
    0x3F, 0xFF, 0x7F, 0xFE, 0x00, 0x00, 0x7F, 0xFF, 0x7F, 0xFF, 0x00, 0x00,
    0x7F, 0xFF, 0x7F, 0xFF, 0x00, 0x00, 0xFF, 0xFF, 0x3F, 0xFF, 0x80, 0x00,
    0xFF, 0xFF, 0x3F, 0xFF, 0xC0, 0x01, 0xFF, 0xFF, 0x1F, 0xFF, 0xE0, 0x03,
    0xFF, 0xFF, 0x1F, 0xFF, 0xF8, 0x0F, 0xFF, 0xFF, 0x0F, 0xFF, 0xFF, 0xFF,
    0xFF, 0xFF, 0x0F, 0xFF, 0xFF, 0xFF, 0xFF, 0xFF, 0x07, 0xFF, 0xFF, 0xFF,
    0xFF, 0xFF, 0x03, 0xFF, 0xFF, 0xFF, 0xEF, 0xFF, 0x03, 0xFF, 0xFF, 0xFF,
    0xCF, 0xFF, 0x01, 0xFF, 0xFF, 0xFF, 0x8F, 0xFF, 0x00, 0xFF, 0xFF, 0xFF,
    0x0F, 0xFF, 0x00, 0x3F, 0xFF, 0xFE, 0x0F, 0xFF, 0x00, 0x1F, 0xFF, 0xFC,
    0x0F, 0xFF, 0x00, 0x07, 0xFF, 0xF0, 0x00, 0x00, 0x00, 0x00, 0xFF, 0x80,
    0x00, 0x00, 0x00, 0x00, 0x1F, 0xF8, 0x00, 0x00, 0x00, 0x01, 0xFF, 0xFF,
    0x80, 0x00, 0x00, 0x07, 0xFF, 0xFF, 0xE0, 0x00, 0x00, 0x1F, 0xFF, 0xFF,
    0xF8, 0x00, 0x00, 0x7F, 0xFF, 0xFF, 0xFE, 0x00, 0x00, 0xFF, 0xFF, 0xFF,
    0xFF, 0x00, 0x01, 0xFF, 0xFF, 0xFF, 0xFF, 0x80, 0x03, 0xFF, 0xFF, 0xFF,
    0xFF, 0xC0, 0x07, 0xFF, 0xFF, 0xFF, 0xFF, 0xE0, 0x07, 0xFF, 0xFF, 0xFF,
    0xFF, 0xE0, 0x0F, 0xFF, 0xFF, 0xFF, 0xFF, 0xF0, 0x1F, 0xFF, 0xF0, 0x1F,
    0xFF, 0xF0, 0x1F, 0xFF, 0xC0, 0x07, 0xFF, 0xF8, 0x3F, 0xFF, 0x80, 0x01,
    0xFF, 0xF8, 0x3F, 0xFF, 0x00, 0x00, 0xFF, 0xFC, 0x3F, 0xFE, 0x00, 0x00,
    0xFF, 0xFC, 0x7F, 0xFE, 0x00, 0x00, 0x7F, 0xFC, 0x7F, 0xFC, 0x00, 0x00,
    0x7F, 0xFE, 0x7F, 0xFC, 0x00, 0x00, 0x3F, 0xFE, 0x7F, 0xFC, 0x00, 0x00,
    0x3F, 0xFE, 0x7F, 0xFC, 0x00, 0x00, 0x3F, 0xFE, 0xFF, 0xFF, 0xFF, 0xFF,
    0xFF, 0xFE, 0xFF, 0xFF, 0xFF, 0xFF, 0xFF, 0xFE, 0xFF, 0xFF, 0xFF, 0xFF,
    0xFF, 0xFE, 0xFF, 0xFF, 0xFF, 0xFF, 0xFF, 0xFF, 0xFF, 0xFF, 0xFF, 0xFF,
    0xFF, 0xFF, 0xFF, 0xFF, 0xFF, 0xFF, 0xFF, 0xFF, 0xFF, 0xFF, 0xFF, 0xFF,
    0xFF, 0xFF, 0xFF, 0xFF, 0xFF, 0xFF, 0xFF, 0xFF, 0xFF, 0xFF, 0xFF, 0xFF,
    0xFF, 0xFF, 0xFF, 0xF8, 0x00, 0x00, 0x00, 0x00, 0xFF, 0xF8, 0x00, 0x00,
    0x00, 0x00, 0xFF, 0xFC, 0x00, 0x00, 0x00, 0x00, 0x7F, 0xFC, 0x00, 0x00,
    0x00, 0x00, 0x7F, 0xFC, 0x00, 0x00, 0x00, 0x00, 0x7F, 0xFC, 0x00, 0x00,
    0x00, 0x00, 0x7F, 0xFE, 0x00, 0x00, 0x7F, 0xFE, 0x3F, 0xFE, 0x00, 0x00,
    0x7F, 0xFE, 0x3F, 0xFF, 0x00, 0x00, 0xFF, 0xFC, 0x3F, 0xFF, 0x80, 0x01,
    0xFF, 0xFC, 0x1F, 0xFF, 0xE0, 0x03, 0xFF, 0xFC, 0x1F, 0xFF, 0xF8, 0x0F,
    0xFF, 0xF8, 0x0F, 0xFF, 0xFF, 0xFF, 0xFF, 0xF8, 0x0F, 0xFF, 0xFF, 0xFF,
    0xFF, 0xF0, 0x07, 0xFF, 0xFF, 0xFF, 0xFF, 0xE0, 0x03, 0xFF, 0xFF, 0xFF,
    0xFF, 0xC0, 0x01, 0xFF, 0xFF, 0xFF, 0xFF, 0x80, 0x00, 0xFF, 0xFF, 0xFF,
    0xFF, 0x00, 0x00, 0x3F, 0xFF, 0xFF, 0xFE, 0x00, 0x00, 0x1F, 0xFF, 0xFF,
    0xFC, 0x00, 0x00, 0x07, 0xFF, 0xFF, 0xF0, 0x00, 0x00, 0x01, 0xFF, 0xFF,
    0xC0, 0x00, 0x00, 0x00, 0x1F, 0xFC, 0x00, 0x00, 0x00, 0x00, 0x7F, 0xF0,
    0x00, 0x1F, 0xFF, 0x80, 0x03, 0xFF, 0xFC, 0x00, 0x7F, 0xFF, 0xE0, 0x03,
    0xFF, 0xFF, 0x00, 0x3F, 0xFF, 0xF8, 0x03, 0xFF, 0xFF, 0xC0, 0x1F, 0xFF,
    0xFE, 0x00, 0xFF, 0xFF, 0xF0, 0x0F, 0xFF, 0xFF, 0x80, 0x7F, 0xFF, 0xFC,
    0x03, 0xFF, 0xF0, 0x00, 0x1F, 0xFF, 0x80, 0x00, 0xFF, 0xF8, 0x00, 0x07,
    0xFF, 0xC0, 0x00, 0x3F, 0xFE, 0x00, 0x01, 0xFF, 0xF0, 0x00, 0x0F, 0xFF,
    0x80, 0x00, 0x7F, 0xFC, 0x01, 0xFF, 0xFF, 0xFF, 0xFF, 0xFF, 0xFF, 0xFF,
    0xFF, 0xFF, 0xFF, 0xFF, 0xFF, 0xFF, 0xFF, 0xFF, 0xFF, 0xFF, 0xFF, 0xFF,
    0xFF, 0xFF, 0xFF, 0xFF, 0xFF, 0xFF, 0xFF, 0xFF, 0xFF, 0xFF, 0xFF, 0xFF,
    0xFF, 0xF0, 0x1F, 0xFF, 0x00, 0x00, 0xFF, 0xF8, 0x00, 0x07, 0xFF, 0xC0,
    0x00, 0x3F, 0xFE, 0x00, 0x01, 0xFF, 0xF0, 0x00, 0x0F, 0xFF, 0x80, 0x00,
    0x7F, 0xFC, 0x00, 0x03, 0xFF, 0xE0, 0x00, 0x1F, 0xFF, 0x00, 0x00, 0xFF,
    0xF8, 0x00, 0x07, 0xFF, 0xC0, 0x00, 0x3F, 0xFE, 0x00, 0x01, 0xFF, 0xF0,
    0x00, 0x0F, 0xFF, 0x80, 0x00, 0x7F, 0xFC, 0x00, 0x03, 0xFF, 0xE0, 0x00,
    0x1F, 0xFF, 0x00, 0x00, 0xFF, 0xF8, 0x00, 0x07, 0xFF, 0xC0, 0x00, 0x3F,
    0xFE, 0x00, 0x01, 0xFF, 0xF0, 0x00, 0x0F, 0xFF, 0x80, 0x00, 0x7F, 0xFC,
    0x00, 0x03, 0xFF, 0xE0, 0x00, 0x1F, 0xFF, 0x00, 0x00, 0xFF, 0xF8, 0x00,
    0x07, 0xFF, 0xC0, 0x00, 0x3F, 0xFE, 0x00, 0x01, 0xFF, 0xF0, 0x00, 0x0F,
    0xFF, 0x80, 0x00, 0x7F, 0xFC, 0x00, 0x03, 0xFF, 0xE0, 0x00, 0x1F, 0xFF,
    0x00, 0x00, 0xFF, 0xF8, 0x00, 0x07, 0xFF, 0xC0, 0x00, 0x3F, 0xFE, 0x00,
    0x01, 0xFF, 0xF0, 0x00, 0x0F, 0xFF, 0x80, 0x00, 0x7F, 0xFC, 0x00, 0x03,
    0xFF, 0xE0, 0x00, 0x00, 0x00, 0xFF, 0xC0, 0x00, 0x00, 0x00, 0x07, 0xFF,
    0xF8, 0x1F, 0xFF, 0x00, 0x1F, 0xFF, 0xFC, 0x1F, 0xFF, 0x00, 0x7F, 0xFF,
    0xFE, 0x1F, 0xFF, 0x00, 0xFF, 0xFF, 0xFF, 0x1F, 0xFF, 0x01, 0xFF, 0xFF,
    0xFF, 0x9F, 0xFF, 0x03, 0xFF, 0xFF, 0xFF, 0xDF, 0xFF, 0x07, 0xFF, 0xFF,
    0xFF, 0xFF, 0xFF, 0x07, 0xFF, 0xFF, 0xFF, 0xFF, 0xFF, 0x0F, 0xFF, 0xFF,
    0xFF, 0xFF, 0xFF, 0x0F, 0xFF, 0xFF, 0xFF, 0xFF, 0xFF, 0x1F, 0xFF, 0xF8,
    0x0F, 0xFF, 0xFF, 0x1F, 0xFF, 0xE0, 0x03, 0xFF, 0xFF, 0x3F, 0xFF, 0xC0,
    0x01, 0xFF, 0xFF, 0x3F, 0xFF, 0x80, 0x00, 0xFF, 0xFF, 0x7F, 0xFF, 0x00,
    0x00, 0x7F, 0xFF, 0x7F, 0xFF, 0x00, 0x00, 0x7F, 0xFF, 0x7F, 0xFE, 0x00,
    0x00, 0x3F, 0xFF, 0x7F, 0xFE, 0x00, 0x00, 0x3F, 0xFF, 0x7F, 0xFE, 0x00,
    0x00, 0x3F, 0xFF, 0xFF, 0xFC, 0x00, 0x00, 0x1F, 0xFF, 0xFF, 0xFC, 0x00,
    0x00, 0x1F, 0xFF, 0xFF, 0xFC, 0x00, 0x00, 0x1F, 0xFF, 0xFF, 0xFC, 0x00,
    0x00, 0x1F, 0xFF, 0xFF, 0xFC, 0x00, 0x00, 0x1F, 0xFF, 0xFF, 0xFC, 0x00,
    0x00, 0x1F, 0xFF, 0xFF, 0xFC, 0x00, 0x00, 0x1F, 0xFF, 0xFF, 0xFC, 0x00,
    0x00, 0x1F, 0xFF, 0xFF, 0xFC, 0x00, 0x00, 0x1F, 0xFF, 0xFF, 0xFC, 0x00,
    0x00, 0x1F, 0xFF, 0xFF, 0xFC, 0x00, 0x00, 0x1F, 0xFF, 0xFF, 0xFE, 0x00,
    0x00, 0x3F, 0xFF, 0xFF, 0xFE, 0x00, 0x00, 0x3F, 0xFF, 0x7F, 0xFE, 0x00,
    0x00, 0x3F, 0xFF, 0x7F, 0xFF, 0x00, 0x00, 0x7F, 0xFF, 0x7F, 0xFF, 0x00,
    0x00, 0x7F, 0xFF, 0x7F, 0xFF, 0x80, 0x00, 0xFF, 0xFF, 0x3F, 0xFF, 0xC0,
    0x01, 0xFF, 0xFF, 0x3F, 0xFF, 0xE0, 0x03, 0xFF, 0xFF, 0x1F, 0xFF, 0xF8,
    0x0F, 0xFF, 0xFF, 0x1F, 0xFF, 0xFF, 0xFF, 0xFF, 0xFF, 0x0F, 0xFF, 0xFF,
    0xFF, 0xFF, 0xFF, 0x0F, 0xFF, 0xFF, 0xFF, 0xFF, 0xFF, 0x07, 0xFF, 0xFF,
    0xFF, 0xFF, 0xFF, 0x03, 0xFF, 0xFF, 0xFF, 0xDF, 0xFF, 0x01, 0xFF, 0xFF,
    0xFF, 0x9F, 0xFF, 0x00, 0xFF, 0xFF, 0xFF, 0x9F, 0xFF, 0x00, 0x7F, 0xFF,
    0xFF, 0x1F, 0xFF, 0x00, 0x1F, 0xFF, 0xFC, 0x1F, 0xFF, 0x00, 0x07, 0xFF,
    0xF8, 0x1F, 0xFF, 0x00, 0x00, 0xFF, 0xC0, 0x1F, 0xFF, 0x00, 0x00, 0x00,
    0x00, 0x1F, 0xFF, 0x00, 0x00, 0x00, 0x00, 0x1F, 0xFF, 0x00, 0x00, 0x00,
    0x00, 0x3F, 0xFF, 0x00, 0x00, 0x00, 0x00, 0x3F, 0xFF, 0x00, 0x00, 0x00,
    0x00, 0x3F, 0xFE, 0x7F, 0xFE, 0x00, 0x00, 0x7F, 0xFE, 0x7F, 0xFF, 0x00,
    0x00, 0x7F, 0xFE, 0x7F, 0xFF, 0x00, 0x00, 0xFF, 0xFE, 0x3F, 0xFF, 0x80,
    0x03, 0xFF, 0xFC, 0x3F, 0xFF, 0xF0, 0x0F, 0xFF, 0xFC, 0x3F, 0xFF, 0xFF,
    0xFF, 0xFF, 0xF8, 0x1F, 0xFF, 0xFF, 0xFF, 0xFF, 0xF8, 0x1F, 0xFF, 0xFF,
    0xFF, 0xFF, 0xF0, 0x0F, 0xFF, 0xFF, 0xFF, 0xFF, 0xE0, 0x07, 0xFF, 0xFF,
    0xFF, 0xFF, 0xC0, 0x03, 0xFF, 0xFF, 0xFF, 0xFF, 0x80, 0x00, 0xFF, 0xFF,
    0xFF, 0xFF, 0x00, 0x00, 0x3F, 0xFF, 0xFF, 0xF8, 0x00, 0x00, 0x0F, 0xFF,
    0xFF, 0xE0, 0x00, 0x00, 0x00, 0x7F, 0xFC, 0x00, 0x00, 0xFF, 0xF8, 0x00,
    0x00, 0x00, 0x07, 0xFF, 0xC0, 0x00, 0x00, 0x00, 0x3F, 0xFE, 0x00, 0x00,
    0x00, 0x01, 0xFF, 0xF0, 0x00, 0x00, 0x00, 0x0F, 0xFF, 0x80, 0x00, 0x00,
    0x00, 0x7F, 0xFC, 0x00, 0x00, 0x00, 0x03, 0xFF, 0xE0, 0x00, 0x00, 0x00,
    0x1F, 0xFF, 0x00, 0x00, 0x00, 0x00, 0xFF, 0xF8, 0x00, 0x00, 0x00, 0x07,
    0xFF, 0xC0, 0x00, 0x00, 0x00, 0x3F, 0xFE, 0x00, 0x00, 0x00, 0x01, 0xFF,
    0xF0, 0x00, 0x00, 0x00, 0x0F, 0xFF, 0x80, 0x00, 0x00, 0x00, 0x7F, 0xFC,
    0x00, 0x00, 0x00, 0x03, 0xFF, 0xE0, 0x00, 0x00, 0x00, 0x1F, 0xFF, 0x00,
    0x00, 0x00, 0x00, 0xFF, 0xF8, 0x01, 0xFF, 0x00, 0x07, 0xFF, 0xC0, 0x7F,
    0xFF, 0x80, 0x3F, 0xFE, 0x0F, 0xFF, 0xFF, 0x01, 0xFF, 0xF0, 0xFF, 0xFF,
    0xFC, 0x0F, 0xFF, 0x8F, 0xFF, 0xFF, 0xF0, 0x7F, 0xFC, 0xFF, 0xFF, 0xFF,
    0xC3, 0xFF, 0xEF, 0xFF, 0xFF, 0xFF, 0x1F, 0xFF, 0xFF, 0xFF, 0xFF, 0xFC,
    0xFF, 0xFF, 0xFF, 0xFF, 0xFF, 0xE7, 0xFF, 0xFF, 0xFF, 0xFF, 0xFF, 0xBF,
    0xFF, 0xFF, 0xFF, 0xFF, 0xFD, 0xFF, 0xFF, 0xE0, 0x3F, 0xFF, 0xEF, 0xFF,
    0xFC, 0x00, 0x7F, 0xFF, 0xFF, 0xFF, 0xC0, 0x01, 0xFF, 0xFF, 0xFF, 0xFC,
    0x00, 0x07, 0xFF, 0xFF, 0xFF, 0xC0, 0x00, 0x3F, 0xFF, 0xFF, 0xFC, 0x00,
    0x01, 0xFF, 0xFF, 0xFF, 0xE0, 0x00, 0x07, 0xFF, 0xFF, 0xFF, 0x00, 0x00,
    0x3F, 0xFF, 0xFF, 0xF0, 0x00, 0x01, 0xFF, 0xFF, 0xFF, 0x80, 0x00, 0x0F,
    0xFF, 0xFF, 0xFC, 0x00, 0x00, 0x7F, 0xFF, 0xFF, 0xE0, 0x00, 0x03, 0xFF,
    0xFF, 0xFF, 0x00, 0x00, 0x1F, 0xFF, 0xFF, 0xF8, 0x00, 0x00, 0xFF, 0xFF,
    0xFF, 0xC0, 0x00, 0x07, 0xFF, 0xFF, 0xFE, 0x00, 0x00, 0x3F, 0xFF, 0xFF,
    0xF0, 0x00, 0x01, 0xFF, 0xFF, 0xFF, 0x80, 0x00, 0x0F, 0xFF, 0xFF, 0xFC,
    0x00, 0x00, 0x7F, 0xFF, 0xFF, 0xE0, 0x00, 0x03, 0xFF, 0xFF, 0xFF, 0x00,
    0x00, 0x1F, 0xFF, 0xFF, 0xF8, 0x00, 0x00, 0xFF, 0xFF, 0xFF, 0xC0, 0x00,
    0x07, 0xFF, 0xFF, 0xFE, 0x00, 0x00, 0x3F, 0xFF, 0xFF, 0xF0, 0x00, 0x01,
    0xFF, 0xFF, 0xFF, 0x80, 0x00, 0x0F, 0xFF, 0xFF, 0xFC, 0x00, 0x00, 0x7F,
    0xFF, 0xFF, 0xE0, 0x00, 0x03, 0xFF, 0xFF, 0xFF, 0x00, 0x00, 0x1F, 0xFF,
    0xFF, 0xF8, 0x00, 0x00, 0xFF, 0xFF, 0xFF, 0xC0, 0x00, 0x07, 0xFF, 0xFF,
    0xFE, 0x00, 0x00, 0x3F, 0xFF, 0xFF, 0xF0, 0x00, 0x01, 0xFF, 0xFF, 0xFF,
    0x80, 0x00, 0x0F, 0xFF, 0xFF, 0xFC, 0x00, 0x00, 0x7F, 0xFF, 0xFF, 0xE0,
    0x00, 0x03, 0xFF, 0xFF, 0xFF, 0x00, 0x00, 0x1F, 0xFF, 0xFF, 0xF8, 0x00,
    0x00, 0xFF, 0xFF, 0xFF, 0xC0, 0x00, 0x07, 0xFF, 0xFF, 0xFE, 0x00, 0x00,
    0x3F, 0xFE, 0xFF, 0xFF, 0xFF, 0xFF, 0xFF, 0xFF, 0xFF, 0xFF, 0xFF, 0xFF,
    0xFF, 0xFF, 0xFF, 0xFF, 0xFF, 0xFF, 0xFF, 0xFF, 0xFF, 0xF0, 0x00, 0x00,
    0x00, 0x00, 0x00, 0x00, 0x00, 0x00, 0x00, 0x3F, 0xFF, 0xFF, 0xFF, 0xFF,
    0xFF, 0xFF, 0xFF, 0xFF, 0xFF, 0xFF, 0xFF, 0xFF, 0xFF, 0xFF, 0xFF, 0xFF,
    0xFF, 0xFF, 0xFF, 0xFF, 0xFF, 0xFF, 0xFF, 0xFF, 0xFF, 0xFF, 0xFF, 0xFF,
    0xFF, 0xFF, 0xFF, 0xFF, 0xFF, 0xFF, 0xFF, 0xFF, 0xFF, 0xFF, 0xFF, 0xFF,
    0xFF, 0xFF, 0xFF, 0xFF, 0xFF, 0xFF, 0xFF, 0xFF, 0xFF, 0xFF, 0xFF, 0xFF,
    0xFF, 0xFF, 0xFF, 0xFF, 0xFF, 0xFF, 0xFF, 0xFF, 0xFF, 0xFF, 0xFF, 0xFF,
    0xFF, 0xFF, 0xFF, 0xFF, 0xFF, 0xFF, 0xFF, 0xFF, 0xFF, 0xFF, 0xFF, 0xFF,
    0xFF, 0xFF, 0xFF, 0xFF, 0xF0, 0x03, 0xFF, 0xE0, 0x7F, 0xFC, 0x0F, 0xFF,
    0x81, 0xFF, 0xF0, 0x3F, 0xFE, 0x07, 0xFF, 0xC0, 0xFF, 0xF8, 0x1F, 0xFF,
    0x03, 0xFF, 0xE0, 0x7F, 0xFC, 0x0F, 0xFF, 0x81, 0xFF, 0xF0, 0x00, 0x00,
    0x00, 0x00, 0x00, 0x00, 0x00, 0x00, 0x00, 0x00, 0x00, 0x00, 0x00, 0x00,
    0x00, 0x00, 0x01, 0xFF, 0xF0, 0x3F, 0xFE, 0x07, 0xFF, 0xC0, 0xFF, 0xF8,
    0x1F, 0xFF, 0x03, 0xFF, 0xE0, 0x7F, 0xFC, 0x0F, 0xFF, 0x81, 0xFF, 0xF0,
    0x3F, 0xFE, 0x07, 0xFF, 0xC0, 0xFF, 0xF8, 0x1F, 0xFF, 0x03, 0xFF, 0xE0,
    0x7F, 0xFC, 0x0F, 0xFF, 0x81, 0xFF, 0xF0, 0x3F, 0xFE, 0x07, 0xFF, 0xC0,
    0xFF, 0xF8, 0x1F, 0xFF, 0x03, 0xFF, 0xE0, 0x7F, 0xFC, 0x0F, 0xFF, 0x81,
    0xFF, 0xF0, 0x3F, 0xFE, 0x07, 0xFF, 0xC0, 0xFF, 0xF8, 0x1F, 0xFF, 0x03,
    0xFF, 0xE0, 0x7F, 0xFC, 0x0F, 0xFF, 0x81, 0xFF, 0xF0, 0x3F, 0xFE, 0x07,
    0xFF, 0xC0, 0xFF, 0xF8, 0x1F, 0xFF, 0x03, 0xFF, 0xE0, 0x7F, 0xFC, 0x0F,
    0xFF, 0x81, 0xFF, 0xF0, 0x3F, 0xFE, 0x07, 0xFF, 0xC0, 0xFF, 0xF8, 0x1F,
    0xFF, 0x03, 0xFF, 0xE0, 0x7F, 0xFC, 0x0F, 0xFF, 0x81, 0xFF, 0xF0, 0x3F,
    0xFE, 0x07, 0xFF, 0xC0, 0xFF, 0xF8, 0x1F, 0xFF, 0x03, 0xFF, 0xE0, 0x7F,
    0xFC, 0x0F, 0xFF, 0x81, 0xFF, 0xF0, 0x7F, 0xFE, 0x0F, 0xFF, 0xFF, 0xFF,
    0xFF, 0xFF, 0xFE, 0xFF, 0xFF, 0xDF, 0xFF, 0xFB, 0xFF, 0xFE, 0x7F, 0xFF,
    0xCF, 0xFF, 0xF1, 0xFF, 0xFC, 0x3F, 0xFE, 0x07, 0xFE, 0x00, 0xFF, 0xF8,
    0x00, 0x00, 0x00, 0x03, 0xFF, 0xE0, 0x00, 0x00, 0x00, 0x0F, 0xFF, 0x80,
    0x00, 0x00, 0x00, 0x3F, 0xFE, 0x00, 0x00, 0x00, 0x00, 0xFF, 0xF8, 0x00,
    0x00, 0x00, 0x03, 0xFF, 0xE0, 0x00, 0x00, 0x00, 0x0F, 0xFF, 0x80, 0x00,
    0x00, 0x00, 0x3F, 0xFE, 0x00, 0x00, 0x00, 0x00, 0xFF, 0xF8, 0x00, 0x00,
    0x00, 0x03, 0xFF, 0xE0, 0x00, 0x00, 0x00, 0x0F, 0xFF, 0x80, 0x00, 0x00,
    0x00, 0x3F, 0xFE, 0x00, 0x00, 0x00, 0x00, 0xFF, 0xF8, 0x00, 0x00, 0x00,
    0x03, 0xFF, 0xE0, 0x00, 0x00, 0x00, 0x0F, 0xFF, 0x80, 0x00, 0x00, 0x00,
    0x3F, 0xFE, 0x00, 0x00, 0x00, 0x00, 0xFF, 0xF8, 0x00, 0x00, 0x00, 0x03,
    0xFF, 0xE0, 0x00, 0x1F, 0xFF, 0xFF, 0xFF, 0x80, 0x00, 0xFF, 0xFF, 0x3F,
    0xFE, 0x00, 0x07, 0xFF, 0xF8, 0xFF, 0xF8, 0x00, 0x3F, 0xFF, 0xE3, 0xFF,
    0xE0, 0x00, 0xFF, 0xFF, 0x0F, 0xFF, 0x80, 0x07, 0xFF, 0xF8, 0x3F, 0xFE,
    0x00, 0x3F, 0xFF, 0xC0, 0xFF, 0xF8, 0x01, 0xFF, 0xFE, 0x03, 0xFF, 0xE0,
    0x0F, 0xFF, 0xF0, 0x0F, 0xFF, 0x80, 0x7F, 0xFF, 0x80, 0x3F, 0xFE, 0x03,
    0xFF, 0xFC, 0x00, 0xFF, 0xF8, 0x0F, 0xFF, 0xE0, 0x03, 0xFF, 0xE0, 0x7F,
    0xFF, 0x00, 0x0F, 0xFF, 0x83, 0xFF, 0xF8, 0x00, 0x3F, 0xFE, 0x1F, 0xFF,
    0xC0, 0x00, 0xFF, 0xF8, 0xFF, 0xFF, 0x00, 0x03, 0xFF, 0xE7, 0xFF, 0xF8,
    0x00, 0x0F, 0xFF, 0xBF, 0xFF, 0xC0, 0x00, 0x3F, 0xFF, 0xFF, 0xFE, 0x00,
    0x00, 0xFF, 0xFF, 0xFF, 0xF0, 0x00, 0x03, 0xFF, 0xFF, 0xFF, 0xE0, 0x00,
    0x0F, 0xFF, 0xFF, 0xFF, 0x80, 0x00, 0x3F, 0xFF, 0xFF, 0xFF, 0x00, 0x00,
    0xFF, 0xFF, 0xFF, 0xFC, 0x00, 0x03, 0xFF, 0xFF, 0xFF, 0xF8, 0x00, 0x0F,
    0xFF, 0xFF, 0xFF, 0xF0, 0x00, 0x3F, 0xFF, 0xFF, 0xFF, 0xC0, 0x00, 0xFF,
    0xFF, 0xFF, 0xFF, 0x80, 0x03, 0xFF, 0xFF, 0xFF, 0xFE, 0x00, 0x0F, 0xFF,
    0xFD, 0xFF, 0xFC, 0x00, 0x3F, 0xFF, 0xE7, 0xFF, 0xF8, 0x00, 0xFF, 0xFF,
    0x0F, 0xFF, 0xE0, 0x03, 0xFF, 0xF8, 0x1F, 0xFF, 0xC0, 0x0F, 0xFF, 0xC0,
    0x7F, 0xFF, 0x00, 0x3F, 0xFE, 0x00, 0xFF, 0xFE, 0x00, 0xFF, 0xF8, 0x03,
    0xFF, 0xFC, 0x03, 0xFF, 0xE0, 0x07, 0xFF, 0xF0, 0x0F, 0xFF, 0x80, 0x1F,
    0xFF, 0xE0, 0x3F, 0xFE, 0x00, 0x3F, 0xFF, 0x80, 0xFF, 0xF8, 0x00, 0x7F,
    0xFF, 0x03, 0xFF, 0xE0, 0x01, 0xFF, 0xFE, 0x0F, 0xFF, 0x80, 0x03, 0xFF,
    0xF8, 0x3F, 0xFE, 0x00, 0x0F, 0xFF, 0xF0, 0xFF, 0xF8, 0x00, 0x1F, 0xFF,
    0xC3, 0xFF, 0xE0, 0x00, 0x7F, 0xFF, 0x8F, 0xFF, 0x80, 0x00, 0xFF, 0xFF,
    0x3F, 0xFE, 0x00, 0x03, 0xFF, 0xFC, 0xFF, 0xF8, 0x00, 0x07, 0xFF, 0xFB,
    0xFF, 0xE0, 0x00, 0x0F, 0xFF, 0xEF, 0xFF, 0x80, 0x00, 0x3F, 0xFF, 0xC0,
    0xFF, 0xFF, 0xFF, 0xFF, 0xFF, 0xFF, 0xFF, 0xFF, 0xFF, 0xFF, 0xFF, 0xFF,
    0xFF, 0xFF, 0xFF, 0xFF, 0xFF, 0xFF, 0xFF, 0xFF, 0xFF, 0xFF, 0xFF, 0xFF,
    0xFF, 0xFF, 0xFF, 0xFF, 0xFF, 0xFF, 0xFF, 0xFF, 0xFF, 0xFF, 0xFF, 0xFF,
    0xFF, 0xFF, 0xFF, 0xFF, 0xFF, 0xFF, 0xFF, 0xFF, 0xFF, 0xFF, 0xFF, 0xFF,
    0xFF, 0xFF, 0xFF, 0xFF, 0xFF, 0xFF, 0xFF, 0xFF, 0xFF, 0xFF, 0xFF, 0xFF,
    0xFF, 0xFF, 0xFF, 0xFF, 0xFF, 0xFF, 0xFF, 0xFF, 0xFF, 0xFF, 0xFF, 0xFF,
    0xFF, 0xFF, 0xFF, 0xFF, 0xFF, 0xFF, 0xFF, 0xFF, 0xFF, 0xFF, 0xFF, 0xFF,
    0xFF, 0xFF, 0xFF, 0xFF, 0xFF, 0xFF, 0xFF, 0xFF, 0xFF, 0xFF, 0xFF, 0xFF,
    0xFF, 0xFF, 0xFF, 0xFF, 0xFF, 0xFF, 0xFF, 0xFF, 0xFF, 0xFF, 0xFF, 0xFF,
    0xFF, 0xFF, 0xF0, 0x00, 0x00, 0x03, 0xFE, 0x00, 0x00, 0x1F, 0xF0, 0x01,
    0xFF, 0xE0, 0x3F, 0xFF, 0x80, 0x01, 0xFF, 0xF8, 0x03, 0xFF, 0xC0, 0xFF,
    0xFF, 0xC0, 0x0F, 0xFF, 0xFC, 0x07, 0xFF, 0x87, 0xFF, 0xFF, 0xC0, 0x3F,
    0xFF, 0xFE, 0x0F, 0xFF, 0x1F, 0xFF, 0xFF, 0xC1, 0xFF, 0xFF, 0xFE, 0x1F,
    0xFE, 0x7F, 0xFF, 0xFF, 0xC7, 0xFF, 0xFF, 0xFE, 0x3F, 0xFC, 0xFF, 0xFF,
    0xFF, 0x8F, 0xFF, 0xFF, 0xFC, 0x7F, 0xFB, 0xFF, 0xFF, 0xFF, 0xBF, 0xFF,
    0xFF, 0xFC, 0xFF, 0xFF, 0xFF, 0xFF, 0xFF, 0xFF, 0xFF, 0xFF, 0xF9, 0xFF,
    0xFF, 0xFF, 0xFF, 0xFF, 0xFF, 0xFF, 0xFF, 0xFB, 0xFF, 0xFF, 0xFF, 0xFF,
    0xFF, 0xFF, 0xFF, 0xFF, 0xF7, 0xFF, 0xFE, 0x07, 0xFF, 0xFF, 0xF0, 0x1F,
    0xFF, 0xEF, 0xFF, 0xF0, 0x03, 0xFF, 0xFF, 0x80, 0x0F, 0xFF, 0xFF, 0xFF,
    0xC0, 0x03, 0xFF, 0xFE, 0x00, 0x1F, 0xFF, 0xFF, 0xFF, 0x00, 0x03, 0xFF,
    0xFC, 0x00, 0x1F, 0xFF, 0xFF, 0xFE, 0x00, 0x07, 0xFF, 0xF0, 0x00, 0x3F,
    0xFF, 0xFF, 0xF8, 0x00, 0x07, 0xFF, 0xE0, 0x00, 0x3F, 0xFF, 0xFF, 0xF0,
    0x00, 0x0F, 0xFF, 0x80, 0x00, 0x7F, 0xFF, 0xFF, 0xE0, 0x00, 0x1F, 0xFF,
    0x00, 0x00, 0xFF, 0xFF, 0xFF, 0xC0, 0x00, 0x3F, 0xFE, 0x00, 0x01, 0xFF,
    0xFF, 0xFF, 0x80, 0x00, 0x7F, 0xFC, 0x00, 0x03, 0xFF, 0xFF, 0xFF, 0x00,
    0x00, 0xFF, 0xF8, 0x00, 0x07, 0xFF, 0xFF, 0xFE, 0x00, 0x01, 0xFF, 0xF0,
    0x00, 0x0F, 0xFF, 0xFF, 0xFC, 0x00, 0x03, 0xFF, 0xE0, 0x00, 0x1F, 0xFF,
    0xFF, 0xF8, 0x00, 0x07, 0xFF, 0xC0, 0x00, 0x3F, 0xFF, 0xFF, 0xF0, 0x00,
    0x0F, 0xFF, 0x80, 0x00, 0x7F, 0xFF, 0xFF, 0xE0, 0x00, 0x1F, 0xFF, 0x00,
    0x00, 0xFF, 0xFF, 0xFF, 0xC0, 0x00, 0x3F, 0xFE, 0x00, 0x01, 0xFF, 0xFF,
    0xFF, 0x80, 0x00, 0x7F, 0xFC, 0x00, 0x03, 0xFF, 0xFF, 0xFF, 0x00, 0x00,
    0xFF, 0xF8, 0x00, 0x07, 0xFF, 0xFF, 0xFE, 0x00, 0x01, 0xFF, 0xF0, 0x00,
    0x0F, 0xFF, 0xFF, 0xFC, 0x00, 0x03, 0xFF, 0xE0, 0x00, 0x1F, 0xFF, 0xFF,
    0xF8, 0x00, 0x07, 0xFF, 0xC0, 0x00, 0x3F, 0xFF, 0xFF, 0xF0, 0x00, 0x0F,
    0xFF, 0x80, 0x00, 0x7F, 0xFF, 0xFF, 0xE0, 0x00, 0x1F, 0xFF, 0x00, 0x00,
    0xFF, 0xFF, 0xFF, 0xC0, 0x00, 0x3F, 0xFE, 0x00, 0x01, 0xFF, 0xFF, 0xFF,
    0x80, 0x00, 0x7F, 0xFC, 0x00, 0x03, 0xFF, 0xFF, 0xFF, 0x00, 0x00, 0xFF,
    0xF8, 0x00, 0x07, 0xFF, 0xFF, 0xFE, 0x00, 0x01, 0xFF, 0xF0, 0x00, 0x0F,
    0xFF, 0xFF, 0xFC, 0x00, 0x03, 0xFF, 0xE0, 0x00, 0x1F, 0xFF, 0xFF, 0xF8,
    0x00, 0x07, 0xFF, 0xC0, 0x00, 0x3F, 0xFF, 0xFF, 0xF0, 0x00, 0x0F, 0xFF,
    0x80, 0x00, 0x7F, 0xFF, 0xFF, 0xE0, 0x00, 0x1F, 0xFF, 0x00, 0x00, 0xFF,
    0xFF, 0xFF, 0xC0, 0x00, 0x3F, 0xFE, 0x00, 0x01, 0xFF, 0xFF, 0xFF, 0x80,
    0x00, 0x7F, 0xFC, 0x00, 0x03, 0xFF, 0xFF, 0xFF, 0x00, 0x00, 0xFF, 0xF8,
    0x00, 0x07, 0xFF, 0xFF, 0xFE, 0x00, 0x01, 0xFF, 0xF0, 0x00, 0x0F, 0xFF,
    0xFF, 0xFC, 0x00, 0x03, 0xFF, 0xE0, 0x00, 0x1F, 0xFF, 0xFF, 0xF8, 0x00,
    0x07, 0xFF, 0xC0, 0x00, 0x3F, 0xFF, 0xFF, 0xF0, 0x00, 0x0F, 0xFF, 0x80,
    0x00, 0x7F, 0xFF, 0xFF, 0xE0, 0x00, 0x1F, 0xFF, 0x00, 0x00, 0xFF, 0xF8,
    0x00, 0x00, 0x01, 0xFF, 0x80, 0x07, 0xFF, 0xC0, 0x7F, 0xFF, 0x80, 0x3F,
    0xFE, 0x0F, 0xFF, 0xFF, 0x01, 0xFF, 0xF0, 0xFF, 0xFF, 0xFC, 0x0F, 0xFF,
    0x8F, 0xFF, 0xFF, 0xF8, 0x7F, 0xFC, 0xFF, 0xFF, 0xFF, 0xE3, 0xFF, 0xEF,
    0xFF, 0xFF, 0xFF, 0x1F, 0xFF, 0xFF, 0xFF, 0xFF, 0xFC, 0xFF, 0xFF, 0xFF,
    0xFF, 0xFF, 0xE7, 0xFF, 0xFF, 0xFF, 0xFF, 0xFF, 0xBF, 0xFF, 0xFF, 0xFF,
    0xFF, 0xFD, 0xFF, 0xFF, 0xC0, 0x1F, 0xFF, 0xEF, 0xFF, 0xF8, 0x00, 0x7F,
    0xFF, 0xFF, 0xFF, 0x80, 0x01, 0xFF, 0xFF, 0xFF, 0xF8, 0x00, 0x07, 0xFF,
    0xFF, 0xFF, 0xC0, 0x00, 0x3F, 0xFF, 0xFF, 0xFC, 0x00, 0x00, 0xFF, 0xFF,
    0xFF, 0xE0, 0x00, 0x07, 0xFF, 0xFF, 0xFF, 0x00, 0x00, 0x3F, 0xFF, 0xFF,
    0xF0, 0x00, 0x01, 0xFF, 0xFF, 0xFF, 0x80, 0x00, 0x0F, 0xFF, 0xFF, 0xFC,
    0x00, 0x00, 0x7F, 0xFF, 0xFF, 0xE0, 0x00, 0x03, 0xFF, 0xFF, 0xFF, 0x00,
    0x00, 0x1F, 0xFF, 0xFF, 0xF8, 0x00, 0x00, 0xFF, 0xFF, 0xFF, 0xC0, 0x00,
    0x07, 0xFF, 0xFF, 0xFE, 0x00, 0x00, 0x3F, 0xFF, 0xFF, 0xF0, 0x00, 0x01,
    0xFF, 0xFF, 0xFF, 0x80, 0x00, 0x0F, 0xFF, 0xFF, 0xFC, 0x00, 0x00, 0x7F,
    0xFF, 0xFF, 0xE0, 0x00, 0x03, 0xFF, 0xFF, 0xFF, 0x00, 0x00, 0x1F, 0xFF,
    0xFF, 0xF8, 0x00, 0x00, 0xFF, 0xFF, 0xFF, 0xC0, 0x00, 0x07, 0xFF, 0xFF,
    0xFE, 0x00, 0x00, 0x3F, 0xFF, 0xFF, 0xF0, 0x00, 0x01, 0xFF, 0xFF, 0xFF,
    0x80, 0x00, 0x0F, 0xFF, 0xFF, 0xFC, 0x00, 0x00, 0x7F, 0xFF, 0xFF, 0xE0,
    0x00, 0x03, 0xFF, 0xFF, 0xFF, 0x00, 0x00, 0x1F, 0xFF, 0xFF, 0xF8, 0x00,
    0x00, 0xFF, 0xFF, 0xFF, 0xC0, 0x00, 0x07, 0xFF, 0xFF, 0xFE, 0x00, 0x00,
    0x3F, 0xFF, 0xFF, 0xF0, 0x00, 0x01, 0xFF, 0xFF, 0xFF, 0x80, 0x00, 0x0F,
    0xFF, 0xFF, 0xFC, 0x00, 0x00, 0x7F, 0xFF, 0xFF, 0xE0, 0x00, 0x03, 0xFF,
    0xFF, 0xFF, 0x00, 0x00, 0x1F, 0xFF, 0xFF, 0xF8, 0x00, 0x00, 0xFF, 0xFF,
    0xFF, 0xC0, 0x00, 0x07, 0xFF, 0xFF, 0xFE, 0x00, 0x00, 0x3F, 0xFE, 0x00,
    0x00, 0x0F, 0xFF, 0x00, 0x00, 0x00, 0x00, 0x1F, 0xFF, 0xFC, 0x00, 0x00,
    0x00, 0x1F, 0xFF, 0xFF, 0xF0, 0x00, 0x00, 0x0F, 0xFF, 0xFF, 0xFF, 0x80,
    0x00, 0x03, 0xFF, 0xFF, 0xFF, 0xF8, 0x00, 0x00, 0xFF, 0xFF, 0xFF, 0xFF,
    0x80, 0x00, 0x3F, 0xFF, 0xFF, 0xFF, 0xF8, 0x00, 0x0F, 0xFF, 0xFF, 0xFF,
    0xFF, 0x80, 0x03, 0xFF, 0xFF, 0xFF, 0xFF, 0xF8, 0x00, 0xFF, 0xFF, 0xFF,
    0xFF, 0xFF, 0x80, 0x1F, 0xFF, 0xFF, 0xFF, 0xFF, 0xF0, 0x07, 0xFF, 0xFE,
    0x03, 0xFF, 0xFF, 0x01, 0xFF, 0xFF, 0x00, 0x1F, 0xFF, 0xF0, 0x3F, 0xFF,
    0x80, 0x00, 0xFF, 0xFE, 0x0F, 0xFF, 0xF0, 0x00, 0x0F, 0xFF, 0xE1, 0xFF,
    0xFC, 0x00, 0x01, 0xFF, 0xFC, 0x3F, 0xFF, 0x00, 0x00, 0x1F, 0xFF, 0x8F,
    0xFF, 0xE0, 0x00, 0x03, 0xFF, 0xF9, 0xFF, 0xF8, 0x00, 0x00, 0x3F, 0xFF,
    0x3F, 0xFF, 0x00, 0x00, 0x07, 0xFF, 0xE7, 0xFF, 0xE0, 0x00, 0x00, 0xFF,
    0xFD, 0xFF, 0xF8, 0x00, 0x00, 0x0F, 0xFF, 0xFF, 0xFF, 0x00, 0x00, 0x01,
    0xFF, 0xFF, 0xFF, 0xE0, 0x00, 0x00, 0x3F, 0xFF, 0xFF, 0xFC, 0x00, 0x00,
    0x07, 0xFF, 0xFF, 0xFF, 0x80, 0x00, 0x00, 0xFF, 0xFF, 0xFF, 0xF0, 0x00,
    0x00, 0x1F, 0xFF, 0xFF, 0xFE, 0x00, 0x00, 0x03, 0xFF, 0xFF, 0xFF, 0xC0,
    0x00, 0x00, 0x7F, 0xFF, 0xFF, 0xF8, 0x00, 0x00, 0x0F, 0xFF, 0xFF, 0xFF,
    0x00, 0x00, 0x01, 0xFF, 0xFF, 0xFF, 0xE0, 0x00, 0x00, 0x3F, 0xFF, 0xFF,
    0xFC, 0x00, 0x00, 0x07, 0xFF, 0xEF, 0xFF, 0xC0, 0x00, 0x01, 0xFF, 0xF9,
    0xFF, 0xF8, 0x00, 0x00, 0x3F, 0xFF, 0x3F, 0xFF, 0x00, 0x00, 0x07, 0xFF,
    0xE7, 0xFF, 0xF0, 0x00, 0x01, 0xFF, 0xFC, 0x7F, 0xFE, 0x00, 0x00, 0x3F,
    0xFF, 0x0F, 0xFF, 0xE0, 0x00, 0x0F, 0xFF, 0xE1, 0xFF, 0xFE, 0x00, 0x03,
    0xFF, 0xFC, 0x1F, 0xFF, 0xC0, 0x00, 0x7F, 0xFF, 0x03, 0xFF, 0xFE, 0x00,
    0x3F, 0xFF, 0xE0, 0x3F, 0xFF, 0xF0, 0x1F, 0xFF, 0xF8, 0x07, 0xFF, 0xFF,
    0xFF, 0xFF, 0xFE, 0x00, 0x7F, 0xFF, 0xFF, 0xFF, 0xFF, 0xC0, 0x07, 0xFF,
    0xFF, 0xFF, 0xFF, 0xF0, 0x00, 0x7F, 0xFF, 0xFF, 0xFF, 0xFC, 0x00, 0x07,
    0xFF, 0xFF, 0xFF, 0xFF, 0x00, 0x00, 0x7F, 0xFF, 0xFF, 0xFF, 0xC0, 0x00,
    0x07, 0xFF, 0xFF, 0xFF, 0xF0, 0x00, 0x00, 0x7F, 0xFF, 0xFF, 0xFC, 0x00,
    0x00, 0x03, 0xFF, 0xFF, 0xFE, 0x00, 0x00, 0x00, 0x1F, 0xFF, 0xFF, 0x00,
    0x00, 0x00, 0x00, 0x3F, 0xFE, 0x00, 0x00, 0x00, 0x00, 0x00, 0x01, 0xFF,
    0x00, 0x00, 0xFF, 0xF8, 0x0F, 0xFF, 0xE0, 0x00, 0xFF, 0xF8, 0x3F, 0xFF,
    0xF8, 0x00, 0xFF, 0xF8, 0x7F, 0xFF, 0xFE, 0x00, 0xFF, 0xF8, 0xFF, 0xFF,
    0xFF, 0x00, 0xFF, 0xF9, 0xFF, 0xFF, 0xFF, 0x80, 0xFF, 0xFB, 0xFF, 0xFF,
    0xFF, 0xC0, 0xFF, 0xFF, 0xFF, 0xFF, 0xFF, 0xE0, 0xFF, 0xFF, 0xFF, 0xFF,
    0xFF, 0xF0, 0xFF, 0xFF, 0xFF, 0xFF, 0xFF, 0xF0, 0xFF, 0xFF, 0xFF, 0xFF,
    0xFF, 0xF8, 0xFF, 0xFF, 0xF0, 0x1F, 0xFF, 0xF8, 0xFF, 0xFF, 0xC0, 0x07,
    0xFF, 0xFC, 0xFF, 0xFF, 0x80, 0x03, 0xFF, 0xFC, 0xFF, 0xFF, 0x00, 0x01,
    0xFF, 0xFE, 0xFF, 0xFE, 0x00, 0x00, 0xFF, 0xFE, 0xFF, 0xFE, 0x00, 0x00,
    0xFF, 0xFE, 0xFF, 0xFC, 0x00, 0x00, 0x7F, 0xFE, 0xFF, 0xFC, 0x00, 0x00,
    0x7F, 0xFE, 0xFF, 0xFC, 0x00, 0x00, 0x7F, 0xFF, 0xFF, 0xFC, 0x00, 0x00,
    0x7F, 0xFF, 0xFF, 0xF8, 0x00, 0x00, 0x3F, 0xFF, 0xFF, 0xF8, 0x00, 0x00,
    0x3F, 0xFF, 0xFF, 0xF8, 0x00, 0x00, 0x3F, 0xFF, 0xFF, 0xF8, 0x00, 0x00,
    0x3F, 0xFF, 0xFF, 0xF8, 0x00, 0x00, 0x3F, 0xFF, 0xFF, 0xF8, 0x00, 0x00,
    0x3F, 0xFF, 0xFF, 0xF8, 0x00, 0x00, 0x3F, 0xFF, 0xFF, 0xF8, 0x00, 0x00,
    0x3F, 0xFF, 0xFF, 0xF8, 0x00, 0x00, 0x3F, 0xFF, 0xFF, 0xF8, 0x00, 0x00,
    0x3F, 0xFF, 0xFF, 0xF8, 0x00, 0x00, 0x7F, 0xFF, 0xFF, 0xFC, 0x00, 0x00,
    0x7F, 0xFE, 0xFF, 0xFC, 0x00, 0x00, 0x7F, 0xFE, 0xFF, 0xFC, 0x00, 0x00,
    0xFF, 0xFE, 0xFF, 0xFE, 0x00, 0x00, 0xFF, 0xFE, 0xFF, 0xFE, 0x00, 0x01,
    0xFF, 0xFE, 0xFF, 0xFF, 0x00, 0x01, 0xFF, 0xFC, 0xFF, 0xFF, 0x80, 0x03,
    0xFF, 0xFC, 0xFF, 0xFF, 0xC0, 0x07, 0xFF, 0xFC, 0xFF, 0xFF, 0xF0, 0x1F,
    0xFF, 0xF8, 0xFF, 0xFF, 0xFF, 0xFF, 0xFF, 0xF8, 0xFF, 0xFF, 0xFF, 0xFF,
    0xFF, 0xF0, 0xFF, 0xFF, 0xFF, 0xFF, 0xFF, 0xE0, 0xFF, 0xFF, 0xFF, 0xFF,
    0xFF, 0xE0, 0xFF, 0xFB, 0xFF, 0xFF, 0xFF, 0xC0, 0xFF, 0xF9, 0xFF, 0xFF,
    0xFF, 0x80, 0xFF, 0xF8, 0xFF, 0xFF, 0xFF, 0x00, 0xFF, 0xF8, 0x7F, 0xFF,
    0xFC, 0x00, 0xFF, 0xF8, 0x3F, 0xFF, 0xF8, 0x00, 0xFF, 0xF8, 0x0F, 0xFF,
    0xE0, 0x00, 0xFF, 0xF8, 0x01, 0xFF, 0x00, 0x00, 0xFF, 0xF8, 0x00, 0x00,
    0x00, 0x00, 0xFF, 0xF8, 0x00, 0x00, 0x00, 0x00, 0xFF, 0xF8, 0x00, 0x00,
    0x00, 0x00, 0xFF, 0xF8, 0x00, 0x00, 0x00, 0x00, 0xFF, 0xF8, 0x00, 0x00,
    0x00, 0x00, 0xFF, 0xF8, 0x00, 0x00, 0x00, 0x00, 0xFF, 0xF8, 0x00, 0x00,
    0x00, 0x00, 0xFF, 0xF8, 0x00, 0x00, 0x00, 0x00, 0xFF, 0xF8, 0x00, 0x00,
    0x00, 0x00, 0xFF, 0xF8, 0x00, 0x00, 0x00, 0x00, 0xFF, 0xF8, 0x00, 0x00,
    0x00, 0x00, 0xFF, 0xF8, 0x00, 0x00, 0x00, 0x00, 0xFF, 0xF8, 0x00, 0x00,
    0x00, 0x00, 0xFF, 0xF8, 0x00, 0x00, 0x00, 0x00, 0xFF, 0xF8, 0x00, 0x00,
    0x00, 0x00, 0xFF, 0xF8, 0x00, 0x00, 0x00, 0x00, 0xFF, 0xF8, 0x00, 0x00,
    0x00, 0x00, 0xFF, 0xF8, 0x00, 0x00, 0x00, 0x00, 0x00, 0x00, 0xFF, 0x80,
    0x00, 0x00, 0x00, 0x07, 0xFF, 0xF0, 0x00, 0x00, 0x00, 0x1F, 0xFF, 0xFC,
    0x1F, 0xFF, 0x00, 0x3F, 0xFF, 0xFE, 0x1F, 0xFF, 0x00, 0x7F, 0xFF, 0xFF,
    0x1F, 0xFF, 0x00, 0xFF, 0xFF, 0xFF, 0x9F, 0xFF, 0x01, 0xFF, 0xFF, 0xFF,
    0x9F, 0xFF, 0x03, 0xFF, 0xFF, 0xFF, 0xDF, 0xFF, 0x07, 0xFF, 0xFF, 0xFF,
    0xFF, 0xFF, 0x07, 0xFF, 0xFF, 0xFF, 0xFF, 0xFF, 0x0F, 0xFF, 0xFF, 0xFF,
    0xFF, 0xFF, 0x1F, 0xFF, 0xFF, 0xFF, 0xFF, 0xFF, 0x1F, 0xFF, 0xF8, 0x0F,
    0xFF, 0xFF, 0x3F, 0xFF, 0xE0, 0x03, 0xFF, 0xFF, 0x3F, 0xFF, 0xC0, 0x01,
    0xFF, 0xFF, 0x3F, 0xFF, 0x80, 0x00, 0xFF, 0xFF, 0x7F, 0xFF, 0x00, 0x00,
    0x7F, 0xFF, 0x7F, 0xFF, 0x00, 0x00, 0x7F, 0xFF, 0x7F, 0xFE, 0x00, 0x00,
    0x3F, 0xFF, 0x7F, 0xFE, 0x00, 0x00, 0x3F, 0xFF, 0xFF, 0xFE, 0x00, 0x00,
    0x3F, 0xFF, 0xFF, 0xFE, 0x00, 0x00, 0x3F, 0xFF, 0xFF, 0xFC, 0x00, 0x00,
    0x1F, 0xFF, 0xFF, 0xFC, 0x00, 0x00, 0x1F, 0xFF, 0xFF, 0xFC, 0x00, 0x00,
    0x1F, 0xFF, 0xFF, 0xFC, 0x00, 0x00, 0x1F, 0xFF, 0xFF, 0xFC, 0x00, 0x00,
    0x1F, 0xFF, 0xFF, 0xFC, 0x00, 0x00, 0x1F, 0xFF, 0xFF, 0xFC, 0x00, 0x00,
    0x1F, 0xFF, 0xFF, 0xFC, 0x00, 0x00, 0x1F, 0xFF, 0xFF, 0xFC, 0x00, 0x00,
    0x1F, 0xFF, 0xFF, 0xFC, 0x00, 0x00, 0x1F, 0xFF, 0xFF, 0xFC, 0x00, 0x00,
    0x3F, 0xFF, 0xFF, 0xFE, 0x00, 0x00, 0x3F, 0xFF, 0x7F, 0xFE, 0x00, 0x00,
    0x3F, 0xFF, 0x7F, 0xFE, 0x00, 0x00, 0x3F, 0xFF, 0x7F, 0xFF, 0x00, 0x00,
    0x7F, 0xFF, 0x7F, 0xFF, 0x00, 0x00, 0x7F, 0xFF, 0x3F, 0xFF, 0x80, 0x00,
    0xFF, 0xFF, 0x3F, 0xFF, 0xC0, 0x01, 0xFF, 0xFF, 0x3F, 0xFF, 0xE0, 0x03,
    0xFF, 0xFF, 0x1F, 0xFF, 0xF8, 0x0F, 0xFF, 0xFF, 0x1F, 0xFF, 0xFF, 0xFF,
    0xFF, 0xFF, 0x0F, 0xFF, 0xFF, 0xFF, 0xFF, 0xFF, 0x07, 0xFF, 0xFF, 0xFF,
    0xFF, 0xFF, 0x03, 0xFF, 0xFF, 0xFF, 0xFF, 0xFF, 0x03, 0xFF, 0xFF, 0xFF,
    0xDF, 0xFF, 0x01, 0xFF, 0xFF, 0xFF, 0xDF, 0xFF, 0x00, 0xFF, 0xFF, 0xFF,
    0x9F, 0xFF, 0x00, 0x3F, 0xFF, 0xFF, 0x1F, 0xFF, 0x00, 0x1F, 0xFF, 0xFC,
    0x1F, 0xFF, 0x00, 0x07, 0xFF, 0xF8, 0x1F, 0xFF, 0x00, 0x00, 0xFF, 0x80,
    0x1F, 0xFF, 0x00, 0x00, 0x00, 0x00, 0x1F, 0xFF, 0x00, 0x00, 0x00, 0x00,
    0x1F, 0xFF, 0x00, 0x00, 0x00, 0x00, 0x1F, 0xFF, 0x00, 0x00, 0x00, 0x00,
    0x1F, 0xFF, 0x00, 0x00, 0x00, 0x00, 0x1F, 0xFF, 0x00, 0x00, 0x00, 0x00,
    0x1F, 0xFF, 0x00, 0x00, 0x00, 0x00, 0x1F, 0xFF, 0x00, 0x00, 0x00, 0x00,
    0x1F, 0xFF, 0x00, 0x00, 0x00, 0x00, 0x1F, 0xFF, 0x00, 0x00, 0x00, 0x00,
    0x1F, 0xFF, 0x00, 0x00, 0x00, 0x00, 0x1F, 0xFF, 0x00, 0x00, 0x00, 0x00,
    0x1F, 0xFF, 0x00, 0x00, 0x00, 0x00, 0x1F, 0xFF, 0x00, 0x00, 0x00, 0x00,
    0x1F, 0xFF, 0x00, 0x00, 0x00, 0x00, 0x1F, 0xFF, 0x00, 0x00, 0x00, 0x00,
    0x1F, 0xFF, 0x00, 0x00, 0x00, 0x00, 0x1F, 0xFF, 0x00, 0x00, 0x00, 0x00,
    0x1F, 0xFF, 0x00, 0x00, 0x01, 0xFF, 0xFF, 0x80, 0x7F, 0xFF, 0xFC, 0x0F,
    0xFF, 0xFF, 0xE0, 0xFF, 0xFF, 0xFF, 0x0F, 0xFF, 0xFF, 0xF8, 0xFF, 0xFF,
    0xFF, 0xC7, 0xFF, 0xFF, 0xFE, 0x7F, 0xFF, 0xFF, 0xF7, 0xFF, 0xFF, 0xFF,
    0xBF, 0xFF, 0xFF, 0xFF, 0xFF, 0xFF, 0xFF, 0xFF, 0xFF, 0xFF, 0xFF, 0xFF,
    0xFF, 0xFF, 0xFF, 0xFC, 0x03, 0xFF, 0xFF, 0x00, 0x1F, 0xFF, 0xF0, 0x00,
    0xFF, 0xFF, 0x00, 0x07, 0xFF, 0xF0, 0x00, 0x3F, 0xFF, 0x00, 0x01, 0xFF,
    0xF8, 0x00, 0x0F, 0xFF, 0xC0, 0x00, 0x7F, 0xFC, 0x00, 0x03, 0xFF, 0xE0,
    0x00, 0x1F, 0xFF, 0x00, 0x00, 0xFF, 0xF8, 0x00, 0x07, 0xFF, 0xC0, 0x00,
    0x3F, 0xFE, 0x00, 0x01, 0xFF, 0xF0, 0x00, 0x0F, 0xFF, 0x80, 0x00, 0x7F,
    0xFC, 0x00, 0x03, 0xFF, 0xE0, 0x00, 0x1F, 0xFF, 0x00, 0x00, 0xFF, 0xF8,
    0x00, 0x07, 0xFF, 0xC0, 0x00, 0x3F, 0xFE, 0x00, 0x01, 0xFF, 0xF0, 0x00,
    0x0F, 0xFF, 0x80, 0x00, 0x7F, 0xFC, 0x00, 0x03, 0xFF, 0xE0, 0x00, 0x1F,
    0xFF, 0x00, 0x00, 0xFF, 0xF8, 0x00, 0x07, 0xFF, 0xC0, 0x00, 0x3F, 0xFE,
    0x00, 0x01, 0xFF, 0xF0, 0x00, 0x0F, 0xFF, 0x80, 0x00, 0x7F, 0xFC, 0x00,
    0x03, 0xFF, 0xE0, 0x00, 0x1F, 0xFF, 0x00, 0x00, 0xFF, 0xF8, 0x00, 0x07,
    0xFF, 0xC0, 0x00, 0x3F, 0xFE, 0x00, 0x00, 0x00, 0x00, 0x7F, 0xF8, 0x00,
    0x00, 0x00, 0x1F, 0xFF, 0xFE, 0x00, 0x00, 0x01, 0xFF, 0xFF, 0xFE, 0x00,
    0x00, 0x1F, 0xFF, 0xFF, 0xFE, 0x00, 0x00, 0xFF, 0xFF, 0xFF, 0xFE, 0x00,
    0x0F, 0xFF, 0xFF, 0xFF, 0xFC, 0x00, 0x7F, 0xFF, 0xFF, 0xFF, 0xF8, 0x01,
    0xFF, 0xFF, 0xFF, 0xFF, 0xE0, 0x0F, 0xFF, 0xFF, 0xFF, 0xFF, 0xC0, 0x7F,
    0xFF, 0xFF, 0xFF, 0xFF, 0x81, 0xFF, 0xFC, 0x03, 0xFF, 0xFE, 0x0F, 0xFF,
    0xC0, 0x03, 0xFF, 0xF8, 0x3F, 0xFE, 0x00, 0x03, 0xFF, 0xF0, 0xFF, 0xF8,
    0x00, 0x0F, 0xFF, 0xC3, 0xFF, 0xE0, 0x00, 0x1F, 0xFF, 0x0F, 0xFF, 0x80,
    0x00, 0x7F, 0xFC, 0x3F, 0xFE, 0x00, 0x01, 0xFF, 0xF0, 0xFF, 0xFC, 0x00,
    0x00, 0x00, 0x03, 0xFF, 0xFE, 0x00, 0x00, 0x00, 0x0F, 0xFF, 0xFF, 0x00,
    0x00, 0x00, 0x3F, 0xFF, 0xFF, 0xE0, 0x00, 0x00, 0xFF, 0xFF, 0xFF, 0xF8,
    0x00, 0x01, 0xFF, 0xFF, 0xFF, 0xFC, 0x00, 0x07, 0xFF, 0xFF, 0xFF, 0xFE,
    0x00, 0x0F, 0xFF, 0xFF, 0xFF, 0xFE, 0x00, 0x1F, 0xFF, 0xFF, 0xFF, 0xFC,
    0x00, 0x3F, 0xFF, 0xFF, 0xFF, 0xF8, 0x00, 0x7F, 0xFF, 0xFF, 0xFF, 0xF0,
    0x00, 0x7F, 0xFF, 0xFF, 0xFF, 0xE0, 0x00, 0x3F, 0xFF, 0xFF, 0xFF, 0xC0,
    0x00, 0x1F, 0xFF, 0xFF, 0xFF, 0x00, 0x00, 0x0F, 0xFF, 0xFF, 0xFE, 0x00,
    0x00, 0x03, 0xFF, 0xFF, 0xF8, 0x00, 0x00, 0x00, 0xFF, 0xFF, 0xE0, 0x00,
    0x00, 0x00, 0x7F, 0xFF, 0xFF, 0xFE, 0x00, 0x00, 0x7F, 0xFF, 0xFF, 0xF8,
    0x00, 0x00, 0xFF, 0xFF, 0xFF, 0xF0, 0x00, 0x03, 0xFF, 0xFF, 0xFF, 0xC0,
    0x00, 0x0F, 0xFF, 0xFF, 0xFF, 0x00, 0x00, 0x3F, 0xFE, 0x7F, 0xFE, 0x00,
    0x00, 0xFF, 0xF9, 0xFF, 0xFE, 0x00, 0x07, 0xFF, 0xE7, 0xFF, 0xFE, 0x00,
    0xFF, 0xFF, 0x8F, 0xFF, 0xFF, 0xFF, 0xFF, 0xFC, 0x1F, 0xFF, 0xFF, 0xFF,
    0xFF, 0xE0, 0x7F, 0xFF, 0xFF, 0xFF, 0xFF, 0x80, 0xFF, 0xFF, 0xFF, 0xFF,
    0xFC, 0x01, 0xFF, 0xFF, 0xFF, 0xFF, 0xE0, 0x03, 0xFF, 0xFF, 0xFF, 0xFF,
    0x00, 0x03, 0xFF, 0xFF, 0xFF, 0xF8, 0x00, 0x07, 0xFF, 0xFF, 0xFF, 0x80,
    0x00, 0x03, 0xFF, 0xFF, 0xF0, 0x00, 0x00, 0x00, 0xFF, 0xFC, 0x00, 0x00,
    0x01, 0xFF, 0xF0, 0x00, 0x1F, 0xFF, 0x00, 0x01, 0xFF, 0xF0, 0x00, 0x1F,
    0xFF, 0x00, 0x01, 0xFF, 0xF0, 0x00, 0x1F, 0xFF, 0x00, 0x01, 0xFF, 0xF0,
    0x00, 0x1F, 0xFF, 0x00, 0x01, 0xFF, 0xF0, 0x00, 0x1F, 0xFF, 0x00, 0x01,
    0xFF, 0xF0, 0x00, 0x1F, 0xFF, 0x00, 0x01, 0xFF, 0xF0, 0x00, 0x1F, 0xFF,
    0x00, 0xFF, 0xFF, 0xFF, 0xFF, 0xFF, 0xFF, 0xFF, 0xFF, 0xFF, 0xFF, 0xFF,
    0xFF, 0xFF, 0xFF, 0xFF, 0xFF, 0xFF, 0xFF, 0xFF, 0xFF, 0xFF, 0xFF, 0xFF,
    0xFF, 0xFF, 0xFF, 0xFF, 0xFF, 0xFF, 0xFF, 0xFF, 0xF0, 0x1F, 0xFF, 0x00,
    0x01, 0xFF, 0xF0, 0x00, 0x1F, 0xFF, 0x00, 0x01, 0xFF, 0xF0, 0x00, 0x1F,
    0xFF, 0x00, 0x01, 0xFF, 0xF0, 0x00, 0x1F, 0xFF, 0x00, 0x01, 0xFF, 0xF0,
    0x00, 0x1F, 0xFF, 0x00, 0x01, 0xFF, 0xF0, 0x00, 0x1F, 0xFF, 0x00, 0x01,
    0xFF, 0xF0, 0x00, 0x1F, 0xFF, 0x00, 0x01, 0xFF, 0xF0, 0x00, 0x1F, 0xFF,
    0x00, 0x01, 0xFF, 0xF0, 0x00, 0x1F, 0xFF, 0x00, 0x01, 0xFF, 0xF0, 0x00,
    0x1F, 0xFF, 0x00, 0x01, 0xFF, 0xF0, 0x00, 0x1F, 0xFF, 0x00, 0x01, 0xFF,
    0xF0, 0x00, 0x1F, 0xFF, 0x00, 0x01, 0xFF, 0xF0, 0x00, 0x1F, 0xFF, 0x00,
    0x01, 0xFF, 0xF0, 0x00, 0x1F, 0xFF, 0x00, 0x01, 0xFF, 0xF0, 0x00, 0x1F,
    0xFF, 0x00, 0x01, 0xFF, 0xF8, 0x00, 0x1F, 0xFF, 0xFF, 0x01, 0xFF, 0xFF,
    0xF0, 0x1F, 0xFF, 0xFF, 0x01, 0xFF, 0xFF, 0xF0, 0x0F, 0xFF, 0xFF, 0x00,
    0xFF, 0xFF, 0xF0, 0x07, 0xFF, 0xFF, 0x00, 0x3F, 0xFF, 0xF0, 0x01, 0xFF,
    0xFF, 0x00, 0x03, 0xFF, 0xF0, 0x00, 0x00, 0x00, 0xFF, 0xF8, 0x00, 0x01,
    0xFF, 0xFF, 0xFF, 0x80, 0x00, 0x1F, 0xFF, 0xFF, 0xF8, 0x00, 0x01, 0xFF,
    0xFF, 0xFF, 0x80, 0x00, 0x1F, 0xFF, 0xFF, 0xF8, 0x00, 0x01, 0xFF, 0xFF,
    0xFF, 0x80, 0x00, 0x1F, 0xFF, 0xFF, 0xF8, 0x00, 0x01, 0xFF, 0xFF, 0xFF,
    0x80, 0x00, 0x1F, 0xFF, 0xFF, 0xF8, 0x00, 0x01, 0xFF, 0xFF, 0xFF, 0x80,
    0x00, 0x1F, 0xFF, 0xFF, 0xF8, 0x00, 0x01, 0xFF, 0xFF, 0xFF, 0x80, 0x00,
    0x1F, 0xFF, 0xFF, 0xF8, 0x00, 0x01, 0xFF, 0xFF, 0xFF, 0x80, 0x00, 0x1F,
    0xFF, 0xFF, 0xF8, 0x00, 0x01, 0xFF, 0xFF, 0xFF, 0x80, 0x00, 0x1F, 0xFF,
    0xFF, 0xF8, 0x00, 0x01, 0xFF, 0xFF, 0xFF, 0x80, 0x00, 0x1F, 0xFF, 0xFF,
    0xF8, 0x00, 0x01, 0xFF, 0xFF, 0xFF, 0x80, 0x00, 0x1F, 0xFF, 0xFF, 0xF8,
    0x00, 0x01, 0xFF, 0xFF, 0xFF, 0x80, 0x00, 0x1F, 0xFF, 0xFF, 0xF8, 0x00,
    0x01, 0xFF, 0xFF, 0xFF, 0x80, 0x00, 0x1F, 0xFF, 0xFF, 0xF8, 0x00, 0x01,
    0xFF, 0xFF, 0xFF, 0x80, 0x00, 0x1F, 0xFF, 0xFF, 0xF8, 0x00, 0x01, 0xFF,
    0xFF, 0xFF, 0x80, 0x00, 0x1F, 0xFF, 0xFF, 0xF8, 0x00, 0x01, 0xFF, 0xFF,
    0xFF, 0x80, 0x00, 0x1F, 0xFF, 0xFF, 0xF8, 0x00, 0x01, 0xFF, 0xFF, 0xFF,
    0x80, 0x00, 0x1F, 0xFF, 0xFF, 0xF8, 0x00, 0x03, 0xFF, 0xFF, 0xFF, 0x80,
    0x00, 0x3F, 0xFF, 0xFF, 0xF8, 0x00, 0x03, 0xFF, 0xFF, 0xFF, 0xC0, 0x00,
    0x7F, 0xFF, 0xFF, 0xFC, 0x00, 0x07, 0xFF, 0xF7, 0xFF, 0xE0, 0x00, 0xFF,
    0xFF, 0x7F, 0xFF, 0x00, 0x1F, 0xFF, 0xF7, 0xFF, 0xFC, 0x0F, 0xFF, 0xFF,
    0x7F, 0xFF, 0xFF, 0xFF, 0xFF, 0xF7, 0xFF, 0xFF, 0xFF, 0xFF, 0xFF, 0x3F,
    0xFF, 0xFF, 0xFF, 0xFF, 0xF3, 0xFF, 0xFF, 0xFF, 0xEF, 0xFF, 0x1F, 0xFF,
    0xFF, 0xFE, 0xFF, 0xF0, 0xFF, 0xFF, 0xFF, 0xCF, 0xFF, 0x0F, 0xFF, 0xFF,
    0xF8, 0xFF, 0xF0, 0x7F, 0xFF, 0xFF, 0x0F, 0xFF, 0x01, 0xFF, 0xFF, 0xC0,
    0xFF, 0xF0, 0x07, 0xFF, 0xF8, 0x0F, 0xFF, 0x00, 0x0F, 0xFC, 0x00, 0x00,
    0x00, 0xFF, 0xFE, 0x00, 0x00, 0x0F, 0xFF, 0xDF, 0xFF, 0x80, 0x00, 0x03,
    0xFF, 0xE7, 0xFF, 0xF0, 0x00, 0x01, 0xFF, 0xF9, 0xFF, 0xFC, 0x00, 0x00,
    0x7F, 0xFE, 0x3F, 0xFF, 0x00, 0x00, 0x1F, 0xFF, 0x0F, 0xFF, 0xC0, 0x00,
    0x0F, 0xFF, 0xC1, 0xFF, 0xF8, 0x00, 0x03, 0xFF, 0xF0, 0x7F, 0xFE, 0x00,
    0x00, 0xFF, 0xF8, 0x1F, 0xFF, 0x80, 0x00, 0x7F, 0xFE, 0x03, 0xFF, 0xF0,
    0x00, 0x1F, 0xFF, 0x80, 0xFF, 0xFC, 0x00, 0x07, 0xFF, 0xC0, 0x3F, 0xFF,
    0x00, 0x01, 0xFF, 0xF0, 0x07, 0xFF, 0xC0, 0x00, 0xFF, 0xF8, 0x01, 0xFF,
    0xF8, 0x00, 0x3F, 0xFE, 0x00, 0x7F, 0xFE, 0x00, 0x0F, 0xFF, 0x80, 0x0F,
    0xFF, 0x80, 0x07, 0xFF, 0xC0, 0x03, 0xFF, 0xF0, 0x01, 0xFF, 0xF0, 0x00,
    0xFF, 0xFC, 0x00, 0x7F, 0xFC, 0x00, 0x1F, 0xFF, 0x00, 0x1F, 0xFE, 0x00,
    0x07, 0xFF, 0xC0, 0x0F, 0xFF, 0x80, 0x00, 0xFF, 0xF8, 0x03, 0xFF, 0xE0,
    0x00, 0x3F, 0xFE, 0x00, 0xFF, 0xF0, 0x00, 0x0F, 0xFF, 0x80, 0x7F, 0xFC,
    0x00, 0x01, 0xFF, 0xF0, 0x1F, 0xFF, 0x00, 0x00, 0x7F, 0xFC, 0x07, 0xFF,
    0x80, 0x00, 0x1F, 0xFF, 0x01, 0xFF, 0xE0, 0x00, 0x03, 0xFF, 0xC0, 0xFF,
    0xF0, 0x00, 0x00, 0xFF, 0xF8, 0x3F, 0xFC, 0x00, 0x00, 0x3F, 0xFE, 0x0F,
    0xFF, 0x00, 0x00, 0x07, 0xFF, 0x87, 0xFF, 0x80, 0x00, 0x01, 0xFF, 0xE1,
    0xFF, 0xE0, 0x00, 0x00, 0x3F, 0xFC, 0x7F, 0xF8, 0x00, 0x00, 0x0F, 0xFF,
    0x1F, 0xFC, 0x00, 0x00, 0x03, 0xFF, 0xCF, 0xFF, 0x00, 0x00, 0x00, 0x7F,
    0xFB, 0xFF, 0xC0, 0x00, 0x00, 0x1F, 0xFE, 0xFF, 0xE0, 0x00, 0x00, 0x07,
    0xFF, 0xFF, 0xF8, 0x00, 0x00, 0x00, 0xFF, 0xFF, 0xFC, 0x00, 0x00, 0x00,
    0x3F, 0xFF, 0xFF, 0x00, 0x00, 0x00, 0x0F, 0xFF, 0xFF, 0xC0, 0x00, 0x00,
    0x01, 0xFF, 0xFF, 0xE0, 0x00, 0x00, 0x00, 0x7F, 0xFF, 0xF8, 0x00, 0x00,
    0x00, 0x1F, 0xFF, 0xFE, 0x00, 0x00, 0x00, 0x03, 0xFF, 0xFF, 0x00, 0x00,
    0x00, 0x00, 0xFF, 0xFF, 0xC0, 0x00, 0x00, 0x00, 0x1F, 0xFF, 0xF0, 0x00,
    0x00, 0x00, 0x07, 0xFF, 0xF8, 0x00, 0x00, 0x00, 0x01, 0xFF, 0xFE, 0x00,
    0x00, 0x00, 0x00, 0x3F, 0xFF, 0x80, 0x00, 0x00, 0x00, 0x0F, 0xFF, 0xC0,
    0x00, 0x00, 0xFF, 0xFC, 0x00, 0x07, 0xFF, 0xC0, 0x00, 0x7F, 0xFF, 0xFF,
    0xF8, 0x00, 0x1F, 0xFF, 0x80, 0x00, 0xFF, 0xFF, 0xFF, 0xF0, 0x00, 0x3F,
    0xFF, 0x80, 0x01, 0xFF, 0xF3, 0xFF, 0xE0, 0x00, 0x7F, 0xFF, 0x00, 0x03,
    0xFF, 0xE7, 0xFF, 0xE0, 0x00, 0xFF, 0xFE, 0x00, 0x0F, 0xFF, 0xCF, 0xFF,
    0xC0, 0x01, 0xFF, 0xFC, 0x00, 0x1F, 0xFF, 0x1F, 0xFF, 0x80, 0x07, 0xFF,
    0xF8, 0x00, 0x3F, 0xFE, 0x1F, 0xFF, 0x00, 0x0F, 0xFF, 0xF8, 0x00, 0x7F,
    0xFC, 0x3F, 0xFF, 0x00, 0x1F, 0xFF, 0xF0, 0x00, 0xFF, 0xF8, 0x7F, 0xFE,
    0x00, 0x3F, 0xFF, 0xE0, 0x03, 0xFF, 0xE0, 0x7F, 0xFC, 0x00, 0x7F, 0xFF,
    0xC0, 0x07, 0xFF, 0xC0, 0xFF, 0xF8, 0x01, 0xFF, 0xFF, 0x80, 0x0F, 0xFF,
    0x81, 0xFF, 0xF0, 0x03, 0xFF, 0xFF, 0x80, 0x1F, 0xFE, 0x03, 0xFF, 0xF0,
    0x07, 0xFF, 0xFF, 0x00, 0x7F, 0xFC, 0x03, 0xFF, 0xE0, 0x0F, 0xFF, 0xFE,
    0x00, 0xFF, 0xF8, 0x07, 0xFF, 0xC0, 0x1F, 0xF7, 0xFC, 0x01, 0xFF, 0xF0,
    0x0F, 0xFF, 0x80, 0x7F, 0xEF, 0xF8, 0x03, 0xFF, 0xC0, 0x0F, 0xFF, 0x00,
    0xFF, 0x9F, 0xF8, 0x07, 0xFF, 0x80, 0x1F, 0xFF, 0x01, 0xFF, 0x3F, 0xF0,
    0x1F, 0xFF, 0x00, 0x3F, 0xFE, 0x03, 0xFE, 0x7F, 0xE0, 0x3F, 0xFC, 0x00,
    0x7F, 0xFC, 0x07, 0xFC, 0x7F, 0xC0, 0x7F, 0xF8, 0x00, 0x7F, 0xF8, 0x1F,
    0xF8, 0xFF, 0xC0, 0xFF, 0xF0, 0x00, 0xFF, 0xF8, 0x3F, 0xE1, 0xFF, 0x83,
    0xFF, 0xE0, 0x01, 0xFF, 0xF0, 0x7F, 0xC3, 0xFF, 0x07, 0xFF, 0x80, 0x01,
    0xFF, 0xE0, 0xFF, 0x83, 0xFE, 0x0F, 0xFF, 0x00, 0x03, 0xFF, 0xC1, 0xFF,
    0x07, 0xFC, 0x1F, 0xFE, 0x00, 0x07, 0xFF, 0x87, 0xFC, 0x0F, 0xFC, 0x3F,
    0xF8, 0x00, 0x0F, 0xFF, 0x8F, 0xF8, 0x1F, 0xF8, 0xFF, 0xF0, 0x00, 0x0F,
    0xFF, 0x1F, 0xF0, 0x3F, 0xF1, 0xFF, 0xE0, 0x00, 0x1F, 0xFE, 0x3F, 0xE0,
    0x3F, 0xE3, 0xFF, 0x80, 0x00, 0x3F, 0xFC, 0x7F, 0xC0, 0x7F, 0xC7, 0xFF,
    0x00, 0x00, 0x7F, 0xFD, 0xFF, 0x00, 0xFF, 0xCF, 0xFE, 0x00, 0x00, 0x7F,
    0xFB, 0xFE, 0x01, 0xFF, 0xBF, 0xFC, 0x00, 0x00, 0xFF, 0xF7, 0xFC, 0x01,
    0xFF, 0x7F, 0xF0, 0x00, 0x01, 0xFF, 0xEF, 0xF8, 0x03, 0xFE, 0xFF, 0xE0,
    0x00, 0x01, 0xFF, 0xDF, 0xE0, 0x07, 0xFD, 0xFF, 0xC0, 0x00, 0x03, 0xFF,
    0xFF, 0xC0, 0x0F, 0xFF, 0xFF, 0x00, 0x00, 0x07, 0xFF, 0xFF, 0x80, 0x1F,
    0xFF, 0xFE, 0x00, 0x00, 0x0F, 0xFF, 0xFF, 0x00, 0x1F, 0xFF, 0xFC, 0x00,
    0x00, 0x0F, 0xFF, 0xFE, 0x00, 0x3F, 0xFF, 0xF8, 0x00, 0x00, 0x1F, 0xFF,
    0xF8, 0x00, 0x7F, 0xFF, 0xE0, 0x00, 0x00, 0x3F, 0xFF, 0xF0, 0x00, 0xFF,
    0xFF, 0xC0, 0x00, 0x00, 0x3F, 0xFF, 0xE0, 0x01, 0xFF, 0xFF, 0x80, 0x00,
    0x00, 0x7F, 0xFF, 0xC0, 0x01, 0xFF, 0xFE, 0x00, 0x00, 0x00, 0xFF, 0xFF,
    0x00, 0x03, 0xFF, 0xFC, 0x00, 0x00, 0x01, 0xFF, 0xFE, 0x00, 0x07, 0xFF,
    0xF8, 0x00, 0x00, 0x01, 0xFF, 0xFC, 0x00, 0x0F, 0xFF, 0xF0, 0x00, 0x00,
    0x03, 0xFF, 0xF8, 0x00, 0x0F, 0xFF, 0xC0, 0x00, 0x00, 0x07, 0xFF, 0xF0,
    0x00, 0x1F, 0xFF, 0x80, 0x00, 0x00, 0x07, 0xFF, 0xC0, 0x00, 0x3F, 0xFF,
    0x00, 0x00, 0x7F, 0xFF, 0x80, 0x00, 0x7F, 0xFF, 0x8F, 0xFF, 0xF0, 0x00,
    0x1F, 0xFF, 0xC1, 0xFF, 0xFC, 0x00, 0x0F, 0xFF, 0xE0, 0x7F, 0xFF, 0x80,
    0x03, 0xFF, 0xF8, 0x0F, 0xFF, 0xF0, 0x01, 0xFF, 0xFC, 0x01, 0xFF, 0xFC,
    0x00, 0xFF, 0xFE, 0x00, 0x7F, 0xFF, 0x80, 0x3F, 0xFF, 0x80, 0x0F, 0xFF,
    0xE0, 0x1F, 0xFF, 0xC0, 0x01, 0xFF, 0xFC, 0x07, 0xFF, 0xE0, 0x00, 0x7F,
    0xFF, 0x03, 0xFF, 0xF8, 0x00, 0x0F, 0xFF, 0xE0, 0xFF, 0xFC, 0x00, 0x01,
    0xFF, 0xFC, 0x7F, 0xFE, 0x00, 0x00, 0x7F, 0xFF, 0x3F, 0xFF, 0x80, 0x00,
    0x0F, 0xFF, 0xEF, 0xFF, 0xC0, 0x00, 0x01, 0xFF, 0xFF, 0xFF, 0xE0, 0x00,
    0x00, 0x7F, 0xFF, 0xFF, 0xF8, 0x00, 0x00, 0x0F, 0xFF, 0xFF, 0xFC, 0x00,
    0x00, 0x01, 0xFF, 0xFF, 0xFE, 0x00, 0x00, 0x00, 0x7F, 0xFF, 0xFF, 0x80,
    0x00, 0x00, 0x0F, 0xFF, 0xFF, 0xC0, 0x00, 0x00, 0x03, 0xFF, 0xFF, 0xE0,
    0x00, 0x00, 0x00, 0x7F, 0xFF, 0xF8, 0x00, 0x00, 0x00, 0x0F, 0xFF, 0xFC,
    0x00, 0x00, 0x00, 0x03, 0xFF, 0xFE, 0x00, 0x00, 0x00, 0x00, 0x7F, 0xFF,
    0x80, 0x00, 0x00, 0x00, 0x1F, 0xFF, 0xE0, 0x00, 0x00, 0x00, 0x0F, 0xFF,
    0xFC, 0x00, 0x00, 0x00, 0x07, 0xFF, 0xFF, 0x80, 0x00, 0x00, 0x01, 0xFF,
    0xFF, 0xE0, 0x00, 0x00, 0x00, 0xFF, 0xFF, 0xFC, 0x00, 0x00, 0x00, 0x7F,
    0xFF, 0xFF, 0x80, 0x00, 0x00, 0x1F, 0xFF, 0xFF, 0xE0, 0x00, 0x00, 0x0F,
    0xFF, 0xFF, 0xFC, 0x00, 0x00, 0x07, 0xFF, 0xFF, 0xFF, 0x80, 0x00, 0x01,
    0xFF, 0xFF, 0xFF, 0xE0, 0x00, 0x00, 0xFF, 0xFD, 0xFF, 0xFC, 0x00, 0x00,
    0x7F, 0xFF, 0x3F, 0xFF, 0x80, 0x00, 0x1F, 0xFF, 0x8F, 0xFF, 0xE0, 0x00,
    0x0F, 0xFF, 0xE1, 0xFF, 0xFC, 0x00, 0x07, 0xFF, 0xF0, 0x7F, 0xFF, 0x80,
    0x01, 0xFF, 0xFC, 0x0F, 0xFF, 0xE0, 0x00, 0xFF, 0xFE, 0x03, 0xFF, 0xFC,
    0x00, 0x7F, 0xFF, 0x00, 0x7F, 0xFF, 0x80, 0x1F, 0xFF, 0xC0, 0x0F, 0xFF,
    0xE0, 0x0F, 0xFF, 0xE0, 0x03, 0xFF, 0xFC, 0x07, 0xFF, 0xF8, 0x00, 0x7F,
    0xFF, 0x81, 0xFF, 0xFC, 0x00, 0x1F, 0xFF, 0xE0, 0xFF, 0xFF, 0x00, 0x03,
    0xFF, 0xFC, 0x7F, 0xFF, 0x80, 0x00, 0x7F, 0xFF, 0xBF, 0xFF, 0xC0, 0x00,
    0x1F, 0xFF, 0xF0, 0xFF, 0xFE, 0x00, 0x00, 0x0F, 0xFF, 0xFF, 0xFF, 0x80,
    0x00, 0x07, 0xFF, 0xE7, 0xFF, 0xE0, 0x00, 0x01, 0xFF, 0xF9, 0xFF, 0xFC,
    0x00, 0x00, 0x7F, 0xFC, 0x3F, 0xFF, 0x00, 0x00, 0x3F, 0xFF, 0x0F, 0xFF,
    0xC0, 0x00, 0x0F, 0xFF, 0xC3, 0xFF, 0xF0, 0x00, 0x03, 0xFF, 0xE0, 0x7F,
    0xFE, 0x00, 0x00, 0xFF, 0xF8, 0x1F, 0xFF, 0x80, 0x00, 0x7F, 0xFE, 0x07,
    0xFF, 0xE0, 0x00, 0x1F, 0xFF, 0x00, 0xFF, 0xFC, 0x00, 0x07, 0xFF, 0xC0,
    0x3F, 0xFF, 0x00, 0x01, 0xFF, 0xF0, 0x0F, 0xFF, 0xC0, 0x00, 0xFF, 0xF8,
    0x01, 0xFF, 0xF8, 0x00, 0x3F, 0xFE, 0x00, 0x7F, 0xFE, 0x00, 0x0F, 0xFF,
    0x80, 0x1F, 0xFF, 0x80, 0x07, 0xFF, 0xC0, 0x03, 0xFF, 0xE0, 0x01, 0xFF,
    0xF0, 0x00, 0xFF, 0xFC, 0x00, 0x7F, 0xFC, 0x00, 0x3F, 0xFF, 0x00, 0x1F,
    0xFE, 0x00, 0x07, 0xFF, 0xC0, 0x0F, 0xFF, 0x80, 0x01, 0xFF, 0xF8, 0x03,
    0xFF, 0xE0, 0x00, 0x7F, 0xFE, 0x00, 0xFF, 0xF0, 0x00, 0x0F, 0xFF, 0x80,
    0x7F, 0xFC, 0x00, 0x03, 0xFF, 0xF0, 0x1F, 0xFE, 0x00, 0x00, 0x7F, 0xFC,
    0x07, 0xFF, 0x80, 0x00, 0x1F, 0xFF, 0x01, 0xFF, 0xE0, 0x00, 0x07, 0xFF,
    0xC0, 0xFF, 0xF0, 0x00, 0x00, 0xFF, 0xF8, 0x3F, 0xFC, 0x00, 0x00, 0x3F,
    0xFE, 0x0F, 0xFF, 0x00, 0x00, 0x0F, 0xFF, 0x87, 0xFF, 0x80, 0x00, 0x01,
    0xFF, 0xF1, 0xFF, 0xE0, 0x00, 0x00, 0x7F, 0xFC, 0x7F, 0xF8, 0x00, 0x00,
    0x1F, 0xFF, 0x1F, 0xFC, 0x00, 0x00, 0x03, 0xFF, 0xCF, 0xFF, 0x00, 0x00,
    0x00, 0xFF, 0xFB, 0xFF, 0xC0, 0x00, 0x00, 0x3F, 0xFE, 0xFF, 0xE0, 0x00,
    0x00, 0x07, 0xFF, 0xBF, 0xF8, 0x00, 0x00, 0x01, 0xFF, 0xFF, 0xFE, 0x00,
    0x00, 0x00, 0x7F, 0xFF, 0xFF, 0x00, 0x00, 0x00, 0x0F, 0xFF, 0xFF, 0xC0,
    0x00, 0x00, 0x03, 0xFF, 0xFF, 0xF0, 0x00, 0x00, 0x00, 0xFF, 0xFF, 0xF8,
    0x00, 0x00, 0x00, 0x1F, 0xFF, 0xFE, 0x00, 0x00, 0x00, 0x07, 0xFF, 0xFF,
    0x00, 0x00, 0x00, 0x00, 0xFF, 0xFF, 0xC0, 0x00, 0x00, 0x00, 0x3F, 0xFF,
    0xF0, 0x00, 0x00, 0x00, 0x0F, 0xFF, 0xF8, 0x00, 0x00, 0x00, 0x01, 0xFF,
    0xFE, 0x00, 0x00, 0x00, 0x00, 0x7F, 0xFF, 0x80, 0x00, 0x00, 0x00, 0x1F,
    0xFF, 0xC0, 0x00, 0x00, 0x00, 0x03, 0xFF, 0xF0, 0x00, 0x00, 0x00, 0x00,
    0xFF, 0xFC, 0x00, 0x00, 0x00, 0x00, 0x3F, 0xFE, 0x00, 0x00, 0x00, 0x00,
    0x0F, 0xFF, 0x80, 0x00, 0x00, 0x00, 0x03, 0xFF, 0xC0, 0x00, 0x00, 0x00,
    0x00, 0xFF, 0xF0, 0x00, 0x00, 0x00, 0x00, 0x7F, 0xFC, 0x00, 0x00, 0x00,
    0x00, 0x1F, 0xFE, 0x00, 0x00, 0x00, 0x00, 0x0F, 0xFF, 0x80, 0x00, 0x00,
    0x00, 0x0F, 0xFF, 0xC0, 0x00, 0x00, 0x01, 0xFF, 0xFF, 0xF0, 0x00, 0x00,
    0x00, 0x7F, 0xFF, 0xFC, 0x00, 0x00, 0x00, 0x1F, 0xFF, 0xFE, 0x00, 0x00,
    0x00, 0x07, 0xFF, 0xFF, 0x80, 0x00, 0x00, 0x01, 0xFF, 0xFF, 0xC0, 0x00,
    0x00, 0x00, 0x7F, 0xFF, 0xE0, 0x00, 0x00, 0x00, 0x1F, 0xFF, 0xF8, 0x00,
    0x00, 0x00, 0x07, 0xFF, 0xFC, 0x00, 0x00, 0x00, 0x01, 0xFF, 0xFC, 0x00,
    0x00, 0x00, 0x00, 0x7F, 0xF8, 0x00, 0x00, 0x00, 0x00, 0x7F, 0xFF, 0xFF,
    0xFF, 0xFF, 0xCF, 0xFF, 0xFF, 0xFF, 0xFF, 0xF9, 0xFF, 0xFF, 0xFF, 0xFF,
    0xFF, 0x3F, 0xFF, 0xFF, 0xFF, 0xFF, 0xE7, 0xFF, 0xFF, 0xFF, 0xFF, 0xFC,
    0xFF, 0xFF, 0xFF, 0xFF, 0xFF, 0x9F, 0xFF, 0xFF, 0xFF, 0xFF, 0xF3, 0xFF,
    0xFF, 0xFF, 0xFF, 0xFE, 0x7F, 0xFF, 0xFF, 0xFF, 0xFF, 0xCF, 0xFF, 0xFF,
    0xFF, 0xFF, 0xF9, 0xFF, 0xFF, 0xFF, 0xFF, 0xFF, 0x00, 0x00, 0x00, 0x3F,
    0xFF, 0xC0, 0x00, 0x00, 0x0F, 0xFF, 0xF0, 0x00, 0x00, 0x03, 0xFF, 0xFC,
    0x00, 0x00, 0x00, 0xFF, 0xFF, 0x80, 0x00, 0x00, 0x3F, 0xFF, 0xE0, 0x00,
    0x00, 0x0F, 0xFF, 0xF8, 0x00, 0x00, 0x03, 0xFF, 0xFE, 0x00, 0x00, 0x00,
    0xFF, 0xFF, 0x80, 0x00, 0x00, 0x1F, 0xFF, 0xE0, 0x00, 0x00, 0x07, 0xFF,
    0xF8, 0x00, 0x00, 0x01, 0xFF, 0xFE, 0x00, 0x00, 0x00, 0x7F, 0xFF, 0x80,
    0x00, 0x00, 0x1F, 0xFF, 0xE0, 0x00, 0x00, 0x07, 0xFF, 0xFC, 0x00, 0x00,
    0x01, 0xFF, 0xFF, 0x00, 0x00, 0x00, 0x7F, 0xFF, 0xC0, 0x00, 0x00, 0x0F,
    0xFF, 0xF0, 0x00, 0x00, 0x03, 0xFF, 0xFC, 0x00, 0x00, 0x00, 0xFF, 0xFF,
    0x00, 0x00, 0x00, 0x3F, 0xFF, 0xC0, 0x00, 0x00, 0x0F, 0xFF, 0xF0, 0x00,
    0x00, 0x03, 0xFF, 0xFC, 0x00, 0x00, 0x00, 0xFF, 0xFF, 0x00, 0x00, 0x00,
    0x3F, 0xFF, 0xE0, 0x00, 0x00, 0x0F, 0xFF, 0xF8, 0x00, 0x00, 0x01, 0xFF,
    0xFE, 0x00, 0x00, 0x00, 0x7F, 0xFF, 0x80, 0x00, 0x00, 0x1F, 0xFF, 0xE0,
    0x00, 0x00, 0x07, 0xFF, 0xFF, 0xFF, 0xFF, 0xFF, 0xFF, 0xFF, 0xFF, 0xFF,
    0xFF, 0xFF, 0xFF, 0xFF, 0xFF, 0xFF, 0xFF, 0xFF, 0xFF, 0xFF, 0xFF, 0xFF,
    0xFF, 0xFF, 0xFF, 0xFF, 0xFF, 0xFF, 0xFF, 0xFF, 0xFF, 0xFF, 0xFF, 0xFF,
    0xFF, 0xFF, 0xFF, 0xFF, 0xFF, 0xFF, 0xFF, 0xFF, 0xFF, 0xFF, 0xFF, 0xFF,
    0xFF, 0xFF, 0xFF, 0xFF, 0xFF, 0xFF, 0xFF, 0xFF, 0xFF, 0xFF, 0xFF, 0xFF,
    0xFF, 0xFC, 0x00, 0x00, 0x00, 0xF8, 0x00, 0x00, 0x7F, 0xC0, 0x00, 0x0F,
    0xFE, 0x00, 0x01, 0xFF, 0xF0, 0x00, 0x1F, 0xFF, 0x80, 0x01, 0xFF, 0xFC,
    0x00, 0x1F, 0xFF, 0xE0, 0x01, 0xFF, 0xFF, 0x00, 0x0F, 0xFF, 0xE0, 0x00,
    0xFF, 0xFC, 0x00, 0x07, 0xFF, 0xC0, 0x00, 0x3F, 0xFC, 0x00, 0x03, 0xFF,
    0xE0, 0x00, 0x1F, 0xFE, 0x00, 0x00, 0xFF, 0xF0, 0x00, 0x07, 0xFF, 0x80,
    0x00, 0x3F, 0xFC, 0x00, 0x01, 0xFF, 0xE0, 0x00, 0x0F, 0xFF, 0x00, 0x00,
    0x7F, 0xF8, 0x00, 0x03, 0xFF, 0xC0, 0x00, 0x1F, 0xFE, 0x00, 0x00, 0xFF,
    0xF0, 0x00, 0x07, 0xFF, 0x80, 0x00, 0x3F, 0xFC, 0x00, 0x01, 0xFF, 0xE0,
    0x00, 0x0F, 0xFF, 0x00, 0x00, 0x7F, 0xF8, 0x00, 0x03, 0xFF, 0xC0, 0x00,
    0x1F, 0xFE, 0x00, 0x00, 0xFF, 0xF0, 0x00, 0x07, 0xFF, 0x80, 0x00, 0x3F,
    0xFC, 0x00, 0x03, 0xFF, 0xC0, 0x00, 0x1F, 0xFE, 0x00, 0x00, 0xFF, 0xF0,
    0x00, 0x0F, 0xFF, 0x80, 0x00, 0xFF, 0xF8, 0x00, 0x0F, 0xFF, 0x80, 0x00,
    0xFF, 0xFC, 0x00, 0x1F, 0xFF, 0xC0, 0x07, 0xFF, 0xF8, 0x00, 0x3F, 0xFF,
    0x80, 0x01, 0xFF, 0xF8, 0x00, 0x0F, 0xFF, 0x00, 0x00, 0x7F, 0xFE, 0x00,
    0x03, 0xFF, 0xFC, 0x00, 0x07, 0xFF, 0xF0, 0x00, 0x0F, 0xFF, 0xC0, 0x00,
    0x1F, 0xFF, 0x00, 0x00, 0x7F, 0xFC, 0x00, 0x01, 0xFF, 0xE0, 0x00, 0x07,
    0xFF, 0x80, 0x00, 0x3F, 0xFC, 0x00, 0x01, 0xFF, 0xE0, 0x00, 0x07, 0xFF,
    0x80, 0x00, 0x3F, 0xFC, 0x00, 0x01, 0xFF, 0xE0, 0x00, 0x0F, 0xFF, 0x00,
    0x00, 0x7F, 0xF8, 0x00, 0x03, 0xFF, 0xC0, 0x00, 0x1F, 0xFE, 0x00, 0x00,
    0xFF, 0xF0, 0x00, 0x07, 0xFF, 0x80, 0x00, 0x3F, 0xFC, 0x00, 0x01, 0xFF,
    0xE0, 0x00, 0x0F, 0xFF, 0x00, 0x00, 0x7F, 0xF8, 0x00, 0x03, 0xFF, 0xC0,
    0x00, 0x1F, 0xFE, 0x00, 0x00, 0xFF, 0xF0, 0x00, 0x07, 0xFF, 0x80, 0x00,
    0x3F, 0xFC, 0x00, 0x01, 0xFF, 0xE0, 0x00, 0x0F, 0xFF, 0x00, 0x00, 0x7F,
    0xFC, 0x00, 0x03, 0xFF, 0xE0, 0x00, 0x1F, 0xFF, 0x80, 0x00, 0x7F, 0xFC,
    0x00, 0x03, 0xFF, 0xF8, 0x00, 0x0F, 0xFF, 0xF0, 0x00, 0x7F, 0xFF, 0xC0,
    0x01, 0xFF, 0xFE, 0x00, 0x07, 0xFF, 0xF0, 0x00, 0x1F, 0xFF, 0x80, 0x00,
    0x3F, 0xFC, 0x00, 0x00, 0x7F, 0xE0, 0x00, 0x00, 0x7F, 0xFF, 0xFF, 0xFF,
    0xFF, 0xFF, 0xFF, 0xFF, 0xFF, 0xFF, 0xFF, 0xFF, 0xFF, 0xFF, 0xFF, 0xFF,
    0xFF, 0xFF, 0xFF, 0xFF, 0xFF, 0xFF, 0xFF, 0xFF, 0xFF, 0xFF, 0xFF, 0xFF,
    0xFF, 0xFF, 0xFF, 0xFF, 0xFF, 0xFF, 0xFF, 0xFF, 0xFF, 0xFF, 0xFF, 0xFF,
    0xFF, 0xFF, 0xFF, 0xFF, 0xFF, 0xFF, 0xFF, 0xFF, 0xFF, 0xFF, 0xFF, 0xFF,
    0xFF, 0xFF, 0xFF, 0xFF, 0xFF, 0xFF, 0xFF, 0xFF, 0xFF, 0xFF, 0xFF, 0xFF,
    0xFF, 0xFF, 0xFF, 0xFF, 0xFF, 0xFF, 0xFF, 0xFF, 0xFF, 0xFF, 0xFF, 0xFF,
    0xFF, 0xFF, 0xFF, 0xFF, 0xFF, 0xFF, 0xFF, 0xFF, 0xFF, 0xFF, 0xFF, 0xFF,
    0xFF, 0xFF, 0xFF, 0xFF, 0xFF, 0xFF, 0xFF, 0xFF, 0xFF, 0xFF, 0xFF, 0xFF,
    0xFF, 0xFF, 0xFF, 0xF8, 0x00, 0x00, 0x07, 0xFC, 0x00, 0x00, 0x3F, 0xF8,
    0x00, 0x01, 0xFF, 0xF0, 0x00, 0x0F, 0xFF, 0xC0, 0x00, 0x7F, 0xFF, 0x00,
    0x03, 0xFF, 0xFC, 0x00, 0x1F, 0xFF, 0xF0, 0x00, 0x3F, 0xFF, 0x80, 0x00,
    0x7F, 0xFE, 0x00, 0x01, 0xFF, 0xF0, 0x00, 0x07, 0xFF, 0x80, 0x00, 0x3F,
    0xFE, 0x00, 0x00, 0xFF, 0xF0, 0x00, 0x07, 0xFF, 0x80, 0x00, 0x3F, 0xFC,
    0x00, 0x01, 0xFF, 0xE0, 0x00, 0x0F, 0xFF, 0x00, 0x00, 0x7F, 0xF8, 0x00,
    0x03, 0xFF, 0xC0, 0x00, 0x1F, 0xFE, 0x00, 0x00, 0xFF, 0xF0, 0x00, 0x07,
    0xFF, 0x80, 0x00, 0x3F, 0xFC, 0x00, 0x01, 0xFF, 0xE0, 0x00, 0x0F, 0xFF,
    0x00, 0x00, 0x7F, 0xF8, 0x00, 0x03, 0xFF, 0xC0, 0x00, 0x1F, 0xFE, 0x00,
    0x00, 0xFF, 0xF0, 0x00, 0x07, 0xFF, 0x80, 0x00, 0x3F, 0xFC, 0x00, 0x01,
    0xFF, 0xE0, 0x00, 0x07, 0xFF, 0x80, 0x00, 0x3F, 0xFC, 0x00, 0x01, 0xFF,
    0xE0, 0x00, 0x07, 0xFF, 0x80, 0x00, 0x3F, 0xFC, 0x00, 0x00, 0xFF, 0xF0,
    0x00, 0x07, 0xFF, 0xE0, 0x00, 0x1F, 0xFF, 0xC0, 0x00, 0x3F, 0xFF, 0xC0,
    0x00, 0xFF, 0xFE, 0x00, 0x03, 0xFF, 0xF0, 0x00, 0x07, 0xFF, 0x80, 0x00,
    0xFF, 0xFC, 0x00, 0x1F, 0xFF, 0xE0, 0x01, 0xFF, 0xFC, 0x00, 0x1F, 0xFF,
    0x80, 0x01, 0xFF, 0xF0, 0x00, 0x1F, 0xFF, 0x00, 0x01, 0xFF, 0xF0, 0x00,
    0x0F, 0xFF, 0x00, 0x00, 0x7F, 0xF8, 0x00, 0x07, 0xFF, 0xC0, 0x00, 0x3F,
    0xFC, 0x00, 0x01, 0xFF, 0xE0, 0x00, 0x0F, 0xFF, 0x00, 0x00, 0x7F, 0xF8,
    0x00, 0x03, 0xFF, 0xC0, 0x00, 0x1F, 0xFE, 0x00, 0x00, 0xFF, 0xF0, 0x00,
    0x07, 0xFF, 0x80, 0x00, 0x3F, 0xFC, 0x00, 0x01, 0xFF, 0xE0, 0x00, 0x0F,
    0xFF, 0x00, 0x00, 0x7F, 0xF8, 0x00, 0x03, 0xFF, 0xC0, 0x00, 0x1F, 0xFE,
    0x00, 0x00, 0xFF, 0xF0, 0x00, 0x07, 0xFF, 0x80, 0x00, 0x3F, 0xFC, 0x00,
    0x01, 0xFF, 0xE0, 0x00, 0x0F, 0xFF, 0x00, 0x00, 0x7F, 0xF8, 0x00, 0x07,
    0xFF, 0xC0, 0x00, 0x3F, 0xFE, 0x00, 0x03, 0xFF, 0xE0, 0x00, 0x1F, 0xFF,
    0x00, 0x03, 0xFF, 0xF8, 0x00, 0x7F, 0xFF, 0x80, 0x07, 0xFF, 0xFC, 0x00,
    0x3F, 0xFF, 0xC0, 0x01, 0xFF, 0xFC, 0x00, 0x0F, 0xFF, 0xC0, 0x00, 0x7F,
    0xF8, 0x00, 0x03, 0xFF, 0x00, 0x00, 0x1F, 0xE0, 0x00, 0x00, 0x00, 0x00,
    0x00, 0x00, 0x00, 0x00, 0xFF, 0x00, 0x0F, 0xF0, 0x00, 0x00, 0x00, 0xFF,
    0x00, 0x3F, 0xFE, 0x00, 0x00, 0x01, 0xFF, 0x00, 0xFF, 0xFF, 0xC0, 0x00,
    0x01, 0xFE, 0x01, 0xFF, 0xFF, 0xF0, 0x00, 0x03, 0xFE, 0x03, 0xFF, 0xFF,
    0xFE, 0x00, 0x03, 0xFE, 0x07, 0xFF, 0xFF, 0xFF, 0xC0, 0x07, 0xFE, 0x07,
    0xFF, 0xFF, 0xFF, 0xF0, 0x0F, 0xFC, 0x0F, 0xFF, 0xFF, 0xFF, 0xFF, 0xFF,
    0xFC, 0x0F, 0xFF, 0xFF, 0xFF, 0xFF, 0xFF, 0xFC, 0x1F, 0xFF, 0xFF, 0xFF,
    0xFF, 0xFF, 0xF8, 0x1F, 0xFF, 0xFF, 0xFF, 0xFF, 0xFF, 0xF8, 0x3F, 0xFF,
    0xFF, 0xFF, 0xFF, 0xFF, 0xF0, 0x3F, 0xFF, 0xFF, 0xFF, 0xFF, 0xFF, 0xF0,
    0x3F, 0xF8, 0x0F, 0xFF, 0xFF, 0xFF, 0xE0, 0x7F, 0xE0, 0x01, 0xFF, 0xFF,
    0xFF, 0xE0, 0x7F, 0xC0, 0x00, 0x7F, 0xFF, 0xFF, 0xC0, 0x7F, 0xC0, 0x00,
    0x0F, 0xFF, 0xFF, 0x80, 0x7F, 0x80, 0x00, 0x03, 0xFF, 0xFF, 0x00, 0x7F,
    0x80, 0x00, 0x00, 0x7F, 0xFC, 0x00, 0xFF, 0x00, 0x00, 0x00, 0x0F, 0xF0,
    0x00, 0xFF, 0x00, 0x00, 0x00, 0x00, 0x00, 0x00,
};

const GFXglyph HelvBold48pt7bGlyphs[] PROGMEM = {
    {0, 1, 1, 26, 0, -1},  // 0x20 '\x20'
    {1, 14, 67, 31, 11, -67},  // 0x21 '!'
    {119, 30, 28, 45, 8, -68},  // 0x22 '"'
    {224, 52, 66, 52, 0, -66},  // 0x23 '#'
    {653, 46, 84, 52, 3, -73},  // 0x24 '$'
    {1136, 79, 68, 84, 2, -66},  // 0x25 '%'
    {1808, 61, 70, 68, 5, -68},  // 0x26 '&'
    {2342, 13, 28, 22, 4, -68},  // 0x27 '''
    {2388, 26, 88, 31, 4, -69},  // 0x28 '('
    {2674, 26, 88, 31, 1, -69},  // 0x29 ')'
    {2960, 32, 31, 37, 2, -68},  // 0x2A '*'
    {3084, 50, 50, 55, 3, -50},  // 0x2B '+'
    {3397, 14, 30, 26, 5, -14},  // 0x2C ','
    {3450, 26, 12, 31, 2, -32},  // 0x2D '-'
    {3489, 14, 14, 26, 6, -14},  // 0x2E '.'
    {3514, 37, 70, 26, -5, -70},  // 0x2F '/'
    {3838, 46, 69, 52, 3, -67},  // 0x30 '0'
    {4235, 29, 67, 52, 6, -67},  // 0x31 '1'
    {4478, 46, 67, 52, 3, -67},  // 0x32 '2'
    {4864, 46, 69, 53, 3, -67},  // 0x33 '3'
    {5261, 47, 66, 53, 3, -66},  // 0x34 '4'
    {5649, 46, 68, 53, 3, -66},  // 0x35 '5'
    {6040, 46, 69, 52, 3, -67},  // 0x36 '6'
    {6437, 48, 66, 52, 2, -66},  // 0x37 '7'
    {6833, 46, 69, 52, 2, -67},  // 0x38 '8'
    {7230, 46, 69, 52, 3, -67},  // 0x39 '9'
    {7627, 14, 48, 32, 11, -48},  // 0x3A ':'
    {7711, 14, 64, 32, 11, -48},  // 0x3B ';'
    {7823, 54, 53, 55, 1, -51},  // 0x3C '<'
    {8181, 50, 34, 55, 3, -42},  // 0x3D '='
    {8394, 54, 53, 55, 1, -51},  // 0x3E '>'
    {8752, 46, 68, 57, 5, -68},  // 0x3F '?'
    {9143, 74, 72, 92, 9, -70},  // 0x40 '@'
    {9809, 64, 68, 68, 2, -68},  // 0x41 'A'
    {10353, 56, 68, 68, 7, -68},  // 0x42 'B'
    {10829, 60, 71, 68, 4, -69},  // 0x43 'C'
    {11362, 58, 68, 68, 7, -68},  // 0x44 'D'
    {11855, 51, 68, 63, 7, -68},  // 0x45 'E'
    {12289, 48, 68, 57, 7, -68},  // 0x46 'F'
    {12697, 62, 71, 73, 4, -69},  // 0x47 'G'
    {13248, 55, 68, 68, 7, -68},  // 0x48 'H'
    {13716, 14, 68, 26, 6, -68},  // 0x49 'I'
    {13835, 43, 70, 52, 2, -68},  // 0x4A 'J'
    {14212, 60, 68, 68, 7, -68},  // 0x4B 'K'
    {14722, 48, 68, 57, 7, -68},  // 0x4C 'L'
    {15130, 65, 68, 78, 7, -68},  // 0x4D 'M'
    {15683, 55, 68, 68, 7, -68},  // 0x4E 'N'
    {16151, 64, 72, 73, 5, -70},  // 0x4F 'O'
    {16727, 53, 68, 63, 7, -68},  // 0x50 'P'
    {17178, 64, 75, 73, 5, -70},  // 0x51 'Q'
    {17778, 57, 68, 68, 7, -68},  // 0x52 'R'
    {18263, 55, 72, 63, 4, -70},  // 0x53 'S'
    {18758, 54, 68, 57, 2, -68},  // 0x54 'T'
    {19217, 55, 70, 68, 7, -68},  // 0x55 'U'
    {19699, 59, 68, 63, 2, -68},  // 0x56 'V'
    {20201, 86, 68, 89, 1, -68},  // 0x57 'W'
    {20932, 60, 68, 63, 2, -68},  // 0x58 'X'
    {21442, 60, 68, 63, 2, -68},  // 0x59 'Y'
    {21952, 53, 68, 57, 2, -68},  // 0x5A 'Z'
    {22403, 23, 86, 31, 6, -68},  // 0x5B '['
    {22651, 37, 70, 26, -5, -70},  // 0x5C '\x5c'
    {22975, 23, 86, 31, 2, -68},  // 0x5D ']'
    {23223, 44, 41, 55, 6, -68},  // 0x5E '^'
    {23449, 52, 5, 52, 0, 7},  // 0x5F '_'
    {23482, 23, 14, 31, -2, -71},  // 0x60 '`'
    {23523, 47, 53, 53, 3, -51},  // 0x61 'a'
    {23835, 48, 69, 57, 6, -68},  // 0x62 'b'
    {24249, 46, 53, 52, 3, -51},  // 0x63 'c'
    {24554, 48, 70, 57, 3, -68},  // 0x64 'd'
    {24974, 48, 53, 52, 2, -51},  // 0x65 'e'
    {25292, 29, 68, 31, 1, -68},  // 0x66 'f'
    {25539, 48, 71, 57, 3, -51},  // 0x67 'g'
    {25965, 45, 67, 57, 6, -67},  // 0x68 'h'
    {26342, 13, 68, 26, 6, -68},  // 0x69 'i'
    {26453, 19, 88, 26, 1, -68},  // 0x6A 'j'
    {26662, 46, 67, 52, 6, -67},  // 0x6B 'k'
    {27048, 13, 68, 26, 6, -68},  // 0x6C 'l'
    {27159, 71, 51, 83, 6, -51},  // 0x6D 'm'
    {27612, 45, 51, 57, 6, -51},  // 0x6E 'n'
    {27899, 51, 54, 57, 3, -52},  // 0x6F 'o'
    {28244, 48, 70, 57, 6, -51},  // 0x70 'p'
    {28664, 48, 71, 57, 3, -51},  // 0x71 'q'
    {29090, 29, 51, 37, 6, -51},  // 0x72 'r'
    {29275, 46, 53, 52, 3, -51},  // 0x73 's'
    {29580, 28, 64, 31, 1, -63},  // 0x74 't'
    {29804, 44, 51, 57, 6, -50},  // 0x75 'u'
    {30085, 50, 50, 52, 1, -50},  // 0x76 'v'
    {30398, 71, 50, 73, 1, -50},  // 0x77 'w'
    {30842, 50, 50, 52, 1, -50},  // 0x78 'x'
    {31155, 50, 70, 52, 1, -50},  // 0x79 'y'
    {31593, 43, 50, 47, 2, -50},  // 0x7A 'z'
    {31862, 29, 88, 37, 0, -69},  // 0x7B '{'
    {32181, 12, 68, 26, 5, -68},  // 0x7C '|'
    {32283, 29, 88, 37, 3, -69},  // 0x7D '}'
    {32602, 56, 22, 55, 0, -36}};  // 0x7E '~'

const GFXfont HelvBold48pt7b PROGMEM = {(uint8_t *)HelvBold48pt7bBitmaps,
                                        (GFXglyph *)HelvBold48pt7bGlyphs, 0x20,
                                        0x7E, 94};

// Approx. 33346 bytes
