#pragma once
// ============================================================
// HelvBold36pt7b — Helvetica Bold 36pt @141dpi 点阵表（Adafruit GFX 格式）
// 生成：python3 tools/gen_gfx_font.py /System/Library/Fonts/Helvetica.ttc 1 36 <out.h>（freetype-py，MONO 1bpp）
// 来源：macOS 系统字体（大屏 UI 重设计 2026-09-17）；与 FreeSans 小字表
// 同为 Helvetica 风格，混排视觉连续。勿手改。
// ============================================================
#include "gfxfont.h"

const uint8_t HelvBold36pt7bBitmaps[] PROGMEM = {
    0x00, 0xFF, 0xFF, 0xFF, 0xFF, 0xFF, 0xFF, 0xFF, 0xFF, 0xFF, 0xFF, 0xFF,
    0xFF, 0xFF, 0xFF, 0xFF, 0xFF, 0xFF, 0xFF, 0xFF, 0xFF, 0xFF, 0xFF, 0xFF,
    0xEF, 0xF9, 0xFF, 0x3F, 0xE7, 0xFC, 0xFF, 0x9F, 0xF3, 0xFE, 0x7F, 0xC7,
    0xF8, 0xFE, 0x1F, 0xC3, 0xF8, 0x7F, 0x0F, 0xE1, 0xFC, 0x3F, 0x83, 0xF0,
    0x7C, 0x0F, 0x81, 0xF0, 0x00, 0x00, 0x00, 0x00, 0x00, 0x1F, 0xFF, 0xFF,
    0xFF, 0xFF, 0xFF, 0xFF, 0xFF, 0xFF, 0xFF, 0xFF, 0xFF, 0xFF, 0xFF, 0x80,
    0xFF, 0x83, 0xFF, 0xFF, 0x07, 0xFF, 0xFE, 0x0F, 0xFF, 0xFC, 0x1F, 0xFF,
    0xF8, 0x3F, 0xFF, 0xF0, 0x7F, 0xFF, 0xE0, 0xFF, 0xBF, 0xC1, 0xFE, 0x7F,
    0x83, 0xFC, 0xFF, 0x07, 0xF9, 0xFE, 0x0F, 0xF3, 0xFC, 0x1F, 0xE7, 0xF0,
    0x3F, 0xCF, 0xE0, 0x3F, 0x9F, 0xC0, 0x7F, 0x3F, 0x80, 0xFE, 0x7F, 0x01,
    0xFC, 0xFE, 0x03, 0xF9, 0xFC, 0x07, 0xF3, 0xF8, 0x0F, 0xE7, 0xF0, 0x1F,
    0x80, 0x00, 0x00, 0x7F, 0x07, 0xF0, 0x00, 0x01, 0xFC, 0x0F, 0xE0, 0x00,
    0x03, 0xF8, 0x1F, 0x80, 0x00, 0x07, 0xF0, 0x7F, 0x00, 0x00, 0x1F, 0xC0,
    0xFE, 0x00, 0x00, 0x3F, 0x81, 0xFC, 0x00, 0x00, 0x7F, 0x07, 0xF0, 0x00,
    0x00, 0xFE, 0x0F, 0xE0, 0x00, 0x03, 0xF8, 0x1F, 0xC0, 0x00, 0x07, 0xF0,
    0x3F, 0x80, 0x00, 0x0F, 0xE0, 0xFE, 0x00, 0x00, 0x1F, 0x81, 0xFC, 0x00,
    0x00, 0x7F, 0x03, 0xF8, 0x00, 0x00, 0xFE, 0x07, 0xF0, 0x00, 0xFF, 0xFF,
    0xFF, 0xFF, 0x83, 0xFF, 0xFF, 0xFF, 0xFF, 0x07, 0xFF, 0xFF, 0xFF, 0xFE,
    0x0F, 0xFF, 0xFF, 0xFF, 0xFC, 0x1F, 0xFF, 0xFF, 0xFF, 0xF0, 0x7F, 0xFF,
    0xFF, 0xFF, 0xE0, 0x01, 0xFC, 0x0F, 0xE0, 0x00, 0x03, 0xF8, 0x1F, 0x80,
    0x00, 0x07, 0xF0, 0x7F, 0x00, 0x00, 0x1F, 0xC0, 0xFE, 0x00, 0x00, 0x3F,
    0x81, 0xFC, 0x00, 0x00, 0x7F, 0x07, 0xF0, 0x00, 0x00, 0xFC, 0x0F, 0xE0,
    0x00, 0x03, 0xF8, 0x1F, 0xC0, 0x00, 0x07, 0xF0, 0x3F, 0x80, 0x00, 0x0F,
    0xE0, 0xFE, 0x00, 0x1F, 0xFF, 0xFF, 0xFF, 0xF8, 0x3F, 0xFF, 0xFF, 0xFF,
    0xF0, 0x7F, 0xFF, 0xFF, 0xFF, 0xE0, 0xFF, 0xFF, 0xFF, 0xFF, 0x83, 0xFF,
    0xFF, 0xFF, 0xFF, 0x07, 0xFF, 0xFF, 0xFF, 0xFE, 0x00, 0x1F, 0xC1, 0xFC,
    0x00, 0x00, 0x3F, 0x83, 0xF8, 0x00, 0x00, 0xFE, 0x07, 0xF0, 0x00, 0x01,
    0xFC, 0x0F, 0xE0, 0x00, 0x03, 0xF8, 0x3F, 0x80, 0x00, 0x07, 0xE0, 0x7F,
    0x00, 0x00, 0x1F, 0xC0, 0xFE, 0x00, 0x00, 0x3F, 0x81, 0xFC, 0x00, 0x00,
    0x7F, 0x07, 0xF0, 0x00, 0x01, 0xFC, 0x0F, 0xE0, 0x00, 0x03, 0xF8, 0x1F,
    0xC0, 0x00, 0x07, 0xF0, 0x3F, 0x00, 0x00, 0x0F, 0xE0, 0xFE, 0x00, 0x00,
    0x3F, 0x81, 0xFC, 0x00, 0x00, 0x00, 0x00, 0xE0, 0x00, 0x00, 0x00, 0x1C,
    0x00, 0x00, 0x00, 0x03, 0x80, 0x00, 0x00, 0x00, 0x70, 0x00, 0x00, 0x00,
    0x3F, 0x00, 0x00, 0x00, 0x7F, 0xFF, 0x00, 0x00, 0x3F, 0xFF, 0xF8, 0x00,
    0x1F, 0xFF, 0xFF, 0xC0, 0x07, 0xFF, 0xFF, 0xFC, 0x01, 0xFF, 0xFF, 0xFF,
    0xC0, 0x7F, 0xFF, 0xFF, 0xFC, 0x0F, 0xFF, 0xFF, 0xFF, 0x83, 0xFF, 0xEE,
    0x7F, 0xF8, 0x7F, 0xE1, 0xC3, 0xFF, 0x0F, 0xF8, 0x38, 0x3F, 0xE3, 0xFE,
    0x07, 0x07, 0xFE, 0x7F, 0xC0, 0xE0, 0x7F, 0xCF, 0xF8, 0x1C, 0x0F, 0xF9,
    0xFF, 0x03, 0x81, 0xFF, 0x3F, 0xE0, 0x70, 0x00, 0x07, 0xFC, 0x0E, 0x00,
    0x00, 0xFF, 0xC1, 0xC0, 0x00, 0x1F, 0xFC, 0x38, 0x00, 0x01, 0xFF, 0xE7,
    0x00, 0x00, 0x3F, 0xFF, 0xE0, 0x00, 0x03, 0xFF, 0xFE, 0x00, 0x00, 0x7F,
    0xFF, 0xF8, 0x00, 0x07, 0xFF, 0xFF, 0xC0, 0x00, 0x7F, 0xFF, 0xFE, 0x00,
    0x07, 0xFF, 0xFF, 0xF0, 0x00, 0x3F, 0xFF, 0xFF, 0x80, 0x01, 0xFF, 0xFF,
    0xF8, 0x00, 0x0F, 0xFF, 0xFF, 0x80, 0x00, 0x1F, 0xFF, 0xF0, 0x00, 0x03,
    0xFF, 0xFF, 0x00, 0x00, 0x77, 0xFF, 0xE0, 0x00, 0x0E, 0x3F, 0xFE, 0x00,
    0x01, 0xC3, 0xFF, 0xC0, 0x00, 0x38, 0x3F, 0xFF, 0xFC, 0x07, 0x03, 0xFF,
    0xFF, 0x80, 0xE0, 0x7F, 0xFF, 0xF8, 0x1C, 0x0F, 0xFF, 0xFF, 0x03, 0x81,
    0xFF, 0xFF, 0xE0, 0x70, 0x3F, 0xFF, 0xFC, 0x0E, 0x07, 0xFE, 0xFF, 0xC1,
    0xC1, 0xFF, 0x9F, 0xFC, 0x38, 0x3F, 0xF3, 0xFF, 0xC7, 0x1F, 0xFE, 0x3F,
    0xFF, 0xFF, 0xFF, 0x87, 0xFF, 0xFF, 0xFF, 0xE0, 0x7F, 0xFF, 0xFF, 0xFC,
    0x07, 0xFF, 0xFF, 0xFF, 0x00, 0x7F, 0xFF, 0xFF, 0xC0, 0x07, 0xFF, 0xFF,
    0xE0, 0x00, 0x1F, 0xFF, 0xF0, 0x00, 0x00, 0x7F, 0xF0, 0x00, 0x00, 0x00,
    0xE0, 0x00, 0x00, 0x00, 0x1C, 0x00, 0x00, 0x00, 0x03, 0x80, 0x00, 0x00,
    0x00, 0x70, 0x00, 0x00, 0x00, 0x0E, 0x00, 0x00, 0x00, 0x01, 0xC0, 0x00,
    0x00, 0x00, 0x38, 0x00, 0x00, 0x00, 0x7F, 0x00, 0x00, 0x00, 0xFC, 0x00,
    0x00, 0x3F, 0xF8, 0x00, 0x00, 0x1F, 0x00, 0x00, 0x1F, 0xFF, 0xC0, 0x00,
    0x07, 0xE0, 0x00, 0x07, 0xFF, 0xFC, 0x00, 0x00, 0xF8, 0x00, 0x01, 0xFF,
    0xFF, 0xC0, 0x00, 0x3F, 0x00, 0x00, 0x7F, 0xFF, 0xFC, 0x00, 0x07, 0xC0,
    0x00, 0x0F, 0xFF, 0xFF, 0x80, 0x01, 0xF0, 0x00, 0x03, 0xFE, 0x0F, 0xF8,
    0x00, 0x3E, 0x00, 0x00, 0x7F, 0x80, 0xFF, 0x00, 0x0F, 0x80, 0x00, 0x1F,
    0xE0, 0x0F, 0xF0, 0x01, 0xF0, 0x00, 0x03, 0xF8, 0x01, 0xFE, 0x00, 0x7C,
    0x00, 0x00, 0x7F, 0x00, 0x1F, 0xC0, 0x1F, 0x80, 0x00, 0x0F, 0xE0, 0x03,
    0xF8, 0x03, 0xE0, 0x00, 0x01, 0xFC, 0x00, 0x7F, 0x00, 0xFC, 0x00, 0x00,
    0x3F, 0x80, 0x0F, 0xE0, 0x1F, 0x00, 0x00, 0x07, 0xF0, 0x03, 0xFC, 0x07,
    0xE0, 0x00, 0x00, 0xFF, 0x00, 0x7F, 0x80, 0xF8, 0x00, 0x00, 0x0F, 0xF0,
    0x1F, 0xE0, 0x3E, 0x00, 0x00, 0x01, 0xFF, 0x07, 0xFC, 0x07, 0xC0, 0x00,
    0x00, 0x1F, 0xFF, 0xFF, 0x01, 0xF0, 0x00, 0x00, 0x03, 0xFF, 0xFF, 0xE0,
    0x3E, 0x00, 0x00, 0x00, 0x3F, 0xFF, 0xF8, 0x0F, 0x80, 0x00, 0x00, 0x03,
    0xFF, 0xFE, 0x03, 0xF0, 0x00, 0x00, 0x00, 0x3F, 0xFF, 0x80, 0x7C, 0x00,
    0x00, 0x00, 0x01, 0xFF, 0xC0, 0x1F, 0x80, 0x00, 0x00, 0x00, 0x0F, 0xE0,
    0x03, 0xE0, 0x03, 0xF8, 0x00, 0x00, 0x00, 0x00, 0xFC, 0x01, 0xFF, 0xC0,
    0x00, 0x00, 0x00, 0x1F, 0x00, 0xFF, 0xFE, 0x00, 0x00, 0x00, 0x07, 0xC0,
    0x3F, 0xFF, 0xE0, 0x00, 0x00, 0x00, 0xF8, 0x0F, 0xFF, 0xFE, 0x00, 0x00,
    0x00, 0x3E, 0x03, 0xFF, 0xFF, 0xE0, 0x00, 0x00, 0x07, 0xC0, 0x7F, 0xFF,
    0xFC, 0x00, 0x00, 0x01, 0xF0, 0x1F, 0xF0, 0x7F, 0xC0, 0x00, 0x00, 0x7E,
    0x03, 0xFC, 0x07, 0xF8, 0x00, 0x00, 0x0F, 0x80, 0xFF, 0x00, 0x7F, 0x80,
    0x00, 0x03, 0xF0, 0x1F, 0xC0, 0x0F, 0xF0, 0x00, 0x00, 0x7C, 0x03, 0xF8,
    0x00, 0xFE, 0x00, 0x00, 0x1F, 0x80, 0x7F, 0x00, 0x1F, 0xC0, 0x00, 0x03,
    0xE0, 0x0F, 0xE0, 0x03, 0xF8, 0x00, 0x00, 0xF8, 0x01, 0xFC, 0x00, 0x7F,
    0x00, 0x00, 0x1F, 0x00, 0x3F, 0x80, 0x1F, 0xE0, 0x00, 0x07, 0xC0, 0x07,
    0xF8, 0x03, 0xFC, 0x00, 0x00, 0xF8, 0x00, 0x7F, 0x80, 0xFF, 0x00, 0x00,
    0x3E, 0x00, 0x0F, 0xF8, 0x3F, 0xE0, 0x00, 0x0F, 0xC0, 0x00, 0xFF, 0xFF,
    0xF8, 0x00, 0x01, 0xF0, 0x00, 0x1F, 0xFF, 0xFF, 0x00, 0x00, 0x7E, 0x00,
    0x01, 0xFF, 0xFF, 0xC0, 0x00, 0x0F, 0x80, 0x00, 0x1F, 0xFF, 0xF0, 0x00,
    0x03, 0xF0, 0x00, 0x01, 0xFF, 0xFC, 0x00, 0x00, 0x7C, 0x00, 0x00, 0x0F,
    0xFE, 0x00, 0x00, 0x1F, 0x00, 0x00, 0x00, 0x7F, 0x00, 0x00, 0x00, 0x01,
    0xFE, 0x00, 0x00, 0x00, 0x00, 0x3F, 0xFF, 0x00, 0x00, 0x00, 0x01, 0xFF,
    0xFF, 0x00, 0x00, 0x00, 0x1F, 0xFF, 0xFE, 0x00, 0x00, 0x00, 0xFF, 0xFF,
    0xFC, 0x00, 0x00, 0x03, 0xFF, 0xFF, 0xF0, 0x00, 0x00, 0x1F, 0xFF, 0xFF,
    0xE0, 0x00, 0x00, 0x7F, 0xE1, 0xFF, 0x80, 0x00, 0x03, 0xFE, 0x03, 0xFF,
    0x00, 0x00, 0x0F, 0xF8, 0x07, 0xFC, 0x00, 0x00, 0x3F, 0xE0, 0x1F, 0xF0,
    0x00, 0x00, 0xFF, 0x80, 0x7F, 0xC0, 0x00, 0x03, 0xFE, 0x01, 0xFF, 0x00,
    0x00, 0x0F, 0xF8, 0x0F, 0xFC, 0x00, 0x00, 0x3F, 0xF0, 0x3F, 0xF0, 0x00,
    0x00, 0xFF, 0xE1, 0xFF, 0x80, 0x00, 0x01, 0xFF, 0x8F, 0xFE, 0x00, 0x00,
    0x07, 0xFF, 0xFF, 0xF8, 0x00, 0x00, 0x0F, 0xFF, 0xFF, 0xC0, 0x00, 0x00,
    0x3F, 0xFF, 0xFE, 0x00, 0x00, 0x00, 0x7F, 0xFF, 0xF0, 0x00, 0x00, 0x00,
    0xFF, 0xFF, 0x80, 0x00, 0x00, 0x03, 0xFF, 0xFC, 0x00, 0x00, 0x00, 0x1F,
    0xFF, 0xC0, 0x00, 0x00, 0x01, 0xFF, 0xFF, 0x00, 0x00, 0x00, 0x0F, 0xFF,
    0xFE, 0x01, 0xFF, 0x00, 0x7F, 0xFF, 0xFC, 0x07, 0xFC, 0x03, 0xFF, 0xFF,
    0xF0, 0x1F, 0xF0, 0x1F, 0xFF, 0xFF, 0xE0, 0x7F, 0xC0, 0xFF, 0xFB, 0xFF,
    0xC1, 0xFF, 0x07, 0xFF, 0x87, 0xFF, 0x8F, 0xF8, 0x1F, 0xFC, 0x0F, 0xFF,
    0x3F, 0xE0, 0xFF, 0xE0, 0x1F, 0xFD, 0xFF, 0x83, 0xFF, 0x80, 0x3F, 0xFF,
    0xFC, 0x0F, 0xFC, 0x00, 0xFF, 0xFF, 0xF0, 0x3F, 0xF0, 0x01, 0xFF, 0xFF,
    0x80, 0xFF, 0xC0, 0x03, 0xFF, 0xFE, 0x03, 0xFF, 0x00, 0x07, 0xFF, 0xF0,
    0x0F, 0xFC, 0x00, 0x0F, 0xFF, 0x80, 0x3F, 0xF0, 0x00, 0x3F, 0xFE, 0x00,
    0xFF, 0xE0, 0x00, 0x7F, 0xF8, 0x03, 0xFF, 0x80, 0x03, 0xFF, 0xF0, 0x07,
    0xFF, 0x00, 0x3F, 0xFF, 0xE0, 0x1F, 0xFF, 0x03, 0xFF, 0xFF, 0x80, 0x3F,
    0xFF, 0xFF, 0xFF, 0xFF, 0x00, 0xFF, 0xFF, 0xFF, 0xFF, 0xFE, 0x01, 0xFF,
    0xFF, 0xFF, 0xFF, 0xFC, 0x03, 0xFF, 0xFF, 0xFE, 0x7F, 0xF8, 0x07, 0xFF,
    0xFF, 0xF0, 0xFF, 0xF0, 0x07, 0xFF, 0xFF, 0x83, 0xFF, 0xC0, 0x0F, 0xFF,
    0xF8, 0x07, 0xFF, 0x80, 0x07, 0xFE, 0x00, 0x00, 0x01, 0xFF, 0xFF, 0xFF,
    0xFF, 0xFF, 0xFF, 0xFD, 0xFE, 0xFE, 0x7F, 0x3F, 0x9F, 0xCF, 0xE7, 0xF3,
    0xF9, 0xFC, 0xFE, 0x7F, 0x3F, 0x9F, 0xC7, 0xE3, 0xE0, 0x00, 0x0F, 0xF0,
    0x01, 0xFE, 0x00, 0x3F, 0xC0, 0x03, 0xFC, 0x00, 0x7F, 0x80, 0x07, 0xF8,
    0x00, 0xFF, 0x00, 0x1F, 0xF0, 0x01, 0xFE, 0x00, 0x3F, 0xE0, 0x03, 0xFC,
    0x00, 0x7F, 0xC0, 0x07, 0xFC, 0x00, 0xFF, 0x80, 0x0F, 0xF8, 0x01, 0xFF,
    0x00, 0x1F, 0xF0, 0x01, 0xFF, 0x00, 0x3F, 0xF0, 0x03, 0xFE, 0x00, 0x3F,
    0xE0, 0x07, 0xFE, 0x00, 0x7F, 0xE0, 0x07, 0xFE, 0x00, 0x7F, 0xE0, 0x07,
    0xFC, 0x00, 0xFF, 0xC0, 0x0F, 0xFC, 0x00, 0xFF, 0xC0, 0x0F, 0xFC, 0x00,
    0xFF, 0xC0, 0x0F, 0xFC, 0x00, 0xFF, 0xC0, 0x0F, 0xFC, 0x00, 0xFF, 0xC0,
    0x0F, 0xFC, 0x00, 0xFF, 0xC0, 0x0F, 0xFC, 0x00, 0xFF, 0xC0, 0x07, 0xFC,
    0x00, 0x7F, 0xC0, 0x07, 0xFE, 0x00, 0x7F, 0xE0, 0x07, 0xFE, 0x00, 0x3F,
    0xE0, 0x03, 0xFE, 0x00, 0x3F, 0xE0, 0x03, 0xFF, 0x00, 0x1F, 0xF0, 0x01,
    0xFF, 0x00, 0x1F, 0xF0, 0x00, 0xFF, 0x80, 0x0F, 0xF8, 0x00, 0x7F, 0xC0,
    0x07, 0xFC, 0x00, 0x3F, 0xC0, 0x03, 0xFE, 0x00, 0x1F, 0xE0, 0x01, 0xFF,
    0x00, 0x0F, 0xF0, 0x00, 0xFF, 0x80, 0x07, 0xF8, 0x00, 0x3F, 0xC0, 0x01,
    0xFC, 0x00, 0x1F, 0xE0, 0x00, 0xFF, 0xFF, 0x00, 0x07, 0xF8, 0x00, 0x3F,
    0xC0, 0x03, 0xFC, 0x00, 0x1F, 0xE0, 0x01, 0xFE, 0x00, 0x0F, 0xF0, 0x00,
    0xFF, 0x80, 0x07, 0xF8, 0x00, 0x7F, 0xC0, 0x03, 0xFC, 0x00, 0x3F, 0xE0,
    0x03, 0xFE, 0x00, 0x1F, 0xF0, 0x01, 0xFF, 0x00, 0x1F, 0xF8, 0x00, 0xFF,
    0x80, 0x0F, 0xF8, 0x00, 0xFF, 0xC0, 0x07, 0xFC, 0x00, 0x7F, 0xC0, 0x07,
    0xFE, 0x00, 0x7F, 0xE0, 0x07, 0xFE, 0x00, 0x7F, 0xE0, 0x03, 0xFE, 0x00,
    0x3F, 0xF0, 0x03, 0xFF, 0x00, 0x3F, 0xF0, 0x03, 0xFF, 0x00, 0x3F, 0xF0,
    0x03, 0xFF, 0x00, 0x3F, 0xF0, 0x03, 0xFF, 0x00, 0x3F, 0xF0, 0x03, 0xFF,
    0x00, 0x3F, 0xF0, 0x03, 0xFF, 0x00, 0x3F, 0xF0, 0x03, 0xFE, 0x00, 0x3F,
    0xE0, 0x07, 0xFE, 0x00, 0x7F, 0xE0, 0x07, 0xFE, 0x00, 0x7F, 0xC0, 0x07,
    0xFC, 0x00, 0x7F, 0xC0, 0x0F, 0xFC, 0x00, 0xFF, 0x80, 0x0F, 0xF8, 0x01,
    0xFF, 0x00, 0x1F, 0xF0, 0x01, 0xFF, 0x00, 0x3F, 0xE0, 0x03, 0xFE, 0x00,
    0x3F, 0xC0, 0x07, 0xFC, 0x00, 0x7F, 0x80, 0x0F, 0xF8, 0x00, 0xFF, 0x00,
    0x1F, 0xF0, 0x01, 0xFE, 0x00, 0x3F, 0xC0, 0x03, 0xF8, 0x00, 0x7F, 0x80,
    0x0F, 0xF0, 0x00, 0x00, 0x7E, 0x00, 0x00, 0x7E, 0x00, 0x00, 0x7E, 0x00,
    0x00, 0x7E, 0x00, 0x00, 0x7E, 0x00, 0x00, 0x7E, 0x00, 0x70, 0x7E, 0x0E,
    0x7E, 0x7E, 0x7E, 0x7F, 0xFF, 0xFE, 0x7F, 0xFF, 0xFE, 0xFF, 0xFF, 0xFF,
    0x3F, 0xFF, 0xFC, 0x03, 0xFF, 0xC0, 0x01, 0xFF, 0x80, 0x03, 0xFF, 0xC0,
    0x03, 0xFF, 0xC0, 0x07, 0xFF, 0xE0, 0x0F, 0xE7, 0xF0, 0x0F, 0xE7, 0xF0,
    0x1F, 0xC3, 0xF8, 0x1F, 0x81, 0xF0, 0x07, 0x00, 0xE0, 0x03, 0x00, 0xC0,
    0x00, 0x03, 0xFE, 0x00, 0x00, 0x00, 0x1F, 0xF0, 0x00, 0x00, 0x00, 0xFF,
    0x80, 0x00, 0x00, 0x07, 0xFC, 0x00, 0x00, 0x00, 0x3F, 0xE0, 0x00, 0x00,
    0x01, 0xFF, 0x00, 0x00, 0x00, 0x0F, 0xF8, 0x00, 0x00, 0x00, 0x7F, 0xC0,
    0x00, 0x00, 0x03, 0xFE, 0x00, 0x00, 0x00, 0x1F, 0xF0, 0x00, 0x00, 0x00,
    0xFF, 0x80, 0x00, 0x00, 0x07, 0xFC, 0x00, 0x00, 0x00, 0x3F, 0xE0, 0x00,
    0x00, 0x01, 0xFF, 0x00, 0x03, 0xFF, 0xFF, 0xFF, 0xFF, 0xFF, 0xFF, 0xFF,
    0xFF, 0xFF, 0xFF, 0xFF, 0xFF, 0xFF, 0xFF, 0xFF, 0xFF, 0xFF, 0xFF, 0xFF,
    0xFF, 0xFF, 0xFF, 0xFF, 0xFF, 0xFF, 0xFF, 0xFF, 0xFF, 0xFF, 0xFF, 0xFF,
    0xFF, 0xFF, 0xFF, 0xFF, 0xFF, 0xFF, 0xFF, 0xFF, 0xFF, 0xFF, 0xE0, 0x00,
    0x7F, 0xC0, 0x00, 0x00, 0x03, 0xFE, 0x00, 0x00, 0x00, 0x1F, 0xF0, 0x00,
    0x00, 0x00, 0xFF, 0x80, 0x00, 0x00, 0x07, 0xFC, 0x00, 0x00, 0x00, 0x3F,
    0xE0, 0x00, 0x00, 0x01, 0xFF, 0x00, 0x00, 0x00, 0x0F, 0xF8, 0x00, 0x00,
    0x00, 0x7F, 0xC0, 0x00, 0x00, 0x03, 0xFE, 0x00, 0x00, 0x00, 0x1F, 0xF0,
    0x00, 0x00, 0x00, 0xFF, 0x80, 0x00, 0x00, 0x07, 0xFC, 0x00, 0x00, 0x00,
    0x3F, 0xE0, 0x00, 0x00, 0xFF, 0xFF, 0xFF, 0xFF, 0xFF, 0xFF, 0xFF, 0xFF,
    0xFF, 0xFF, 0xFF, 0xFF, 0xFF, 0xFC, 0x0F, 0x81, 0xF0, 0x3E, 0x0F, 0x81,
    0xF0, 0x7E, 0x1F, 0x87, 0xE3, 0xF8, 0x7E, 0x0F, 0x01, 0x80, 0x00, 0xFF,
    0xFF, 0xFF, 0xFF, 0xFF, 0xFF, 0xFF, 0xFF, 0xFF, 0xFF, 0xFF, 0xFF, 0xFF,
    0xFF, 0xFF, 0xFF, 0xFF, 0xFF, 0xFF, 0xFF, 0xFF, 0xFF, 0xF0, 0xFF, 0xFF,
    0xFF, 0xFF, 0xFF, 0xFF, 0xFF, 0xFF, 0xFF, 0xFF, 0xFF, 0xFF, 0xFF, 0xFC,
    0x00, 0x00, 0x0F, 0xF0, 0x00, 0x01, 0xFE, 0x00, 0x00, 0x1F, 0xE0, 0x00,
    0x03, 0xFE, 0x00, 0x00, 0x3F, 0xC0, 0x00, 0x03, 0xFC, 0x00, 0x00, 0x7F,
    0xC0, 0x00, 0x07, 0xF8, 0x00, 0x00, 0x7F, 0x80, 0x00, 0x0F, 0xF0, 0x00,
    0x00, 0xFF, 0x00, 0x00, 0x1F, 0xF0, 0x00, 0x01, 0xFE, 0x00, 0x00, 0x1F,
    0xE0, 0x00, 0x03, 0xFE, 0x00, 0x00, 0x3F, 0xC0, 0x00, 0x03, 0xFC, 0x00,
    0x00, 0x7F, 0x80, 0x00, 0x07, 0xF8, 0x00, 0x00, 0xFF, 0x80, 0x00, 0x0F,
    0xF0, 0x00, 0x00, 0xFF, 0x00, 0x00, 0x1F, 0xF0, 0x00, 0x01, 0xFE, 0x00,
    0x00, 0x1F, 0xE0, 0x00, 0x03, 0xFC, 0x00, 0x00, 0x3F, 0xC0, 0x00, 0x03,
    0xFC, 0x00, 0x00, 0x7F, 0x80, 0x00, 0x07, 0xF8, 0x00, 0x00, 0xFF, 0x80,
    0x00, 0x0F, 0xF0, 0x00, 0x00, 0xFF, 0x00, 0x00, 0x1F, 0xE0, 0x00, 0x01,
    0xFE, 0x00, 0x00, 0x1F, 0xE0, 0x00, 0x03, 0xFC, 0x00, 0x00, 0x3F, 0xC0,
    0x00, 0x07, 0xFC, 0x00, 0x00, 0x7F, 0x80, 0x00, 0x07, 0xF8, 0x00, 0x00,
    0xFF, 0x00, 0x00, 0x0F, 0xF0, 0x00, 0x00, 0xFF, 0x00, 0x00, 0x1F, 0xE0,
    0x00, 0x01, 0xFE, 0x00, 0x00, 0x3F, 0xE0, 0x00, 0x03, 0xFC, 0x00, 0x00,
    0x3F, 0xC0, 0x00, 0x07, 0xF8, 0x00, 0x00, 0x7F, 0x80, 0x00, 0x07, 0xF8,
    0x00, 0x00, 0xFF, 0x00, 0x00, 0x00, 0x00, 0x0F, 0xFC, 0x00, 0x00, 0x1F,
    0xFF, 0xE0, 0x00, 0x0F, 0xFF, 0xFC, 0x00, 0x0F, 0xFF, 0xFF, 0xC0, 0x07,
    0xFF, 0xFF, 0xF8, 0x01, 0xFF, 0xFF, 0xFE, 0x00, 0xFF, 0xFF, 0xFF, 0xC0,
    0x7F, 0xFF, 0xFF, 0xF8, 0x1F, 0xFE, 0x0F, 0xFE, 0x0F, 0xFE, 0x01, 0xFF,
    0x83, 0xFF, 0x00, 0x3F, 0xF0, 0xFF, 0xC0, 0x0F, 0xFC, 0x7F, 0xE0, 0x01,
    0xFF, 0x1F, 0xF8, 0x00, 0x7F, 0xE7, 0xFE, 0x00, 0x1F, 0xF9, 0xFF, 0x80,
    0x07, 0xFE, 0x7F, 0xE0, 0x01, 0xFF, 0xBF, 0xF0, 0x00, 0x3F, 0xEF, 0xFC,
    0x00, 0x0F, 0xFF, 0xFF, 0x00, 0x03, 0xFF, 0xFF, 0xC0, 0x00, 0xFF, 0xFF,
    0xF0, 0x00, 0x3F, 0xFF, 0xFC, 0x00, 0x0F, 0xFF, 0xFF, 0x00, 0x03, 0xFF,
    0xFF, 0xC0, 0x00, 0xFF, 0xFF, 0xF0, 0x00, 0x3F, 0xFF, 0xFC, 0x00, 0x0F,
    0xFF, 0xFF, 0x00, 0x03, 0xFF, 0xFF, 0xC0, 0x00, 0xFF, 0xFF, 0xF0, 0x00,
    0x3F, 0xFF, 0xFC, 0x00, 0x0F, 0xFF, 0xFF, 0x00, 0x03, 0xFF, 0xFF, 0xC0,
    0x00, 0xFF, 0xFF, 0xF0, 0x00, 0x3F, 0xFF, 0xFC, 0x00, 0x0F, 0xF9, 0xFF,
    0x80, 0x07, 0xFE, 0x7F, 0xE0, 0x01, 0xFF, 0x9F, 0xF8, 0x00, 0x7F, 0xE7,
    0xFE, 0x00, 0x1F, 0xF9, 0xFF, 0x80, 0x07, 0xFC, 0x3F, 0xF0, 0x03, 0xFF,
    0x0F, 0xFC, 0x00, 0xFF, 0xC3, 0xFF, 0x80, 0x7F, 0xF0, 0x7F, 0xF8, 0x7F,
    0xF8, 0x1F, 0xFF, 0xFF, 0xFE, 0x03, 0xFF, 0xFF, 0xFF, 0x00, 0x7F, 0xFF,
    0xFF, 0x80, 0x1F, 0xFF, 0xFF, 0xE0, 0x03, 0xFF, 0xFF, 0xF0, 0x00, 0x3F,
    0xFF, 0xF0, 0x00, 0x07, 0xFF, 0xF8, 0x00, 0x00, 0x3F, 0xF0, 0x00, 0x00,
    0x03, 0xFC, 0x00, 0x0F, 0xF0, 0x00, 0x7F, 0xC0, 0x01, 0xFF, 0x00, 0x0F,
    0xFC, 0x00, 0x3F, 0xF0, 0x01, 0xFF, 0xC0, 0x1F, 0xFF, 0x03, 0xFF, 0xFF,
    0xFF, 0xFF, 0xFF, 0xFF, 0xFF, 0xFF, 0xFF, 0xFF, 0xFF, 0xFF, 0xFF, 0xFF,
    0xFF, 0xFF, 0xFF, 0xFF, 0xFF, 0xFF, 0xFF, 0x00, 0x0F, 0xFC, 0x00, 0x3F,
    0xF0, 0x00, 0xFF, 0xC0, 0x03, 0xFF, 0x00, 0x0F, 0xFC, 0x00, 0x3F, 0xF0,
    0x00, 0xFF, 0xC0, 0x03, 0xFF, 0x00, 0x0F, 0xFC, 0x00, 0x3F, 0xF0, 0x00,
    0xFF, 0xC0, 0x03, 0xFF, 0x00, 0x0F, 0xFC, 0x00, 0x3F, 0xF0, 0x00, 0xFF,
    0xC0, 0x03, 0xFF, 0x00, 0x0F, 0xFC, 0x00, 0x3F, 0xF0, 0x00, 0xFF, 0xC0,
    0x03, 0xFF, 0x00, 0x0F, 0xFC, 0x00, 0x3F, 0xF0, 0x00, 0xFF, 0xC0, 0x03,
    0xFF, 0x00, 0x0F, 0xFC, 0x00, 0x3F, 0xF0, 0x00, 0xFF, 0xC0, 0x03, 0xFF,
    0x00, 0x0F, 0xFC, 0x00, 0x3F, 0xF0, 0x00, 0xFF, 0xC0, 0x03, 0xFF, 0x00,
    0x0F, 0xFC, 0x00, 0x3F, 0xF0, 0x00, 0xFF, 0xC0, 0x00, 0x0F, 0xFC, 0x00,
    0x00, 0x0F, 0xFF, 0xF0, 0x00, 0x07, 0xFF, 0xFF, 0x80, 0x01, 0xFF, 0xFF,
    0xFC, 0x00, 0x7F, 0xFF, 0xFF, 0xC0, 0x1F, 0xFF, 0xFF, 0xFC, 0x07, 0xFF,
    0xFF, 0xFF, 0xC0, 0xFF, 0xFF, 0xFF, 0xF8, 0x3F, 0xFE, 0x0F, 0xFF, 0x87,
    0xFF, 0x00, 0x7F, 0xF0, 0xFF, 0xC0, 0x07, 0xFF, 0x1F, 0xF0, 0x00, 0x7F,
    0xE7, 0xFE, 0x00, 0x0F, 0xFC, 0xFF, 0xC0, 0x01, 0xFF, 0x9F, 0xF8, 0x00,
    0x3F, 0xF3, 0xFF, 0x00, 0x07, 0xFF, 0x7F, 0xC0, 0x00, 0xFF, 0xEF, 0xF8,
    0x00, 0x1F, 0xF8, 0x00, 0x00, 0x03, 0xFF, 0x00, 0x00, 0x00, 0xFF, 0xE0,
    0x00, 0x00, 0x1F, 0xFC, 0x00, 0x00, 0x07, 0xFF, 0x80, 0x00, 0x01, 0xFF,
    0xE0, 0x00, 0x00, 0x7F, 0xFC, 0x00, 0x00, 0x1F, 0xFF, 0x00, 0x00, 0x07,
    0xFF, 0xC0, 0x00, 0x01, 0xFF, 0xF0, 0x00, 0x00, 0xFF, 0xFC, 0x00, 0x00,
    0x3F, 0xFF, 0x00, 0x00, 0x0F, 0xFF, 0xC0, 0x00, 0x07, 0xFF, 0xF0, 0x00,
    0x01, 0xFF, 0xFC, 0x00, 0x00, 0x7F, 0xFE, 0x00, 0x00, 0x1F, 0xFF, 0x80,
    0x00, 0x07, 0xFF, 0xC0, 0x00, 0x01, 0xFF, 0xF0, 0x00, 0x00, 0x7F, 0xF8,
    0x00, 0x00, 0x1F, 0xFE, 0x00, 0x00, 0x07, 0xFF, 0x80, 0x00, 0x00, 0xFF,
    0xE0, 0x00, 0x00, 0x3F, 0xF8, 0x00, 0x00, 0x07, 0xFF, 0xFF, 0xFF, 0xFC,
    0xFF, 0xFF, 0xFF, 0xFF, 0xBF, 0xFF, 0xFF, 0xFF, 0xF7, 0xFF, 0xFF, 0xFF,
    0xFE, 0xFF, 0xFF, 0xFF, 0xFF, 0xDF, 0xFF, 0xFF, 0xFF, 0xFF, 0xFF, 0xFF,
    0xFF, 0xFF, 0xFF, 0xFF, 0xFF, 0xFF, 0xFF, 0xFF, 0xFF, 0xFF, 0xFC, 0x00,
    0x0F, 0xFC, 0x00, 0x00, 0x1F, 0xFF, 0xE0, 0x00, 0x1F, 0xFF, 0xFE, 0x00,
    0x0F, 0xFF, 0xFF, 0xC0, 0x07, 0xFF, 0xFF, 0xF8, 0x03, 0xFF, 0xFF, 0xFF,
    0x01, 0xFF, 0xFF, 0xFF, 0xE0, 0x7F, 0xFF, 0xFF, 0xFC, 0x3F, 0xFC, 0x1F,
    0xFF, 0x0F, 0xFC, 0x01, 0xFF, 0xC7, 0xFE, 0x00, 0x3F, 0xF9, 0xFF, 0x80,
    0x0F, 0xFE, 0x7F, 0xC0, 0x01, 0xFF, 0x9F, 0xF0, 0x00, 0x7F, 0xE7, 0xFC,
    0x00, 0x1F, 0xF9, 0xFF, 0x00, 0x07, 0xFE, 0x00, 0x00, 0x01, 0xFF, 0x80,
    0x00, 0x00, 0xFF, 0xC0, 0x00, 0x00, 0x3F, 0xF0, 0x00, 0x00, 0x1F, 0xF8,
    0x00, 0x00, 0x3F, 0xFE, 0x00, 0x01, 0xFF, 0xFF, 0x00, 0x00, 0x7F, 0xFF,
    0x80, 0x00, 0x1F, 0xFF, 0x80, 0x00, 0x07, 0xFF, 0xF8, 0x00, 0x01, 0xFF,
    0xFF, 0x00, 0x00, 0x7F, 0xFF, 0xE0, 0x00, 0x1F, 0xFF, 0xFC, 0x00, 0x00,
    0x1F, 0xFF, 0x80, 0x00, 0x01, 0xFF, 0xE0, 0x00, 0x00, 0x3F, 0xF8, 0x00,
    0x00, 0x07, 0xFF, 0x00, 0x00, 0x00, 0xFF, 0xC0, 0x00, 0x00, 0x3F, 0xFF,
    0xF8, 0x00, 0x0F, 0xFF, 0xFE, 0x00, 0x03, 0xFF, 0xFF, 0x80, 0x00, 0xFF,
    0xFF, 0xF0, 0x00, 0x3F, 0xFF, 0xFC, 0x00, 0x1F, 0xFF, 0xFF, 0x00, 0x07,
    0xFE, 0xFF, 0xE0, 0x03, 0xFF, 0x9F, 0xFC, 0x01, 0xFF, 0xE7, 0xFF, 0xC0,
    0xFF, 0xF0, 0xFF, 0xFF, 0xFF, 0xFC, 0x3F, 0xFF, 0xFF, 0xFE, 0x07, 0xFF,
    0xFF, 0xFF, 0x00, 0xFF, 0xFF, 0xFF, 0x80, 0x1F, 0xFF, 0xFF, 0xC0, 0x03,
    0xFF, 0xFF, 0xE0, 0x00, 0x3F, 0xFF, 0xE0, 0x00, 0x01, 0xFF, 0xC0, 0x00,
    0x00, 0x00, 0x3F, 0xFC, 0x00, 0x00, 0x07, 0xFF, 0xC0, 0x00, 0x00, 0x7F,
    0xFC, 0x00, 0x00, 0x0F, 0xFF, 0xC0, 0x00, 0x00, 0xFF, 0xFC, 0x00, 0x00,
    0x1F, 0xFF, 0xC0, 0x00, 0x03, 0xFF, 0xFC, 0x00, 0x00, 0x3F, 0xFF, 0xC0,
    0x00, 0x07, 0xFF, 0xFC, 0x00, 0x00, 0x7F, 0xFF, 0xC0, 0x00, 0x0F, 0xEF,
    0xFC, 0x00, 0x01, 0xFE, 0xFF, 0xC0, 0x00, 0x1F, 0xCF, 0xFC, 0x00, 0x03,
    0xFC, 0xFF, 0xC0, 0x00, 0x3F, 0x8F, 0xFC, 0x00, 0x07, 0xF0, 0xFF, 0xC0,
    0x00, 0xFF, 0x0F, 0xFC, 0x00, 0x0F, 0xE0, 0xFF, 0xC0, 0x01, 0xFE, 0x0F,
    0xFC, 0x00, 0x1F, 0xC0, 0xFF, 0xC0, 0x03, 0xFC, 0x0F, 0xFC, 0x00, 0x7F,
    0x80, 0xFF, 0xC0, 0x07, 0xF0, 0x0F, 0xFC, 0x00, 0xFF, 0x00, 0xFF, 0xC0,
    0x1F, 0xE0, 0x0F, 0xFC, 0x01, 0xFE, 0x00, 0xFF, 0xC0, 0x3F, 0xC0, 0x0F,
    0xFC, 0x03, 0xF8, 0x00, 0xFF, 0xC0, 0x7F, 0x80, 0x0F, 0xFC, 0x0F, 0xF0,
    0x00, 0xFF, 0xC0, 0xFF, 0x00, 0x0F, 0xFC, 0x0F, 0xFF, 0xFF, 0xFF, 0xFF,
    0xFF, 0xFF, 0xFF, 0xFF, 0xFF, 0xFF, 0xFF, 0xFF, 0xFF, 0xFF, 0xFF, 0xFF,
    0xFF, 0xFF, 0xFF, 0xFF, 0xFF, 0xFF, 0xFF, 0xFF, 0xFF, 0xFF, 0xFF, 0xFF,
    0xFF, 0xFF, 0xFF, 0xFF, 0xFF, 0xFF, 0xFF, 0xF0, 0x00, 0x00, 0xFF, 0xC0,
    0x00, 0x00, 0x0F, 0xFC, 0x00, 0x00, 0x00, 0xFF, 0xC0, 0x00, 0x00, 0x0F,
    0xFC, 0x00, 0x00, 0x00, 0xFF, 0xC0, 0x00, 0x00, 0x0F, 0xFC, 0x00, 0x00,
    0x00, 0xFF, 0xC0, 0x00, 0x00, 0x0F, 0xFC, 0x00, 0x00, 0x00, 0xFF, 0xC0,
    0x00, 0x00, 0x0F, 0xFC, 0x00, 0x00, 0x00, 0xFF, 0xC0, 0x07, 0xFF, 0xFF,
    0xFF, 0x03, 0xFF, 0xFF, 0xFF, 0xC0, 0xFF, 0xFF, 0xFF, 0xF0, 0x3F, 0xFF,
    0xFF, 0xFC, 0x0F, 0xFF, 0xFF, 0xFF, 0x03, 0xFF, 0xFF, 0xFF, 0xC0, 0xFF,
    0xFF, 0xFF, 0xF0, 0x3F, 0xFF, 0xFF, 0xFC, 0x1F, 0xF0, 0x00, 0x00, 0x07,
    0xFC, 0x00, 0x00, 0x01, 0xFE, 0x00, 0x00, 0x00, 0x7F, 0x80, 0x00, 0x00,
    0x1F, 0xE0, 0x00, 0x00, 0x07, 0xF8, 0x00, 0x00, 0x01, 0xFE, 0x00, 0x00,
    0x00, 0x7F, 0x80, 0x00, 0x00, 0x3F, 0xC3, 0xFE, 0x00, 0x0F, 0xF3, 0xFF,
    0xF0, 0x03, 0xFF, 0xFF, 0xFE, 0x00, 0xFF, 0xFF, 0xFF, 0xE0, 0x3F, 0xFF,
    0xFF, 0xFC, 0x0F, 0xFF, 0xFF, 0xFF, 0x83, 0xFF, 0xFF, 0xFF, 0xE0, 0xFF,
    0xFF, 0xFF, 0xFC, 0x7F, 0xF8, 0x1F, 0xFF, 0x9F, 0xFC, 0x01, 0xFF, 0xE7,
    0xFE, 0x00, 0x3F, 0xF8, 0x01, 0x00, 0x07, 0xFF, 0x00, 0x00, 0x01, 0xFF,
    0xC0, 0x00, 0x00, 0x3F, 0xF0, 0x00, 0x00, 0x0F, 0xFC, 0x00, 0x00, 0x03,
    0xFF, 0x00, 0x00, 0x00, 0xFF, 0xC0, 0x00, 0x00, 0x3F, 0xF0, 0x00, 0x00,
    0x0F, 0xFF, 0xFE, 0x00, 0x03, 0xFF, 0xFF, 0xC0, 0x00, 0xFF, 0xFF, 0xF0,
    0x00, 0x7F, 0xEF, 0xFC, 0x00, 0x1F, 0xFB, 0xFF, 0x80, 0x0F, 0xFE, 0x7F,
    0xF0, 0x07, 0xFF, 0x1F, 0xFF, 0x07, 0xFF, 0xC3, 0xFF, 0xFF, 0xFF, 0xE0,
    0xFF, 0xFF, 0xFF, 0xF0, 0x1F, 0xFF, 0xFF, 0xFC, 0x03, 0xFF, 0xFF, 0xFE,
    0x00, 0x7F, 0xFF, 0xFF, 0x00, 0x0F, 0xFF, 0xFF, 0x00, 0x00, 0xFF, 0xFF,
    0x00, 0x00, 0x03, 0xFE, 0x00, 0x00, 0x00, 0x03, 0xFE, 0x00, 0x00, 0x03,
    0xFF, 0xF8, 0x00, 0x01, 0xFF, 0xFF, 0xC0, 0x00, 0x7F, 0xFF, 0xFC, 0x00,
    0x1F, 0xFF, 0xFF, 0xC0, 0x07, 0xFF, 0xFF, 0xFC, 0x01, 0xFF, 0xFF, 0xFF,
    0xC0, 0x7F, 0xFF, 0xFF, 0xF8, 0x0F, 0xFF, 0x07, 0xFF, 0x83, 0xFF, 0x80,
    0x7F, 0xF0, 0x7F, 0xE0, 0x07, 0xFE, 0x1F, 0xF8, 0x00, 0x7F, 0xE3, 0xFF,
    0x00, 0x0F, 0xFC, 0x7F, 0xC0, 0x00, 0x00, 0x0F, 0xF8, 0x00, 0x00, 0x03,
    0xFF, 0x00, 0x00, 0x00, 0x7F, 0xE0, 0x00, 0x00, 0x0F, 0xF8, 0x00, 0x00,
    0x01, 0xFF, 0x03, 0xFC, 0x00, 0x3F, 0xE3, 0xFF, 0xF0, 0x07, 0xFC, 0xFF,
    0xFF, 0x01, 0xFF, 0xBF, 0xFF, 0xF8, 0x3F, 0xFF, 0xFF, 0xFF, 0x87, 0xFF,
    0xFF, 0xFF, 0xF8, 0xFF, 0xFF, 0xFF, 0xFF, 0x1F, 0xFF, 0xFF, 0xFF, 0xF3,
    0xFF, 0xF8, 0x3F, 0xFE, 0x7F, 0xFC, 0x01, 0xFF, 0xEF, 0xFF, 0x00, 0x1F,
    0xFD, 0xFF, 0xC0, 0x01, 0xFF, 0xBF, 0xF8, 0x00, 0x3F, 0xFF, 0xFF, 0x00,
    0x03, 0xFF, 0xFF, 0xC0, 0x00, 0x7F, 0xEF, 0xF8, 0x00, 0x0F, 0xFD, 0xFF,
    0x00, 0x01, 0xFF, 0xBF, 0xE0, 0x00, 0x3F, 0xF7, 0xFC, 0x00, 0x07, 0xFE,
    0xFF, 0x80, 0x00, 0xFF, 0xDF, 0xF8, 0x00, 0x1F, 0xF9, 0xFF, 0x00, 0x07,
    0xFE, 0x3F, 0xF0, 0x00, 0xFF, 0xC3, 0xFE, 0x00, 0x3F, 0xF8, 0x7F, 0xE0,
    0x0F, 0xFE, 0x0F, 0xFF, 0x03, 0xFF, 0xC0, 0xFF, 0xFF, 0xFF, 0xF0, 0x0F,
    0xFF, 0xFF, 0xFE, 0x01, 0xFF, 0xFF, 0xFF, 0x80, 0x1F, 0xFF, 0xFF, 0xE0,
    0x01, 0xFF, 0xFF, 0xF8, 0x00, 0x0F, 0xFF, 0xFE, 0x00, 0x00, 0xFF, 0xFF,
    0x00, 0x00, 0x03, 0xFF, 0x00, 0x00, 0xFF, 0xFF, 0xFF, 0xFF, 0xFF, 0xFF,
    0xFF, 0xFF, 0xFF, 0xFF, 0xFF, 0xFF, 0xFF, 0xFF, 0xFF, 0xFF, 0xFF, 0xFF,
    0xFF, 0xFF, 0xFF, 0xFF, 0xFF, 0xFF, 0xFF, 0xFF, 0xFF, 0xFF, 0xFF, 0xFF,
    0xFF, 0xFF, 0xFF, 0xFF, 0xFF, 0xFF, 0xFF, 0xFF, 0xFF, 0xE0, 0x00, 0x00,
    0x1F, 0xF8, 0x00, 0x00, 0x07, 0xFE, 0x00, 0x00, 0x00, 0xFF, 0x80, 0x00,
    0x00, 0x3F, 0xF0, 0x00, 0x00, 0x0F, 0xFC, 0x00, 0x00, 0x03, 0xFF, 0x00,
    0x00, 0x00, 0x7F, 0xC0, 0x00, 0x00, 0x1F, 0xF8, 0x00, 0x00, 0x07, 0xFE,
    0x00, 0x00, 0x00, 0xFF, 0x80, 0x00, 0x00, 0x3F, 0xF0, 0x00, 0x00, 0x0F,
    0xFC, 0x00, 0x00, 0x01, 0xFF, 0x80, 0x00, 0x00, 0x7F, 0xE0, 0x00, 0x00,
    0x0F, 0xF8, 0x00, 0x00, 0x03, 0xFF, 0x00, 0x00, 0x00, 0x7F, 0xE0, 0x00,
    0x00, 0x1F, 0xF8, 0x00, 0x00, 0x03, 0xFF, 0x00, 0x00, 0x00, 0xFF, 0xC0,
    0x00, 0x00, 0x1F, 0xF8, 0x00, 0x00, 0x07, 0xFE, 0x00, 0x00, 0x00, 0xFF,
    0xC0, 0x00, 0x00, 0x1F, 0xF8, 0x00, 0x00, 0x07, 0xFE, 0x00, 0x00, 0x00,
    0xFF, 0xC0, 0x00, 0x00, 0x3F, 0xF8, 0x00, 0x00, 0x07, 0xFE, 0x00, 0x00,
    0x00, 0xFF, 0xC0, 0x00, 0x00, 0x1F, 0xF8, 0x00, 0x00, 0x07, 0xFF, 0x00,
    0x00, 0x00, 0xFF, 0xC0, 0x00, 0x00, 0x1F, 0xF8, 0x00, 0x00, 0x03, 0xFF,
    0x00, 0x00, 0x00, 0x7F, 0xE0, 0x00, 0x00, 0x1F, 0xFC, 0x00, 0x00, 0x03,
    0xFF, 0x00, 0x00, 0x00, 0x7F, 0xE0, 0x00, 0x00, 0x0F, 0xFC, 0x00, 0x00,
    0x01, 0xFF, 0x80, 0x00, 0x00, 0x3F, 0xF0, 0x00, 0x00, 0x00, 0x0F, 0xFC,
    0x00, 0x00, 0x0F, 0xFF, 0xF0, 0x00, 0x03, 0xFF, 0xFF, 0x80, 0x01, 0xFF,
    0xFF, 0xF8, 0x00, 0x7F, 0xFF, 0xFF, 0x80, 0x1F, 0xFF, 0xFF, 0xF8, 0x03,
    0xFF, 0xFF, 0xFF, 0x80, 0xFF, 0xFF, 0xFF, 0xF8, 0x3F, 0xFE, 0x0F, 0xFF,
    0x07, 0xFF, 0x00, 0x7F, 0xE0, 0xFF, 0xC0, 0x07, 0xFE, 0x1F, 0xF8, 0x00,
    0xFF, 0xC3, 0xFF, 0x00, 0x0F, 0xF8, 0x7F, 0xC0, 0x01, 0xFF, 0x0F, 0xF8,
    0x00, 0x3F, 0xE1, 0xFF, 0x00, 0x07, 0xFC, 0x3F, 0xF0, 0x00, 0xFF, 0x87,
    0xFE, 0x00, 0x3F, 0xE0, 0xFF, 0xC0, 0x07, 0xFC, 0x0F, 0xFC, 0x01, 0xFF,
    0x81, 0xFF, 0xE0, 0xFF, 0xE0, 0x1F, 0xFF, 0xFF, 0xFC, 0x01, 0xFF, 0xFF,
    0xFF, 0x00, 0x1F, 0xFF, 0xFF, 0x80, 0x01, 0xFF, 0xFF, 0xF0, 0x00, 0xFF,
    0xFF, 0xFF, 0x80, 0x3F, 0xFF, 0xFF, 0xF8, 0x0F, 0xFF, 0xFF, 0xFF, 0x83,
    0xFF, 0xFF, 0xFF, 0xF8, 0x7F, 0xF8, 0x0F, 0xFF, 0x1F, 0xFE, 0x00, 0xFF,
    0xF3, 0xFF, 0x00, 0x0F, 0xFE, 0x7F, 0xE0, 0x00, 0xFF, 0xDF, 0xF8, 0x00,
    0x0F, 0xFF, 0xFF, 0x00, 0x01, 0xFF, 0xFF, 0xE0, 0x00, 0x3F, 0xFF, 0xFC,
    0x00, 0x07, 0xFF, 0xFF, 0x80, 0x00, 0xFF, 0xFF, 0xF0, 0x00, 0x1F, 0xFF,
    0xFE, 0x00, 0x03, 0xFF, 0xFF, 0xE0, 0x00, 0xFF, 0xEF, 0xFE, 0x00, 0x3F,
    0xF9, 0xFF, 0xE0, 0x0F, 0xFF, 0x3F, 0xFE, 0x03, 0xFF, 0xC3, 0xFF, 0xFF,
    0xFF, 0xF8, 0x3F, 0xFF, 0xFF, 0xFE, 0x07, 0xFF, 0xFF, 0xFF, 0x80, 0x7F,
    0xFF, 0xFF, 0xE0, 0x07, 0xFF, 0xFF, 0xF8, 0x00, 0x3F, 0xFF, 0xFE, 0x00,
    0x01, 0xFF, 0xFF, 0x00, 0x00, 0x07, 0xFF, 0x00, 0x00, 0x00, 0x0F, 0xF8,
    0x00, 0x00, 0x0F, 0xFF, 0xF0, 0x00, 0x03, 0xFF, 0xFF, 0x00, 0x01, 0xFF,
    0xFF, 0xF8, 0x00, 0x7F, 0xFF, 0xFF, 0x80, 0x1F, 0xFF, 0xFF, 0xF8, 0x07,
    0xFF, 0xFF, 0xFF, 0x80, 0xFF, 0xFF, 0xFF, 0xF0, 0x3F, 0xFE, 0x0F, 0xFF,
    0x07, 0xFF, 0x00, 0x7F, 0xE1, 0xFF, 0xC0, 0x07, 0xFE, 0x3F, 0xF0, 0x00,
    0xFF, 0xC7, 0xFE, 0x00, 0x0F, 0xF9, 0xFF, 0x80, 0x01, 0xFF, 0xBF, 0xF0,
    0x00, 0x3F, 0xF7, 0xFE, 0x00, 0x03, 0xFE, 0xFF, 0xC0, 0x00, 0x7F, 0xDF,
    0xF8, 0x00, 0x0F, 0xFB, 0xFF, 0x00, 0x01, 0xFF, 0xFF, 0xE0, 0x00, 0x7F,
    0xFF, 0xFC, 0x00, 0x0F, 0xFF, 0xFF, 0xC0, 0x01, 0xFF, 0xFF, 0xF8, 0x00,
    0x7F, 0xFB, 0xFF, 0x80, 0x0F, 0xFF, 0x7F, 0xF8, 0x03, 0xFF, 0xEF, 0xFF,
    0x81, 0xFF, 0xFC, 0xFF, 0xFF, 0xFF, 0xFF, 0x8F, 0xFF, 0xFF, 0xFF, 0xF1,
    0xFF, 0xFF, 0xFF, 0xFE, 0x1F, 0xFF, 0xFF, 0xFF, 0xC1, 0xFF, 0xFF, 0xDF,
    0xF8, 0x0F, 0xFF, 0xF3, 0xFF, 0x00, 0xFF, 0xFC, 0x7F, 0xE0, 0x03, 0xFC,
    0x0F, 0xF8, 0x00, 0x00, 0x01, 0xFF, 0x00, 0x00, 0x00, 0x7F, 0xE0, 0x00,
    0x00, 0x0F, 0xFC, 0x00, 0x00, 0x01, 0xFF, 0x80, 0x00, 0x00, 0x3F, 0xE3,
    0xFF, 0x00, 0x0F, 0xFC, 0x7F, 0xE0, 0x01, 0xFF, 0x8F, 0xFE, 0x00, 0x7F,
    0xE0, 0xFF, 0xE0, 0x1F, 0xFC, 0x1F, 0xFE, 0x0F, 0xFF, 0x01, 0xFF, 0xFF,
    0xFF, 0xE0, 0x3F, 0xFF, 0xFF, 0xF8, 0x03, 0xFF, 0xFF, 0xFE, 0x00, 0x3F,
    0xFF, 0xFF, 0x80, 0x03, 0xFF, 0xFF, 0xE0, 0x00, 0x3F, 0xFF, 0xF8, 0x00,
    0x01, 0xFF, 0xFC, 0x00, 0x00, 0x07, 0xFC, 0x00, 0x00, 0xFF, 0xFF, 0xFF,
    0xFF, 0xFF, 0xFF, 0xFF, 0xFF, 0xFF, 0xFF, 0xFF, 0xFF, 0xFF, 0xFC, 0x00,
    0x00, 0x00, 0x00, 0x00, 0x00, 0x00, 0x00, 0x00, 0x00, 0x00, 0x00, 0x00,
    0x00, 0x00, 0x00, 0x00, 0x00, 0x00, 0x00, 0x00, 0x03, 0xFF, 0xFF, 0xFF,
    0xFF, 0xFF, 0xFF, 0xFF, 0xFF, 0xFF, 0xFF, 0xFF, 0xFF, 0xFF, 0xF0, 0xFF,
    0xFF, 0xFF, 0xFF, 0xFF, 0xFF, 0xFF, 0xFF, 0xFF, 0xFF, 0xFF, 0xFF, 0xFF,
    0xFC, 0x00, 0x00, 0x00, 0x00, 0x00, 0x00, 0x00, 0x00, 0x00, 0x00, 0x00,
    0x00, 0x00, 0x00, 0x00, 0x00, 0x00, 0x00, 0x00, 0x00, 0x00, 0x03, 0xFF,
    0xFF, 0xFF, 0xFF, 0xFF, 0xFF, 0xFF, 0xFF, 0xFF, 0xFF, 0xFF, 0xFF, 0xFF,
    0xF0, 0x3E, 0x07, 0xC0, 0xF8, 0x3E, 0x07, 0xC1, 0xF8, 0x7E, 0x1F, 0x8F,
    0xE1, 0xF8, 0x3E, 0x06, 0x00, 0x00, 0x00, 0x00, 0x00, 0x01, 0x80, 0x00,
    0x00, 0x00, 0x03, 0xC0, 0x00, 0x00, 0x00, 0x0F, 0xE0, 0x00, 0x00, 0x00,
    0x3F, 0xF0, 0x00, 0x00, 0x00, 0x7F, 0xF8, 0x00, 0x00, 0x01, 0xFF, 0xFC,
    0x00, 0x00, 0x03, 0xFF, 0xFE, 0x00, 0x00, 0x0F, 0xFF, 0xFF, 0x00, 0x00,
    0x3F, 0xFF, 0xFF, 0x80, 0x00, 0x7F, 0xFF, 0xFF, 0xC0, 0x01, 0xFF, 0xFF,
    0xFF, 0x00, 0x07, 0xFF, 0xFF, 0xFE, 0x00, 0x0F, 0xFF, 0xFF, 0xF8, 0x00,
    0x3F, 0xFF, 0xFF, 0xE0, 0x00, 0x7F, 0xFF, 0xFF, 0x80, 0x01, 0xFF, 0xFF,
    0xFE, 0x00, 0x00, 0xFF, 0xFF, 0xF8, 0x00, 0x00, 0x7F, 0xFF, 0xF0, 0x00,
    0x00, 0x3F, 0xFF, 0xC0, 0x00, 0x00, 0x1F, 0xFF, 0x00, 0x00, 0x00, 0x0F,
    0xFF, 0x80, 0x00, 0x00, 0x07, 0xFF, 0xF8, 0x00, 0x00, 0x03, 0xFF, 0xFF,
    0x80, 0x00, 0x01, 0xFF, 0xFF, 0xF0, 0x00, 0x00, 0xFF, 0xFF, 0xFF, 0x00,
    0x00, 0x0F, 0xFF, 0xFF, 0xF0, 0x00, 0x01, 0xFF, 0xFF, 0xFF, 0x00, 0x00,
    0x1F, 0xFF, 0xFF, 0xF0, 0x00, 0x03, 0xFF, 0xFF, 0xFF, 0x00, 0x00, 0x3F,
    0xFF, 0xFF, 0xE0, 0x00, 0x03, 0xFF, 0xFF, 0xFE, 0x00, 0x00, 0x7F, 0xFF,
    0xFF, 0x00, 0x00, 0x07, 0xFF, 0xFF, 0x80, 0x00, 0x00, 0x7F, 0xFF, 0xC0,
    0x00, 0x00, 0x0F, 0xFF, 0xE0, 0x00, 0x00, 0x00, 0xFF, 0xF0, 0x00, 0x00,
    0x00, 0x1F, 0xF8, 0x00, 0x00, 0x00, 0x01, 0xFC, 0x00, 0x00, 0x00, 0x00,
    0x1E, 0x00, 0x00, 0x00, 0x00, 0x03, 0xFF, 0xFF, 0xFF, 0xFF, 0xFF, 0xFF,
    0xFF, 0xFF, 0xFF, 0xFF, 0xFF, 0xFF, 0xFF, 0xFF, 0xFF, 0xFF, 0xFF, 0xFF,
    0xFF, 0xFF, 0xFF, 0xFF, 0xFF, 0xFF, 0xFF, 0xFF, 0xFF, 0xFF, 0xFF, 0xFF,
    0xFF, 0xFF, 0xFF, 0xFF, 0xFF, 0xFF, 0xFF, 0xFF, 0xFF, 0xFF, 0xFF, 0xF8,
    0x00, 0x00, 0x00, 0x00, 0x00, 0x00, 0x00, 0x00, 0x00, 0x00, 0x00, 0x00,
    0x00, 0x00, 0x00, 0x00, 0x00, 0x00, 0x00, 0x00, 0x00, 0x00, 0x00, 0x00,
    0x00, 0x00, 0x00, 0x00, 0x00, 0x00, 0x00, 0x00, 0xFF, 0xFF, 0xFF, 0xFF,
    0xFF, 0xFF, 0xFF, 0xFF, 0xFF, 0xFF, 0xFF, 0xFF, 0xFF, 0xFF, 0xFF, 0xFF,
    0xFF, 0xFF, 0xFF, 0xFF, 0xFF, 0xFF, 0xFF, 0xFF, 0xFF, 0xFF, 0xFF, 0xFF,
    0xFF, 0xFF, 0xFF, 0xFF, 0xFF, 0xFF, 0xFF, 0xFF, 0xFF, 0xFF, 0xFF, 0xFF,
    0xFF, 0xF8, 0x80, 0x00, 0x00, 0x00, 0x00, 0x78, 0x00, 0x00, 0x00, 0x00,
    0x3F, 0x00, 0x00, 0x00, 0x00, 0x1F, 0xF0, 0x00, 0x00, 0x00, 0x0F, 0xFF,
    0x00, 0x00, 0x00, 0x07, 0xFF, 0xE0, 0x00, 0x00, 0x03, 0xFF, 0xFE, 0x00,
    0x00, 0x01, 0xFF, 0xFF, 0xC0, 0x00, 0x00, 0xFF, 0xFF, 0xFC, 0x00, 0x00,
    0x7F, 0xFF, 0xFF, 0xC0, 0x00, 0x0F, 0xFF, 0xFF, 0xF8, 0x00, 0x00, 0xFF,
    0xFF, 0xFF, 0x80, 0x00, 0x0F, 0xFF, 0xFF, 0xF8, 0x00, 0x00, 0xFF, 0xFF,
    0xFF, 0x00, 0x00, 0x1F, 0xFF, 0xFF, 0xF0, 0x00, 0x01, 0xFF, 0xFF, 0xFE,
    0x00, 0x00, 0x1F, 0xFF, 0xFF, 0x80, 0x00, 0x01, 0xFF, 0xFF, 0xC0, 0x00,
    0x00, 0x1F, 0xFF, 0xE0, 0x00, 0x00, 0x01, 0xFF, 0xF0, 0x00, 0x00, 0x00,
    0xFF, 0xF8, 0x00, 0x00, 0x03, 0xFF, 0xFC, 0x00, 0x00, 0x0F, 0xFF, 0xFE,
    0x00, 0x00, 0x3F, 0xFF, 0xFF, 0x00, 0x00, 0xFF, 0xFF, 0xFF, 0x00, 0x03,
    0xFF, 0xFF, 0xFE, 0x00, 0x07, 0xFF, 0xFF, 0xF8, 0x00, 0x1F, 0xFF, 0xFF,
    0xF0, 0x00, 0x7F, 0xFF, 0xFF, 0xC0, 0x01, 0xFF, 0xFF, 0xFF, 0x00, 0x03,
    0xFF, 0xFF, 0xFE, 0x00, 0x01, 0xFF, 0xFF, 0xF8, 0x00, 0x00, 0xFF, 0xFF,
    0xF0, 0x00, 0x00, 0x7F, 0xFF, 0xC0, 0x00, 0x00, 0x3F, 0xFF, 0x00, 0x00,
    0x00, 0x1F, 0xFE, 0x00, 0x00, 0x00, 0x0F, 0xF8, 0x00, 0x00, 0x00, 0x07,
    0xE0, 0x00, 0x00, 0x00, 0x03, 0xC0, 0x00, 0x00, 0x00, 0x01, 0x00, 0x00,
    0x00, 0x00, 0x00, 0x00, 0x0F, 0xFE, 0x00, 0x00, 0x0F, 0xFF, 0xF8, 0x00,
    0x07, 0xFF, 0xFF, 0xC0, 0x01, 0xFF, 0xFF, 0xFE, 0x00, 0xFF, 0xFF, 0xFF,
    0xE0, 0x1F, 0xFF, 0xFF, 0xFE, 0x07, 0xFF, 0xFF, 0xFF, 0xE1, 0xFF, 0xFF,
    0xFF, 0xFE, 0x3F, 0xFE, 0x07, 0xFF, 0xCF, 0xFF, 0x00, 0x3F, 0xFD, 0xFF,
    0xC0, 0x07, 0xFF, 0xBF, 0xF0, 0x00, 0x7F, 0xFF, 0xFE, 0x00, 0x0F, 0xFF,
    0xFF, 0xC0, 0x00, 0xFF, 0xFF, 0xF0, 0x00, 0x1F, 0xFF, 0xFE, 0x00, 0x03,
    0xFF, 0x00, 0x00, 0x00, 0xFF, 0xE0, 0x00, 0x00, 0x1F, 0xFC, 0x00, 0x00,
    0x03, 0xFF, 0x80, 0x00, 0x00, 0xFF, 0xE0, 0x00, 0x00, 0x3F, 0xFC, 0x00,
    0x00, 0x0F, 0xFF, 0x00, 0x00, 0x03, 0xFF, 0xE0, 0x00, 0x01, 0xFF, 0xF8,
    0x00, 0x00, 0x7F, 0xFE, 0x00, 0x00, 0x1F, 0xFF, 0x80, 0x00, 0x07, 0xFF,
    0xC0, 0x00, 0x00, 0xFF, 0xF0, 0x00, 0x00, 0x3F, 0xFC, 0x00, 0x00, 0x07,
    0xFF, 0x00, 0x00, 0x00, 0xFF, 0xC0, 0x00, 0x00, 0x3F, 0xF0, 0x00, 0x00,
    0x07, 0xFE, 0x00, 0x00, 0x00, 0xFF, 0xC0, 0x00, 0x00, 0x1F, 0xF0, 0x00,
    0x00, 0x03, 0xFE, 0x00, 0x00, 0x00, 0x00, 0x00, 0x00, 0x00, 0x00, 0x00,
    0x00, 0x00, 0x00, 0x00, 0x00, 0x00, 0x00, 0x00, 0x00, 0x00, 0x00, 0x00,
    0x00, 0x00, 0x00, 0x00, 0x00, 0x00, 0x00, 0x00, 0x1F, 0xF8, 0x00, 0x00,
    0x03, 0xFF, 0x00, 0x00, 0x00, 0x7F, 0xE0, 0x00, 0x00, 0x0F, 0xFC, 0x00,
    0x00, 0x01, 0xFF, 0x80, 0x00, 0x00, 0x3F, 0xF0, 0x00, 0x00, 0x07, 0xFE,
    0x00, 0x00, 0x00, 0xFF, 0xC0, 0x00, 0x00, 0x1F, 0xF8, 0x00, 0x00, 0x03,
    0xFF, 0x00, 0x00, 0x00, 0x00, 0x00, 0xFF, 0xF0, 0x00, 0x00, 0x00, 0x00,
    0x0F, 0xFF, 0xFF, 0x80, 0x00, 0x00, 0x00, 0x7F, 0xFF, 0xFF, 0xE0, 0x00,
    0x00, 0x01, 0xFF, 0xFF, 0xFF, 0xF8, 0x00, 0x00, 0x07, 0xFF, 0xFF, 0xFF,
    0xFE, 0x00, 0x00, 0x0F, 0xFF, 0x80, 0x0F, 0xFF, 0x00, 0x00, 0x3F, 0xF8,
    0x00, 0x00, 0xFF, 0x80, 0x00, 0x7F, 0xC0, 0x00, 0x00, 0x3F, 0xC0, 0x00,
    0xFF, 0x00, 0x00, 0x00, 0x0F, 0xE0, 0x01, 0xFE, 0x00, 0x00, 0x00, 0x03,
    0xF0, 0x03, 0xFC, 0x00, 0x00, 0x00, 0x01, 0xF8, 0x07, 0xF0, 0x00, 0x00,
    0x00, 0x00, 0xF8, 0x07, 0xE0, 0x00, 0xFE, 0x00, 0x00, 0xFC, 0x0F, 0xC0,
    0x03, 0xFF, 0x87, 0xF0, 0x7C, 0x1F, 0x80, 0x0F, 0xFF, 0xC7, 0xF0, 0x3E,
    0x1F, 0x80, 0x1F, 0xFF, 0xEF, 0xE0, 0x3E, 0x3F, 0x00, 0x3F, 0xFF, 0xEF,
    0xE0, 0x3E, 0x3F, 0x00, 0x7F, 0xF0, 0xFF, 0xE0, 0x1F, 0x7E, 0x00, 0x7F,
    0xC0, 0x7F, 0xC0, 0x1F, 0x7E, 0x00, 0xFF, 0x80, 0x3F, 0xC0, 0x1F, 0x7C,
    0x01, 0xFF, 0x00, 0x3F, 0xC0, 0x1F, 0x7C, 0x01, 0xFF, 0x00, 0x3F, 0x80,
    0x1F, 0xFC, 0x03, 0xFE, 0x00, 0x3F, 0x80, 0x1F, 0xF8, 0x03, 0xFE, 0x00,
    0x3F, 0x80, 0x1F, 0xF8, 0x03, 0xFC, 0x00, 0x7F, 0x00, 0x1F, 0xF8, 0x07,
    0xFC, 0x00, 0x7F, 0x00, 0x1F, 0xF8, 0x07, 0xF8, 0x00, 0x7F, 0x00, 0x3F,
    0xF8, 0x07, 0xF8, 0x00, 0x7F, 0x00, 0x3E, 0xF8, 0x07, 0xF8, 0x00, 0xFE,
    0x00, 0x3E, 0xF8, 0x07, 0xF8, 0x00, 0xFE, 0x00, 0x7E, 0xF8, 0x07, 0xF8,
    0x01, 0xFE, 0x00, 0x7C, 0xF8, 0x07, 0xF8, 0x01, 0xFC, 0x00, 0xFC, 0xF8,
    0x07, 0xF8, 0x03, 0xFC, 0x01, 0xF8, 0x7C, 0x07, 0xFC, 0x03, 0xFC, 0x03,
    0xF0, 0x7C, 0x03, 0xFC, 0x07, 0xFC, 0x07, 0xF0, 0x7C, 0x03, 0xFE, 0x1F,
    0x7E, 0x1F, 0xE0, 0x7E, 0x01, 0xFF, 0xFF, 0x7F, 0xFF, 0xC0, 0x3E, 0x01,
    0xFF, 0xFE, 0x3F, 0xFF, 0x80, 0x3F, 0x00, 0xFF, 0xFC, 0x3F, 0xFF, 0x00,
    0x1F, 0x00, 0x3F, 0xF0, 0x1F, 0xFC, 0x00, 0x1F, 0x80, 0x0F, 0xC0, 0x07,
    0xF0, 0x00, 0x0F, 0xC0, 0x00, 0x00, 0x00, 0x00, 0x00, 0x0F, 0xE0, 0x00,
    0x00, 0x00, 0x00, 0x80, 0x07, 0xF0, 0x00, 0x00, 0x00, 0x01, 0x80, 0x03,
    0xFC, 0x00, 0x00, 0x00, 0x07, 0xC0, 0x03, 0xFE, 0x00, 0x00, 0x00, 0x1F,
    0xE0, 0x01, 0xFF, 0x80, 0x00, 0x00, 0x7F, 0xE0, 0x00, 0x7F, 0xE0, 0x00,
    0x01, 0xFF, 0x80, 0x00, 0x3F, 0xFE, 0x00, 0x1F, 0xFF, 0x00, 0x00, 0x1F,
    0xFF, 0xFF, 0xFF, 0xFC, 0x00, 0x00, 0x07, 0xFF, 0xFF, 0xFF, 0xF0, 0x00,
    0x00, 0x01, 0xFF, 0xFF, 0xFF, 0xC0, 0x00, 0x00, 0x00, 0x3F, 0xFF, 0xFE,
    0x00, 0x00, 0x00, 0x00, 0x03, 0xFF, 0xC0, 0x00, 0x00, 0x00, 0x00, 0x3F,
    0xFC, 0x00, 0x00, 0x00, 0x00, 0x7F, 0xFE, 0x00, 0x00, 0x00, 0x00, 0x7F,
    0xFE, 0x00, 0x00, 0x00, 0x00, 0x7F, 0xFE, 0x00, 0x00, 0x00, 0x00, 0xFF,
    0xFF, 0x00, 0x00, 0x00, 0x00, 0xFF, 0xFF, 0x00, 0x00, 0x00, 0x00, 0xFF,
    0xFF, 0x00, 0x00, 0x00, 0x01, 0xFF, 0xFF, 0x80, 0x00, 0x00, 0x01, 0xFF,
    0xFF, 0x80, 0x00, 0x00, 0x01, 0xFF, 0xFF, 0x80, 0x00, 0x00, 0x03, 0xFF,
    0xFF, 0xC0, 0x00, 0x00, 0x03, 0xFF, 0xFF, 0xC0, 0x00, 0x00, 0x03, 0xFF,
    0xFF, 0xE0, 0x00, 0x00, 0x07, 0xFE, 0xFF, 0xE0, 0x00, 0x00, 0x07, 0xFE,
    0x7F, 0xE0, 0x00, 0x00, 0x0F, 0xFE, 0x7F, 0xF0, 0x00, 0x00, 0x0F, 0xFC,
    0x7F, 0xF0, 0x00, 0x00, 0x0F, 0xFC, 0x3F, 0xF0, 0x00, 0x00, 0x1F, 0xFC,
    0x3F, 0xF8, 0x00, 0x00, 0x1F, 0xF8, 0x3F, 0xF8, 0x00, 0x00, 0x1F, 0xF8,
    0x1F, 0xF8, 0x00, 0x00, 0x3F, 0xF8, 0x1F, 0xFC, 0x00, 0x00, 0x3F, 0xF8,
    0x1F, 0xFC, 0x00, 0x00, 0x3F, 0xF0, 0x0F, 0xFC, 0x00, 0x00, 0x7F, 0xF0,
    0x0F, 0xFE, 0x00, 0x00, 0x7F, 0xF0, 0x0F, 0xFE, 0x00, 0x00, 0x7F, 0xE0,
    0x07, 0xFF, 0x00, 0x00, 0xFF, 0xE0, 0x07, 0xFF, 0x00, 0x00, 0xFF, 0xE0,
    0x07, 0xFF, 0x00, 0x01, 0xFF, 0xC0, 0x03, 0xFF, 0x80, 0x01, 0xFF, 0xC0,
    0x03, 0xFF, 0x80, 0x01, 0xFF, 0xC0, 0x03, 0xFF, 0x80, 0x03, 0xFF, 0xFF,
    0xFF, 0xFF, 0xC0, 0x03, 0xFF, 0xFF, 0xFF, 0xFF, 0xC0, 0x03, 0xFF, 0xFF,
    0xFF, 0xFF, 0xC0, 0x07, 0xFF, 0xFF, 0xFF, 0xFF, 0xE0, 0x07, 0xFF, 0xFF,
    0xFF, 0xFF, 0xE0, 0x07, 0xFF, 0xFF, 0xFF, 0xFF, 0xE0, 0x0F, 0xFF, 0xFF,
    0xFF, 0xFF, 0xF0, 0x0F, 0xFF, 0xFF, 0xFF, 0xFF, 0xF0, 0x0F, 0xFF, 0xFF,
    0xFF, 0xFF, 0xF0, 0x1F, 0xFC, 0x00, 0x00, 0x7F, 0xF8, 0x1F, 0xFC, 0x00,
    0x00, 0x3F, 0xF8, 0x3F, 0xFC, 0x00, 0x00, 0x3F, 0xFC, 0x3F, 0xF8, 0x00,
    0x00, 0x3F, 0xFC, 0x3F, 0xF8, 0x00, 0x00, 0x1F, 0xFC, 0x7F, 0xF8, 0x00,
    0x00, 0x1F, 0xFE, 0x7F, 0xF0, 0x00, 0x00, 0x1F, 0xFE, 0x7F, 0xF0, 0x00,
    0x00, 0x0F, 0xFE, 0xFF, 0xF0, 0x00, 0x00, 0x0F, 0xFF, 0xFF, 0xE0, 0x00,
    0x00, 0x0F, 0xFF, 0xFF, 0xFF, 0xFF, 0xFC, 0x00, 0x3F, 0xFF, 0xFF, 0xFF,
    0xE0, 0x0F, 0xFF, 0xFF, 0xFF, 0xFE, 0x03, 0xFF, 0xFF, 0xFF, 0xFF, 0xC0,
    0xFF, 0xFF, 0xFF, 0xFF, 0xF8, 0x3F, 0xFF, 0xFF, 0xFF, 0xFF, 0x0F, 0xFF,
    0xFF, 0xFF, 0xFF, 0xE3, 0xFF, 0xFF, 0xFF, 0xFF, 0xF8, 0xFF, 0xFF, 0xFF,
    0xFF, 0xFF, 0x3F, 0xF0, 0x00, 0x0F, 0xFF, 0xCF, 0xFC, 0x00, 0x00, 0x7F,
    0xF3, 0xFF, 0x00, 0x00, 0x1F, 0xFC, 0xFF, 0xC0, 0x00, 0x03, 0xFF, 0x3F,
    0xF0, 0x00, 0x00, 0xFF, 0xEF, 0xFC, 0x00, 0x00, 0x3F, 0xF3, 0xFF, 0x00,
    0x00, 0x0F, 0xFC, 0xFF, 0xC0, 0x00, 0x03, 0xFF, 0x3F, 0xF0, 0x00, 0x01,
    0xFF, 0xCF, 0xFC, 0x00, 0x00, 0xFF, 0xE3, 0xFF, 0x00, 0x00, 0xFF, 0xF8,
    0xFF, 0xFF, 0xFF, 0xFF, 0xFC, 0x3F, 0xFF, 0xFF, 0xFF, 0xFE, 0x0F, 0xFF,
    0xFF, 0xFF, 0xFF, 0x03, 0xFF, 0xFF, 0xFF, 0xFF, 0x80, 0xFF, 0xFF, 0xFF,
    0xFF, 0xF8, 0x3F, 0xFF, 0xFF, 0xFF, 0xFF, 0x0F, 0xFF, 0xFF, 0xFF, 0xFF,
    0xE3, 0xFF, 0xFF, 0xFF, 0xFF, 0xFC, 0xFF, 0xC0, 0x00, 0x1F, 0xFF, 0xBF,
    0xF0, 0x00, 0x01, 0xFF, 0xEF, 0xFC, 0x00, 0x00, 0x3F, 0xFB, 0xFF, 0x00,
    0x00, 0x07, 0xFF, 0xFF, 0xC0, 0x00, 0x01, 0xFF, 0xFF, 0xF0, 0x00, 0x00,
    0x7F, 0xFF, 0xFC, 0x00, 0x00, 0x1F, 0xFF, 0xFF, 0x00, 0x00, 0x07, 0xFF,
    0xFF, 0xC0, 0x00, 0x01, 0xFF, 0xFF, 0xF0, 0x00, 0x00, 0x7F, 0xFF, 0xFC,
    0x00, 0x00, 0x3F, 0xFF, 0xFF, 0x00, 0x00, 0x0F, 0xFF, 0xFF, 0xC0, 0x00,
    0x07, 0xFF, 0xBF, 0xF0, 0x00, 0x07, 0xFF, 0xEF, 0xFF, 0xFF, 0xFF, 0xFF,
    0xFB, 0xFF, 0xFF, 0xFF, 0xFF, 0xFC, 0xFF, 0xFF, 0xFF, 0xFF, 0xFE, 0x3F,
    0xFF, 0xFF, 0xFF, 0xFF, 0x8F, 0xFF, 0xFF, 0xFF, 0xFF, 0xC3, 0xFF, 0xFF,
    0xFF, 0xFF, 0xE0, 0xFF, 0xFF, 0xFF, 0xFF, 0xE0, 0x3F, 0xFF, 0xFF, 0xFF,
    0xE0, 0x0F, 0xFF, 0xFF, 0xFF, 0x80, 0x00, 0x00, 0x00, 0x3F, 0xF8, 0x00,
    0x00, 0x00, 0x07, 0xFF, 0xFE, 0x00, 0x00, 0x00, 0xFF, 0xFF, 0xFE, 0x00,
    0x00, 0x07, 0xFF, 0xFF, 0xFE, 0x00, 0x00, 0x7F, 0xFF, 0xFF, 0xFC, 0x00,
    0x03, 0xFF, 0xFF, 0xFF, 0xFC, 0x00, 0x1F, 0xFF, 0xFF, 0xFF, 0xF8, 0x00,
    0xFF, 0xFF, 0xFF, 0xFF, 0xE0, 0x07, 0xFF, 0xFF, 0xFF, 0xFF, 0xC0, 0x1F,
    0xFF, 0xC0, 0x7F, 0xFF, 0x80, 0xFF, 0xFC, 0x00, 0x3F, 0xFE, 0x07, 0xFF,
    0xC0, 0x00, 0x7F, 0xFC, 0x1F, 0xFE, 0x00, 0x00, 0xFF, 0xF0, 0xFF, 0xF8,
    0x00, 0x01, 0xFF, 0xE3, 0xFF, 0xC0, 0x00, 0x03, 0xFF, 0x8F, 0xFE, 0x00,
    0x00, 0x0F, 0xFE, 0x7F, 0xF8, 0x00, 0x00, 0x3F, 0xF9, 0xFF, 0xC0, 0x00,
    0x00, 0x7F, 0xE7, 0xFF, 0x00, 0x00, 0x00, 0x00, 0x5F, 0xFC, 0x00, 0x00,
    0x00, 0x00, 0xFF, 0xF0, 0x00, 0x00, 0x00, 0x03, 0xFF, 0x80, 0x00, 0x00,
    0x00, 0x0F, 0xFE, 0x00, 0x00, 0x00, 0x00, 0x3F, 0xF8, 0x00, 0x00, 0x00,
    0x00, 0xFF, 0xE0, 0x00, 0x00, 0x00, 0x03, 0xFF, 0x80, 0x00, 0x00, 0x00,
    0x0F, 0xFE, 0x00, 0x00, 0x00, 0x00, 0x3F, 0xF8, 0x00, 0x00, 0x00, 0x00,
    0xFF, 0xE0, 0x00, 0x00, 0x00, 0x03, 0xFF, 0x80, 0x00, 0x00, 0x00, 0x0F,
    0xFE, 0x00, 0x00, 0x00, 0x00, 0x3F, 0xF8, 0x00, 0x00, 0x00, 0x00, 0xFF,
    0xE0, 0x00, 0x00, 0x00, 0x01, 0xFF, 0xC0, 0x00, 0x00, 0x00, 0x07, 0xFF,
    0x00, 0x00, 0x01, 0xFF, 0x9F, 0xFC, 0x00, 0x00, 0x07, 0xFE, 0x7F, 0xF8,
    0x00, 0x00, 0x3F, 0xF8, 0xFF, 0xE0, 0x00, 0x00, 0xFF, 0xE3, 0xFF, 0xC0,
    0x00, 0x07, 0xFF, 0x0F, 0xFF, 0x00, 0x00, 0x1F, 0xFC, 0x1F, 0xFE, 0x00,
    0x00, 0xFF, 0xF0, 0x7F, 0xFC, 0x00, 0x07, 0xFF, 0x80, 0xFF, 0xFC, 0x00,
    0x3F, 0xFE, 0x03, 0xFF, 0xFC, 0x07, 0xFF, 0xF0, 0x07, 0xFF, 0xFF, 0xFF,
    0xFF, 0x80, 0x0F, 0xFF, 0xFF, 0xFF, 0xFE, 0x00, 0x1F, 0xFF, 0xFF, 0xFF,
    0xF0, 0x00, 0x3F, 0xFF, 0xFF, 0xFF, 0x80, 0x00, 0x7F, 0xFF, 0xFF, 0xFC,
    0x00, 0x00, 0xFF, 0xFF, 0xFF, 0xC0, 0x00, 0x00, 0xFF, 0xFF, 0xFE, 0x00,
    0x00, 0x00, 0xFF, 0xFF, 0xE0, 0x00, 0x00, 0x00, 0x3F, 0xF8, 0x00, 0x00,
    0xFF, 0xFF, 0xFF, 0xE0, 0x00, 0x1F, 0xFF, 0xFF, 0xFF, 0xC0, 0x03, 0xFF,
    0xFF, 0xFF, 0xFE, 0x00, 0x7F, 0xFF, 0xFF, 0xFF, 0xE0, 0x0F, 0xFF, 0xFF,
    0xFF, 0xFF, 0x01, 0xFF, 0xFF, 0xFF, 0xFF, 0xF0, 0x3F, 0xFF, 0xFF, 0xFF,
    0xFF, 0x07, 0xFF, 0xFF, 0xFF, 0xFF, 0xE0, 0xFF, 0xFF, 0xFF, 0xFF, 0xFE,
    0x1F, 0xF8, 0x00, 0x1F, 0xFF, 0xE3, 0xFF, 0x00, 0x00, 0x7F, 0xFC, 0x7F,
    0xE0, 0x00, 0x07, 0xFF, 0xCF, 0xFC, 0x00, 0x00, 0x7F, 0xF9, 0xFF, 0x80,
    0x00, 0x07, 0xFF, 0x3F, 0xF0, 0x00, 0x00, 0xFF, 0xF7, 0xFE, 0x00, 0x00,
    0x0F, 0xFE, 0xFF, 0xC0, 0x00, 0x01, 0xFF, 0xDF, 0xF8, 0x00, 0x00, 0x3F,
    0xFB, 0xFF, 0x00, 0x00, 0x07, 0xFF, 0xFF, 0xE0, 0x00, 0x00, 0x7F, 0xFF,
    0xFC, 0x00, 0x00, 0x0F, 0xFF, 0xFF, 0x80, 0x00, 0x01, 0xFF, 0xFF, 0xF0,
    0x00, 0x00, 0x3F, 0xFF, 0xFE, 0x00, 0x00, 0x07, 0xFF, 0xFF, 0xC0, 0x00,
    0x00, 0xFF, 0xFF, 0xF8, 0x00, 0x00, 0x1F, 0xFF, 0xFF, 0x00, 0x00, 0x03,
    0xFF, 0xFF, 0xE0, 0x00, 0x00, 0x7F, 0xFF, 0xFC, 0x00, 0x00, 0x0F, 0xFF,
    0xFF, 0x80, 0x00, 0x01, 0xFF, 0xFF, 0xF0, 0x00, 0x00, 0x3F, 0xFF, 0xFE,
    0x00, 0x00, 0x0F, 0xFE, 0xFF, 0xC0, 0x00, 0x01, 0xFF, 0xDF, 0xF8, 0x00,
    0x00, 0x3F, 0xFB, 0xFF, 0x00, 0x00, 0x0F, 0xFF, 0x7F, 0xE0, 0x00, 0x01,
    0xFF, 0xCF, 0xFC, 0x00, 0x00, 0x7F, 0xF9, 0xFF, 0x80, 0x00, 0x0F, 0xFF,
    0x3F, 0xF0, 0x00, 0x03, 0xFF, 0xC7, 0xFE, 0x00, 0x00, 0xFF, 0xF8, 0xFF,
    0xC0, 0x00, 0x3F, 0xFE, 0x1F, 0xF8, 0x00, 0x3F, 0xFF, 0xC3, 0xFF, 0xFF,
    0xFF, 0xFF, 0xF0, 0x7F, 0xFF, 0xFF, 0xFF, 0xFE, 0x0F, 0xFF, 0xFF, 0xFF,
    0xFF, 0x81, 0xFF, 0xFF, 0xFF, 0xFF, 0xE0, 0x3F, 0xFF, 0xFF, 0xFF, 0xF8,
    0x07, 0xFF, 0xFF, 0xFF, 0xFE, 0x00, 0xFF, 0xFF, 0xFF, 0xFF, 0x00, 0x1F,
    0xFF, 0xFF, 0xFF, 0x80, 0x03, 0xFF, 0xFF, 0xFF, 0x80, 0x00, 0x00, 0xFF,
    0xFF, 0xFF, 0xFF, 0xFB, 0xFF, 0xFF, 0xFF, 0xFF, 0xEF, 0xFF, 0xFF, 0xFF,
    0xFF, 0xBF, 0xFF, 0xFF, 0xFF, 0xFE, 0xFF, 0xFF, 0xFF, 0xFF, 0xFB, 0xFF,
    0xFF, 0xFF, 0xFF, 0xEF, 0xFF, 0xFF, 0xFF, 0xFF, 0xBF, 0xFF, 0xFF, 0xFF,
    0xFE, 0xFF, 0xFF, 0xFF, 0xFF, 0xFB, 0xFF, 0x00, 0x00, 0x00, 0x0F, 0xFC,
    0x00, 0x00, 0x00, 0x3F, 0xF0, 0x00, 0x00, 0x00, 0xFF, 0xC0, 0x00, 0x00,
    0x03, 0xFF, 0x00, 0x00, 0x00, 0x0F, 0xFC, 0x00, 0x00, 0x00, 0x3F, 0xF0,
    0x00, 0x00, 0x00, 0xFF, 0xC0, 0x00, 0x00, 0x03, 0xFF, 0x00, 0x00, 0x00,
    0x0F, 0xFC, 0x00, 0x00, 0x00, 0x3F, 0xF0, 0x00, 0x00, 0x00, 0xFF, 0xFF,
    0xFF, 0xFF, 0xE3, 0xFF, 0xFF, 0xFF, 0xFF, 0x8F, 0xFF, 0xFF, 0xFF, 0xFE,
    0x3F, 0xFF, 0xFF, 0xFF, 0xF8, 0xFF, 0xFF, 0xFF, 0xFF, 0xE3, 0xFF, 0xFF,
    0xFF, 0xFF, 0x8F, 0xFF, 0xFF, 0xFF, 0xFE, 0x3F, 0xFF, 0xFF, 0xFF, 0xF8,
    0xFF, 0xFF, 0xFF, 0xFF, 0xE3, 0xFF, 0x00, 0x00, 0x00, 0x0F, 0xFC, 0x00,
    0x00, 0x00, 0x3F, 0xF0, 0x00, 0x00, 0x00, 0xFF, 0xC0, 0x00, 0x00, 0x03,
    0xFF, 0x00, 0x00, 0x00, 0x0F, 0xFC, 0x00, 0x00, 0x00, 0x3F, 0xF0, 0x00,
    0x00, 0x00, 0xFF, 0xC0, 0x00, 0x00, 0x03, 0xFF, 0x00, 0x00, 0x00, 0x0F,
    0xFC, 0x00, 0x00, 0x00, 0x3F, 0xF0, 0x00, 0x00, 0x00, 0xFF, 0xC0, 0x00,
    0x00, 0x03, 0xFF, 0x00, 0x00, 0x00, 0x0F, 0xFF, 0xFF, 0xFF, 0xFF, 0xFF,
    0xFF, 0xFF, 0xFF, 0xFF, 0xFF, 0xFF, 0xFF, 0xFF, 0xFF, 0xFF, 0xFF, 0xFF,
    0xFF, 0xFF, 0xFF, 0xFF, 0xFF, 0xFF, 0xFF, 0xFF, 0xFF, 0xFF, 0xFF, 0xFF,
    0xFF, 0xFF, 0xFF, 0xFF, 0xFF, 0xFF, 0xFF, 0xFF, 0xFF, 0xFF, 0xFF, 0xFF,
    0xFF, 0xC0, 0xFF, 0xFF, 0xFF, 0xFF, 0xFF, 0xFF, 0xFF, 0xFF, 0xFF, 0xFF,
    0xFF, 0xFF, 0xFF, 0xFF, 0xFF, 0xFF, 0xFF, 0xFF, 0xFF, 0xFF, 0xFF, 0xFF,
    0xFF, 0xFF, 0xFF, 0xFF, 0xFF, 0xFF, 0xFF, 0xFF, 0xFF, 0xFF, 0xFF, 0xFF,
    0xFF, 0xFF, 0xFF, 0xFF, 0xFF, 0xFF, 0xFF, 0xFF, 0xFF, 0x00, 0x00, 0x00,
    0x3F, 0xF8, 0x00, 0x00, 0x01, 0xFF, 0xC0, 0x00, 0x00, 0x0F, 0xFE, 0x00,
    0x00, 0x00, 0x7F, 0xF0, 0x00, 0x00, 0x03, 0xFF, 0x80, 0x00, 0x00, 0x1F,
    0xFC, 0x00, 0x00, 0x00, 0xFF, 0xE0, 0x00, 0x00, 0x07, 0xFF, 0x00, 0x00,
    0x00, 0x3F, 0xF8, 0x00, 0x00, 0x01, 0xFF, 0xC0, 0x00, 0x00, 0x0F, 0xFE,
    0x00, 0x00, 0x00, 0x7F, 0xFF, 0xFF, 0xFF, 0xC3, 0xFF, 0xFF, 0xFF, 0xFE,
    0x1F, 0xFF, 0xFF, 0xFF, 0xF0, 0xFF, 0xFF, 0xFF, 0xFF, 0x87, 0xFF, 0xFF,
    0xFF, 0xFC, 0x3F, 0xFF, 0xFF, 0xFF, 0xE1, 0xFF, 0xFF, 0xFF, 0xFF, 0x0F,
    0xFF, 0xFF, 0xFF, 0xF8, 0x7F, 0xFF, 0xFF, 0xFF, 0xC3, 0xFF, 0x80, 0x00,
    0x00, 0x1F, 0xFC, 0x00, 0x00, 0x00, 0xFF, 0xE0, 0x00, 0x00, 0x07, 0xFF,
    0x00, 0x00, 0x00, 0x3F, 0xF8, 0x00, 0x00, 0x01, 0xFF, 0xC0, 0x00, 0x00,
    0x0F, 0xFE, 0x00, 0x00, 0x00, 0x7F, 0xF0, 0x00, 0x00, 0x03, 0xFF, 0x80,
    0x00, 0x00, 0x1F, 0xFC, 0x00, 0x00, 0x00, 0xFF, 0xE0, 0x00, 0x00, 0x07,
    0xFF, 0x00, 0x00, 0x00, 0x3F, 0xF8, 0x00, 0x00, 0x01, 0xFF, 0xC0, 0x00,
    0x00, 0x0F, 0xFE, 0x00, 0x00, 0x00, 0x7F, 0xF0, 0x00, 0x00, 0x03, 0xFF,
    0x80, 0x00, 0x00, 0x1F, 0xFC, 0x00, 0x00, 0x00, 0xFF, 0xE0, 0x00, 0x00,
    0x07, 0xFF, 0x00, 0x00, 0x00, 0x3F, 0xF8, 0x00, 0x00, 0x00, 0x00, 0x00,
    0x1F, 0xFE, 0x00, 0x00, 0x00, 0x00, 0xFF, 0xFF, 0xC0, 0x00, 0x00, 0x07,
    0xFF, 0xFF, 0xF8, 0x00, 0x00, 0x0F, 0xFF, 0xFF, 0xFE, 0x00, 0x00, 0x3F,
    0xFF, 0xFF, 0xFF, 0x00, 0x00, 0x7F, 0xFF, 0xFF, 0xFF, 0x80, 0x00, 0xFF,
    0xFF, 0xFF, 0xFF, 0xC0, 0x01, 0xFF, 0xFF, 0xFF, 0xFF, 0xE0, 0x03, 0xFF,
    0xFF, 0xFF, 0xFF, 0xF0, 0x07, 0xFF, 0xF8, 0x07, 0xFF, 0xF8, 0x0F, 0xFF,
    0xE0, 0x00, 0xFF, 0xF8, 0x0F, 0xFF, 0x80, 0x00, 0x7F, 0xFC, 0x1F, 0xFF,
    0x00, 0x00, 0x3F, 0xFC, 0x1F, 0xFE, 0x00, 0x00, 0x1F, 0xFC, 0x3F, 0xFC,
    0x00, 0x00, 0x0F, 0xFE, 0x3F, 0xFC, 0x00, 0x00, 0x0F, 0xFE, 0x3F, 0xF8,
    0x00, 0x00, 0x07, 0xFE, 0x7F, 0xF8, 0x00, 0x00, 0x00, 0x00, 0x7F, 0xF0,
    0x00, 0x00, 0x00, 0x00, 0x7F, 0xF0, 0x00, 0x00, 0x00, 0x00, 0x7F, 0xF0,
    0x00, 0x00, 0x00, 0x00, 0xFF, 0xE0, 0x00, 0x00, 0x00, 0x00, 0xFF, 0xE0,
    0x00, 0x00, 0x00, 0x00, 0xFF, 0xE0, 0x00, 0x00, 0x00, 0x00, 0xFF, 0xE0,
    0x00, 0x3F, 0xFF, 0xFF, 0xFF, 0xE0, 0x00, 0x3F, 0xFF, 0xFF, 0xFF, 0xE0,
    0x00, 0x3F, 0xFF, 0xFF, 0xFF, 0xE0, 0x00, 0x3F, 0xFF, 0xFF, 0xFF, 0xE0,
    0x00, 0x3F, 0xFF, 0xFF, 0xFF, 0xE0, 0x00, 0x3F, 0xFF, 0xFF, 0xFF, 0xE0,
    0x00, 0x3F, 0xFF, 0xFF, 0xFF, 0xE0, 0x00, 0x3F, 0xFF, 0xFF, 0xFF, 0xE0,
    0x00, 0x3F, 0xFF, 0xFF, 0x7F, 0xF0, 0x00, 0x00, 0x03, 0xFF, 0x7F, 0xF0,
    0x00, 0x00, 0x03, 0xFF, 0x7F, 0xF0, 0x00, 0x00, 0x07, 0xFF, 0x7F, 0xF8,
    0x00, 0x00, 0x07, 0xFF, 0x3F, 0xF8, 0x00, 0x00, 0x07, 0xFF, 0x3F, 0xFC,
    0x00, 0x00, 0x0F, 0xFF, 0x3F, 0xFE, 0x00, 0x00, 0x1F, 0xFF, 0x1F, 0xFF,
    0x00, 0x00, 0x3F, 0xFF, 0x1F, 0xFF, 0x80, 0x00, 0x7F, 0xFF, 0x0F, 0xFF,
    0xE0, 0x00, 0xFF, 0xFF, 0x07, 0xFF, 0xF8, 0x07, 0xFF, 0xFF, 0x07, 0xFF,
    0xFF, 0xFF, 0xFF, 0xFF, 0x03, 0xFF, 0xFF, 0xFF, 0xFF, 0xFF, 0x01, 0xFF,
    0xFF, 0xFF, 0xFC, 0xFF, 0x00, 0xFF, 0xFF, 0xFF, 0xF8, 0xFF, 0x00, 0x7F,
    0xFF, 0xFF, 0xF0, 0xFF, 0x00, 0x1F, 0xFF, 0xFF, 0xE0, 0xFF, 0x00, 0x07,
    0xFF, 0xFF, 0xC0, 0xFF, 0x00, 0x01, 0xFF, 0xFF, 0x00, 0xFF, 0x00, 0x00,
    0x3F, 0xF0, 0x00, 0x00, 0xFF, 0xE0, 0x00, 0x03, 0xFF, 0xFF, 0xF0, 0x00,
    0x01, 0xFF, 0xFF, 0xF8, 0x00, 0x00, 0xFF, 0xFF, 0xFC, 0x00, 0x00, 0x7F,
    0xFF, 0xFE, 0x00, 0x00, 0x3F, 0xFF, 0xFF, 0x00, 0x00, 0x1F, 0xFF, 0xFF,
    0x80, 0x00, 0x0F, 0xFF, 0xFF, 0xC0, 0x00, 0x07, 0xFF, 0xFF, 0xE0, 0x00,
    0x03, 0xFF, 0xFF, 0xF0, 0x00, 0x01, 0xFF, 0xFF, 0xF8, 0x00, 0x00, 0xFF,
    0xFF, 0xFC, 0x00, 0x00, 0x7F, 0xFF, 0xFE, 0x00, 0x00, 0x3F, 0xFF, 0xFF,
    0x00, 0x00, 0x1F, 0xFF, 0xFF, 0x80, 0x00, 0x0F, 0xFF, 0xFF, 0xC0, 0x00,
    0x07, 0xFF, 0xFF, 0xE0, 0x00, 0x03, 0xFF, 0xFF, 0xF0, 0x00, 0x01, 0xFF,
    0xFF, 0xF8, 0x00, 0x00, 0xFF, 0xFF, 0xFF, 0xFF, 0xFF, 0xFF, 0xFF, 0xFF,
    0xFF, 0xFF, 0xFF, 0xFF, 0xFF, 0xFF, 0xFF, 0xFF, 0xFF, 0xFF, 0xFF, 0xFF,
    0xFF, 0xFF, 0xFF, 0xFF, 0xFF, 0xFF, 0xFF, 0xFF, 0xFF, 0xFF, 0xFF, 0xFF,
    0xFF, 0xFF, 0xFF, 0xFF, 0xFF, 0xFF, 0xFF, 0xFF, 0xFF, 0xFF, 0xFF, 0xFF,
    0xFF, 0xFF, 0xFF, 0xFF, 0xFE, 0x00, 0x00, 0x3F, 0xFF, 0xFF, 0x00, 0x00,
    0x1F, 0xFF, 0xFF, 0x80, 0x00, 0x0F, 0xFF, 0xFF, 0xC0, 0x00, 0x07, 0xFF,
    0xFF, 0xE0, 0x00, 0x03, 0xFF, 0xFF, 0xF0, 0x00, 0x01, 0xFF, 0xFF, 0xF8,
    0x00, 0x00, 0xFF, 0xFF, 0xFC, 0x00, 0x00, 0x7F, 0xFF, 0xFE, 0x00, 0x00,
    0x3F, 0xFF, 0xFF, 0x00, 0x00, 0x1F, 0xFF, 0xFF, 0x80, 0x00, 0x0F, 0xFF,
    0xFF, 0xC0, 0x00, 0x07, 0xFF, 0xFF, 0xE0, 0x00, 0x03, 0xFF, 0xFF, 0xF0,
    0x00, 0x01, 0xFF, 0xFF, 0xF8, 0x00, 0x00, 0xFF, 0xFF, 0xFC, 0x00, 0x00,
    0x7F, 0xFF, 0xFE, 0x00, 0x00, 0x3F, 0xFF, 0xFF, 0x00, 0x00, 0x1F, 0xFF,
    0xFF, 0x80, 0x00, 0x0F, 0xFF, 0xFF, 0xC0, 0x00, 0x07, 0xFF, 0xFF, 0xE0,
    0x00, 0x03, 0xFF, 0xFF, 0xF0, 0x00, 0x01, 0xFF, 0xFF, 0xF8, 0x00, 0x00,
    0xFF, 0xE0, 0xFF, 0xFF, 0xFF, 0xFF, 0xFF, 0xFF, 0xFF, 0xFF, 0xFF, 0xFF,
    0xFF, 0xFF, 0xFF, 0xFF, 0xFF, 0xFF, 0xFF, 0xFF, 0xFF, 0xFF, 0xFF, 0xFF,
    0xFF, 0xFF, 0xFF, 0xFF, 0xFF, 0xFF, 0xFF, 0xFF, 0xFF, 0xFF, 0xFF, 0xFF,
    0xFF, 0xFF, 0xFF, 0xFF, 0xFF, 0xFF, 0xFF, 0xFF, 0xFF, 0xFF, 0xFF, 0xFF,
    0xFF, 0xFF, 0xFF, 0xFF, 0xFF, 0xFF, 0xFF, 0xFF, 0xFF, 0xFF, 0xFF, 0xFF,
    0xFF, 0xFF, 0xFF, 0xFF, 0xFF, 0xFF, 0xFF, 0xFF, 0xFF, 0xFF, 0xFF, 0xFF,
    0x80, 0x00, 0x00, 0x07, 0xFF, 0x00, 0x00, 0x07, 0xFF, 0x00, 0x00, 0x07,
    0xFF, 0x00, 0x00, 0x07, 0xFF, 0x00, 0x00, 0x07, 0xFF, 0x00, 0x00, 0x07,
    0xFF, 0x00, 0x00, 0x07, 0xFF, 0x00, 0x00, 0x07, 0xFF, 0x00, 0x00, 0x07,
    0xFF, 0x00, 0x00, 0x07, 0xFF, 0x00, 0x00, 0x07, 0xFF, 0x00, 0x00, 0x07,
    0xFF, 0x00, 0x00, 0x07, 0xFF, 0x00, 0x00, 0x07, 0xFF, 0x00, 0x00, 0x07,
    0xFF, 0x00, 0x00, 0x07, 0xFF, 0x00, 0x00, 0x07, 0xFF, 0x00, 0x00, 0x07,
    0xFF, 0x00, 0x00, 0x07, 0xFF, 0x00, 0x00, 0x07, 0xFF, 0x00, 0x00, 0x07,
    0xFF, 0x00, 0x00, 0x07, 0xFF, 0x00, 0x00, 0x07, 0xFF, 0x00, 0x00, 0x07,
    0xFF, 0x00, 0x00, 0x07, 0xFF, 0x00, 0x00, 0x07, 0xFF, 0x00, 0x00, 0x07,
    0xFF, 0x00, 0x00, 0x07, 0xFF, 0x00, 0x00, 0x07, 0xFF, 0x00, 0x00, 0x07,
    0xFF, 0x00, 0x00, 0x07, 0xFF, 0xFF, 0xC0, 0x07, 0xFF, 0xFF, 0xC0, 0x07,
    0xFF, 0xFF, 0xC0, 0x07, 0xFF, 0xFF, 0xC0, 0x07, 0xFF, 0xFF, 0xC0, 0x07,
    0xFF, 0xFF, 0xC0, 0x07, 0xFF, 0xFF, 0xC0, 0x07, 0xFF, 0xFF, 0xE0, 0x07,
    0xFF, 0x7F, 0xE0, 0x07, 0xFF, 0x7F, 0xE0, 0x0F, 0xFF, 0x7F, 0xF0, 0x0F,
    0xFE, 0x7F, 0xF8, 0x3F, 0xFE, 0x3F, 0xFF, 0xFF, 0xFE, 0x3F, 0xFF, 0xFF,
    0xFC, 0x1F, 0xFF, 0xFF, 0xFC, 0x1F, 0xFF, 0xFF, 0xF8, 0x0F, 0xFF, 0xFF,
    0xF0, 0x07, 0xFF, 0xFF, 0xE0, 0x03, 0xFF, 0xFF, 0xC0, 0x00, 0xFF, 0xFF,
    0x00, 0x00, 0x1F, 0xF8, 0x00, 0xFF, 0xE0, 0x00, 0x03, 0xFF, 0xFB, 0xFF,
    0x80, 0x00, 0x1F, 0xFF, 0x8F, 0xFE, 0x00, 0x00, 0xFF, 0xFC, 0x3F, 0xF8,
    0x00, 0x07, 0xFF, 0xE0, 0xFF, 0xE0, 0x00, 0x3F, 0xFF, 0x03, 0xFF, 0x80,
    0x00, 0xFF, 0xF8, 0x0F, 0xFE, 0x00, 0x07, 0xFF, 0xC0, 0x3F, 0xF8, 0x00,
    0x3F, 0xFE, 0x00, 0xFF, 0xE0, 0x01, 0xFF, 0xF0, 0x03, 0xFF, 0x80, 0x0F,
    0xFF, 0x80, 0x0F, 0xFE, 0x00, 0x7F, 0xFC, 0x00, 0x3F, 0xF8, 0x03, 0xFF,
    0xE0, 0x00, 0xFF, 0xE0, 0x1F, 0xFF, 0x00, 0x03, 0xFF, 0x80, 0xFF, 0xF8,
    0x00, 0x0F, 0xFE, 0x07, 0xFF, 0xC0, 0x00, 0x3F, 0xF8, 0x3F, 0xFE, 0x00,
    0x00, 0xFF, 0xE1, 0xFF, 0xF0, 0x00, 0x03, 0xFF, 0x8F, 0xFF, 0x80, 0x00,
    0x0F, 0xFE, 0x7F, 0xFC, 0x00, 0x00, 0x3F, 0xFB, 0xFF, 0xE0, 0x00, 0x00,
    0xFF, 0xFF, 0xFF, 0x00, 0x00, 0x03, 0xFF, 0xFF, 0xFC, 0x00, 0x00, 0x0F,
    0xFF, 0xFF, 0xF8, 0x00, 0x00, 0x3F, 0xFF, 0xFF, 0xE0, 0x00, 0x00, 0xFF,
    0xFF, 0xFF, 0xC0, 0x00, 0x03, 0xFF, 0xFF, 0xFF, 0x80, 0x00, 0x0F, 0xFF,
    0xFF, 0xFF, 0x00, 0x00, 0x3F, 0xFF, 0xFF, 0xFC, 0x00, 0x00, 0xFF, 0xFF,
    0xFF, 0xF8, 0x00, 0x03, 0xFF, 0xF9, 0xFF, 0xF0, 0x00, 0x0F, 0xFF, 0xC7,
    0xFF, 0xE0, 0x00, 0x3F, 0xFE, 0x0F, 0xFF, 0x80, 0x00, 0xFF, 0xF0, 0x1F,
    0xFF, 0x00, 0x03, 0xFF, 0x80, 0x7F, 0xFE, 0x00, 0x0F, 0xFE, 0x00, 0xFF,
    0xFC, 0x00, 0x3F, 0xF8, 0x01, 0xFF, 0xF0, 0x00, 0xFF, 0xE0, 0x03, 0xFF,
    0xE0, 0x03, 0xFF, 0x80, 0x0F, 0xFF, 0xC0, 0x0F, 0xFE, 0x00, 0x1F, 0xFF,
    0x00, 0x3F, 0xF8, 0x00, 0x3F, 0xFE, 0x00, 0xFF, 0xE0, 0x00, 0xFF, 0xFC,
    0x03, 0xFF, 0x80, 0x01, 0xFF, 0xF8, 0x0F, 0xFE, 0x00, 0x03, 0xFF, 0xE0,
    0x3F, 0xF8, 0x00, 0x07, 0xFF, 0xC0, 0xFF, 0xE0, 0x00, 0x1F, 0xFF, 0x83,
    0xFF, 0x80, 0x00, 0x3F, 0xFF, 0x0F, 0xFE, 0x00, 0x00, 0x7F, 0xFC, 0x3F,
    0xF8, 0x00, 0x01, 0xFF, 0xF8, 0xFF, 0xE0, 0x00, 0x03, 0xFF, 0xF3, 0xFF,
    0x80, 0x00, 0x07, 0xFF, 0xEF, 0xFE, 0x00, 0x00, 0x1F, 0xFF, 0xC0, 0xFF,
    0xE0, 0x00, 0x00, 0x0F, 0xFE, 0x00, 0x00, 0x00, 0xFF, 0xE0, 0x00, 0x00,
    0x0F, 0xFE, 0x00, 0x00, 0x00, 0xFF, 0xE0, 0x00, 0x00, 0x0F, 0xFE, 0x00,
    0x00, 0x00, 0xFF, 0xE0, 0x00, 0x00, 0x0F, 0xFE, 0x00, 0x00, 0x00, 0xFF,
    0xE0, 0x00, 0x00, 0x0F, 0xFE, 0x00, 0x00, 0x00, 0xFF, 0xE0, 0x00, 0x00,
    0x0F, 0xFE, 0x00, 0x00, 0x00, 0xFF, 0xE0, 0x00, 0x00, 0x0F, 0xFE, 0x00,
    0x00, 0x00, 0xFF, 0xE0, 0x00, 0x00, 0x0F, 0xFE, 0x00, 0x00, 0x00, 0xFF,
    0xE0, 0x00, 0x00, 0x0F, 0xFE, 0x00, 0x00, 0x00, 0xFF, 0xE0, 0x00, 0x00,
    0x0F, 0xFE, 0x00, 0x00, 0x00, 0xFF, 0xE0, 0x00, 0x00, 0x0F, 0xFE, 0x00,
    0x00, 0x00, 0xFF, 0xE0, 0x00, 0x00, 0x0F, 0xFE, 0x00, 0x00, 0x00, 0xFF,
    0xE0, 0x00, 0x00, 0x0F, 0xFE, 0x00, 0x00, 0x00, 0xFF, 0xE0, 0x00, 0x00,
    0x0F, 0xFE, 0x00, 0x00, 0x00, 0xFF, 0xE0, 0x00, 0x00, 0x0F, 0xFE, 0x00,
    0x00, 0x00, 0xFF, 0xE0, 0x00, 0x00, 0x0F, 0xFE, 0x00, 0x00, 0x00, 0xFF,
    0xE0, 0x00, 0x00, 0x0F, 0xFE, 0x00, 0x00, 0x00, 0xFF, 0xE0, 0x00, 0x00,
    0x0F, 0xFE, 0x00, 0x00, 0x00, 0xFF, 0xE0, 0x00, 0x00, 0x0F, 0xFE, 0x00,
    0x00, 0x00, 0xFF, 0xE0, 0x00, 0x00, 0x0F, 0xFE, 0x00, 0x00, 0x00, 0xFF,
    0xE0, 0x00, 0x00, 0x0F, 0xFE, 0x00, 0x00, 0x00, 0xFF, 0xFF, 0xFF, 0xFF,
    0xFF, 0xFF, 0xFF, 0xFF, 0xFF, 0xFF, 0xFF, 0xFF, 0xFF, 0xFF, 0xFF, 0xFF,
    0xFF, 0xFF, 0xFF, 0xFF, 0xFF, 0xFF, 0xFF, 0xFF, 0xFF, 0xFF, 0xFF, 0xFF,
    0xFF, 0xFF, 0xFF, 0xFF, 0xFF, 0xFF, 0xFF, 0xFF, 0xFF, 0xFF, 0xFF, 0xFF,
    0xF0, 0xFF, 0xFF, 0x00, 0x00, 0x3F, 0xFF, 0xFF, 0xFF, 0x80, 0x00, 0x3F,
    0xFF, 0xFF, 0xFF, 0xC0, 0x00, 0x1F, 0xFF, 0xFF, 0xFF, 0xE0, 0x00, 0x0F,
    0xFF, 0xFF, 0xFF, 0xF0, 0x00, 0x07, 0xFF, 0xFF, 0xFF, 0xFC, 0x00, 0x03,
    0xFF, 0xFF, 0xFF, 0xFE, 0x00, 0x03, 0xFF, 0xFF, 0xFF, 0xFF, 0x00, 0x01,
    0xFF, 0xFF, 0xFF, 0xFF, 0x80, 0x00, 0xFF, 0xFF, 0xFF, 0xFF, 0xE0, 0x00,
    0x7F, 0xFF, 0xFF, 0xF7, 0xF0, 0x00, 0x7F, 0xFF, 0xFF, 0xFB, 0xF8, 0x00,
    0x3F, 0xBF, 0xFF, 0xFD, 0xFC, 0x00, 0x1F, 0xDF, 0xFF, 0xFE, 0xFF, 0x00,
    0x0F, 0xEF, 0xFF, 0xFF, 0x7F, 0x80, 0x0F, 0xF7, 0xFF, 0xFF, 0x9F, 0xC0,
    0x07, 0xF3, 0xFF, 0xFF, 0xCF, 0xE0, 0x03, 0xF9, 0xFF, 0xFF, 0xE7, 0xF0,
    0x01, 0xFC, 0xFF, 0xFF, 0xF3, 0xFC, 0x00, 0xFE, 0x7F, 0xFF, 0xF9, 0xFE,
    0x00, 0xFF, 0x3F, 0xFF, 0xFC, 0x7F, 0x00, 0x7F, 0x1F, 0xFF, 0xFE, 0x3F,
    0x80, 0x3F, 0x8F, 0xFF, 0xFF, 0x1F, 0xE0, 0x1F, 0xC7, 0xFF, 0xFF, 0x8F,
    0xF0, 0x1F, 0xE3, 0xFF, 0xFF, 0xC3, 0xF8, 0x0F, 0xE1, 0xFF, 0xFF, 0xE1,
    0xFC, 0x07, 0xF0, 0xFF, 0xFF, 0xF0, 0xFF, 0x03, 0xF8, 0x7F, 0xFF, 0xF8,
    0x7F, 0x83, 0xFC, 0x3F, 0xFF, 0xFC, 0x3F, 0xC1, 0xFE, 0x1F, 0xFF, 0xFE,
    0x0F, 0xE0, 0xFE, 0x0F, 0xFF, 0xFF, 0x07, 0xF0, 0x7F, 0x07, 0xFF, 0xFF,
    0x83, 0xFC, 0x3F, 0x83, 0xFF, 0xFF, 0xC1, 0xFE, 0x3F, 0xC1, 0xFF, 0xFF,
    0xE0, 0x7F, 0x1F, 0xC0, 0xFF, 0xFF, 0xF0, 0x3F, 0x8F, 0xE0, 0x7F, 0xFF,
    0xF8, 0x1F, 0xE7, 0xF0, 0x3F, 0xFF, 0xFC, 0x0F, 0xF7, 0xF8, 0x1F, 0xFF,
    0xFE, 0x07, 0xFB, 0xFC, 0x0F, 0xFF, 0xFF, 0x01, 0xFD, 0xFC, 0x07, 0xFF,
    0xFF, 0x80, 0xFE, 0xFE, 0x03, 0xFF, 0xFF, 0xC0, 0x7F, 0xFF, 0x01, 0xFF,
    0xFF, 0xE0, 0x3F, 0xFF, 0x80, 0xFF, 0xFF, 0xF0, 0x0F, 0xFF, 0x80, 0x7F,
    0xFF, 0xF8, 0x07, 0xFF, 0xC0, 0x3F, 0xFF, 0xFC, 0x03, 0xFF, 0xE0, 0x1F,
    0xFF, 0xFE, 0x01, 0xFF, 0xF0, 0x0F, 0xFF, 0xFF, 0x00, 0xFF, 0xF8, 0x07,
    0xFF, 0xFF, 0x80, 0x3F, 0xF8, 0x03, 0xFF, 0xFF, 0xC0, 0x1F, 0xFC, 0x01,
    0xFF, 0xFF, 0xE0, 0x0F, 0xFE, 0x00, 0xFF, 0xFF, 0xF0, 0x07, 0xFF, 0x00,
    0x7F, 0xE0, 0xFF, 0xE0, 0x00, 0x01, 0xFF, 0xFF, 0xF8, 0x00, 0x00, 0xFF,
    0xFF, 0xFC, 0x00, 0x00, 0x7F, 0xFF, 0xFF, 0x00, 0x00, 0x3F, 0xFF, 0xFF,
    0xC0, 0x00, 0x1F, 0xFF, 0xFF, 0xE0, 0x00, 0x0F, 0xFF, 0xFF, 0xF8, 0x00,
    0x07, 0xFF, 0xFF, 0xFC, 0x00, 0x03, 0xFF, 0xFF, 0xFF, 0x00, 0x01, 0xFF,
    0xFF, 0xFF, 0x80, 0x00, 0xFF, 0xFF, 0xFF, 0xE0, 0x00, 0x7F, 0xFF, 0xFF,
    0xF0, 0x00, 0x3F, 0xFF, 0xFF, 0xFC, 0x00, 0x1F, 0xFF, 0xFF, 0xFF, 0x00,
    0x0F, 0xFF, 0xFF, 0xFF, 0x80, 0x07, 0xFF, 0xFF, 0xFF, 0xE0, 0x03, 0xFF,
    0xFF, 0xDF, 0xF0, 0x01, 0xFF, 0xFF, 0xE7, 0xFC, 0x00, 0xFF, 0xFF, 0xF3,
    0xFE, 0x00, 0x7F, 0xFF, 0xF8, 0xFF, 0x80, 0x3F, 0xFF, 0xFC, 0x7F, 0xE0,
    0x1F, 0xFF, 0xFE, 0x1F, 0xF0, 0x0F, 0xFF, 0xFF, 0x0F, 0xFC, 0x07, 0xFF,
    0xFF, 0x83, 0xFE, 0x03, 0xFF, 0xFF, 0xC1, 0xFF, 0x81, 0xFF, 0xFF, 0xE0,
    0x7F, 0xC0, 0xFF, 0xFF, 0xF0, 0x1F, 0xF0, 0x7F, 0xFF, 0xF8, 0x0F, 0xF8,
    0x3F, 0xFF, 0xFC, 0x03, 0xFE, 0x1F, 0xFF, 0xFE, 0x01, 0xFF, 0x8F, 0xFF,
    0xFF, 0x00, 0x7F, 0xC7, 0xFF, 0xFF, 0x80, 0x3F, 0xF3, 0xFF, 0xFF, 0xC0,
    0x0F, 0xF9, 0xFF, 0xFF, 0xE0, 0x03, 0xFE, 0xFF, 0xFF, 0xF0, 0x01, 0xFF,
    0x7F, 0xFF, 0xF8, 0x00, 0x7F, 0xFF, 0xFF, 0xFC, 0x00, 0x3F, 0xFF, 0xFF,
    0xFE, 0x00, 0x0F, 0xFF, 0xFF, 0xFF, 0x00, 0x07, 0xFF, 0xFF, 0xFF, 0x80,
    0x01, 0xFF, 0xFF, 0xFF, 0xC0, 0x00, 0x7F, 0xFF, 0xFF, 0xE0, 0x00, 0x3F,
    0xFF, 0xFF, 0xF0, 0x00, 0x0F, 0xFF, 0xFF, 0xF8, 0x00, 0x07, 0xFF, 0xFF,
    0xFC, 0x00, 0x01, 0xFF, 0xFF, 0xFE, 0x00, 0x00, 0xFF, 0xFF, 0xFF, 0x00,
    0x00, 0x3F, 0xFF, 0xFF, 0x80, 0x00, 0x0F, 0xFF, 0xFF, 0xC0, 0x00, 0x07,
    0xFF, 0xFF, 0xE0, 0x00, 0x01, 0xFF, 0xFF, 0xF0, 0x00, 0x00, 0xFF, 0xE0,
    0x00, 0x00, 0x1F, 0xFE, 0x00, 0x00, 0x00, 0x00, 0x7F, 0xFF, 0xF8, 0x00,
    0x00, 0x00, 0x7F, 0xFF, 0xFF, 0x80, 0x00, 0x00, 0x7F, 0xFF, 0xFF, 0xF8,
    0x00, 0x00, 0x3F, 0xFF, 0xFF, 0xFF, 0x00, 0x00, 0x3F, 0xFF, 0xFF, 0xFF,
    0xF0, 0x00, 0x1F, 0xFF, 0xFF, 0xFF, 0xFE, 0x00, 0x0F, 0xFF, 0xFF, 0xFF,
    0xFF, 0xC0, 0x07, 0xFF, 0xFF, 0xFF, 0xFF, 0xF8, 0x01, 0xFF, 0xFE, 0x01,
    0xFF, 0xFE, 0x00, 0xFF, 0xFE, 0x00, 0x1F, 0xFF, 0xC0, 0x7F, 0xFE, 0x00,
    0x01, 0xFF, 0xF8, 0x1F, 0xFF, 0x00, 0x00, 0x3F, 0xFE, 0x0F, 0xFF, 0x80,
    0x00, 0x07, 0xFF, 0xC3, 0xFF, 0xC0, 0x00, 0x00, 0xFF, 0xF0, 0xFF, 0xF0,
    0x00, 0x00, 0x3F, 0xFC, 0x7F, 0xF8, 0x00, 0x00, 0x07, 0xFF, 0x9F, 0xFE,
    0x00, 0x00, 0x01, 0xFF, 0xE7, 0xFF, 0x00, 0x00, 0x00, 0x3F, 0xF9, 0xFF,
    0xC0, 0x00, 0x00, 0x0F, 0xFE, 0xFF, 0xF0, 0x00, 0x00, 0x03, 0xFF, 0xFF,
    0xF8, 0x00, 0x00, 0x00, 0x7F, 0xFF, 0xFE, 0x00, 0x00, 0x00, 0x1F, 0xFF,
    0xFF, 0x80, 0x00, 0x00, 0x07, 0xFF, 0xFF, 0xE0, 0x00, 0x00, 0x01, 0xFF,
    0xFF, 0xF8, 0x00, 0x00, 0x00, 0x7F, 0xFF, 0xFE, 0x00, 0x00, 0x00, 0x1F,
    0xFF, 0xFF, 0x80, 0x00, 0x00, 0x07, 0xFF, 0xFF, 0xE0, 0x00, 0x00, 0x01,
    0xFF, 0xFF, 0xF8, 0x00, 0x00, 0x00, 0x7F, 0xFF, 0xFE, 0x00, 0x00, 0x00,
    0x1F, 0xFF, 0xFF, 0x80, 0x00, 0x00, 0x07, 0xFF, 0xFF, 0xE0, 0x00, 0x00,
    0x01, 0xFF, 0xFF, 0xFC, 0x00, 0x00, 0x00, 0xFF, 0xF7, 0xFF, 0x00, 0x00,
    0x00, 0x3F, 0xF9, 0xFF, 0xC0, 0x00, 0x00, 0x0F, 0xFE, 0x7F, 0xF8, 0x00,
    0x00, 0x07, 0xFF, 0x9F, 0xFE, 0x00, 0x00, 0x01, 0xFF, 0xE3, 0xFF, 0xC0,
    0x00, 0x00, 0xFF, 0xF0, 0xFF, 0xF0, 0x00, 0x00, 0x3F, 0xFC, 0x1F, 0xFE,
    0x00, 0x00, 0x1F, 0xFE, 0x07, 0xFF, 0xC0, 0x00, 0x0F, 0xFF, 0x81, 0xFF,
    0xF8, 0x00, 0x07, 0xFF, 0xC0, 0x3F, 0xFF, 0x80, 0x07, 0xFF, 0xF0, 0x07,
    0xFF, 0xF8, 0x07, 0xFF, 0xF8, 0x00, 0xFF, 0xFF, 0xFF, 0xFF, 0xFC, 0x00,
    0x3F, 0xFF, 0xFF, 0xFF, 0xFF, 0x00, 0x07, 0xFF, 0xFF, 0xFF, 0xFF, 0x80,
    0x00, 0xFF, 0xFF, 0xFF, 0xFF, 0xC0, 0x00, 0x0F, 0xFF, 0xFF, 0xFF, 0xE0,
    0x00, 0x01, 0xFF, 0xFF, 0xFF, 0xE0, 0x00, 0x00, 0x1F, 0xFF, 0xFF, 0xE0,
    0x00, 0x00, 0x01, 0xFF, 0xFF, 0xE0, 0x00, 0x00, 0x00, 0x07, 0xFF, 0x80,
    0x00, 0x00, 0xFF, 0xFF, 0xFF, 0xE0, 0x03, 0xFF, 0xFF, 0xFF, 0xF0, 0x0F,
    0xFF, 0xFF, 0xFF, 0xF0, 0x3F, 0xFF, 0xFF, 0xFF, 0xE0, 0xFF, 0xFF, 0xFF,
    0xFF, 0xC3, 0xFF, 0xFF, 0xFF, 0xFF, 0x8F, 0xFF, 0xFF, 0xFF, 0xFF, 0x3F,
    0xFF, 0xFF, 0xFF, 0xFC, 0xFF, 0xFF, 0xFF, 0xFF, 0xFB, 0xFF, 0x80, 0x07,
    0xFF, 0xEF, 0xFE, 0x00, 0x07, 0xFF, 0xBF, 0xF8, 0x00, 0x0F, 0xFF, 0xFF,
    0xE0, 0x00, 0x3F, 0xFF, 0xFF, 0x80, 0x00, 0x7F, 0xFF, 0xFE, 0x00, 0x01,
    0xFF, 0xFF, 0xF8, 0x00, 0x07, 0xFF, 0xFF, 0xE0, 0x00, 0x1F, 0xFF, 0xFF,
    0x80, 0x00, 0x7F, 0xFF, 0xFE, 0x00, 0x01, 0xFF, 0xFF, 0xF8, 0x00, 0x07,
    0xFF, 0xFF, 0xE0, 0x00, 0x3F, 0xFF, 0xFF, 0x80, 0x00, 0xFF, 0xFF, 0xFE,
    0x00, 0x07, 0xFF, 0xBF, 0xF8, 0x00, 0x7F, 0xFE, 0xFF, 0xFF, 0xFF, 0xFF,
    0xFB, 0xFF, 0xFF, 0xFF, 0xFF, 0xCF, 0xFF, 0xFF, 0xFF, 0xFF, 0x3F, 0xFF,
    0xFF, 0xFF, 0xF8, 0xFF, 0xFF, 0xFF, 0xFF, 0xC3, 0xFF, 0xFF, 0xFF, 0xFE,
    0x0F, 0xFF, 0xFF, 0xFF, 0xF0, 0x3F, 0xFF, 0xFF, 0xFF, 0x00, 0xFF, 0xFF,
    0xFF, 0xE0, 0x03, 0xFF, 0x80, 0x00, 0x00, 0x0F, 0xFE, 0x00, 0x00, 0x00,
    0x3F, 0xF8, 0x00, 0x00, 0x00, 0xFF, 0xE0, 0x00, 0x00, 0x03, 0xFF, 0x80,
    0x00, 0x00, 0x0F, 0xFE, 0x00, 0x00, 0x00, 0x3F, 0xF8, 0x00, 0x00, 0x00,
    0xFF, 0xE0, 0x00, 0x00, 0x03, 0xFF, 0x80, 0x00, 0x00, 0x0F, 0xFE, 0x00,
    0x00, 0x00, 0x3F, 0xF8, 0x00, 0x00, 0x00, 0xFF, 0xE0, 0x00, 0x00, 0x03,
    0xFF, 0x80, 0x00, 0x00, 0x0F, 0xFE, 0x00, 0x00, 0x00, 0x3F, 0xF8, 0x00,
    0x00, 0x00, 0xFF, 0xE0, 0x00, 0x00, 0x03, 0xFF, 0x80, 0x00, 0x00, 0x0F,
    0xFE, 0x00, 0x00, 0x00, 0x00, 0x00, 0x00, 0x1F, 0xF8, 0x00, 0x00, 0x00,
    0x01, 0xFF, 0xFF, 0x80, 0x00, 0x00, 0x07, 0xFF, 0xFF, 0xE0, 0x00, 0x00,
    0x1F, 0xFF, 0xFF, 0xF8, 0x00, 0x00, 0x3F, 0xFF, 0xFF, 0xFC, 0x00, 0x00,
    0xFF, 0xFF, 0xFF, 0xFF, 0x00, 0x01, 0xFF, 0xFF, 0xFF, 0xFF, 0x80, 0x03,
    0xFF, 0xFF, 0xFF, 0xFF, 0xC0, 0x07, 0xFF, 0xFF, 0xFF, 0xFF, 0xE0, 0x07,
    0xFF, 0xF0, 0x0F, 0xFF, 0xE0, 0x0F, 0xFF, 0xC0, 0x03, 0xFF, 0xF0, 0x1F,
    0xFF, 0x80, 0x00, 0xFF, 0xF8, 0x1F, 0xFE, 0x00, 0x00, 0x7F, 0xF8, 0x3F,
    0xFE, 0x00, 0x00, 0x3F, 0xFC, 0x3F, 0xFC, 0x00, 0x00, 0x3F, 0xFC, 0x3F,
    0xF8, 0x00, 0x00, 0x1F, 0xFC, 0x7F, 0xF8, 0x00, 0x00, 0x1F, 0xFE, 0x7F,
    0xF0, 0x00, 0x00, 0x0F, 0xFE, 0x7F, 0xF0, 0x00, 0x00, 0x0F, 0xFE, 0x7F,
    0xF0, 0x00, 0x00, 0x0F, 0xFE, 0xFF, 0xF0, 0x00, 0x00, 0x0F, 0xFF, 0xFF,
    0xE0, 0x00, 0x00, 0x07, 0xFF, 0xFF, 0xE0, 0x00, 0x00, 0x07, 0xFF, 0xFF,
    0xE0, 0x00, 0x00, 0x07, 0xFF, 0xFF, 0xE0, 0x00, 0x00, 0x07, 0xFF, 0xFF,
    0xE0, 0x00, 0x00, 0x07, 0xFF, 0xFF, 0xE0, 0x00, 0x00, 0x07, 0xFF, 0xFF,
    0xE0, 0x00, 0x00, 0x07, 0xFF, 0xFF, 0xE0, 0x00, 0x00, 0x07, 0xFF, 0xFF,
    0xE0, 0x00, 0x00, 0x07, 0xFF, 0xFF, 0xE0, 0x00, 0x00, 0x07, 0xFF, 0xFF,
    0xE0, 0x00, 0x00, 0x07, 0xFF, 0xFF, 0xE0, 0x00, 0x00, 0x07, 0xFF, 0xFF,
    0xF0, 0x00, 0x04, 0x0F, 0xFE, 0x7F, 0xF0, 0x00, 0x0E, 0x0F, 0xFE, 0x7F,
    0xF0, 0x00, 0x1F, 0x8F, 0xFE, 0x7F, 0xF0, 0x00, 0x1F, 0xDF, 0xFE, 0x7F,
    0xF8, 0x00, 0x3F, 0xFF, 0xFC, 0x3F, 0xF8, 0x00, 0x7F, 0xFF, 0xFC, 0x3F,
    0xFC, 0x00, 0xFF, 0xFF, 0xFC, 0x3F, 0xFE, 0x00, 0x3F, 0xFF, 0xF8, 0x1F,
    0xFF, 0x00, 0x1F, 0xFF, 0xF8, 0x1F, 0xFF, 0x80, 0x0F, 0xFF, 0xF0, 0x0F,
    0xFF, 0xC0, 0x07, 0xFF, 0xF0, 0x07, 0xFF, 0xF0, 0x1F, 0xFF, 0xE0, 0x07,
    0xFF, 0xFF, 0xFF, 0xFF, 0xE0, 0x03, 0xFF, 0xFF, 0xFF, 0xFF, 0xF0, 0x01,
    0xFF, 0xFF, 0xFF, 0xFF, 0xF8, 0x00, 0xFF, 0xFF, 0xFF, 0xFF, 0xFC, 0x00,
    0x7F, 0xFF, 0xFF, 0xFF, 0xFE, 0x00, 0x1F, 0xFF, 0xFF, 0xFF, 0xFF, 0x00,
    0x07, 0xFF, 0xFF, 0xE3, 0xFE, 0x00, 0x01, 0xFF, 0xFF, 0x81, 0xFC, 0x00,
    0x00, 0x3F, 0xFC, 0x00, 0xF8, 0x00, 0x00, 0x00, 0x00, 0x00, 0x70, 0x00,
    0x00, 0x00, 0x00, 0x00, 0x20, 0xFF, 0xFF, 0xFF, 0xFC, 0x00, 0x3F, 0xFF,
    0xFF, 0xFF, 0xE0, 0x0F, 0xFF, 0xFF, 0xFF, 0xFE, 0x03, 0xFF, 0xFF, 0xFF,
    0xFF, 0xC0, 0xFF, 0xFF, 0xFF, 0xFF, 0xF8, 0x3F, 0xFF, 0xFF, 0xFF, 0xFF,
    0x0F, 0xFF, 0xFF, 0xFF, 0xFF, 0xE3, 0xFF, 0xFF, 0xFF, 0xFF, 0xF8, 0xFF,
    0xFF, 0xFF, 0xFF, 0xFF, 0x3F, 0xF0, 0x00, 0x0F, 0xFF, 0xCF, 0xFC, 0x00,
    0x00, 0xFF, 0xFB, 0xFF, 0x00, 0x00, 0x1F, 0xFE, 0xFF, 0xC0, 0x00, 0x03,
    0xFF, 0xBF, 0xF0, 0x00, 0x00, 0xFF, 0xEF, 0xFC, 0x00, 0x00, 0x1F, 0xFB,
    0xFF, 0x00, 0x00, 0x07, 0xFE, 0xFF, 0xC0, 0x00, 0x01, 0xFF, 0xBF, 0xF0,
    0x00, 0x00, 0x7F, 0xEF, 0xFC, 0x00, 0x00, 0x3F, 0xFB, 0xFF, 0x00, 0x00,
    0x0F, 0xFC, 0xFF, 0xC0, 0x00, 0x03, 0xFF, 0x3F, 0xF0, 0x00, 0x01, 0xFF,
    0xCF, 0xFC, 0x00, 0x01, 0xFF, 0xE3, 0xFF, 0xFF, 0xFF, 0xFF, 0xF0, 0xFF,
    0xFF, 0xFF, 0xFF, 0xF8, 0x3F, 0xFF, 0xFF, 0xFF, 0xFC, 0x0F, 0xFF, 0xFF,
    0xFF, 0xFC, 0x03, 0xFF, 0xFF, 0xFF, 0xFF, 0x80, 0xFF, 0xFF, 0xFF, 0xFF,
    0xF0, 0x3F, 0xFF, 0xFF, 0xFF, 0xFE, 0x0F, 0xFF, 0xFF, 0xFF, 0xFF, 0xC3,
    0xFF, 0x00, 0x01, 0xFF, 0xF8, 0xFF, 0xC0, 0x00, 0x1F, 0xFE, 0x3F, 0xF0,
    0x00, 0x03, 0xFF, 0x8F, 0xFC, 0x00, 0x00, 0xFF, 0xF3, 0xFF, 0x00, 0x00,
    0x1F, 0xFC, 0xFF, 0xC0, 0x00, 0x07, 0xFF, 0x3F, 0xF0, 0x00, 0x01, 0xFF,
    0xCF, 0xFC, 0x00, 0x00, 0x7F, 0xF3, 0xFF, 0x00, 0x00, 0x1F, 0xFC, 0xFF,
    0xC0, 0x00, 0x07, 0xFF, 0x3F, 0xF0, 0x00, 0x01, 0xFF, 0xCF, 0xFC, 0x00,
    0x00, 0x7F, 0xF3, 0xFF, 0x00, 0x00, 0x1F, 0xFC, 0xFF, 0xC0, 0x00, 0x07,
    0xFF, 0x3F, 0xF0, 0x00, 0x01, 0xFF, 0xCF, 0xFC, 0x00, 0x00, 0x7F, 0xF3,
    0xFF, 0x00, 0x00, 0x1F, 0xFC, 0xFF, 0xC0, 0x00, 0x07, 0xFF, 0xBF, 0xF0,
    0x00, 0x01, 0xFF, 0xFF, 0xFC, 0x00, 0x00, 0x3F, 0xFC, 0x00, 0x01, 0xFF,
    0xC0, 0x00, 0x00, 0x07, 0xFF, 0xFE, 0x00, 0x00, 0x07, 0xFF, 0xFF, 0xF0,
    0x00, 0x07, 0xFF, 0xFF, 0xFE, 0x00, 0x03, 0xFF, 0xFF, 0xFF, 0xE0, 0x01,
    0xFF, 0xFF, 0xFF, 0xFC, 0x00, 0xFF, 0xFF, 0xFF, 0xFF, 0x80, 0x7F, 0xFF,
    0xFF, 0xFF, 0xF0, 0x1F, 0xFF, 0xFF, 0xFF, 0xFC, 0x0F, 0xFF, 0xC0, 0x3F,
    0xFF, 0x83, 0xFF, 0xC0, 0x01, 0xFF, 0xE0, 0xFF, 0xC0, 0x00, 0x3F, 0xFC,
    0x7F, 0xF0, 0x00, 0x07, 0xFF, 0x1F, 0xF8, 0x00, 0x01, 0xFF, 0xC7, 0xFE,
    0x00, 0x00, 0x3F, 0xF1, 0xFF, 0x80, 0x00, 0x0F, 0xFC, 0x7F, 0xE0, 0x00,
    0x03, 0xFF, 0x9F, 0xFC, 0x00, 0x00, 0x00, 0x07, 0xFF, 0x00, 0x00, 0x00,
    0x01, 0xFF, 0xF0, 0x00, 0x00, 0x00, 0x3F, 0xFF, 0x00, 0x00, 0x00, 0x0F,
    0xFF, 0xFC, 0x00, 0x00, 0x03, 0xFF, 0xFF, 0xF0, 0x00, 0x00, 0x7F, 0xFF,
    0xFF, 0xC0, 0x00, 0x0F, 0xFF, 0xFF, 0xFF, 0x00, 0x01, 0xFF, 0xFF, 0xFF,
    0xF8, 0x00, 0x3F, 0xFF, 0xFF, 0xFF, 0x00, 0x07, 0xFF, 0xFF, 0xFF, 0xF0,
    0x00, 0x7F, 0xFF, 0xFF, 0xFE, 0x00, 0x03, 0xFF, 0xFF, 0xFF, 0xC0, 0x00,
    0x0F, 0xFF, 0xFF, 0xF0, 0x00, 0x00, 0x3F, 0xFF, 0xFE, 0x00, 0x00, 0x00,
    0x7F, 0xFF, 0x80, 0x00, 0x00, 0x03, 0xFF, 0xF0, 0x00, 0x00, 0x00, 0x3F,
    0xFC, 0x00, 0x00, 0x00, 0x07, 0xFF, 0x00, 0x00, 0x00, 0x00, 0xFF, 0xFF,
    0xF8, 0x00, 0x00, 0x3F, 0xFF, 0xFE, 0x00, 0x00, 0x0F, 0xFF, 0xFF, 0x80,
    0x00, 0x03, 0xFF, 0x7F, 0xF0, 0x00, 0x00, 0xFF, 0xDF, 0xFC, 0x00, 0x00,
    0x7F, 0xF7, 0xFF, 0x80, 0x00, 0x3F, 0xF9, 0xFF, 0xF0, 0x00, 0x1F, 0xFE,
    0x3F, 0xFF, 0x80, 0x3F, 0xFF, 0x87, 0xFF, 0xFF, 0xFF, 0xFF, 0xC1, 0xFF,
    0xFF, 0xFF, 0xFF, 0xE0, 0x3F, 0xFF, 0xFF, 0xFF, 0xF8, 0x07, 0xFF, 0xFF,
    0xFF, 0xFC, 0x00, 0xFF, 0xFF, 0xFF, 0xFE, 0x00, 0x0F, 0xFF, 0xFF, 0xFE,
    0x00, 0x01, 0xFF, 0xFF, 0xFF, 0x00, 0x00, 0x0F, 0xFF, 0xFE, 0x00, 0x00,
    0x00, 0x7F, 0xFC, 0x00, 0x00, 0xFF, 0xFF, 0xFF, 0xFF, 0xFF, 0xFF, 0xFF,
    0xFF, 0xFF, 0xFF, 0xFF, 0xFF, 0xFF, 0xFF, 0xFF, 0xFF, 0xFF, 0xFF, 0xFF,
    0xFF, 0xFF, 0xFF, 0xFF, 0xFF, 0xFF, 0xFF, 0xFF, 0xFF, 0xFF, 0xFF, 0xFF,
    0xFF, 0xFF, 0xFF, 0xFF, 0xFF, 0xFF, 0xFF, 0xFF, 0xFF, 0xFF, 0xFF, 0xFF,
    0xFF, 0xFF, 0xFF, 0x80, 0x00, 0xFF, 0xE0, 0x00, 0x00, 0x00, 0x7F, 0xF0,
    0x00, 0x00, 0x00, 0x3F, 0xF8, 0x00, 0x00, 0x00, 0x1F, 0xFC, 0x00, 0x00,
    0x00, 0x0F, 0xFE, 0x00, 0x00, 0x00, 0x07, 0xFF, 0x00, 0x00, 0x00, 0x03,
    0xFF, 0x80, 0x00, 0x00, 0x01, 0xFF, 0xC0, 0x00, 0x00, 0x00, 0xFF, 0xE0,
    0x00, 0x00, 0x00, 0x7F, 0xF0, 0x00, 0x00, 0x00, 0x3F, 0xF8, 0x00, 0x00,
    0x00, 0x1F, 0xFC, 0x00, 0x00, 0x00, 0x0F, 0xFE, 0x00, 0x00, 0x00, 0x07,
    0xFF, 0x00, 0x00, 0x00, 0x03, 0xFF, 0x80, 0x00, 0x00, 0x01, 0xFF, 0xC0,
    0x00, 0x00, 0x00, 0xFF, 0xE0, 0x00, 0x00, 0x00, 0x7F, 0xF0, 0x00, 0x00,
    0x00, 0x3F, 0xF8, 0x00, 0x00, 0x00, 0x1F, 0xFC, 0x00, 0x00, 0x00, 0x0F,
    0xFE, 0x00, 0x00, 0x00, 0x07, 0xFF, 0x00, 0x00, 0x00, 0x03, 0xFF, 0x80,
    0x00, 0x00, 0x01, 0xFF, 0xC0, 0x00, 0x00, 0x00, 0xFF, 0xE0, 0x00, 0x00,
    0x00, 0x7F, 0xF0, 0x00, 0x00, 0x00, 0x3F, 0xF8, 0x00, 0x00, 0x00, 0x1F,
    0xFC, 0x00, 0x00, 0x00, 0x0F, 0xFE, 0x00, 0x00, 0x00, 0x07, 0xFF, 0x00,
    0x00, 0x00, 0x03, 0xFF, 0x80, 0x00, 0x00, 0x01, 0xFF, 0xC0, 0x00, 0x00,
    0x00, 0xFF, 0xE0, 0x00, 0x00, 0x00, 0x7F, 0xF0, 0x00, 0x00, 0x00, 0x3F,
    0xF8, 0x00, 0x00, 0x00, 0x1F, 0xFC, 0x00, 0x00, 0x00, 0x0F, 0xFE, 0x00,
    0x00, 0x00, 0x07, 0xFF, 0x00, 0x00, 0x00, 0x03, 0xFF, 0x80, 0x00, 0x00,
    0x01, 0xFF, 0xC0, 0x00, 0x00, 0x00, 0xFF, 0xE0, 0x00, 0x00, 0x00, 0x7F,
    0xF0, 0x00, 0x00, 0xFF, 0xE0, 0x00, 0x03, 0xFF, 0xFF, 0xF0, 0x00, 0x01,
    0xFF, 0xFF, 0xF8, 0x00, 0x00, 0xFF, 0xFF, 0xFC, 0x00, 0x00, 0x7F, 0xFF,
    0xFE, 0x00, 0x00, 0x3F, 0xFF, 0xFF, 0x00, 0x00, 0x1F, 0xFF, 0xFF, 0x80,
    0x00, 0x0F, 0xFF, 0xFF, 0xC0, 0x00, 0x07, 0xFF, 0xFF, 0xE0, 0x00, 0x03,
    0xFF, 0xFF, 0xF0, 0x00, 0x01, 0xFF, 0xFF, 0xF8, 0x00, 0x00, 0xFF, 0xFF,
    0xFC, 0x00, 0x00, 0x7F, 0xFF, 0xFE, 0x00, 0x00, 0x3F, 0xFF, 0xFF, 0x00,
    0x00, 0x1F, 0xFF, 0xFF, 0x80, 0x00, 0x0F, 0xFF, 0xFF, 0xC0, 0x00, 0x07,
    0xFF, 0xFF, 0xE0, 0x00, 0x03, 0xFF, 0xFF, 0xF0, 0x00, 0x01, 0xFF, 0xFF,
    0xF8, 0x00, 0x00, 0xFF, 0xFF, 0xFC, 0x00, 0x00, 0x7F, 0xFF, 0xFE, 0x00,
    0x00, 0x3F, 0xFF, 0xFF, 0x00, 0x00, 0x1F, 0xFF, 0xFF, 0x80, 0x00, 0x0F,
    0xFF, 0xFF, 0xC0, 0x00, 0x07, 0xFF, 0xFF, 0xE0, 0x00, 0x03, 0xFF, 0xFF,
    0xF0, 0x00, 0x01, 0xFF, 0xFF, 0xF8, 0x00, 0x00, 0xFF, 0xFF, 0xFC, 0x00,
    0x00, 0x7F, 0xFF, 0xFE, 0x00, 0x00, 0x3F, 0xFF, 0xFF, 0x00, 0x00, 0x1F,
    0xFF, 0xFF, 0x80, 0x00, 0x0F, 0xFF, 0xFF, 0xC0, 0x00, 0x07, 0xFF, 0xFF,
    0xE0, 0x00, 0x03, 0xFF, 0xFF, 0xF0, 0x00, 0x01, 0xFF, 0xFF, 0xF8, 0x00,
    0x00, 0xFF, 0xFF, 0xFC, 0x00, 0x00, 0x7F, 0xFF, 0xFE, 0x00, 0x00, 0x3F,
    0xFF, 0xFF, 0x80, 0x00, 0x3F, 0xFD, 0xFF, 0xC0, 0x00, 0x1F, 0xFC, 0xFF,
    0xF0, 0x00, 0x1F, 0xFE, 0x7F, 0xF8, 0x00, 0x0F, 0xFF, 0x3F, 0xFF, 0x00,
    0x1F, 0xFF, 0x8F, 0xFF, 0xE0, 0x3F, 0xFF, 0x87, 0xFF, 0xFF, 0xFF, 0xFF,
    0xC1, 0xFF, 0xFF, 0xFF, 0xFF, 0xC0, 0x7F, 0xFF, 0xFF, 0xFF, 0xC0, 0x1F,
    0xFF, 0xFF, 0xFF, 0xC0, 0x07, 0xFF, 0xFF, 0xFF, 0xC0, 0x01, 0xFF, 0xFF,
    0xFF, 0xC0, 0x00, 0x7F, 0xFF, 0xFF, 0x80, 0x00, 0x07, 0xFF, 0xFF, 0x00,
    0x00, 0x00, 0x7F, 0xFC, 0x00, 0x00, 0xFF, 0xE0, 0x00, 0x00, 0x7F, 0xFF,
    0xFE, 0x00, 0x00, 0x07, 0xFF, 0xFF, 0xF0, 0x00, 0x00, 0x7F, 0xF7, 0xFF,
    0x00, 0x00, 0x0F, 0xFE, 0x7F, 0xF0, 0x00, 0x00, 0xFF, 0xE7, 0xFF, 0x80,
    0x00, 0x0F, 0xFE, 0x3F, 0xF8, 0x00, 0x01, 0xFF, 0xC3, 0xFF, 0x80, 0x00,
    0x1F, 0xFC, 0x3F, 0xF8, 0x00, 0x01, 0xFF, 0xC1, 0xFF, 0xC0, 0x00, 0x1F,
    0xF8, 0x1F, 0xFC, 0x00, 0x03, 0xFF, 0x80, 0xFF, 0xC0, 0x00, 0x3F, 0xF8,
    0x0F, 0xFE, 0x00, 0x03, 0xFF, 0x00, 0xFF, 0xE0, 0x00, 0x7F, 0xF0, 0x07,
    0xFE, 0x00, 0x07, 0xFE, 0x00, 0x7F, 0xE0, 0x00, 0x7F, 0xE0, 0x07, 0xFF,
    0x00, 0x07, 0xFE, 0x00, 0x3F, 0xF0, 0x00, 0xFF, 0xC0, 0x03, 0xFF, 0x00,
    0x0F, 0xFC, 0x00, 0x3F, 0xF8, 0x00, 0xFF, 0xC0, 0x01, 0xFF, 0x80, 0x1F,
    0xF8, 0x00, 0x1F, 0xF8, 0x01, 0xFF, 0x80, 0x01, 0xFF, 0x80, 0x1F, 0xF8,
    0x00, 0x0F, 0xFC, 0x01, 0xFF, 0x00, 0x00, 0xFF, 0xC0, 0x3F, 0xF0, 0x00,
    0x0F, 0xFC, 0x03, 0xFF, 0x00, 0x00, 0x7F, 0xE0, 0x3F, 0xE0, 0x00, 0x07,
    0xFE, 0x07, 0xFE, 0x00, 0x00, 0x7F, 0xE0, 0x7F, 0xE0, 0x00, 0x03, 0xFE,
    0x07, 0xFC, 0x00, 0x00, 0x3F, 0xF0, 0xFF, 0xC0, 0x00, 0x03, 0xFF, 0x0F,
    0xFC, 0x00, 0x00, 0x1F, 0xF0, 0xFF, 0x80, 0x00, 0x01, 0xFF, 0x8F, 0xF8,
    0x00, 0x00, 0x1F, 0xF9, 0xFF, 0x80, 0x00, 0x00, 0xFF, 0x9F, 0xF0, 0x00,
    0x00, 0x0F, 0xF9, 0xFF, 0x00, 0x00, 0x00, 0xFF, 0xFF, 0xF0, 0x00, 0x00,
    0x07, 0xFF, 0xFE, 0x00, 0x00, 0x00, 0x7F, 0xFF, 0xE0, 0x00, 0x00, 0x07,
    0xFF, 0xFE, 0x00, 0x00, 0x00, 0x3F, 0xFF, 0xC0, 0x00, 0x00, 0x03, 0xFF,
    0xFC, 0x00, 0x00, 0x00, 0x3F, 0xFF, 0xC0, 0x00, 0x00, 0x01, 0xFF, 0xF8,
    0x00, 0x00, 0x00, 0x1F, 0xFF, 0x80, 0x00, 0x00, 0x01, 0xFF, 0xF8, 0x00,
    0x00, 0x00, 0x0F, 0xFF, 0x00, 0x00, 0x00, 0x00, 0xFF, 0xF0, 0x00, 0x00,
    0x00, 0x0F, 0xFF, 0x00, 0x00, 0x00, 0x00, 0x7F, 0xE0, 0x00, 0x00, 0xFF,
    0xE0, 0x00, 0x1F, 0xFC, 0x00, 0x03, 0xFF, 0xFF, 0xF8, 0x00, 0x0F, 0xFE,
    0x00, 0x01, 0xFF, 0xDF, 0xFC, 0x00, 0x0F, 0xFF, 0x80, 0x00, 0xFF, 0xCF,
    0xFE, 0x00, 0x07, 0xFF, 0xC0, 0x00, 0xFF, 0xE7, 0xFF, 0x00, 0x03, 0xFF,
    0xE0, 0x00, 0x7F, 0xF1, 0xFF, 0xC0, 0x01, 0xFF, 0xF0, 0x00, 0x3F, 0xF0,
    0xFF, 0xE0, 0x00, 0xFF, 0xF8, 0x00, 0x1F, 0xF8, 0x7F, 0xF0, 0x00, 0xFF,
    0xFE, 0x00, 0x1F, 0xFC, 0x3F, 0xF8, 0x00, 0x7F, 0xFF, 0x00, 0x0F, 0xFE,
    0x0F, 0xFE, 0x00, 0x3F, 0xFF, 0x80, 0x07, 0xFE, 0x07, 0xFF, 0x00, 0x1F,
    0xFF, 0xC0, 0x03, 0xFF, 0x03, 0xFF, 0x80, 0x0F, 0xFF, 0xF0, 0x03, 0xFF,
    0x80, 0xFF, 0xC0, 0x0F, 0xF7, 0xF8, 0x01, 0xFF, 0x80, 0x7F, 0xE0, 0x07,
    0xFB, 0xFC, 0x00, 0xFF, 0xC0, 0x3F, 0xF8, 0x03, 0xFD, 0xFE, 0x00, 0x7F,
    0xE0, 0x1F, 0xFC, 0x01, 0xFE, 0xFF, 0x00, 0x3F, 0xF0, 0x07, 0xFE, 0x00,
    0xFE, 0x7F, 0xC0, 0x3F, 0xF0, 0x03, 0xFF, 0x00, 0xFF, 0x1F, 0xE0, 0x1F,
    0xF8, 0x01, 0xFF, 0xC0, 0x7F, 0x8F, 0xF0, 0x0F, 0xFC, 0x00, 0x7F, 0xE0,
    0x3F, 0xC7, 0xF8, 0x07, 0xFC, 0x00, 0x3F, 0xF0, 0x1F, 0xE3, 0xFC, 0x07,
    0xFE, 0x00, 0x1F, 0xF8, 0x0F, 0xF1, 0xFF, 0x03, 0xFF, 0x00, 0x0F, 0xFE,
    0x0F, 0xF0, 0xFF, 0x81, 0xFF, 0x80, 0x03, 0xFF, 0x07, 0xF8, 0x3F, 0xC0,
    0xFF, 0x80, 0x01, 0xFF, 0x83, 0xFC, 0x1F, 0xE0, 0xFF, 0xC0, 0x00, 0xFF,
    0xC1, 0xFE, 0x0F, 0xF0, 0x7F, 0xE0, 0x00, 0x3F, 0xF0, 0xFF, 0x07, 0xFC,
    0x3F, 0xF0, 0x00, 0x1F, 0xF8, 0xFF, 0x01, 0xFE, 0x1F, 0xF0, 0x00, 0x0F,
    0xFC, 0x7F, 0x80, 0xFF, 0x0F, 0xF8, 0x00, 0x07, 0xFE, 0x3F, 0xC0, 0x7F,
    0x8F, 0xFC, 0x00, 0x01, 0xFF, 0x1F, 0xE0, 0x3F, 0xC7, 0xFC, 0x00, 0x00,
    0xFF, 0xCF, 0xF0, 0x1F, 0xF3, 0xFE, 0x00, 0x00, 0x7F, 0xEF, 0xF0, 0x07,
    0xF9, 0xFF, 0x00, 0x00, 0x1F, 0xF7, 0xF8, 0x03, 0xFD, 0xFF, 0x80, 0x00,
    0x0F, 0xFB, 0xFC, 0x01, 0xFE, 0xFF, 0x80, 0x00, 0x07, 0xFD, 0xFE, 0x00,
    0xFF, 0x7F, 0xC0, 0x00, 0x03, 0xFE, 0xFE, 0x00, 0x7F, 0xFF, 0xE0, 0x00,
    0x00, 0xFF, 0xFF, 0x00, 0x1F, 0xFF, 0xE0, 0x00, 0x00, 0x7F, 0xFF, 0x80,
    0x0F, 0xFF, 0xF0, 0x00, 0x00, 0x3F, 0xFF, 0xC0, 0x07, 0xFF, 0xF8, 0x00,
    0x00, 0x0F, 0xFF, 0xE0, 0x03, 0xFF, 0xFC, 0x00, 0x00, 0x07, 0xFF, 0xE0,
    0x01, 0xFF, 0xFC, 0x00, 0x00, 0x03, 0xFF, 0xF0, 0x00, 0x7F, 0xFE, 0x00,
    0x00, 0x01, 0xFF, 0xF8, 0x00, 0x3F, 0xFF, 0x00, 0x00, 0x00, 0x7F, 0xFC,
    0x00, 0x1F, 0xFF, 0x00, 0x00, 0x00, 0x3F, 0xFE, 0x00, 0x0F, 0xFF, 0x80,
    0x00, 0x00, 0x1F, 0xFE, 0x00, 0x07, 0xFF, 0xC0, 0x00, 0x00, 0x07, 0xFF,
    0x00, 0x01, 0xFF, 0xE0, 0x00, 0x00, 0x03, 0xFF, 0x80, 0x00, 0xFF, 0xE0,
    0x00, 0x00, 0x01, 0xFF, 0xC0, 0x00, 0x7F, 0xF0, 0x00, 0x00, 0x00, 0xFF,
    0xE0, 0x00, 0x3F, 0xF8, 0x00, 0x00, 0x7F, 0xFC, 0x00, 0x00, 0xFF, 0xF9,
    0xFF, 0xF0, 0x00, 0x0F, 0xFF, 0x8F, 0xFF, 0x80, 0x00, 0x7F, 0xF8, 0x3F,
    0xFE, 0x00, 0x07, 0xFF, 0x80, 0xFF, 0xF0, 0x00, 0x3F, 0xFC, 0x07, 0xFF,
    0xC0, 0x03, 0xFF, 0xC0, 0x1F, 0xFE, 0x00, 0x3F, 0xFC, 0x00, 0x7F, 0xF8,
    0x01, 0xFF, 0xE0, 0x03, 0xFF, 0xC0, 0x1F, 0xFE, 0x00, 0x0F, 0xFF, 0x00,
    0xFF, 0xF0, 0x00, 0x7F, 0xF8, 0x0F, 0xFF, 0x00, 0x01, 0xFF, 0xE0, 0x7F,
    0xF0, 0x00, 0x07, 0xFF, 0x87, 0xFF, 0x80, 0x00, 0x3F, 0xFC, 0x3F, 0xF8,
    0x00, 0x00, 0xFF, 0xF3, 0xFF, 0x80, 0x00, 0x03, 0xFF, 0xBF, 0xFC, 0x00,
    0x00, 0x1F, 0xFF, 0xFF, 0xC0, 0x00, 0x00, 0x7F, 0xFF, 0xFC, 0x00, 0x00,
    0x03, 0xFF, 0xFF, 0xE0, 0x00, 0x00, 0x0F, 0xFF, 0xFE, 0x00, 0x00, 0x00,
    0x3F, 0xFF, 0xF0, 0x00, 0x00, 0x01, 0xFF, 0xFF, 0x00, 0x00, 0x00, 0x07,
    0xFF, 0xF0, 0x00, 0x00, 0x00, 0x1F, 0xFF, 0x80, 0x00, 0x00, 0x00, 0xFF,
    0xF8, 0x00, 0x00, 0x00, 0x07, 0xFF, 0xC0, 0x00, 0x00, 0x00, 0x3F, 0xFF,
    0x00, 0x00, 0x00, 0x03, 0xFF, 0xFC, 0x00, 0x00, 0x00, 0x3F, 0xFF, 0xE0,
    0x00, 0x00, 0x01, 0xFF, 0xFF, 0x80, 0x00, 0x00, 0x1F, 0xFF, 0xFE, 0x00,
    0x00, 0x01, 0xFF, 0xFF, 0xF0, 0x00, 0x00, 0x0F, 0xFF, 0xFF, 0xC0, 0x00,
    0x00, 0xFF, 0xFF, 0xFE, 0x00, 0x00, 0x07, 0xFF, 0x7F, 0xF8, 0x00, 0x00,
    0x7F, 0xF9, 0xFF, 0xE0, 0x00, 0x07, 0xFF, 0x8F, 0xFF, 0x00, 0x00, 0x3F,
    0xFC, 0x3F, 0xFC, 0x00, 0x03, 0xFF, 0xC0, 0xFF, 0xF0, 0x00, 0x3F, 0xFC,
    0x07, 0xFF, 0x80, 0x01, 0xFF, 0xE0, 0x1F, 0xFE, 0x00, 0x1F, 0xFE, 0x00,
    0xFF, 0xF8, 0x01, 0xFF, 0xF0, 0x03, 0xFF, 0xC0, 0x0F, 0xFF, 0x00, 0x1F,
    0xFF, 0x00, 0xFF, 0xF0, 0x00, 0x7F, 0xF8, 0x07, 0xFF, 0x80, 0x03, 0xFF,
    0xE0, 0x7F, 0xF8, 0x00, 0x0F, 0xFF, 0x87, 0xFF, 0xC0, 0x00, 0x3F, 0xFC,
    0x3F, 0xFC, 0x00, 0x01, 0xFF, 0xF3, 0xFF, 0xC0, 0x00, 0x07, 0xFF, 0xFF,
    0xFE, 0x00, 0x00, 0x3F, 0xFE, 0xFF, 0xF8, 0x00, 0x00, 0x3F, 0xFD, 0xFF,
    0xF0, 0x00, 0x01, 0xFF, 0xE3, 0xFF, 0xC0, 0x00, 0x07, 0xFF, 0x8F, 0xFF,
    0x80, 0x00, 0x3F, 0xFC, 0x1F, 0xFE, 0x00, 0x00, 0xFF, 0xF0, 0x7F, 0xFC,
    0x00, 0x07, 0xFF, 0x80, 0xFF, 0xF0, 0x00, 0x1F, 0xFE, 0x03, 0xFF, 0xE0,
    0x00, 0xFF, 0xF0, 0x07, 0xFF, 0x80, 0x03, 0xFF, 0xC0, 0x0F, 0xFF, 0x00,
    0x0F, 0xFE, 0x00, 0x3F, 0xFC, 0x00, 0x7F, 0xF0, 0x00, 0x7F, 0xF0, 0x01,
    0xFF, 0xC0, 0x01, 0xFF, 0xE0, 0x0F, 0xFE, 0x00, 0x03, 0xFF, 0x80, 0x3F,
    0xF8, 0x00, 0x0F, 0xFF, 0x01, 0xFF, 0xC0, 0x00, 0x1F, 0xFC, 0x07, 0xFF,
    0x00, 0x00, 0x7F, 0xF8, 0x3F, 0xF8, 0x00, 0x00, 0xFF, 0xE0, 0xFF, 0xE0,
    0x00, 0x01, 0xFF, 0xC7, 0xFF, 0x00, 0x00, 0x07, 0xFF, 0x1F, 0xFC, 0x00,
    0x00, 0x0F, 0xFE, 0xFF, 0xE0, 0x00, 0x00, 0x3F, 0xFB, 0xFF, 0x80, 0x00,
    0x00, 0x7F, 0xFF, 0xFC, 0x00, 0x00, 0x01, 0xFF, 0xFF, 0xE0, 0x00, 0x00,
    0x03, 0xFF, 0xFF, 0x80, 0x00, 0x00, 0x0F, 0xFF, 0xFC, 0x00, 0x00, 0x00,
    0x1F, 0xFF, 0xF0, 0x00, 0x00, 0x00, 0x3F, 0xFF, 0x80, 0x00, 0x00, 0x00,
    0xFF, 0xFE, 0x00, 0x00, 0x00, 0x01, 0xFF, 0xF0, 0x00, 0x00, 0x00, 0x07,
    0xFF, 0xC0, 0x00, 0x00, 0x00, 0x0F, 0xFE, 0x00, 0x00, 0x00, 0x00, 0x3F,
    0xF8, 0x00, 0x00, 0x00, 0x00, 0xFF, 0xE0, 0x00, 0x00, 0x00, 0x03, 0xFF,
    0x80, 0x00, 0x00, 0x00, 0x0F, 0xFE, 0x00, 0x00, 0x00, 0x00, 0x3F, 0xF8,
    0x00, 0x00, 0x00, 0x00, 0xFF, 0xE0, 0x00, 0x00, 0x00, 0x03, 0xFF, 0x80,
    0x00, 0x00, 0x00, 0x0F, 0xFE, 0x00, 0x00, 0x00, 0x00, 0x3F, 0xF8, 0x00,
    0x00, 0x00, 0x00, 0xFF, 0xE0, 0x00, 0x00, 0x00, 0x03, 0xFF, 0x80, 0x00,
    0x00, 0x00, 0x0F, 0xFE, 0x00, 0x00, 0x00, 0x00, 0x3F, 0xF8, 0x00, 0x00,
    0x00, 0x00, 0xFF, 0xE0, 0x00, 0x00, 0x00, 0x03, 0xFF, 0x80, 0x00, 0x00,
    0x00, 0x0F, 0xFE, 0x00, 0x00, 0x00, 0x00, 0x3F, 0xF8, 0x00, 0x00, 0x00,
    0x00, 0xFF, 0xE0, 0x00, 0x00, 0x00, 0x03, 0xFF, 0x80, 0x00, 0x00, 0xFF,
    0xFF, 0xFF, 0xFF, 0xFF, 0xFF, 0xFF, 0xFF, 0xFF, 0xFF, 0xFF, 0xFF, 0xFF,
    0xFF, 0xFF, 0xFF, 0xFF, 0xFF, 0xFF, 0xFF, 0xFF, 0xFF, 0xFF, 0xFF, 0xFF,
    0xFF, 0xFF, 0xFF, 0xFF, 0xFF, 0xFF, 0xFF, 0xFF, 0xFF, 0xFF, 0xFF, 0xFF,
    0xFF, 0xFF, 0xFF, 0xFF, 0xFF, 0xFF, 0xFF, 0xFF, 0x00, 0x00, 0x00, 0x3F,
    0xFE, 0x00, 0x00, 0x00, 0x7F, 0xFC, 0x00, 0x00, 0x00, 0xFF, 0xF8, 0x00,
    0x00, 0x01, 0xFF, 0xF0, 0x00, 0x00, 0x01, 0xFF, 0xF0, 0x00, 0x00, 0x03,
    0xFF, 0xE0, 0x00, 0x00, 0x07, 0xFF, 0xC0, 0x00, 0x00, 0x0F, 0xFF, 0x80,
    0x00, 0x00, 0x1F, 0xFF, 0x00, 0x00, 0x00, 0x1F, 0xFF, 0x00, 0x00, 0x00,
    0x3F, 0xFE, 0x00, 0x00, 0x00, 0x7F, 0xFC, 0x00, 0x00, 0x00, 0xFF, 0xF8,
    0x00, 0x00, 0x01, 0xFF, 0xF0, 0x00, 0x00, 0x01, 0xFF, 0xF0, 0x00, 0x00,
    0x03, 0xFF, 0xE0, 0x00, 0x00, 0x07, 0xFF, 0xC0, 0x00, 0x00, 0x0F, 0xFF,
    0x80, 0x00, 0x00, 0x1F, 0xFF, 0x00, 0x00, 0x00, 0x1F, 0xFF, 0x00, 0x00,
    0x00, 0x3F, 0xFE, 0x00, 0x00, 0x00, 0x7F, 0xFC, 0x00, 0x00, 0x00, 0xFF,
    0xF8, 0x00, 0x00, 0x01, 0xFF, 0xF0, 0x00, 0x00, 0x01, 0xFF, 0xF0, 0x00,
    0x00, 0x03, 0xFF, 0xE0, 0x00, 0x00, 0x07, 0xFF, 0xC0, 0x00, 0x00, 0x0F,
    0xFF, 0x80, 0x00, 0x00, 0x1F, 0xFF, 0x00, 0x00, 0x00, 0x1F, 0xFF, 0x00,
    0x00, 0x00, 0x3F, 0xFE, 0x00, 0x00, 0x00, 0x7F, 0xFC, 0x00, 0x00, 0x00,
    0xFF, 0xF8, 0x00, 0x00, 0x00, 0xFF, 0xFF, 0xFF, 0xFF, 0xFF, 0xFF, 0xFF,
    0xFF, 0xFF, 0xFF, 0xFF, 0xFF, 0xFF, 0xFF, 0xFF, 0xFF, 0xFF, 0xFF, 0xFF,
    0xFF, 0xFF, 0xFF, 0xFF, 0xFF, 0xFF, 0xFF, 0xFF, 0xFF, 0xFF, 0xFF, 0xFF,
    0xFF, 0xFF, 0xFF, 0xFF, 0xFF, 0xFF, 0xFF, 0xFF, 0xFF, 0xFF, 0xFF, 0xFF,
    0xFF, 0xFF, 0xFF, 0xFF, 0xFF, 0xFF, 0xFF, 0xFF, 0xFF, 0xFF, 0xFF, 0xFF,
    0xFF, 0xFF, 0xFF, 0xFF, 0xFF, 0xFF, 0x00, 0xFF, 0x80, 0x7F, 0xC0, 0x3F,
    0xE0, 0x1F, 0xF0, 0x0F, 0xF8, 0x07, 0xFC, 0x03, 0xFE, 0x01, 0xFF, 0x00,
    0xFF, 0x80, 0x7F, 0xC0, 0x3F, 0xE0, 0x1F, 0xF0, 0x0F, 0xF8, 0x07, 0xFC,
    0x03, 0xFE, 0x01, 0xFF, 0x00, 0xFF, 0x80, 0x7F, 0xC0, 0x3F, 0xE0, 0x1F,
    0xF0, 0x0F, 0xF8, 0x07, 0xFC, 0x03, 0xFE, 0x01, 0xFF, 0x00, 0xFF, 0x80,
    0x7F, 0xC0, 0x3F, 0xE0, 0x1F, 0xF0, 0x0F, 0xF8, 0x07, 0xFC, 0x03, 0xFE,
    0x01, 0xFF, 0x00, 0xFF, 0x80, 0x7F, 0xC0, 0x3F, 0xE0, 0x1F, 0xF0, 0x0F,
    0xF8, 0x07, 0xFC, 0x03, 0xFE, 0x01, 0xFF, 0x00, 0xFF, 0x80, 0x7F, 0xC0,
    0x3F, 0xE0, 0x1F, 0xF0, 0x0F, 0xF8, 0x07, 0xFC, 0x03, 0xFE, 0x01, 0xFF,
    0x00, 0xFF, 0x80, 0x7F, 0xC0, 0x3F, 0xE0, 0x1F, 0xFF, 0xFF, 0xFF, 0xFF,
    0xFF, 0xFF, 0xFF, 0xFF, 0xFF, 0xFF, 0xFF, 0xFF, 0xFF, 0xFF, 0xC0, 0xFF,
    0x00, 0x00, 0x07, 0xF8, 0x00, 0x00, 0x7F, 0x80, 0x00, 0x07, 0xF8, 0x00,
    0x00, 0x3F, 0xC0, 0x00, 0x03, 0xFC, 0x00, 0x00, 0x3F, 0xE0, 0x00, 0x01,
    0xFE, 0x00, 0x00, 0x1F, 0xE0, 0x00, 0x00, 0xFF, 0x00, 0x00, 0x0F, 0xF0,
    0x00, 0x00, 0xFF, 0x00, 0x00, 0x07, 0xF8, 0x00, 0x00, 0x7F, 0x80, 0x00,
    0x07, 0xFC, 0x00, 0x00, 0x3F, 0xC0, 0x00, 0x03, 0xFC, 0x00, 0x00, 0x1F,
    0xE0, 0x00, 0x01, 0xFE, 0x00, 0x00, 0x1F, 0xE0, 0x00, 0x00, 0xFF, 0x00,
    0x00, 0x0F, 0xF0, 0x00, 0x00, 0xFF, 0x80, 0x00, 0x07, 0xF8, 0x00, 0x00,
    0x7F, 0x80, 0x00, 0x03, 0xFC, 0x00, 0x00, 0x3F, 0xC0, 0x00, 0x03, 0xFC,
    0x00, 0x00, 0x1F, 0xE0, 0x00, 0x01, 0xFE, 0x00, 0x00, 0x1F, 0xF0, 0x00,
    0x00, 0xFF, 0x00, 0x00, 0x0F, 0xF0, 0x00, 0x00, 0xFF, 0x80, 0x00, 0x07,
    0xF8, 0x00, 0x00, 0x7F, 0x80, 0x00, 0x03, 0xFC, 0x00, 0x00, 0x3F, 0xC0,
    0x00, 0x03, 0xFE, 0x00, 0x00, 0x1F, 0xE0, 0x00, 0x01, 0xFE, 0x00, 0x00,
    0x1F, 0xF0, 0x00, 0x00, 0xFF, 0x00, 0x00, 0x0F, 0xF0, 0x00, 0x00, 0x7F,
    0x80, 0x00, 0x07, 0xF8, 0x00, 0x00, 0x7F, 0xC0, 0x00, 0x03, 0xFC, 0x00,
    0x00, 0x3F, 0xC0, 0x00, 0x03, 0xFE, 0x00, 0x00, 0x1F, 0xE0, 0x00, 0x01,
    0xFE, 0x00, 0x00, 0x0F, 0xF0, 0xFF, 0xFF, 0xFF, 0xFF, 0xFF, 0xFF, 0xFF,
    0xFF, 0xFF, 0xFF, 0xFF, 0xFF, 0xFF, 0xFF, 0xFE, 0x01, 0xFF, 0x00, 0xFF,
    0x80, 0x7F, 0xC0, 0x3F, 0xE0, 0x1F, 0xF0, 0x0F, 0xF8, 0x07, 0xFC, 0x03,
    0xFE, 0x01, 0xFF, 0x00, 0xFF, 0x80, 0x7F, 0xC0, 0x3F, 0xE0, 0x1F, 0xF0,
    0x0F, 0xF8, 0x07, 0xFC, 0x03, 0xFE, 0x01, 0xFF, 0x00, 0xFF, 0x80, 0x7F,
    0xC0, 0x3F, 0xE0, 0x1F, 0xF0, 0x0F, 0xF8, 0x07, 0xFC, 0x03, 0xFE, 0x01,
    0xFF, 0x00, 0xFF, 0x80, 0x7F, 0xC0, 0x3F, 0xE0, 0x1F, 0xF0, 0x0F, 0xF8,
    0x07, 0xFC, 0x03, 0xFE, 0x01, 0xFF, 0x00, 0xFF, 0x80, 0x7F, 0xC0, 0x3F,
    0xE0, 0x1F, 0xF0, 0x0F, 0xF8, 0x07, 0xFC, 0x03, 0xFE, 0x01, 0xFF, 0x00,
    0xFF, 0x80, 0x7F, 0xC0, 0x3F, 0xE0, 0x1F, 0xF0, 0x0F, 0xF8, 0x07, 0xFC,
    0x03, 0xFE, 0x01, 0xFF, 0x00, 0xFF, 0x80, 0x7F, 0xC0, 0x3F, 0xFF, 0xFF,
    0xFF, 0xFF, 0xFF, 0xFF, 0xFF, 0xFF, 0xFF, 0xFF, 0xFF, 0xFF, 0xFF, 0xFF,
    0xFF, 0xC0, 0x00, 0x0F, 0xF8, 0x00, 0x00, 0x07, 0xFC, 0x00, 0x00, 0x03,
    0xFE, 0x00, 0x00, 0x03, 0xFF, 0x80, 0x00, 0x01, 0xFF, 0xC0, 0x00, 0x01,
    0xFF, 0xF0, 0x00, 0x00, 0xFF, 0xF8, 0x00, 0x00, 0xFF, 0xFC, 0x00, 0x00,
    0x7F, 0xFF, 0x00, 0x00, 0x3F, 0xFF, 0x80, 0x00, 0x3F, 0xFF, 0xE0, 0x00,
    0x1F, 0xEF, 0xF0, 0x00, 0x1F, 0xF7, 0xFC, 0x00, 0x0F, 0xF9, 0xFE, 0x00,
    0x07, 0xF8, 0xFF, 0x00, 0x07, 0xFC, 0x7F, 0xC0, 0x03, 0xFC, 0x1F, 0xE0,
    0x03, 0xFE, 0x0F, 0xF8, 0x01, 0xFF, 0x03, 0xFC, 0x01, 0xFF, 0x01, 0xFE,
    0x00, 0xFF, 0x80, 0xFF, 0x80, 0x7F, 0x80, 0x3F, 0xC0, 0x7F, 0xC0, 0x1F,
    0xF0, 0x3F, 0xC0, 0x07, 0xF8, 0x3F, 0xE0, 0x03, 0xFE, 0x1F, 0xF0, 0x01,
    0xFF, 0x0F, 0xF0, 0x00, 0x7F, 0x8F, 0xF8, 0x00, 0x3F, 0xE7, 0xF8, 0x00,
    0x0F, 0xF7, 0xFC, 0x00, 0x07, 0xFF, 0xFE, 0x00, 0x03, 0xFE, 0xFF, 0xFF,
    0xFF, 0xFF, 0xFF, 0xFF, 0xFF, 0xFF, 0xFF, 0xFF, 0xFF, 0xFF, 0xFF, 0xFF,
    0xFF, 0xFF, 0xFF, 0xFF, 0xFF, 0xF0, 0xFF, 0xF0, 0x0F, 0xFC, 0x01, 0xFF,
    0x80, 0x3F, 0xF0, 0x07, 0xFC, 0x00, 0xFF, 0x80, 0x1F, 0xF0, 0x03, 0xFC,
    0x00, 0x7F, 0x80, 0x0F, 0xF0, 0x00, 0x0F, 0xFC, 0x00, 0x00, 0x1F, 0xFF,
    0xF8, 0x00, 0x0F, 0xFF, 0xFF, 0xC0, 0x03, 0xFF, 0xFF, 0xFE, 0x00, 0xFF,
    0xFF, 0xFF, 0xE0, 0x3F, 0xFF, 0xFF, 0xFC, 0x07, 0xFF, 0xFF, 0xFF, 0xC1,
    0xFF, 0xFF, 0xFF, 0xF8, 0x3F, 0xFC, 0x0F, 0xFF, 0x8F, 0xFE, 0x00, 0x7F,
    0xF1, 0xFF, 0x80, 0x07, 0xFE, 0x3F, 0xF0, 0x00, 0xFF, 0xC7, 0xFC, 0x00,
    0x1F, 0xF8, 0x00, 0x00, 0x03, 0xFF, 0x00, 0x00, 0x00, 0xFF, 0xE0, 0x00,
    0x00, 0xFF, 0xFC, 0x00, 0x0F, 0xFF, 0xFF, 0x80, 0x1F, 0xFF, 0xFF, 0xF0,
    0x1F, 0xFF, 0xFF, 0xFE, 0x07, 0xFF, 0xFF, 0xFF, 0xC1, 0xFF, 0xFF, 0xFF,
    0xF8, 0x7F, 0xFF, 0xF3, 0xFF, 0x1F, 0xFF, 0xC0, 0x7F, 0xE3, 0xFF, 0x80,
    0x0F, 0xFC, 0xFF, 0xE0, 0x01, 0xFF, 0x9F, 0xF8, 0x00, 0x3F, 0xF3, 0xFF,
    0x00, 0x07, 0xFE, 0x7F, 0xE0, 0x01, 0xFF, 0xCF, 0xFC, 0x00, 0x3F, 0xF9,
    0xFF, 0x80, 0x07, 0xFF, 0x3F, 0xF0, 0x01, 0xFF, 0xE7, 0xFF, 0x00, 0xFF,
    0xFC, 0xFF, 0xF8, 0xFF, 0xFF, 0x9F, 0xFF, 0xFF, 0xFF, 0xF1, 0xFF, 0xFF,
    0xFF, 0xFE, 0x3F, 0xFF, 0xFE, 0xFF, 0xC3, 0xFF, 0xFF, 0x9F, 0xFC, 0x3F,
    0xFF, 0xE3, 0xFF, 0xC1, 0xFF, 0xF0, 0x3F, 0xF8, 0x0F, 0xF0, 0x00, 0x00,
    0xFF, 0xC0, 0x00, 0x00, 0x07, 0xFE, 0x00, 0x00, 0x00, 0x3F, 0xF0, 0x00,
    0x00, 0x01, 0xFF, 0x80, 0x00, 0x00, 0x0F, 0xFC, 0x00, 0x00, 0x00, 0x7F,
    0xE0, 0x00, 0x00, 0x03, 0xFF, 0x00, 0x00, 0x00, 0x1F, 0xF8, 0x00, 0x00,
    0x00, 0xFF, 0xC0, 0x00, 0x00, 0x07, 0xFE, 0x00, 0x00, 0x00, 0x3F, 0xF0,
    0x00, 0x00, 0x01, 0xFF, 0x80, 0x00, 0x00, 0x0F, 0xFC, 0x07, 0xF8, 0x00,
    0x7F, 0xE0, 0xFF, 0xF8, 0x03, 0xFF, 0x1F, 0xFF, 0xF0, 0x1F, 0xF9, 0xFF,
    0xFF, 0xC0, 0xFF, 0xDF, 0xFF, 0xFF, 0x07, 0xFF, 0xFF, 0xFF, 0xFC, 0x3F,
    0xFF, 0xFF, 0xFF, 0xF1, 0xFF, 0xFF, 0xFF, 0xFF, 0x8F, 0xFF, 0xFF, 0xFF,
    0xFE, 0x7F, 0xFF, 0x83, 0xFF, 0xF3, 0xFF, 0xF0, 0x07, 0xFF, 0xDF, 0xFF,
    0x00, 0x1F, 0xFE, 0xFF, 0xF0, 0x00, 0x7F, 0xF7, 0xFF, 0x00, 0x01, 0xFF,
    0xBF, 0xF8, 0x00, 0x0F, 0xFF, 0xFF, 0xC0, 0x00, 0x7F, 0xFF, 0xFC, 0x00,
    0x01, 0xFF, 0xFF, 0xE0, 0x00, 0x0F, 0xFF, 0xFF, 0x00, 0x00, 0x7F, 0xFF,
    0xF8, 0x00, 0x03, 0xFF, 0xFF, 0xC0, 0x00, 0x1F, 0xFF, 0xFE, 0x00, 0x00,
    0xFF, 0xFF, 0xF0, 0x00, 0x07, 0xFF, 0xFF, 0x80, 0x00, 0x3F, 0xFF, 0xFC,
    0x00, 0x01, 0xFF, 0xFF, 0xF0, 0x00, 0x1F, 0xFB, 0xFF, 0x80, 0x00, 0xFF,
    0xDF, 0xFC, 0x00, 0x07, 0xFE, 0xFF, 0xF0, 0x00, 0x7F, 0xF7, 0xFF, 0xC0,
    0x07, 0xFF, 0x3F, 0xFF, 0x00, 0x7F, 0xF9, 0xFF, 0xFE, 0x07, 0xFF, 0x8F,
    0xFF, 0xFF, 0xFF, 0xFC, 0x7F, 0xFF, 0xFF, 0xFF, 0xC3, 0xFF, 0xFF, 0xFF,
    0xFE, 0x1F, 0xFB, 0xFF, 0xFF, 0xE0, 0xFF, 0xCF, 0xFF, 0xFE, 0x07, 0xFE,
    0x3F, 0xFF, 0xE0, 0x3F, 0xF0, 0xFF, 0xFC, 0x00, 0x00, 0x00, 0xFF, 0x00,
    0x00, 0x00, 0x07, 0xFE, 0x00, 0x00, 0x07, 0xFF, 0xF8, 0x00, 0x03, 0xFF,
    0xFF, 0xC0, 0x00, 0xFF, 0xFF, 0xFE, 0x00, 0x7F, 0xFF, 0xFF, 0xE0, 0x0F,
    0xFF, 0xFF, 0xFE, 0x03, 0xFF, 0xFF, 0xFF, 0xC0, 0xFF, 0xFF, 0xFF, 0xFC,
    0x1F, 0xFE, 0x07, 0xFF, 0x87, 0xFF, 0x00, 0x7F, 0xF8, 0xFF, 0xC0, 0x07,
    0xFF, 0x3F, 0xF8, 0x00, 0x7F, 0xE7, 0xFE, 0x00, 0x0F, 0xFC, 0xFF, 0xC0,
    0x01, 0xFF, 0xBF, 0xF8, 0x00, 0x00, 0x0F, 0xFE, 0x00, 0x00, 0x00, 0xFF,
    0xC0, 0x00, 0x00, 0x1F, 0xF8, 0x00, 0x00, 0x03, 0xFF, 0x00, 0x00, 0x00,
    0x7F, 0xE0, 0x00, 0x00, 0x0F, 0xFC, 0x00, 0x00, 0x01, 0xFF, 0x80, 0x00,
    0x00, 0x3F, 0xF0, 0x00, 0x00, 0x07, 0xFE, 0x00, 0x00, 0x00, 0xFF, 0xC0,
    0x00, 0x00, 0x1F, 0xF8, 0x00, 0x1F, 0xF9, 0xFF, 0x80, 0x03, 0xFF, 0x3F,
    0xF0, 0x00, 0x7F, 0xE7, 0xFF, 0x00, 0x1F, 0xFC, 0xFF, 0xE0, 0x03, 0xFF,
    0x0F, 0xFE, 0x00, 0xFF, 0xE1, 0xFF, 0xF0, 0x3F, 0xFC, 0x1F, 0xFF, 0xFF,
    0xFF, 0x03, 0xFF, 0xFF, 0xFF, 0xC0, 0x3F, 0xFF, 0xFF, 0xF8, 0x03, 0xFF,
    0xFF, 0xFE, 0x00, 0x3F, 0xFF, 0xFF, 0x80, 0x03, 0xFF, 0xFF, 0xC0, 0x00,
    0x1F, 0xFF, 0xE0, 0x00, 0x00, 0x7F, 0xE0, 0x00, 0x00, 0x00, 0x00, 0x1F,
    0xF8, 0x00, 0x00, 0x00, 0xFF, 0xC0, 0x00, 0x00, 0x07, 0xFE, 0x00, 0x00,
    0x00, 0x3F, 0xF0, 0x00, 0x00, 0x01, 0xFF, 0x80, 0x00, 0x00, 0x0F, 0xFC,
    0x00, 0x00, 0x00, 0x7F, 0xE0, 0x00, 0x00, 0x03, 0xFF, 0x00, 0x00, 0x00,
    0x1F, 0xF8, 0x00, 0x00, 0x00, 0xFF, 0xC0, 0x00, 0x00, 0x07, 0xFE, 0x00,
    0x00, 0x00, 0x3F, 0xF0, 0x00, 0xFF, 0x01, 0xFF, 0x80, 0x1F, 0xFE, 0x0F,
    0xFC, 0x03, 0xFF, 0xFC, 0x7F, 0xE0, 0x7F, 0xFF, 0xF3, 0xFF, 0x07, 0xFF,
    0xFF, 0xDF, 0xF8, 0x3F, 0xFF, 0xFF, 0xFF, 0xC3, 0xFF, 0xFF, 0xFF, 0xFE,
    0x3F, 0xFF, 0xFF, 0xFF, 0xF1, 0xFF, 0xFF, 0xFF, 0xFF, 0x9F, 0xFF, 0x03,
    0xFF, 0xFC, 0xFF, 0xF0, 0x07, 0xFF, 0xEF, 0xFF, 0x00, 0x1F, 0xFF, 0x7F,
    0xF0, 0x00, 0x7F, 0xFB, 0xFF, 0x00, 0x01, 0xFF, 0xDF, 0xF8, 0x00, 0x0F,
    0xFF, 0xFF, 0xC0, 0x00, 0x7F, 0xFF, 0xFC, 0x00, 0x01, 0xFF, 0xFF, 0xE0,
    0x00, 0x0F, 0xFF, 0xFF, 0x00, 0x00, 0x7F, 0xFF, 0xF8, 0x00, 0x03, 0xFF,
    0xFF, 0xC0, 0x00, 0x1F, 0xFF, 0xFE, 0x00, 0x00, 0xFF, 0xFF, 0xF0, 0x00,
    0x07, 0xFF, 0xFF, 0x80, 0x00, 0x3F, 0xFF, 0xFC, 0x00, 0x01, 0xFF, 0xFF,
    0xF0, 0x00, 0x1F, 0xFD, 0xFF, 0x80, 0x00, 0xFF, 0xEF, 0xFC, 0x00, 0x07,
    0xFF, 0x7F, 0xF0, 0x00, 0x7F, 0xFB, 0xFF, 0xC0, 0x07, 0xFF, 0xCF, 0xFF,
    0x00, 0x7F, 0xFE, 0x7F, 0xFC, 0x0F, 0xFF, 0xF1, 0xFF, 0xFF, 0xFF, 0xFF,
    0x87, 0xFF, 0xFF, 0xFF, 0xFC, 0x3F, 0xFF, 0xFF, 0xFF, 0xE0, 0xFF, 0xFF,
    0xFB, 0xFF, 0x03, 0xFF, 0xFF, 0x9F, 0xF8, 0x07, 0xFF, 0xF8, 0xFF, 0xC0,
    0x1F, 0xFF, 0x87, 0xFE, 0x00, 0x1F, 0xE0, 0x00, 0x00, 0x00, 0x07, 0xFC,
    0x00, 0x00, 0x03, 0xFF, 0xF8, 0x00, 0x00, 0xFF, 0xFF, 0xE0, 0x00, 0x3F,
    0xFF, 0xFF, 0x80, 0x07, 0xFF, 0xFF, 0xFC, 0x00, 0xFF, 0xFF, 0xFF, 0xE0,
    0x0F, 0xFF, 0xFF, 0xFF, 0x01, 0xFF, 0xFF, 0xFF, 0xF0, 0x3F, 0xFE, 0x0F,
    0xFF, 0x83, 0xFF, 0x80, 0x3F, 0xF8, 0x7F, 0xF0, 0x01, 0xFF, 0xC7, 0xFE,
    0x00, 0x0F, 0xFC, 0x7F, 0xE0, 0x00, 0xFF, 0xCF, 0xFC, 0x00, 0x07, 0xFE,
    0xFF, 0xC0, 0x00, 0x7F, 0xEF, 0xFC, 0x00, 0x07, 0xFE, 0xFF, 0xFF, 0xFF,
    0xFF, 0xEF, 0xFF, 0xFF, 0xFF, 0xFE, 0xFF, 0xFF, 0xFF, 0xFF, 0xEF, 0xFF,
    0xFF, 0xFF, 0xFE, 0xFF, 0xFF, 0xFF, 0xFF, 0xEF, 0xFF, 0xFF, 0xFF, 0xFE,
    0xFF, 0xFF, 0xFF, 0xFF, 0xEF, 0xFC, 0x00, 0x00, 0x00, 0xFF, 0xC0, 0x00,
    0x00, 0x0F, 0xFC, 0x00, 0x00, 0x00, 0xFF, 0xC0, 0x00, 0x00, 0x0F, 0xFE,
    0x00, 0x00, 0x00, 0x7F, 0xE0, 0x00, 0xFF, 0xE7, 0xFF, 0x00, 0x0F, 0xFE,
    0x7F, 0xF8, 0x01, 0xFF, 0xC3, 0xFF, 0xE0, 0x7F, 0xFC, 0x1F, 0xFF, 0xFF,
    0xFF, 0x81, 0xFF, 0xFF, 0xFF, 0xF0, 0x0F, 0xFF, 0xFF, 0xFE, 0x00, 0x7F,
    0xFF, 0xFF, 0xC0, 0x01, 0xFF, 0xFF, 0xF8, 0x00, 0x0F, 0xFF, 0xFF, 0x00,
    0x00, 0x3F, 0xFF, 0xC0, 0x00, 0x00, 0x7F, 0xE0, 0x00, 0x00, 0x0F, 0xF0,
    0x03, 0xFF, 0xC0, 0x3F, 0xFE, 0x03, 0xFF, 0xF0, 0x3F, 0xFF, 0x81, 0xFF,
    0xFC, 0x0F, 0xFF, 0xE0, 0xFF, 0xFF, 0x07, 0xFF, 0xF8, 0x3F, 0xF8, 0x01,
    0xFF, 0x80, 0x0F, 0xFC, 0x00, 0x7F, 0xE0, 0x03, 0xFF, 0x00, 0x1F, 0xF8,
    0x1F, 0xFF, 0xFF, 0xFF, 0xFF, 0xFF, 0xFF, 0xFF, 0xFF, 0xFF, 0xFF, 0xFF,
    0xFF, 0xFF, 0xFF, 0xFF, 0xFF, 0xFF, 0xFC, 0x1F, 0xF8, 0x00, 0xFF, 0xC0,
    0x07, 0xFE, 0x00, 0x3F, 0xF0, 0x01, 0xFF, 0x80, 0x0F, 0xFC, 0x00, 0x7F,
    0xE0, 0x03, 0xFF, 0x00, 0x1F, 0xF8, 0x00, 0xFF, 0xC0, 0x07, 0xFE, 0x00,
    0x3F, 0xF0, 0x01, 0xFF, 0x80, 0x0F, 0xFC, 0x00, 0x7F, 0xE0, 0x03, 0xFF,
    0x00, 0x1F, 0xF8, 0x00, 0xFF, 0xC0, 0x07, 0xFE, 0x00, 0x3F, 0xF0, 0x01,
    0xFF, 0x80, 0x0F, 0xFC, 0x00, 0x7F, 0xE0, 0x03, 0xFF, 0x00, 0x1F, 0xF8,
    0x00, 0xFF, 0xC0, 0x07, 0xFE, 0x00, 0x3F, 0xF0, 0x01, 0xFF, 0x80, 0x0F,
    0xFC, 0x00, 0x00, 0x0F, 0xE0, 0x00, 0x00, 0x07, 0xFF, 0x83, 0xFF, 0x01,
    0xFF, 0xFE, 0x3F, 0xF0, 0x3F, 0xFF, 0xF3, 0xFF, 0x07, 0xFF, 0xFF, 0xBF,
    0xF0, 0xFF, 0xFF, 0xFB, 0xFF, 0x0F, 0xFF, 0xFF, 0xFF, 0xF1, 0xFF, 0xFF,
    0xFF, 0xFF, 0x3F, 0xFF, 0xFF, 0xFF, 0xF3, 0xFF, 0xE0, 0x7F, 0xFF, 0x3F,
    0xF8, 0x03, 0xFF, 0xF7, 0xFF, 0x00, 0x0F, 0xFF, 0x7F, 0xF0, 0x00, 0xFF,
    0xF7, 0xFE, 0x00, 0x07, 0xFF, 0xFF, 0xE0, 0x00, 0x7F, 0xFF, 0xFE, 0x00,
    0x07, 0xFF, 0xFF, 0xC0, 0x00, 0x3F, 0xFF, 0xFC, 0x00, 0x03, 0xFF, 0xFF,
    0xC0, 0x00, 0x3F, 0xFF, 0xFC, 0x00, 0x03, 0xFF, 0xFF, 0xC0, 0x00, 0x3F,
    0xFF, 0xFC, 0x00, 0x03, 0xFF, 0xFF, 0xC0, 0x00, 0x3F, 0xFF, 0xFC, 0x00,
    0x03, 0xFF, 0xFF, 0xC0, 0x00, 0x3F, 0xFF, 0xFE, 0x00, 0x07, 0xFF, 0x7F,
    0xE0, 0x00, 0x7F, 0xF7, 0xFF, 0x00, 0x0F, 0xFF, 0x7F, 0xF0, 0x00, 0xFF,
    0xF3, 0xFF, 0x80, 0x3F, 0xFF, 0x3F, 0xFE, 0x07, 0xFF, 0xF1, 0xFF, 0xFF,
    0xFF, 0xFF, 0x1F, 0xFF, 0xFF, 0xFF, 0xF0, 0xFF, 0xFF, 0xFF, 0xFF, 0x07,
    0xFF, 0xFF, 0xBF, 0xF0, 0x3F, 0xFF, 0xF3, 0xFF, 0x01, 0xFF, 0xFE, 0x3F,
    0xF0, 0x07, 0xFF, 0xC3, 0xFF, 0x00, 0x1F, 0xF0, 0x3F, 0xF0, 0x00, 0x00,
    0x03, 0xFF, 0x00, 0x00, 0x00, 0x3F, 0xF0, 0x00, 0x00, 0x07, 0xFF, 0x00,
    0x00, 0x00, 0x7F, 0xEF, 0xFE, 0x00, 0x07, 0xFE, 0xFF, 0xE0, 0x00, 0xFF,
    0xE7, 0xFF, 0x00, 0x1F, 0xFE, 0x7F, 0xFC, 0x07, 0xFF, 0xC7, 0xFF, 0xFF,
    0xFF, 0xFC, 0x3F, 0xFF, 0xFF, 0xFF, 0x81, 0xFF, 0xFF, 0xFF, 0xF0, 0x0F,
    0xFF, 0xFF, 0xFE, 0x00, 0x3F, 0xFF, 0xFF, 0x80, 0x00, 0xFF, 0xFF, 0xE0,
    0x00, 0x01, 0xFF, 0xE0, 0x00, 0xFF, 0xC0, 0x00, 0x00, 0x7F, 0xE0, 0x00,
    0x00, 0x3F, 0xF0, 0x00, 0x00, 0x1F, 0xF8, 0x00, 0x00, 0x0F, 0xFC, 0x00,
    0x00, 0x07, 0xFE, 0x00, 0x00, 0x03, 0xFF, 0x00, 0x00, 0x01, 0xFF, 0x80,
    0x00, 0x00, 0xFF, 0xC0, 0x00, 0x00, 0x7F, 0xE0, 0x00, 0x00, 0x3F, 0xF0,
    0x00, 0x00, 0x1F, 0xF8, 0x00, 0x00, 0x0F, 0xFC, 0x0F, 0xF0, 0x07, 0xFE,
    0x1F, 0xFF, 0x03, 0xFF, 0x3F, 0xFF, 0xC1, 0xFF, 0xBF, 0xFF, 0xF8, 0xFF,
    0xFF, 0xFF, 0xFC, 0x7F, 0xFF, 0xFF, 0xFF, 0x3F, 0xFF, 0xFF, 0xFF, 0xDF,
    0xFF, 0xFF, 0xFF, 0xEF, 0xFF, 0xE0, 0xFF, 0xF7, 0xFF, 0xC0, 0x3F, 0xFF,
    0xFF, 0xC0, 0x0F, 0xFF, 0xFF, 0xC0, 0x07, 0xFF, 0xFF, 0xE0, 0x01, 0xFF,
    0xFF, 0xF0, 0x00, 0xFF, 0xFF, 0xF0, 0x00, 0x7F, 0xFF, 0xF8, 0x00, 0x3F,
    0xFF, 0xFC, 0x00, 0x1F, 0xFF, 0xFE, 0x00, 0x0F, 0xFF, 0xFF, 0x00, 0x07,
    0xFF, 0xFF, 0x80, 0x03, 0xFF, 0xFF, 0xC0, 0x01, 0xFF, 0xFF, 0xE0, 0x00,
    0xFF, 0xFF, 0xF0, 0x00, 0x7F, 0xFF, 0xF8, 0x00, 0x3F, 0xFF, 0xFC, 0x00,
    0x1F, 0xFF, 0xFE, 0x00, 0x0F, 0xFF, 0xFF, 0x00, 0x07, 0xFF, 0xFF, 0x80,
    0x03, 0xFF, 0xFF, 0xC0, 0x01, 0xFF, 0xFF, 0xE0, 0x00, 0xFF, 0xFF, 0xF0,
    0x00, 0x7F, 0xFF, 0xF8, 0x00, 0x3F, 0xFF, 0xFC, 0x00, 0x1F, 0xFF, 0xFE,
    0x00, 0x0F, 0xFF, 0xFF, 0x00, 0x07, 0xFF, 0xFF, 0x80, 0x03, 0xFF, 0xFF,
    0xC0, 0x01, 0xFF, 0xFF, 0xE0, 0x00, 0xFF, 0xFF, 0xF0, 0x00, 0x7F, 0xE0,
    0xFF, 0xFF, 0xFF, 0xFF, 0xFF, 0xFF, 0xFF, 0xFF, 0xFF, 0xFF, 0xFF, 0xC0,
    0x00, 0x00, 0x00, 0x00, 0x3F, 0xFF, 0xFF, 0xFF, 0xFF, 0xFF, 0xFF, 0xFF,
    0xFF, 0xFF, 0xFF, 0xFF, 0xFF, 0xFF, 0xFF, 0xFF, 0xFF, 0xFF, 0xFF, 0xFF,
    0xFF, 0xFF, 0xFF, 0xFF, 0xFF, 0xFF, 0xFF, 0xFF, 0xFF, 0xFF, 0xFF, 0xFF,
    0xFF, 0xFF, 0xFF, 0xFF, 0xFF, 0xFF, 0xFF, 0xFF, 0xFF, 0xFF, 0xFF, 0xFF,
    0xFF, 0xFF, 0xFF, 0xFC, 0x07, 0xFE, 0x0F, 0xFC, 0x1F, 0xF8, 0x3F, 0xF0,
    0x7F, 0xE0, 0xFF, 0xC1, 0xFF, 0x83, 0xFF, 0x07, 0xFE, 0x00, 0x00, 0x00,
    0x00, 0x00, 0x00, 0x00, 0x00, 0xFF, 0xC1, 0xFF, 0x83, 0xFF, 0x07, 0xFE,
    0x0F, 0xFC, 0x1F, 0xF8, 0x3F, 0xF0, 0x7F, 0xE0, 0xFF, 0xC1, 0xFF, 0x83,
    0xFF, 0x07, 0xFE, 0x0F, 0xFC, 0x1F, 0xF8, 0x3F, 0xF0, 0x7F, 0xE0, 0xFF,
    0xC1, 0xFF, 0x83, 0xFF, 0x07, 0xFE, 0x0F, 0xFC, 0x1F, 0xF8, 0x3F, 0xF0,
    0x7F, 0xE0, 0xFF, 0xC1, 0xFF, 0x83, 0xFF, 0x07, 0xFE, 0x0F, 0xFC, 0x1F,
    0xF8, 0x3F, 0xF0, 0x7F, 0xE0, 0xFF, 0xC1, 0xFF, 0x83, 0xFF, 0x07, 0xFE,
    0x0F, 0xFC, 0x1F, 0xF8, 0x3F, 0xF0, 0x7F, 0xE0, 0xFF, 0xC1, 0xFF, 0x83,
    0xFF, 0x07, 0xFE, 0x1F, 0xFF, 0xFF, 0xFF, 0xFF, 0xEF, 0xFF, 0xDF, 0xFF,
    0xBF, 0xFE, 0x7F, 0xF8, 0xFF, 0xE1, 0xFF, 0x00, 0xFF, 0xC0, 0x00, 0x00,
    0x1F, 0xF8, 0x00, 0x00, 0x03, 0xFF, 0x00, 0x00, 0x00, 0x7F, 0xE0, 0x00,
    0x00, 0x0F, 0xFC, 0x00, 0x00, 0x01, 0xFF, 0x80, 0x00, 0x00, 0x3F, 0xF0,
    0x00, 0x00, 0x07, 0xFE, 0x00, 0x00, 0x00, 0xFF, 0xC0, 0x00, 0x00, 0x1F,
    0xF8, 0x00, 0x00, 0x03, 0xFF, 0x00, 0x00, 0x00, 0x7F, 0xE0, 0x00, 0x00,
    0x0F, 0xFC, 0x00, 0x00, 0x01, 0xFF, 0x80, 0x07, 0xFF, 0xFF, 0xF0, 0x01,
    0xFF, 0xF7, 0xFE, 0x00, 0x7F, 0xFC, 0xFF, 0xC0, 0x0F, 0xFF, 0x1F, 0xF8,
    0x03, 0xFF, 0xC3, 0xFF, 0x00, 0xFF, 0xF0, 0x7F, 0xE0, 0x3F, 0xFC, 0x0F,
    0xFC, 0x0F, 0xFF, 0x01, 0xFF, 0x83, 0xFF, 0xC0, 0x3F, 0xF0, 0xFF, 0xF0,
    0x07, 0xFE, 0x1F, 0xFC, 0x00, 0xFF, 0xC7, 0xFF, 0x00, 0x1F, 0xF9, 0xFF,
    0xC0, 0x03, 0xFF, 0x7F, 0xF8, 0x00, 0x7F, 0xFF, 0xFE, 0x00, 0x0F, 0xFF,
    0xFF, 0xC0, 0x01, 0xFF, 0xFF, 0xF8, 0x00, 0x3F, 0xFF, 0xFF, 0x80, 0x07,
    0xFF, 0xFF, 0xF8, 0x00, 0xFF, 0xFF, 0xFF, 0x00, 0x1F, 0xFF, 0xFF, 0xF0,
    0x03, 0xFF, 0xFF, 0xFE, 0x00, 0x7F, 0xFD, 0xFF, 0xE0, 0x0F, 0xFF, 0x9F,
    0xFC, 0x01, 0xFF, 0xE1, 0xFF, 0xC0, 0x3F, 0xF8, 0x3F, 0xFC, 0x07, 0xFE,
    0x03, 0xFF, 0x80, 0xFF, 0xC0, 0x7F, 0xF8, 0x1F, 0xF8, 0x07, 0xFF, 0x03,
    0xFF, 0x00, 0xFF, 0xF0, 0x7F, 0xE0, 0x0F, 0xFF, 0x0F, 0xFC, 0x01, 0xFF,
    0xE1, 0xFF, 0x80, 0x1F, 0xFE, 0x3F, 0xF0, 0x01, 0xFF, 0xC7, 0xFE, 0x00,
    0x3F, 0xFC, 0xFF, 0xC0, 0x03, 0xFF, 0xDF, 0xF8, 0x00, 0x7F, 0xFB, 0xFF,
    0x00, 0x07, 0xFF, 0x80, 0xFF, 0xFF, 0xFF, 0xFF, 0xFF, 0xFF, 0xFF, 0xFF,
    0xFF, 0xFF, 0xFF, 0xFF, 0xFF, 0xFF, 0xFF, 0xFF, 0xFF, 0xFF, 0xFF, 0xFF,
    0xFF, 0xFF, 0xFF, 0xFF, 0xFF, 0xFF, 0xFF, 0xFF, 0xFF, 0xFF, 0xFF, 0xFF,
    0xFF, 0xFF, 0xFF, 0xFF, 0xFF, 0xFF, 0xFF, 0xFF, 0xFF, 0xFF, 0xFF, 0xFF,
    0xFF, 0xFF, 0xFF, 0xFF, 0xFF, 0xFF, 0xFF, 0xFF, 0xFF, 0xFF, 0xFF, 0xFF,
    0xFF, 0xFF, 0xFF, 0xFF, 0xFF, 0xFF, 0xFF, 0xFC, 0x00, 0x00, 0x7F, 0x80,
    0x01, 0xFC, 0x01, 0xFF, 0x87, 0xFF, 0xC0, 0x1F, 0xFF, 0x03, 0xFF, 0x1F,
    0xFF, 0xC0, 0xFF, 0xFF, 0x07, 0xFE, 0x7F, 0xFF, 0xC3, 0xFF, 0xFF, 0x8F,
    0xFD, 0xFF, 0xFF, 0xCF, 0xFF, 0xFF, 0x9F, 0xFF, 0xFF, 0xFF, 0xBF, 0xFF,
    0xFF, 0x3F, 0xFF, 0xFF, 0xFF, 0xFF, 0xFF, 0xFF, 0x7F, 0xFF, 0xFF, 0xFF,
    0xFF, 0xFF, 0xFE, 0xFF, 0xFF, 0xFF, 0xFF, 0xFF, 0xFF, 0xFD, 0xFF, 0xF0,
    0x3F, 0xFF, 0xE0, 0x7F, 0xFF, 0xFF, 0xC0, 0x1F, 0xFF, 0x00, 0x3F, 0xFF,
    0xFF, 0x00, 0x3F, 0xFC, 0x00, 0x7F, 0xFF, 0xFC, 0x00, 0x3F, 0xF8, 0x00,
    0x7F, 0xFF, 0xF8, 0x00, 0x7F, 0xE0, 0x00, 0xFF, 0xFF, 0xF0, 0x00, 0xFF,
    0xC0, 0x01, 0xFF, 0xFF, 0xE0, 0x01, 0xFF, 0x80, 0x03, 0xFF, 0xFF, 0xC0,
    0x03, 0xFF, 0x00, 0x07, 0xFF, 0xFF, 0x80, 0x07, 0xFE, 0x00, 0x0F, 0xFF,
    0xFF, 0x00, 0x0F, 0xFC, 0x00, 0x1F, 0xFF, 0xFE, 0x00, 0x1F, 0xF8, 0x00,
    0x3F, 0xFF, 0xFC, 0x00, 0x3F, 0xF0, 0x00, 0x7F, 0xFF, 0xF8, 0x00, 0x7F,
    0xE0, 0x00, 0xFF, 0xFF, 0xF0, 0x00, 0xFF, 0xC0, 0x01, 0xFF, 0xFF, 0xE0,
    0x01, 0xFF, 0x80, 0x03, 0xFF, 0xFF, 0xC0, 0x03, 0xFF, 0x00, 0x07, 0xFF,
    0xFF, 0x80, 0x07, 0xFE, 0x00, 0x0F, 0xFF, 0xFF, 0x00, 0x0F, 0xFC, 0x00,
    0x1F, 0xFF, 0xFE, 0x00, 0x1F, 0xF8, 0x00, 0x3F, 0xFF, 0xFC, 0x00, 0x3F,
    0xF0, 0x00, 0x7F, 0xFF, 0xF8, 0x00, 0x7F, 0xE0, 0x00, 0xFF, 0xFF, 0xF0,
    0x00, 0xFF, 0xC0, 0x01, 0xFF, 0xFF, 0xE0, 0x01, 0xFF, 0x80, 0x03, 0xFF,
    0xFF, 0xC0, 0x03, 0xFF, 0x00, 0x07, 0xFF, 0xFF, 0x80, 0x07, 0xFE, 0x00,
    0x0F, 0xFF, 0xFF, 0x00, 0x0F, 0xFC, 0x00, 0x1F, 0xFF, 0xFE, 0x00, 0x1F,
    0xF8, 0x00, 0x3F, 0xFF, 0xFC, 0x00, 0x3F, 0xF0, 0x00, 0x7F, 0xFF, 0xF8,
    0x00, 0x7F, 0xE0, 0x00, 0xFF, 0xFF, 0xF0, 0x00, 0xFF, 0xC0, 0x01, 0xFF,
    0x80, 0x00, 0x00, 0x7F, 0x80, 0x7F, 0xE1, 0xFF, 0xF0, 0x3F, 0xF1, 0xFF,
    0xFE, 0x1F, 0xF9, 0xFF, 0xFF, 0x8F, 0xFD, 0xFF, 0xFF, 0xE7, 0xFF, 0xFF,
    0xFF, 0xF3, 0xFF, 0xFF, 0xFF, 0xFD, 0xFF, 0xFF, 0xFF, 0xFE, 0xFF, 0xFF,
    0xFF, 0xFF, 0x7F, 0xFE, 0x03, 0xFF, 0xFF, 0xFC, 0x00, 0xFF, 0xFF, 0xFE,
    0x00, 0x7F, 0xFF, 0xFE, 0x00, 0x1F, 0xFF, 0xFF, 0x00, 0x0F, 0xFF, 0xFF,
    0x00, 0x07, 0xFF, 0xFF, 0x80, 0x03, 0xFF, 0xFF, 0xC0, 0x01, 0xFF, 0xFF,
    0xE0, 0x00, 0xFF, 0xFF, 0xF0, 0x00, 0x7F, 0xFF, 0xF8, 0x00, 0x3F, 0xFF,
    0xFC, 0x00, 0x1F, 0xFF, 0xFE, 0x00, 0x0F, 0xFF, 0xFF, 0x00, 0x07, 0xFF,
    0xFF, 0x80, 0x03, 0xFF, 0xFF, 0xC0, 0x01, 0xFF, 0xFF, 0xE0, 0x00, 0xFF,
    0xFF, 0xF0, 0x00, 0x7F, 0xFF, 0xF8, 0x00, 0x3F, 0xFF, 0xFC, 0x00, 0x1F,
    0xFF, 0xFE, 0x00, 0x0F, 0xFF, 0xFF, 0x00, 0x07, 0xFF, 0xFF, 0x80, 0x03,
    0xFF, 0xFF, 0xC0, 0x01, 0xFF, 0xFF, 0xE0, 0x00, 0xFF, 0xFF, 0xF0, 0x00,
    0x7F, 0xFF, 0xF8, 0x00, 0x3F, 0xFF, 0xFC, 0x00, 0x1F, 0xFF, 0xFE, 0x00,
    0x0F, 0xFF, 0xFF, 0x00, 0x07, 0xFE, 0x00, 0x03, 0xFF, 0x80, 0x00, 0x00,
    0x3F, 0xFF, 0xE0, 0x00, 0x01, 0xFF, 0xFF, 0xF0, 0x00, 0x0F, 0xFF, 0xFF,
    0xF8, 0x00, 0x3F, 0xFF, 0xFF, 0xF8, 0x00, 0xFF, 0xFF, 0xFF, 0xF8, 0x03,
    0xFF, 0xFF, 0xFF, 0xF8, 0x07, 0xFF, 0xFF, 0xFF, 0xF0, 0x1F, 0xFF, 0x01,
    0xFF, 0xF0, 0x7F, 0xF8, 0x00, 0xFF, 0xE0, 0xFF, 0xE0, 0x00, 0xFF, 0xE1,
    0xFF, 0x80, 0x00, 0xFF, 0xC7, 0xFF, 0x00, 0x01, 0xFF, 0xCF, 0xFC, 0x00,
    0x01, 0xFF, 0x9F, 0xF8, 0x00, 0x03, 0xFF, 0x7F, 0xE0, 0x00, 0x03, 0xFF,
    0xFF, 0xC0, 0x00, 0x07, 0xFF, 0xFF, 0x80, 0x00, 0x0F, 0xFF, 0xFF, 0x00,
    0x00, 0x1F, 0xFF, 0xFE, 0x00, 0x00, 0x3F, 0xFF, 0xFC, 0x00, 0x00, 0x7F,
    0xFF, 0xF8, 0x00, 0x00, 0xFF, 0xFF, 0xF0, 0x00, 0x01, 0xFF, 0xFF, 0xE0,
    0x00, 0x03, 0xFF, 0xFF, 0xC0, 0x00, 0x07, 0xFE, 0xFF, 0xC0, 0x00, 0x1F,
    0xF9, 0xFF, 0x80, 0x00, 0x3F, 0xF3, 0xFF, 0x80, 0x00, 0xFF, 0xE7, 0xFF,
    0x00, 0x01, 0xFF, 0x87, 0xFF, 0x00, 0x07, 0xFF, 0x0F, 0xFF, 0x00, 0x1F,
    0xFE, 0x0F, 0xFF, 0x80, 0xFF, 0xF8, 0x0F, 0xFF, 0xFF, 0xFF, 0xE0, 0x1F,
    0xFF, 0xFF, 0xFF, 0xC0, 0x1F, 0xFF, 0xFF, 0xFF, 0x00, 0x1F, 0xFF, 0xFF,
    0xFC, 0x00, 0x1F, 0xFF, 0xFF, 0xF0, 0x00, 0x0F, 0xFF, 0xFF, 0x80, 0x00,
    0x07, 0xFF, 0xFC, 0x00, 0x00, 0x01, 0xFF, 0xC0, 0x00, 0x00, 0x00, 0x7F,
    0x80, 0x0F, 0xFC, 0x1F, 0xFE, 0x00, 0xFF, 0xC7, 0xFF, 0xF8, 0x0F, 0xFC,
    0xFF, 0xFF, 0xC0, 0xFF, 0xDF, 0xFF, 0xFE, 0x0F, 0xFF, 0xFF, 0xFF, 0xF0,
    0xFF, 0xFF, 0xFF, 0xFF, 0x8F, 0xFF, 0xFF, 0xFF, 0xF8, 0xFF, 0xFF, 0xFF,
    0xFF, 0xCF, 0xFF, 0xF0, 0xFF, 0xFC, 0xFF, 0xFC, 0x03, 0xFF, 0xEF, 0xFF,
    0x80, 0x1F, 0xFE, 0xFF, 0xF0, 0x00, 0xFF, 0xEF, 0xFE, 0x00, 0x07, 0xFE,
    0xFF, 0xE0, 0x00, 0x7F, 0xFF, 0xFE, 0x00, 0x07, 0xFF, 0xFF, 0xC0, 0x00,
    0x3F, 0xFF, 0xFC, 0x00, 0x03, 0xFF, 0xFF, 0xC0, 0x00, 0x3F, 0xFF, 0xFC,
    0x00, 0x03, 0xFF, 0xFF, 0xC0, 0x00, 0x3F, 0xFF, 0xFC, 0x00, 0x03, 0xFF,
    0xFF, 0xC0, 0x00, 0x3F, 0xFF, 0xFC, 0x00, 0x03, 0xFF, 0xFF, 0xC0, 0x00,
    0x3F, 0xFF, 0xFC, 0x00, 0x07, 0xFF, 0xFF, 0xE0, 0x00, 0x7F, 0xEF, 0xFE,
    0x00, 0x07, 0xFE, 0xFF, 0xF0, 0x00, 0xFF, 0xEF, 0xFF, 0x00, 0x1F, 0xFE,
    0xFF, 0xF8, 0x03, 0xFF, 0xCF, 0xFF, 0xE0, 0x7F, 0xFC, 0xFF, 0xFF, 0xFF,
    0xFF, 0x8F, 0xFF, 0xFF, 0xFF, 0xF8, 0xFF, 0xFF, 0xFF, 0xFF, 0x0F, 0xFD,
    0xFF, 0xFF, 0xE0, 0xFF, 0xCF, 0xFF, 0xFC, 0x0F, 0xFC, 0x7F, 0xFF, 0x80,
    0xFF, 0xC3, 0xFF, 0xE0, 0x0F, 0xFC, 0x07, 0xF0, 0x00, 0xFF, 0xC0, 0x00,
    0x00, 0x0F, 0xFC, 0x00, 0x00, 0x00, 0xFF, 0xC0, 0x00, 0x00, 0x0F, 0xFC,
    0x00, 0x00, 0x00, 0xFF, 0xC0, 0x00, 0x00, 0x0F, 0xFC, 0x00, 0x00, 0x00,
    0xFF, 0xC0, 0x00, 0x00, 0x0F, 0xFC, 0x00, 0x00, 0x00, 0xFF, 0xC0, 0x00,
    0x00, 0x0F, 0xFC, 0x00, 0x00, 0x00, 0xFF, 0xC0, 0x00, 0x00, 0x0F, 0xFC,
    0x00, 0x00, 0x00, 0xFF, 0xC0, 0x00, 0x00, 0x0F, 0xFC, 0x00, 0x00, 0x00,
    0x00, 0x0F, 0xE0, 0x00, 0x00, 0x07, 0xFF, 0x83, 0xFF, 0x00, 0xFF, 0xFE,
    0x3F, 0xF0, 0x3F, 0xFF, 0xF3, 0xFF, 0x07, 0xFF, 0xFF, 0xBF, 0xF0, 0x7F,
    0xFF, 0xFB, 0xFF, 0x0F, 0xFF, 0xFF, 0xFF, 0xF1, 0xFF, 0xFF, 0xFF, 0xFF,
    0x1F, 0xFF, 0xFF, 0xFF, 0xF3, 0xFF, 0xE0, 0x7F, 0xFF, 0x3F, 0xF8, 0x03,
    0xFF, 0xF7, 0xFF, 0x00, 0x1F, 0xFF, 0x7F, 0xF0, 0x00, 0xFF, 0xF7, 0xFE,
    0x00, 0x07, 0xFF, 0x7F, 0xE0, 0x00, 0x7F, 0xFF, 0xFE, 0x00, 0x07, 0xFF,
    0xFF, 0xC0, 0x00, 0x3F, 0xFF, 0xFC, 0x00, 0x03, 0xFF, 0xFF, 0xC0, 0x00,
    0x3F, 0xFF, 0xFC, 0x00, 0x03, 0xFF, 0xFF, 0xC0, 0x00, 0x3F, 0xFF, 0xFC,
    0x00, 0x03, 0xFF, 0xFF, 0xC0, 0x00, 0x3F, 0xFF, 0xFC, 0x00, 0x03, 0xFF,
    0xFF, 0xC0, 0x00, 0x3F, 0xFF, 0xFC, 0x00, 0x07, 0xFF, 0x7F, 0xE0, 0x00,
    0x7F, 0xF7, 0xFE, 0x00, 0x07, 0xFF, 0x7F, 0xF0, 0x00, 0xFF, 0xF7, 0xFF,
    0x00, 0x1F, 0xFF, 0x3F, 0xF8, 0x03, 0xFF, 0xF3, 0xFF, 0xE0, 0x7F, 0xFF,
    0x1F, 0xFF, 0xFF, 0xFF, 0xF1, 0xFF, 0xFF, 0xFF, 0xFF, 0x0F, 0xFF, 0xFF,
    0xFF, 0xF0, 0x7F, 0xFF, 0xFB, 0xFF, 0x03, 0xFF, 0xFF, 0xBF, 0xF0, 0x1F,
    0xFF, 0xE3, 0xFF, 0x00, 0x7F, 0xFC, 0x3F, 0xF0, 0x00, 0xFF, 0x03, 0xFF,
    0x00, 0x00, 0x00, 0x3F, 0xF0, 0x00, 0x00, 0x03, 0xFF, 0x00, 0x00, 0x00,
    0x3F, 0xF0, 0x00, 0x00, 0x03, 0xFF, 0x00, 0x00, 0x00, 0x3F, 0xF0, 0x00,
    0x00, 0x03, 0xFF, 0x00, 0x00, 0x00, 0x3F, 0xF0, 0x00, 0x00, 0x03, 0xFF,
    0x00, 0x00, 0x00, 0x3F, 0xF0, 0x00, 0x00, 0x03, 0xFF, 0x00, 0x00, 0x00,
    0x3F, 0xF0, 0x00, 0x00, 0x03, 0xFF, 0x00, 0x00, 0x00, 0x3F, 0xF0, 0x00,
    0x00, 0x03, 0xFF, 0x00, 0x00, 0x7F, 0xFE, 0x07, 0xFF, 0xF8, 0x7F, 0xFF,
    0xE3, 0xFF, 0xFF, 0x9F, 0xFF, 0xFE, 0x7F, 0xFF, 0xFB, 0xFF, 0xFF, 0xFF,
    0xFF, 0xFF, 0xFF, 0xFF, 0xFF, 0xFF, 0xFF, 0xFF, 0xF0, 0x3F, 0xFE, 0x00,
    0xFF, 0xF0, 0x03, 0xFF, 0x80, 0x0F, 0xFE, 0x00, 0x3F, 0xF8, 0x00, 0xFF,
    0xC0, 0x03, 0xFF, 0x00, 0x0F, 0xFC, 0x00, 0x3F, 0xF0, 0x00, 0xFF, 0xC0,
    0x03, 0xFF, 0x00, 0x0F, 0xFC, 0x00, 0x3F, 0xF0, 0x00, 0xFF, 0xC0, 0x03,
    0xFF, 0x00, 0x0F, 0xFC, 0x00, 0x3F, 0xF0, 0x00, 0xFF, 0xC0, 0x03, 0xFF,
    0x00, 0x0F, 0xFC, 0x00, 0x3F, 0xF0, 0x00, 0xFF, 0xC0, 0x03, 0xFF, 0x00,
    0x0F, 0xFC, 0x00, 0x3F, 0xF0, 0x00, 0xFF, 0xC0, 0x03, 0xFF, 0x00, 0x0F,
    0xFC, 0x00, 0x00, 0x00, 0x0F, 0xFC, 0x00, 0x00, 0x0F, 0xFF, 0xF8, 0x00,
    0x07, 0xFF, 0xFF, 0xC0, 0x01, 0xFF, 0xFF, 0xFC, 0x00, 0x7F, 0xFF, 0xFF,
    0xC0, 0x1F, 0xFF, 0xFF, 0xFC, 0x07, 0xFF, 0xFF, 0xFF, 0xC0, 0xFF, 0xFF,
    0xFF, 0xF8, 0x3F, 0xFC, 0x0F, 0xFF, 0x87, 0xFE, 0x00, 0x7F, 0xF0, 0xFF,
    0xC0, 0x07, 0xFE, 0x3F, 0xF0, 0x00, 0x7F, 0xE7, 0xFF, 0x00, 0x0F, 0xFC,
    0xFF, 0xE0, 0x00, 0x00, 0x0F, 0xFF, 0x80, 0x00, 0x01, 0xFF, 0xFF, 0x00,
    0x00, 0x3F, 0xFF, 0xFE, 0x00, 0x03, 0xFF, 0xFF, 0xFC, 0x00, 0x7F, 0xFF,
    0xFF, 0xE0, 0x07, 0xFF, 0xFF, 0xFF, 0x00, 0x3F, 0xFF, 0xFF, 0xF0, 0x01,
    0xFF, 0xFF, 0xFF, 0x00, 0x07, 0xFF, 0xFF, 0xE0, 0x00, 0x1F, 0xFF, 0xFE,
    0x00, 0x00, 0x3F, 0xFF, 0xC0, 0x00, 0x00, 0x7F, 0xFF, 0xFF, 0x00, 0x03,
    0xFF, 0xFF, 0xF0, 0x00, 0x3F, 0xFF, 0xFE, 0x00, 0x07, 0xFE, 0xFF, 0xC0,
    0x00, 0xFF, 0xDF, 0xFC, 0x00, 0x3F, 0xF3, 0xFF, 0xE0, 0x1F, 0xFE, 0x3F,
    0xFF, 0xFF, 0xFF, 0xC7, 0xFF, 0xFF, 0xFF, 0xF0, 0x7F, 0xFF, 0xFF, 0xFE,
    0x07, 0xFF, 0xFF, 0xFF, 0x80, 0x7F, 0xFF, 0xFF, 0xE0, 0x07, 0xFF, 0xFF,
    0xF0, 0x00, 0x3F, 0xFF, 0xF8, 0x00, 0x00, 0x7F, 0xF8, 0x00, 0x07, 0xFE,
    0x00, 0x3F, 0xF0, 0x01, 0xFF, 0x80, 0x0F, 0xFC, 0x00, 0x7F, 0xE0, 0x03,
    0xFF, 0x00, 0x1F, 0xF8, 0x00, 0xFF, 0xC0, 0x07, 0xFE, 0x00, 0x3F, 0xF0,
    0x01, 0xFF, 0x81, 0xFF, 0xFF, 0xFF, 0xFF, 0xFF, 0xFF, 0xFF, 0xFF, 0xFF,
    0xFF, 0xFF, 0xFF, 0xFF, 0xFF, 0xFF, 0xFF, 0xFF, 0xFF, 0xC1, 0xFF, 0x80,
    0x0F, 0xFC, 0x00, 0x7F, 0xE0, 0x03, 0xFF, 0x00, 0x1F, 0xF8, 0x00, 0xFF,
    0xC0, 0x07, 0xFE, 0x00, 0x3F, 0xF0, 0x01, 0xFF, 0x80, 0x0F, 0xFC, 0x00,
    0x7F, 0xE0, 0x03, 0xFF, 0x00, 0x1F, 0xF8, 0x00, 0xFF, 0xC0, 0x07, 0xFE,
    0x00, 0x3F, 0xF0, 0x01, 0xFF, 0x80, 0x0F, 0xFC, 0x00, 0x7F, 0xE0, 0x03,
    0xFF, 0x00, 0x1F, 0xF8, 0x00, 0xFF, 0xC0, 0x07, 0xFF, 0x00, 0x3F, 0xFF,
    0xC1, 0xFF, 0xFE, 0x0F, 0xFF, 0xF0, 0x3F, 0xFF, 0x81, 0xFF, 0xFC, 0x03,
    0xFF, 0xE0, 0x07, 0xFF, 0xFF, 0xC0, 0x00, 0xFF, 0xFF, 0xF0, 0x00, 0x3F,
    0xFF, 0xFC, 0x00, 0x0F, 0xFF, 0xFF, 0x00, 0x03, 0xFF, 0xFF, 0xC0, 0x00,
    0xFF, 0xFF, 0xF0, 0x00, 0x3F, 0xFF, 0xFC, 0x00, 0x0F, 0xFF, 0xFF, 0x00,
    0x03, 0xFF, 0xFF, 0xC0, 0x00, 0xFF, 0xFF, 0xF0, 0x00, 0x3F, 0xFF, 0xFC,
    0x00, 0x0F, 0xFF, 0xFF, 0x00, 0x03, 0xFF, 0xFF, 0xC0, 0x00, 0xFF, 0xFF,
    0xF0, 0x00, 0x3F, 0xFF, 0xFC, 0x00, 0x0F, 0xFF, 0xFF, 0x00, 0x03, 0xFF,
    0xFF, 0xC0, 0x00, 0xFF, 0xFF, 0xF0, 0x00, 0x3F, 0xFF, 0xFC, 0x00, 0x0F,
    0xFF, 0xFF, 0x00, 0x03, 0xFF, 0xFF, 0xC0, 0x00, 0xFF, 0xFF, 0xF0, 0x00,
    0x3F, 0xFF, 0xFC, 0x00, 0x0F, 0xFF, 0xFF, 0x00, 0x03, 0xFF, 0xFF, 0xC0,
    0x00, 0xFF, 0xFF, 0xF0, 0x00, 0x7F, 0xFF, 0xFC, 0x00, 0x1F, 0xFF, 0xFF,
    0x80, 0x07, 0xFF, 0xFF, 0xE0, 0x03, 0xFF, 0xDF, 0xFC, 0x01, 0xFF, 0xF7,
    0xFF, 0x81, 0xFF, 0xFD, 0xFF, 0xFF, 0xFF, 0xFF, 0x7F, 0xFF, 0xFF, 0xFF,
    0xCF, 0xFF, 0xFF, 0xFF, 0xF3, 0xFF, 0xFF, 0xEF, 0xFC, 0x7F, 0xFF, 0xF3,
    0xFF, 0x0F, 0xFF, 0xF8, 0xFF, 0xC0, 0xFF, 0xF8, 0x3F, 0xF0, 0x0F, 0xF8,
    0x00, 0x00, 0xFF, 0xE0, 0x00, 0x1F, 0xFF, 0xFF, 0x80, 0x00, 0xFF, 0xE7,
    0xFF, 0x00, 0x03, 0xFF, 0x9F, 0xFC, 0x00, 0x0F, 0xFC, 0x3F, 0xF0, 0x00,
    0x3F, 0xF0, 0xFF, 0xE0, 0x01, 0xFF, 0xC3, 0xFF, 0x80, 0x07, 0xFE, 0x07,
    0xFE, 0x00, 0x1F, 0xF8, 0x1F, 0xF8, 0x00, 0xFF, 0xC0, 0x7F, 0xF0, 0x03,
    0xFF, 0x00, 0xFF, 0xC0, 0x0F, 0xFC, 0x03, 0xFF, 0x00, 0x3F, 0xE0, 0x0F,
    0xFE, 0x01, 0xFF, 0x80, 0x1F, 0xF8, 0x07, 0xFE, 0x00, 0x7F, 0xE0, 0x1F,
    0xF0, 0x01, 0xFF, 0x80, 0xFF, 0xC0, 0x03, 0xFF, 0x03, 0xFF, 0x00, 0x0F,
    0xFC, 0x0F, 0xF8, 0x00, 0x3F, 0xF0, 0x3F, 0xE0, 0x00, 0x7F, 0xC1, 0xFF,
    0x80, 0x01, 0xFF, 0x87, 0xFC, 0x00, 0x03, 0xFE, 0x1F, 0xF0, 0x00, 0x0F,
    0xF8, 0xFF, 0x80, 0x00, 0x3F, 0xF3, 0xFE, 0x00, 0x00, 0x7F, 0xCF, 0xF8,
    0x00, 0x01, 0xFF, 0x3F, 0xC0, 0x00, 0x07, 0xFD, 0xFF, 0x00, 0x00, 0x0F,
    0xFF, 0xFC, 0x00, 0x00, 0x3F, 0xFF, 0xE0, 0x00, 0x00, 0xFF, 0xFF, 0x80,
    0x00, 0x01, 0xFF, 0xFE, 0x00, 0x00, 0x07, 0xFF, 0xF0, 0x00, 0x00, 0x1F,
    0xFF, 0xC0, 0x00, 0x00, 0x3F, 0xFF, 0x00, 0x00, 0x00, 0xFF, 0xF8, 0x00,
    0x00, 0x01, 0xFF, 0xE0, 0x00, 0x00, 0x07, 0xFF, 0x00, 0x00, 0x00, 0x1F,
    0xFC, 0x00, 0x00, 0xFF, 0xE0, 0x03, 0xFF, 0x80, 0x0F, 0xFD, 0xFF, 0x80,
    0x0F, 0xFE, 0x00, 0x3F, 0xF7, 0xFF, 0x00, 0x3F, 0xF8, 0x00, 0xFF, 0xDF,
    0xFC, 0x00, 0xFF, 0xE0, 0x07, 0xFE, 0x3F, 0xF0, 0x03, 0xFF, 0x80, 0x1F,
    0xF8, 0xFF, 0xC0, 0x1F, 0xFF, 0x00, 0x7F, 0xE3, 0xFF, 0x80, 0x7F, 0xFC,
    0x01, 0xFF, 0x87, 0xFE, 0x01, 0xFF, 0xF0, 0x0F, 0xFC, 0x1F, 0xF8, 0x07,
    0xFF, 0xC0, 0x3F, 0xF0, 0x7F, 0xE0, 0x1F, 0xFF, 0x00, 0xFF, 0xC1, 0xFF,
    0x80, 0xFF, 0xFE, 0x03, 0xFE, 0x03, 0xFF, 0x03, 0xFB, 0xF8, 0x0F, 0xF8,
    0x0F, 0xFC, 0x0F, 0xEF, 0xE0, 0x7F, 0xE0, 0x3F, 0xF0, 0x3F, 0xBF, 0x81,
    0xFF, 0x80, 0x7F, 0xC0, 0xFC, 0xFF, 0x07, 0xFC, 0x01, 0xFF, 0x07, 0xF3,
    0xFC, 0x1F, 0xF0, 0x07, 0xFE, 0x1F, 0xC7, 0xF0, 0x7F, 0xC0, 0x1F, 0xF8,
    0x7F, 0x1F, 0xC3, 0xFE, 0x00, 0x3F, 0xE1, 0xFC, 0x7F, 0x0F, 0xF8, 0x00,
    0xFF, 0x87, 0xE1, 0xFE, 0x3F, 0xE0, 0x03, 0xFF, 0x3F, 0x83, 0xF8, 0xFF,
    0x80, 0x0F, 0xFC, 0xFE, 0x0F, 0xE7, 0xFC, 0x00, 0x1F, 0xF3, 0xF8, 0x3F,
    0x9F, 0xF0, 0x00, 0x7F, 0xCF, 0xE0, 0xFE, 0x7F, 0xC0, 0x01, 0xFF, 0x3F,
    0x03, 0xFD, 0xFE, 0x00, 0x03, 0xFF, 0xFC, 0x07, 0xF7, 0xF8, 0x00, 0x0F,
    0xFF, 0xF0, 0x1F, 0xFF, 0xE0, 0x00, 0x3F, 0xFF, 0xC0, 0x7F, 0xFF, 0x00,
    0x00, 0xFF, 0xFE, 0x01, 0xFF, 0xFC, 0x00, 0x01, 0xFF, 0xF8, 0x07, 0xFF,
    0xF0, 0x00, 0x07, 0xFF, 0xE0, 0x0F, 0xFF, 0xC0, 0x00, 0x1F, 0xFF, 0x80,
    0x3F, 0xFE, 0x00, 0x00, 0x3F, 0xFE, 0x00, 0xFF, 0xF8, 0x00, 0x00, 0xFF,
    0xF0, 0x03, 0xFF, 0xE0, 0x00, 0x03, 0xFF, 0xC0, 0x07, 0xFF, 0x00, 0x00,
    0x0F, 0xFF, 0x00, 0x1F, 0xFC, 0x00, 0x00, 0x1F, 0xFC, 0x00, 0x7F, 0xF0,
    0x00, 0x00, 0x7F, 0xE0, 0x01, 0xFF, 0xC0, 0x00, 0xFF, 0xF8, 0x00, 0x7F,
    0xFB, 0xFF, 0xC0, 0x07, 0xFF, 0x8F, 0xFF, 0x00, 0x3F, 0xF8, 0x3F, 0xF8,
    0x03, 0xFF, 0xC1, 0xFF, 0xE0, 0x1F, 0xFC, 0x07, 0xFF, 0x81, 0xFF, 0xC0,
    0x1F, 0xFC, 0x0F, 0xFE, 0x00, 0xFF, 0xF0, 0xFF, 0xE0, 0x03, 0xFF, 0x8F,
    0xFE, 0x00, 0x0F, 0xFE, 0x7F, 0xF0, 0x00, 0x7F, 0xF7, 0xFF, 0x00, 0x01,
    0xFF, 0xFF, 0xF0, 0x00, 0x07, 0xFF, 0xFF, 0x80, 0x00, 0x3F, 0xFF, 0xF8,
    0x00, 0x00, 0xFF, 0xFF, 0x80, 0x00, 0x03, 0xFF, 0xFC, 0x00, 0x00, 0x1F,
    0xFF, 0xC0, 0x00, 0x00, 0x7F, 0xFC, 0x00, 0x00, 0x01, 0xFF, 0xE0, 0x00,
    0x00, 0x1F, 0xFF, 0x00, 0x00, 0x00, 0xFF, 0xFC, 0x00, 0x00, 0x0F, 0xFF,
    0xE0, 0x00, 0x00, 0xFF, 0xFF, 0x80, 0x00, 0x07, 0xFF, 0xFE, 0x00, 0x00,
    0x7F, 0xFF, 0xF0, 0x00, 0x07, 0xFF, 0xFF, 0xC0, 0x00, 0x3F, 0xFF, 0xFF,
    0x00, 0x03, 0xFF, 0xBF, 0xF8, 0x00, 0x3F, 0xF8, 0xFF, 0xE0, 0x01, 0xFF,
    0xC7, 0xFF, 0x80, 0x1F, 0xFC, 0x1F, 0xFC, 0x01, 0xFF, 0xE0, 0xFF, 0xF0,
    0x0F, 0xFE, 0x03, 0xFF, 0xC0, 0xFF, 0xF0, 0x1F, 0xFE, 0x0F, 0xFF, 0x00,
    0x7F, 0xF8, 0x7F, 0xF0, 0x01, 0xFF, 0xE7, 0xFF, 0x80, 0x0F, 0xFF, 0x7F,
    0xF8, 0x00, 0x3F, 0xFC, 0xFF, 0xE0, 0x00, 0x1F, 0xFF, 0xFF, 0x00, 0x01,
    0xFF, 0xDF, 0xF8, 0x00, 0x0F, 0xFC, 0xFF, 0xE0, 0x00, 0x7F, 0xE7, 0xFF,
    0x00, 0x07, 0xFF, 0x1F, 0xF8, 0x00, 0x3F, 0xF0, 0xFF, 0xE0, 0x01, 0xFF,
    0x87, 0xFF, 0x00, 0x0F, 0xFC, 0x1F, 0xF8, 0x00, 0xFF, 0xC0, 0xFF, 0xE0,
    0x07, 0xFE, 0x07, 0xFF, 0x00, 0x3F, 0xF0, 0x1F, 0xF8, 0x01, 0xFF, 0x00,
    0xFF, 0xC0, 0x1F, 0xF8, 0x07, 0xFF, 0x00, 0xFF, 0xC0, 0x1F, 0xF8, 0x07,
    0xFC, 0x00, 0xFF, 0xC0, 0x7F, 0xE0, 0x03, 0xFF, 0x03, 0xFF, 0x00, 0x1F,
    0xF8, 0x1F, 0xF0, 0x00, 0xFF, 0xC0, 0xFF, 0x80, 0x03, 0xFF, 0x0F, 0xF8,
    0x00, 0x1F, 0xF8, 0x7F, 0xC0, 0x00, 0xFF, 0xC3, 0xFE, 0x00, 0x03, 0xFE,
    0x3F, 0xE0, 0x00, 0x1F, 0xF9, 0xFF, 0x00, 0x00, 0xFF, 0xCF, 0xF8, 0x00,
    0x03, 0xFE, 0x7F, 0x80, 0x00, 0x1F, 0xFF, 0xFC, 0x00, 0x00, 0xFF, 0xFF,
    0xE0, 0x00, 0x03, 0xFF, 0xFE, 0x00, 0x00, 0x1F, 0xFF, 0xF0, 0x00, 0x00,
    0xFF, 0xFF, 0x80, 0x00, 0x03, 0xFF, 0xF8, 0x00, 0x00, 0x1F, 0xFF, 0xC0,
    0x00, 0x00, 0x7F, 0xFE, 0x00, 0x00, 0x03, 0xFF, 0xE0, 0x00, 0x00, 0x1F,
    0xFF, 0x00, 0x00, 0x00, 0x7F, 0xF8, 0x00, 0x00, 0x03, 0xFF, 0x80, 0x00,
    0x00, 0x1F, 0xFC, 0x00, 0x00, 0x00, 0x7F, 0xC0, 0x00, 0x00, 0x07, 0xFE,
    0x00, 0x00, 0x00, 0x3F, 0xF0, 0x00, 0x00, 0x01, 0xFF, 0x00, 0x00, 0x00,
    0x1F, 0xF8, 0x00, 0x00, 0x01, 0xFF, 0x80, 0x00, 0x03, 0xFF, 0xFC, 0x00,
    0x00, 0x1F, 0xFF, 0xE0, 0x00, 0x00, 0xFF, 0xFE, 0x00, 0x00, 0x07, 0xFF,
    0xF0, 0x00, 0x00, 0x3F, 0xFF, 0x00, 0x00, 0x01, 0xFF, 0xF0, 0x00, 0x00,
    0x0F, 0xFF, 0x00, 0x00, 0x00, 0x7F, 0xC0, 0x00, 0x00, 0x00, 0x7F, 0xFF,
    0xFF, 0xFF, 0x3F, 0xFF, 0xFF, 0xFF, 0x9F, 0xFF, 0xFF, 0xFF, 0xCF, 0xFF,
    0xFF, 0xFF, 0xE7, 0xFF, 0xFF, 0xFF, 0xF3, 0xFF, 0xFF, 0xFF, 0xF9, 0xFF,
    0xFF, 0xFF, 0xFC, 0xFF, 0xFF, 0xFF, 0xFE, 0x00, 0x00, 0x1F, 0xFF, 0x00,
    0x00, 0x1F, 0xFF, 0x00, 0x00, 0x1F, 0xFF, 0x00, 0x00, 0x1F, 0xFF, 0x00,
    0x00, 0x0F, 0xFF, 0x00, 0x00, 0x0F, 0xFF, 0x80, 0x00, 0x0F, 0xFF, 0x80,
    0x00, 0x0F, 0xFF, 0x80, 0x00, 0x0F, 0xFF, 0x80, 0x00, 0x0F, 0xFF, 0x80,
    0x00, 0x0F, 0xFF, 0x80, 0x00, 0x0F, 0xFF, 0x80, 0x00, 0x07, 0xFF, 0x80,
    0x00, 0x07, 0xFF, 0x80, 0x00, 0x07, 0xFF, 0xC0, 0x00, 0x07, 0xFF, 0xC0,
    0x00, 0x07, 0xFF, 0xC0, 0x00, 0x07, 0xFF, 0xC0, 0x00, 0x07, 0xFF, 0xC0,
    0x00, 0x03, 0xFF, 0xC0, 0x00, 0x03, 0xFF, 0xC0, 0x00, 0x03, 0xFF, 0xC0,
    0x00, 0x03, 0xFF, 0xFF, 0xFF, 0xFF, 0xFF, 0xFF, 0xFF, 0xFF, 0xFF, 0xFF,
    0xFF, 0xFF, 0xFF, 0xFF, 0xFF, 0xFF, 0xFF, 0xFF, 0xFF, 0xFF, 0xFF, 0xFF,
    0xFF, 0xFF, 0xFF, 0xFF, 0xFF, 0xFF, 0xFF, 0xFF, 0xFF, 0xFF, 0xFC, 0x00,
    0x03, 0xFC, 0x00, 0x3F, 0xF0, 0x01, 0xFF, 0xC0, 0x0F, 0xFF, 0x00, 0x7F,
    0xFC, 0x03, 0xFF, 0xC0, 0x0F, 0xFC, 0x00, 0x3F, 0xE0, 0x01, 0xFF, 0x80,
    0x07, 0xFC, 0x00, 0x1F, 0xF0, 0x00, 0x7F, 0xC0, 0x01, 0xFF, 0x00, 0x07,
    0xFC, 0x00, 0x1F, 0xF0, 0x00, 0x7F, 0xC0, 0x01, 0xFF, 0x00, 0x07, 0xFC,
    0x00, 0x1F, 0xF0, 0x00, 0x7F, 0xC0, 0x01, 0xFF, 0x00, 0x07, 0xFC, 0x00,
    0x1F, 0xF0, 0x00, 0x7F, 0xC0, 0x01, 0xFF, 0x00, 0x0F, 0xF8, 0x00, 0x3F,
    0xE0, 0x01, 0xFF, 0x80, 0x0F, 0xFC, 0x00, 0xFF, 0xE0, 0x0F, 0xFF, 0x00,
    0x3F, 0xF8, 0x00, 0xFF, 0x80, 0x03, 0xFF, 0x00, 0x0F, 0xFF, 0x00, 0x0F,
    0xFE, 0x00, 0x0F, 0xFC, 0x00, 0x1F, 0xF8, 0x00, 0x3F, 0xE0, 0x00, 0xFF,
    0x80, 0x01, 0xFF, 0x00, 0x07, 0xFC, 0x00, 0x1F, 0xF0, 0x00, 0x7F, 0xC0,
    0x01, 0xFF, 0x00, 0x07, 0xFC, 0x00, 0x1F, 0xF0, 0x00, 0x7F, 0xC0, 0x01,
    0xFF, 0x00, 0x07, 0xFC, 0x00, 0x1F, 0xF0, 0x00, 0x7F, 0xC0, 0x01, 0xFF,
    0x00, 0x07, 0xFC, 0x00, 0x1F, 0xF0, 0x00, 0x7F, 0xC0, 0x01, 0xFF, 0x80,
    0x07, 0xFE, 0x00, 0x0F, 0xFC, 0x00, 0x3F, 0xF8, 0x00, 0xFF, 0xFC, 0x01,
    0xFF, 0xF0, 0x03, 0xFF, 0xC0, 0x03, 0xFF, 0x00, 0x07, 0xFC, 0x00, 0x03,
    0xF0, 0xFF, 0xFF, 0xFF, 0xFF, 0xFF, 0xFF, 0xFF, 0xFF, 0xFF, 0xFF, 0xFF,
    0xFF, 0xFF, 0xFF, 0xFF, 0xFF, 0xFF, 0xFF, 0xFF, 0xFF, 0xFF, 0xFF, 0xFF,
    0xFF, 0xFF, 0xFF, 0xFF, 0xFF, 0xFF, 0xFF, 0xFF, 0xFF, 0xFF, 0xFF, 0xFF,
    0xFF, 0xFF, 0xFF, 0xFF, 0xFF, 0xFF, 0xFF, 0xFF, 0xFF, 0xFF, 0xFF, 0xFF,
    0xFF, 0xFF, 0xFF, 0xFF, 0xFF, 0xFF, 0xFF, 0xFF, 0xFF, 0xFF, 0xFF, 0xF0,
    0xFE, 0x00, 0x07, 0xFC, 0x00, 0x3F, 0xF0, 0x01, 0xFF, 0xC0, 0x0F, 0xFF,
    0x00, 0x3F, 0xFC, 0x00, 0x7F, 0xE0, 0x01, 0xFF, 0x00, 0x0F, 0xFC, 0x00,
    0x3F, 0xE0, 0x01, 0xFF, 0x00, 0x0F, 0xF8, 0x00, 0x7F, 0xC0, 0x03, 0xFE,
    0x00, 0x1F, 0xF0, 0x00, 0xFF, 0x80, 0x07, 0xFC, 0x00, 0x3F, 0xE0, 0x01,
    0xFF, 0x00, 0x0F, 0xF8, 0x00, 0x7F, 0xC0, 0x03, 0xFE, 0x00, 0x1F, 0xF0,
    0x00, 0xFF, 0x80, 0x07, 0xFC, 0x00, 0x1F, 0xF0, 0x00, 0xFF, 0x80, 0x07,
    0xFE, 0x00, 0x1F, 0xF8, 0x00, 0x7F, 0xF0, 0x01, 0xFF, 0xE0, 0x07, 0xFF,
    0x00, 0x0F, 0xF8, 0x00, 0xFF, 0xC0, 0x1F, 0xFE, 0x01, 0xFF, 0xC0, 0x1F,
    0xF8, 0x01, 0xFF, 0x80, 0x0F, 0xF8, 0x00, 0x7F, 0xC0, 0x07, 0xFC, 0x00,
    0x3F, 0xE0, 0x01, 0xFF, 0x00, 0x0F, 0xF8, 0x00, 0x7F, 0xC0, 0x03, 0xFE,
    0x00, 0x1F, 0xF0, 0x00, 0xFF, 0x80, 0x07, 0xFC, 0x00, 0x3F, 0xE0, 0x01,
    0xFF, 0x00, 0x0F, 0xF8, 0x00, 0x7F, 0xC0, 0x03, 0xFE, 0x00, 0x1F, 0xF0,
    0x00, 0xFF, 0x80, 0x0F, 0xFC, 0x00, 0x7F, 0xE0, 0x07, 0xFE, 0x00, 0x7F,
    0xF0, 0x0F, 0xFF, 0x80, 0x7F, 0xF8, 0x03, 0xFF, 0x80, 0x1F, 0xF0, 0x00,
    0xFF, 0x00, 0x07, 0x80, 0x00, 0x00, 0x00, 0x00, 0x00, 0x00, 0x0F, 0xC0,
    0x3F, 0xE0, 0x00, 0x03, 0xF0, 0x3F, 0xFE, 0x00, 0x01, 0xFC, 0x1F, 0xFF,
    0xF0, 0x00, 0x7F, 0x0F, 0xFF, 0xFF, 0x80, 0x3F, 0x83, 0xFF, 0xFF, 0xFC,
    0x1F, 0xE1, 0xFF, 0xFF, 0xFF, 0xFF, 0xF8, 0xFF, 0xFF, 0xFF, 0xFF, 0xFC,
    0x3F, 0xFF, 0xFF, 0xFF, 0xFF, 0x0F, 0xFF, 0xFF, 0xFF, 0xFF, 0x87, 0xFC,
    0x1F, 0xFF, 0xFF, 0xE1, 0xFC, 0x00, 0xFF, 0xFF, 0xF0, 0x7F, 0x00, 0x0F,
    0xFF, 0xF8, 0x1F, 0x80, 0x00, 0x7F, 0xFC, 0x0F, 0xE0, 0x00, 0x03, 0xFE,
    0x03, 0xF0, 0x00, 0x00, 0x00, 0x00,
};

const GFXglyph HelvBold36pt7bGlyphs[] PROGMEM = {
    {0, 1, 1, 20, 0, -1},  // 0x20 '\x20'
    {1, 11, 51, 24, 8, -51},  // 0x21 '!'
    {72, 23, 21, 34, 6, -51},  // 0x22 '"'
    {133, 39, 50, 39, 0, -50},  // 0x23 '#'
    {377, 35, 63, 39, 2, -55},  // 0x24 '$'
    {653, 59, 51, 63, 2, -50},  // 0x25 '%'
    {1030, 46, 52, 51, 4, -51},  // 0x26 '&'
    {1329, 9, 21, 17, 4, -51},  // 0x27 '''
    {1353, 20, 66, 24, 3, -52},  // 0x28 '('
    {1518, 20, 66, 24, 1, -52},  // 0x29 ')'
    {1683, 24, 23, 28, 2, -51},  // 0x2A '*'
    {1752, 37, 37, 41, 3, -37},  // 0x2B '+'
    {1924, 11, 22, 20, 4, -10},  // 0x2C ','
    {1955, 20, 9, 24, 2, -24},  // 0x2D '-'
    {1978, 11, 10, 20, 4, -10},  // 0x2E '.'
    {1992, 28, 53, 20, -4, -53},  // 0x2F '/'
    {2178, 34, 52, 39, 2, -51},  // 0x30 '0'
    {2399, 22, 51, 39, 5, -51},  // 0x31 '1'
    {2540, 35, 50, 39, 2, -50},  // 0x32 '2'
    {2759, 34, 51, 39, 2, -50},  // 0x33 '3'
    {2976, 36, 50, 40, 2, -50},  // 0x34 '4'
    {3201, 34, 50, 39, 2, -49},  // 0x35 '5'
    {3414, 35, 52, 40, 2, -51},  // 0x36 '6'
    {3642, 35, 50, 39, 2, -50},  // 0x37 '7'
    {3861, 35, 52, 40, 2, -51},  // 0x38 '8'
    {4089, 35, 52, 39, 2, -51},  // 0x39 '9'
    {4317, 11, 36, 24, 8, -36},  // 0x3A ':'
    {4367, 11, 48, 24, 8, -36},  // 0x3B ';'
    {4433, 41, 40, 41, 1, -39},  // 0x3C '<'
    {4638, 37, 25, 41, 3, -31},  // 0x3D '='
    {4754, 41, 40, 41, 1, -39},  // 0x3E '>'
    {4959, 35, 52, 43, 4, -52},  // 0x3F '?'
    {5187, 56, 54, 69, 7, -53},  // 0x40 '@'
    {5565, 48, 51, 51, 2, -51},  // 0x41 'A'
    {5871, 42, 51, 51, 6, -51},  // 0x42 'B'
    {6139, 46, 53, 51, 3, -52},  // 0x43 'C'
    {6444, 43, 51, 51, 5, -51},  // 0x44 'D'
    {6719, 38, 51, 47, 6, -51},  // 0x45 'E'
    {6962, 37, 51, 43, 5, -51},  // 0x46 'F'
    {7198, 48, 53, 55, 3, -52},  // 0x47 'G'
    {7516, 41, 51, 51, 5, -51},  // 0x48 'H'
    {7778, 11, 51, 20, 4, -51},  // 0x49 'I'
    {7849, 32, 52, 39, 2, -51},  // 0x4A 'J'
    {8057, 46, 51, 51, 5, -51},  // 0x4B 'K'
    {8351, 36, 51, 43, 5, -51},  // 0x4C 'L'
    {8581, 49, 51, 59, 5, -51},  // 0x4D 'M'
    {8894, 41, 51, 51, 5, -51},  // 0x4E 'N'
    {9156, 50, 54, 56, 3, -53},  // 0x4F 'O'
    {9494, 38, 51, 47, 6, -51},  // 0x50 'P'
    {9737, 48, 56, 55, 4, -53},  // 0x51 'Q'
    {10073, 42, 51, 51, 6, -51},  // 0x52 'R'
    {10341, 42, 54, 47, 3, -53},  // 0x53 'S'
    {10625, 41, 51, 43, 1, -51},  // 0x54 'T'
    {10887, 41, 52, 51, 5, -51},  // 0x55 'U'
    {11154, 44, 51, 47, 2, -51},  // 0x56 'V'
    {11435, 65, 51, 67, 1, -51},  // 0x57 'W'
    {11850, 45, 51, 47, 1, -51},  // 0x58 'X'
    {12137, 46, 51, 47, 1, -51},  // 0x59 'Y'
    {12431, 40, 51, 43, 2, -51},  // 0x5A 'Z'
    {12686, 17, 66, 24, 5, -52},  // 0x5B '['
    {12827, 28, 53, 20, -4, -53},  // 0x5C '\x5c'
    {13013, 17, 66, 24, 2, -52},  // 0x5D ']'
    {13154, 33, 31, 41, 5, -51},  // 0x5E '^'
    {13282, 39, 4, 39, 0, 5},  // 0x5F '_'
    {13302, 18, 10, 24, -2, -53},  // 0x60 '`'
    {13325, 35, 40, 39, 2, -39},  // 0x61 'a'
    {13500, 37, 52, 43, 4, -51},  // 0x62 'b'
    {13741, 35, 40, 39, 3, -39},  // 0x63 'c'
    {13916, 37, 52, 43, 2, -51},  // 0x64 'd'
    {14157, 36, 40, 39, 2, -39},  // 0x65 'e'
    {14337, 21, 52, 24, 1, -52},  // 0x66 'f'
    {14474, 36, 54, 43, 2, -39},  // 0x67 'g'
    {14717, 33, 51, 43, 5, -51},  // 0x68 'h'
    {14928, 10, 51, 20, 5, -51},  // 0x69 'i'
    {14992, 15, 66, 20, 0, -51},  // 0x6A 'j'
    {15116, 35, 51, 39, 4, -51},  // 0x6B 'k'
    {15340, 10, 51, 20, 5, -51},  // 0x6C 'l'
    {15404, 55, 39, 63, 4, -39},  // 0x6D 'm'
    {15673, 33, 39, 43, 5, -39},  // 0x6E 'n'
    {15834, 39, 40, 43, 2, -39},  // 0x6F 'o'
    {16029, 36, 54, 43, 4, -39},  // 0x70 'p'
    {16272, 36, 54, 43, 2, -39},  // 0x71 'q'
    {16515, 22, 39, 28, 4, -39},  // 0x72 'r'
    {16623, 35, 40, 39, 2, -39},  // 0x73 's'
    {16798, 21, 48, 24, 1, -48},  // 0x74 't'
    {16924, 34, 39, 43, 4, -38},  // 0x75 'u'
    {17090, 38, 38, 39, 1, -38},  // 0x76 'v'
    {17271, 54, 38, 55, 0, -38},  // 0x77 'w'
    {17528, 37, 38, 39, 1, -38},  // 0x78 'x'
    {17704, 37, 53, 39, 1, -38},  // 0x79 'y'
    {17950, 33, 38, 36, 1, -38},  // 0x7A 'z'
    {18107, 22, 66, 28, 0, -52},  // 0x7B '{'
    {18289, 9, 52, 20, 4, -52},  // 0x7C '|'
    {18348, 21, 66, 28, 2, -52},  // 0x7D '}'
    {18522, 42, 16, 41, 0, -27}};  // 0x7E '~'

const GFXfont HelvBold36pt7b PROGMEM = {(uint8_t *)HelvBold36pt7bBitmaps,
                                        (GFXglyph *)HelvBold36pt7bGlyphs, 0x20,
                                        0x7E, 71};

// Approx. 19196 bytes
