#pragma once
// ============================================================
// Helv36pt7b — Helvetica Regular 36pt @141dpi 点阵表（Adafruit GFX 格式）
// 生成：python3 tools/gen_gfx_font.py /System/Library/Fonts/Helvetica.ttc 0 36 <out.h>（freetype-py，MONO 1bpp）
// 来源：macOS 系统字体（大屏 UI 重设计 2026-09-17）；与 FreeSans 小字表
// 同为 Helvetica 风格，混排视觉连续。勿手改。
// ============================================================
#include "gfxfont.h"

const uint8_t Helv36pt7bBitmaps[] PROGMEM = {
    0x00, 0xFF, 0xFF, 0xFF, 0xFF, 0xFF, 0xFF, 0xFF, 0xFF, 0xFF, 0xFF, 0xFF,
    0xFF, 0xFF, 0xFF, 0xFF, 0xFF, 0xFF, 0xFF, 0xFD, 0xE7, 0x9E, 0x79, 0xE7,
    0x9E, 0x79, 0xE7, 0x9E, 0x79, 0xE7, 0x9E, 0x00, 0x00, 0x00, 0x03, 0xFF,
    0xFF, 0xFF, 0xFF, 0xC0, 0xFC, 0x0F, 0xFF, 0x03, 0xFF, 0xC0, 0xFF, 0xF0,
    0x3F, 0xFC, 0x0F, 0xFF, 0x03, 0xFF, 0xC0, 0xFF, 0xF0, 0x3F, 0xFC, 0x0F,
    0xFF, 0x03, 0xF7, 0x80, 0x79, 0xE0, 0x1E, 0x78, 0x07, 0x9E, 0x01, 0xE7,
    0x80, 0x79, 0xE0, 0x1E, 0x78, 0x07, 0x9E, 0x01, 0xE7, 0x80, 0x79, 0xE0,
    0x1E, 0x00, 0x00, 0x7C, 0x03, 0xE0, 0x00, 0x00, 0xF8, 0x07, 0xC0, 0x00,
    0x01, 0xF0, 0x1F, 0x80, 0x00, 0x07, 0xE0, 0x3E, 0x00, 0x00, 0x0F, 0x80,
    0x7C, 0x00, 0x00, 0x1F, 0x00, 0xF8, 0x00, 0x00, 0x3E, 0x03, 0xE0, 0x00,
    0x00, 0xFC, 0x07, 0xC0, 0x00, 0x01, 0xF0, 0x0F, 0x80, 0x00, 0x03, 0xE0,
    0x3F, 0x00, 0x00, 0x07, 0xC0, 0x7C, 0x00, 0x00, 0x1F, 0x00, 0xF8, 0x00,
    0x00, 0x3E, 0x01, 0xF0, 0x00, 0x00, 0x7C, 0x07, 0xE0, 0x00, 0x01, 0xF8,
    0x0F, 0x80, 0x00, 0x03, 0xE0, 0x1F, 0x00, 0x07, 0xFF, 0xFF, 0xFF, 0xFE,
    0x0F, 0xFF, 0xFF, 0xFF, 0xFC, 0x1F, 0xFF, 0xFF, 0xFF, 0xF0, 0x7F, 0xFF,
    0xFF, 0xFF, 0xE0, 0x00, 0xF8, 0x07, 0xC0, 0x00, 0x01, 0xF0, 0x1F, 0x00,
    0x00, 0x07, 0xE0, 0x3E, 0x00, 0x00, 0x0F, 0x80, 0x7C, 0x00, 0x00, 0x1F,
    0x01, 0xF8, 0x00, 0x00, 0x3E, 0x03, 0xE0, 0x00, 0x00, 0xF8, 0x07, 0xC0,
    0x00, 0x01, 0xF0, 0x0F, 0x80, 0x00, 0x03, 0xE0, 0x3F, 0x00, 0x00, 0x0F,
    0xC0, 0x7C, 0x00, 0x00, 0x1F, 0x00, 0xF8, 0x00, 0x00, 0x3E, 0x01, 0xF0,
    0x00, 0x7F, 0xFF, 0xFF, 0xFF, 0xE0, 0xFF, 0xFF, 0xFF, 0xFF, 0x83, 0xFF,
    0xFF, 0xFF, 0xFF, 0x07, 0xFF, 0xFF, 0xFF, 0xFE, 0x00, 0x0F, 0x80, 0xF8,
    0x00, 0x00, 0x3F, 0x01, 0xF0, 0x00, 0x00, 0x7C, 0x03, 0xE0, 0x00, 0x00,
    0xF8, 0x0F, 0xC0, 0x00, 0x01, 0xF0, 0x1F, 0x00, 0x00, 0x07, 0xC0, 0x3E,
    0x00, 0x00, 0x0F, 0x80, 0x7C, 0x00, 0x00, 0x1F, 0x01, 0xF8, 0x00, 0x00,
    0x7E, 0x03, 0xE0, 0x00, 0x00, 0xF8, 0x07, 0xC0, 0x00, 0x01, 0xF0, 0x0F,
    0x80, 0x00, 0x03, 0xE0, 0x3E, 0x00, 0x00, 0x0F, 0xC0, 0x7C, 0x00, 0x00,
    0x1F, 0x00, 0xF8, 0x00, 0x00, 0x3E, 0x01, 0xF0, 0x00, 0x00, 0x00, 0x00,
    0xE0, 0x00, 0x00, 0x00, 0x38, 0x00, 0x00, 0x00, 0x0E, 0x00, 0x00, 0x00,
    0x03, 0x80, 0x00, 0x00, 0x00, 0xE0, 0x00, 0x00, 0x03, 0xFF, 0x80, 0x00,
    0x07, 0xFF, 0xFC, 0x00, 0x07, 0xFF, 0xFF, 0x80, 0x03, 0xFF, 0xFF, 0xF8,
    0x01, 0xFF, 0xFF, 0xFF, 0x00, 0xFF, 0x8E, 0x3F, 0xE0, 0x7F, 0x03, 0x83,
    0xF8, 0x1F, 0x80, 0xE0, 0x7F, 0x0F, 0xE0, 0x38, 0x0F, 0xC3, 0xF0, 0x0E,
    0x03, 0xF1, 0xF8, 0x03, 0x80, 0xFE, 0x7E, 0x00, 0xE0, 0x1F, 0x9F, 0x80,
    0x38, 0x07, 0xE7, 0xE0, 0x0E, 0x00, 0x01, 0xF8, 0x03, 0x80, 0x00, 0x7E,
    0x00, 0xE0, 0x00, 0x1F, 0xC0, 0x38, 0x00, 0x07, 0xF0, 0x0E, 0x00, 0x00,
    0xFF, 0x03, 0x80, 0x00, 0x3F, 0xE0, 0xE0, 0x00, 0x07, 0xFF, 0x38, 0x00,
    0x00, 0xFF, 0xFE, 0x00, 0x00, 0x3F, 0xFF, 0xF0, 0x00, 0x03, 0xFF, 0xFF,
    0x00, 0x00, 0x7F, 0xFF, 0xF8, 0x00, 0x07, 0xFF, 0xFF, 0x80, 0x00, 0x3F,
    0xFF, 0xF0, 0x00, 0x00, 0xFF, 0xFE, 0x00, 0x00, 0x3B, 0xFF, 0xC0, 0x00,
    0x0E, 0x1F, 0xF8, 0x00, 0x03, 0x81, 0xFE, 0x00, 0x00, 0xE0, 0x3F, 0x80,
    0x00, 0x38, 0x07, 0xF0, 0x00, 0x0E, 0x01, 0xFC, 0x00, 0x03, 0x80, 0x3F,
    0xFC, 0x00, 0xE0, 0x0F, 0xFF, 0x00, 0x38, 0x03, 0xFF, 0xC0, 0x0E, 0x00,
    0xFF, 0xF0, 0x03, 0x80, 0x3F, 0xFE, 0x00, 0xE0, 0x0F, 0xDF, 0x80, 0x38,
    0x07, 0xE7, 0xE0, 0x0E, 0x01, 0xF9, 0xFC, 0x03, 0x80, 0xFE, 0x3F, 0x80,
    0xE0, 0x3F, 0x0F, 0xF0, 0x38, 0x3F, 0xC1, 0xFF, 0x8E, 0x3F, 0xE0, 0x3F,
    0xFF, 0xFF, 0xF0, 0x07, 0xFF, 0xFF, 0xF8, 0x00, 0xFF, 0xFF, 0xFC, 0x00,
    0x07, 0xFF, 0xFC, 0x00, 0x00, 0x3F, 0xF0, 0x00, 0x00, 0x00, 0xE0, 0x00,
    0x00, 0x00, 0x38, 0x00, 0x00, 0x00, 0x0E, 0x00, 0x00, 0x00, 0x03, 0x80,
    0x00, 0x00, 0x00, 0xE0, 0x00, 0x00, 0x00, 0x38, 0x00, 0x00, 0x00, 0x0E,
    0x00, 0x00, 0x00, 0x00, 0x00, 0x00, 0x00, 0x70, 0x00, 0x00, 0x1F, 0xC0,
    0x00, 0x00, 0x3C, 0x00, 0x00, 0x3F, 0xFC, 0x00, 0x00, 0x0E, 0x00, 0x00,
    0x1F, 0xFF, 0x80, 0x00, 0x07, 0x00, 0x00, 0x0F, 0xFF, 0xF0, 0x00, 0x01,
    0xC0, 0x00, 0x07, 0xFF, 0xFE, 0x00, 0x00, 0xE0, 0x00, 0x03, 0xF8, 0x1F,
    0xC0, 0x00, 0x78, 0x00, 0x01, 0xFC, 0x03, 0xF8, 0x00, 0x1C, 0x00, 0x00,
    0x7E, 0x00, 0x7E, 0x00, 0x0F, 0x00, 0x00, 0x3F, 0x00, 0x0F, 0x80, 0x03,
    0x80, 0x00, 0x0F, 0x80, 0x01, 0xF0, 0x01, 0xE0, 0x00, 0x03, 0xE0, 0x00,
    0x7C, 0x00, 0x70, 0x00, 0x00, 0xF8, 0x00, 0x1F, 0x00, 0x38, 0x00, 0x00,
    0x3E, 0x00, 0x07, 0xC0, 0x0E, 0x00, 0x00, 0x0F, 0x80, 0x01, 0xF0, 0x07,
    0x00, 0x00, 0x03, 0xE0, 0x00, 0x7C, 0x03, 0xC0, 0x00, 0x00, 0xFC, 0x00,
    0x3F, 0x00, 0xE0, 0x00, 0x00, 0x1F, 0x80, 0x1F, 0x80, 0x78, 0x00, 0x00,
    0x07, 0xF0, 0x0F, 0xE0, 0x1C, 0x00, 0x00, 0x00, 0xFE, 0x07, 0xF0, 0x0F,
    0x00, 0x00, 0x00, 0x1F, 0xFF, 0xF8, 0x03, 0x80, 0x00, 0x00, 0x03, 0xFF,
    0xFC, 0x01, 0xC0, 0x00, 0x00, 0x00, 0x7F, 0xFE, 0x00, 0x70, 0x00, 0x00,
    0x00, 0x0F, 0xFF, 0x00, 0x38, 0x00, 0x00, 0x00, 0x00, 0xFE, 0x00, 0x1E,
    0x00, 0x00, 0x00, 0x00, 0x00, 0x00, 0x07, 0x00, 0x07, 0xF0, 0x00, 0x00,
    0x00, 0x03, 0xC0, 0x0F, 0xFF, 0x00, 0x00, 0x00, 0x00, 0xE0, 0x07, 0xFF,
    0xE0, 0x00, 0x00, 0x00, 0x70, 0x03, 0xFF, 0xFC, 0x00, 0x00, 0x00, 0x1C,
    0x01, 0xFF, 0xFF, 0x80, 0x00, 0x00, 0x0E, 0x00, 0xFE, 0x07, 0xF0, 0x00,
    0x00, 0x03, 0x80, 0x7F, 0x00, 0xFE, 0x00, 0x00, 0x01, 0xC0, 0x1F, 0x80,
    0x1F, 0x80, 0x00, 0x00, 0xF0, 0x0F, 0xC0, 0x03, 0xE0, 0x00, 0x00, 0x38,
    0x03, 0xE0, 0x00, 0x7C, 0x00, 0x00, 0x1E, 0x00, 0xF8, 0x00, 0x1F, 0x00,
    0x00, 0x07, 0x00, 0x3E, 0x00, 0x07, 0xC0, 0x00, 0x03, 0x80, 0x0F, 0x80,
    0x01, 0xF0, 0x00, 0x00, 0xE0, 0x03, 0xE0, 0x00, 0x7C, 0x00, 0x00, 0x70,
    0x00, 0xF8, 0x00, 0x1F, 0x00, 0x00, 0x3C, 0x00, 0x3F, 0x00, 0x0F, 0x80,
    0x00, 0x0E, 0x00, 0x07, 0xE0, 0x07, 0xE0, 0x00, 0x07, 0x80, 0x01, 0xFC,
    0x03, 0xF8, 0x00, 0x01, 0xC0, 0x00, 0x3F, 0x81, 0xFC, 0x00, 0x00, 0xF0,
    0x00, 0x07, 0xFF, 0xFE, 0x00, 0x00, 0x38, 0x00, 0x00, 0xFF, 0xFF, 0x00,
    0x00, 0x1C, 0x00, 0x00, 0x1F, 0xFF, 0x80, 0x00, 0x07, 0x00, 0x00, 0x03,
    0xFF, 0xC0, 0x00, 0x03, 0x80, 0x00, 0x00, 0x3F, 0x80, 0x00, 0x01, 0xE0,
    0x00, 0x00, 0x00, 0x00, 0x00, 0x00, 0x03, 0xFC, 0x00, 0x00, 0x00, 0x07,
    0xFF, 0x80, 0x00, 0x00, 0x0F, 0xFF, 0xE0, 0x00, 0x00, 0x0F, 0xFF, 0xF8,
    0x00, 0x00, 0x0F, 0xFF, 0xFE, 0x00, 0x00, 0x0F, 0xF0, 0x7F, 0x80, 0x00,
    0x07, 0xF0, 0x1F, 0xC0, 0x00, 0x03, 0xF0, 0x07, 0xF0, 0x00, 0x03, 0xF0,
    0x01, 0xF8, 0x00, 0x01, 0xF8, 0x00, 0xFC, 0x00, 0x00, 0xFC, 0x00, 0x7E,
    0x00, 0x00, 0x7E, 0x00, 0x3F, 0x00, 0x00, 0x3F, 0x00, 0x1F, 0x80, 0x00,
    0x1F, 0xC0, 0x1F, 0xC0, 0x00, 0x0F, 0xE0, 0x0F, 0xC0, 0x00, 0x03, 0xF0,
    0x0F, 0xE0, 0x00, 0x01, 0xFC, 0x07, 0xF0, 0x00, 0x00, 0x7F, 0x07, 0xF0,
    0x00, 0x00, 0x3F, 0x8F, 0xF0, 0x00, 0x00, 0x0F, 0xEF, 0xF0, 0x00, 0x00,
    0x03, 0xFF, 0xF0, 0x00, 0x00, 0x01, 0xFF, 0xF0, 0x00, 0x00, 0x00, 0x7F,
    0xF0, 0x00, 0x00, 0x00, 0x7F, 0xE0, 0x00, 0x00, 0x00, 0xFF, 0xF0, 0x00,
    0x00, 0x00, 0xFF, 0xFC, 0x00, 0x00, 0x00, 0xFF, 0xFF, 0x00, 0x00, 0x01,
    0xFF, 0xBF, 0xC0, 0x3F, 0x01, 0xFF, 0x0F, 0xE0, 0x1F, 0x80, 0xFF, 0x03,
    0xF8, 0x0F, 0xC0, 0xFF, 0x01, 0xFE, 0x0F, 0xC0, 0xFF, 0x00, 0x7F, 0x87,
    0xE0, 0x7F, 0x00, 0x1F, 0xE3, 0xF0, 0x3F, 0x00, 0x07, 0xF1, 0xF8, 0x3F,
    0x80, 0x01, 0xFD, 0xF8, 0x1F, 0x80, 0x00, 0xFF, 0xFC, 0x0F, 0xC0, 0x00,
    0x3F, 0xFE, 0x07, 0xE0, 0x00, 0x0F, 0xFE, 0x03, 0xF0, 0x00, 0x03, 0xFF,
    0x01, 0xF8, 0x00, 0x00, 0xFF, 0x00, 0xFC, 0x00, 0x00, 0x7F, 0x80, 0x7F,
    0x00, 0x00, 0x1F, 0xE0, 0x1F, 0x80, 0x00, 0x1F, 0xF0, 0x0F, 0xE0, 0x00,
    0x1F, 0xFC, 0x07, 0xF8, 0x00, 0x1F, 0xFF, 0x01, 0xFE, 0x00, 0x3F, 0xFF,
    0xC0, 0x7F, 0xC0, 0x7F, 0xCF, 0xF0, 0x3F, 0xFF, 0xFF, 0xC3, 0xF8, 0x0F,
    0xFF, 0xFF, 0xC0, 0xFE, 0x03, 0xFF, 0xFF, 0xC0, 0x3F, 0x80, 0x7F, 0xFF,
    0x00, 0x0F, 0xE0, 0x07, 0xFC, 0x00, 0x00, 0x00, 0xFF, 0xFF, 0xFF, 0xFF,
    0xFF, 0xFF, 0xFD, 0xE7, 0x9E, 0x79, 0xE7, 0x9E, 0x79, 0xE7, 0x9E, 0x00,
    0x0F, 0x00, 0x1E, 0x00, 0x3E, 0x00, 0x3C, 0x00, 0x7C, 0x00, 0x78, 0x00,
    0xF8, 0x01, 0xF0, 0x01, 0xF0, 0x03, 0xF0, 0x03, 0xE0, 0x07, 0xE0, 0x07,
    0xC0, 0x0F, 0xC0, 0x0F, 0xC0, 0x1F, 0x80, 0x1F, 0x80, 0x1F, 0x80, 0x3F,
    0x80, 0x3F, 0x00, 0x3F, 0x00, 0x7F, 0x00, 0x7F, 0x00, 0x7F, 0x00, 0x7F,
    0x00, 0x7E, 0x00, 0xFE, 0x00, 0xFE, 0x00, 0xFE, 0x00, 0xFE, 0x00, 0xFE,
    0x00, 0xFE, 0x00, 0xFE, 0x00, 0xFE, 0x00, 0xFE, 0x00, 0xFE, 0x00, 0xFE,
    0x00, 0xFE, 0x00, 0xFE, 0x00, 0xFE, 0x00, 0xFE, 0x00, 0x7E, 0x00, 0x7F,
    0x00, 0x7F, 0x00, 0x7F, 0x00, 0x7F, 0x00, 0x3F, 0x00, 0x3F, 0x00, 0x3F,
    0x80, 0x1F, 0x80, 0x1F, 0x80, 0x1F, 0x80, 0x0F, 0xC0, 0x0F, 0xC0, 0x07,
    0xC0, 0x07, 0xE0, 0x03, 0xE0, 0x03, 0xF0, 0x01, 0xF0, 0x01, 0xF0, 0x00,
    0xF8, 0x00, 0x78, 0x00, 0x7C, 0x00, 0x3C, 0x00, 0x3E, 0x00, 0x1E, 0x00,
    0x0F, 0xF0, 0x00, 0x78, 0x00, 0x7C, 0x00, 0x3C, 0x00, 0x3E, 0x00, 0x1E,
    0x00, 0x1F, 0x00, 0x1F, 0x80, 0x0F, 0x80, 0x0F, 0xC0, 0x07, 0xC0, 0x07,
    0xE0, 0x03, 0xE0, 0x03, 0xF0, 0x03, 0xF0, 0x01, 0xF8, 0x01, 0xF8, 0x01,
    0xF8, 0x01, 0xFC, 0x00, 0xFC, 0x00, 0xFC, 0x00, 0xFE, 0x00, 0xFE, 0x00,
    0xFE, 0x00, 0xFE, 0x00, 0x7E, 0x00, 0x7F, 0x00, 0x7F, 0x00, 0x7F, 0x00,
    0x7F, 0x00, 0x7F, 0x00, 0x7F, 0x00, 0x7F, 0x00, 0x7F, 0x00, 0x7F, 0x00,
    0x7F, 0x00, 0x7F, 0x00, 0x7F, 0x00, 0x7F, 0x00, 0x7F, 0x00, 0x7F, 0x00,
    0x7E, 0x00, 0xFE, 0x00, 0xFE, 0x00, 0xFE, 0x00, 0xFE, 0x00, 0xFC, 0x00,
    0xFC, 0x01, 0xFC, 0x01, 0xF8, 0x01, 0xF8, 0x01, 0xF8, 0x03, 0xF0, 0x03,
    0xF0, 0x03, 0xE0, 0x07, 0xE0, 0x07, 0xC0, 0x0F, 0xC0, 0x0F, 0x80, 0x1F,
    0x80, 0x1F, 0x00, 0x1E, 0x00, 0x3E, 0x00, 0x3C, 0x00, 0x7C, 0x00, 0x78,
    0x00, 0xF0, 0x00, 0x00, 0x78, 0x00, 0x01, 0xE0, 0x00, 0x07, 0x80, 0x00,
    0x1E, 0x00, 0x00, 0x78, 0x01, 0x01, 0xE0, 0x27, 0x87, 0x87, 0x9F, 0xDE,
    0xFE, 0xFF, 0xFF, 0xFD, 0xFF, 0xFF, 0xE0, 0x7F, 0xF8, 0x00, 0x3F, 0x00,
    0x01, 0xFE, 0x00, 0x0F, 0xFC, 0x00, 0x3C, 0xF8, 0x01, 0xF3, 0xE0, 0x0F,
    0x87, 0xC0, 0x7C, 0x0F, 0x81, 0xE0, 0x1E, 0x01, 0x80, 0x60, 0x00, 0x01,
    0xF8, 0x00, 0x00, 0x00, 0x1F, 0x80, 0x00, 0x00, 0x01, 0xF8, 0x00, 0x00,
    0x00, 0x1F, 0x80, 0x00, 0x00, 0x01, 0xF8, 0x00, 0x00, 0x00, 0x1F, 0x80,
    0x00, 0x00, 0x01, 0xF8, 0x00, 0x00, 0x00, 0x1F, 0x80, 0x00, 0x00, 0x01,
    0xF8, 0x00, 0x00, 0x00, 0x1F, 0x80, 0x00, 0x00, 0x01, 0xF8, 0x00, 0x00,
    0x00, 0x1F, 0x80, 0x00, 0x00, 0x01, 0xF8, 0x00, 0x00, 0x00, 0x1F, 0x80,
    0x00, 0x00, 0x01, 0xF8, 0x00, 0x0F, 0xFF, 0xFF, 0xFF, 0xFF, 0xFF, 0xFF,
    0xFF, 0xFF, 0xFF, 0xFF, 0xFF, 0xFF, 0xFF, 0xFF, 0xFF, 0xFF, 0xFF, 0xFF,
    0xFF, 0xFF, 0xFF, 0xFF, 0xFF, 0xFF, 0xFF, 0xFF, 0xF0, 0x00, 0x1F, 0x80,
    0x00, 0x00, 0x01, 0xF8, 0x00, 0x00, 0x00, 0x1F, 0x80, 0x00, 0x00, 0x01,
    0xF8, 0x00, 0x00, 0x00, 0x1F, 0x80, 0x00, 0x00, 0x01, 0xF8, 0x00, 0x00,
    0x00, 0x1F, 0x80, 0x00, 0x00, 0x01, 0xF8, 0x00, 0x00, 0x00, 0x1F, 0x80,
    0x00, 0x00, 0x01, 0xF8, 0x00, 0x00, 0x00, 0x1F, 0x80, 0x00, 0x00, 0x01,
    0xF8, 0x00, 0x00, 0x00, 0x1F, 0x80, 0x00, 0x00, 0x01, 0xF8, 0x00, 0x00,
    0x00, 0x1F, 0x80, 0x00, 0xFF, 0xFF, 0xFF, 0xFF, 0xF3, 0xCF, 0x3C, 0xF3,
    0x9E, 0x7B, 0xCE, 0x30, 0xFF, 0xFF, 0xFF, 0xFF, 0xFF, 0xFF, 0xFF, 0xFF,
    0xFF, 0xFF, 0xFF, 0xFF, 0xFC, 0xFF, 0xFF, 0xFF, 0xFF, 0xF0, 0x00, 0x00,
    0xFC, 0x00, 0x03, 0xE0, 0x00, 0x0F, 0x80, 0x00, 0x7E, 0x00, 0x01, 0xF0,
    0x00, 0x07, 0xC0, 0x00, 0x3F, 0x00, 0x00, 0xF8, 0x00, 0x03, 0xE0, 0x00,
    0x0F, 0x80, 0x00, 0x7C, 0x00, 0x01, 0xF0, 0x00, 0x07, 0xC0, 0x00, 0x3E,
    0x00, 0x00, 0xF8, 0x00, 0x03, 0xE0, 0x00, 0x1F, 0x80, 0x00, 0x7C, 0x00,
    0x01, 0xF0, 0x00, 0x0F, 0xC0, 0x00, 0x3E, 0x00, 0x00, 0xF8, 0x00, 0x07,
    0xE0, 0x00, 0x1F, 0x00, 0x00, 0x7C, 0x00, 0x03, 0xF0, 0x00, 0x0F, 0x80,
    0x00, 0x3E, 0x00, 0x00, 0xF8, 0x00, 0x07, 0xC0, 0x00, 0x1F, 0x00, 0x00,
    0x7C, 0x00, 0x03, 0xF0, 0x00, 0x0F, 0x80, 0x00, 0x3E, 0x00, 0x01, 0xF8,
    0x00, 0x07, 0xC0, 0x00, 0x1F, 0x00, 0x00, 0xFC, 0x00, 0x03, 0xE0, 0x00,
    0x0F, 0x80, 0x00, 0x7E, 0x00, 0x01, 0xF0, 0x00, 0x07, 0xC0, 0x00, 0x1F,
    0x00, 0x00, 0xF8, 0x00, 0x03, 0xE0, 0x00, 0x0F, 0x80, 0x00, 0x7E, 0x00,
    0x01, 0xF0, 0x00, 0x07, 0xC0, 0x00, 0x00, 0x00, 0x07, 0xF8, 0x00, 0x00,
    0x0F, 0xFF, 0xC0, 0x00, 0x0F, 0xFF, 0xFC, 0x00, 0x07, 0xFF, 0xFF, 0x80,
    0x03, 0xFF, 0xFF, 0xF0, 0x01, 0xFF, 0x03, 0xFE, 0x00, 0x7F, 0x00, 0x3F,
    0xC0, 0x3F, 0x80, 0x07, 0xF0, 0x1F, 0xC0, 0x00, 0xFE, 0x07, 0xF0, 0x00,
    0x1F, 0x83, 0xF8, 0x00, 0x07, 0xF0, 0xFE, 0x00, 0x01, 0xFC, 0x3F, 0x80,
    0x00, 0x3F, 0x9F, 0xC0, 0x00, 0x0F, 0xE7, 0xF0, 0x00, 0x03, 0xF9, 0xFC,
    0x00, 0x00, 0xFE, 0x7F, 0x00, 0x00, 0x3F, 0x9F, 0xC0, 0x00, 0x07, 0xFF,
    0xE0, 0x00, 0x01, 0xFF, 0xF8, 0x00, 0x00, 0x7F, 0xFE, 0x00, 0x00, 0x1F,
    0xFF, 0x80, 0x00, 0x07, 0xFF, 0xE0, 0x00, 0x01, 0xFF, 0xF8, 0x00, 0x00,
    0x7F, 0xFE, 0x00, 0x00, 0x1F, 0xFF, 0x80, 0x00, 0x07, 0xFF, 0xE0, 0x00,
    0x01, 0xFF, 0xF8, 0x00, 0x00, 0x7F, 0xFE, 0x00, 0x00, 0x1F, 0xFF, 0x80,
    0x00, 0x07, 0xFF, 0xE0, 0x00, 0x01, 0xFF, 0xF8, 0x00, 0x00, 0x7F, 0xFE,
    0x00, 0x00, 0x1F, 0xBF, 0x80, 0x00, 0x07, 0xE7, 0xF0, 0x00, 0x03, 0xF9,
    0xFC, 0x00, 0x00, 0xFE, 0x7F, 0x00, 0x00, 0x3F, 0x9F, 0xC0, 0x00, 0x0F,
    0xC3, 0xF0, 0x00, 0x03, 0xF0, 0xFE, 0x00, 0x01, 0xFC, 0x3F, 0x80, 0x00,
    0x7E, 0x07, 0xF0, 0x00, 0x3F, 0x81, 0xFC, 0x00, 0x0F, 0xE0, 0x3F, 0x80,
    0x07, 0xF0, 0x0F, 0xF0, 0x03, 0xF8, 0x01, 0xFF, 0x03, 0xFE, 0x00, 0x3F,
    0xFF, 0xFF, 0x00, 0x07, 0xFF, 0xFF, 0x80, 0x00, 0xFF, 0xFF, 0x80, 0x00,
    0x0F, 0xFF, 0xC0, 0x00, 0x00, 0x7F, 0x80, 0x00, 0x00, 0x07, 0xC0, 0x03,
    0xF0, 0x00, 0xFC, 0x00, 0x3F, 0x00, 0x1F, 0xC0, 0x07, 0xF0, 0x03, 0xFC,
    0x03, 0xFF, 0x0F, 0xFF, 0xFF, 0xFF, 0xFF, 0xFF, 0xFF, 0xFF, 0xFF, 0xFF,
    0xFF, 0xFF, 0xFF, 0xF0, 0x01, 0xFC, 0x00, 0x7F, 0x00, 0x1F, 0xC0, 0x07,
    0xF0, 0x01, 0xFC, 0x00, 0x7F, 0x00, 0x1F, 0xC0, 0x07, 0xF0, 0x01, 0xFC,
    0x00, 0x7F, 0x00, 0x1F, 0xC0, 0x07, 0xF0, 0x01, 0xFC, 0x00, 0x7F, 0x00,
    0x1F, 0xC0, 0x07, 0xF0, 0x01, 0xFC, 0x00, 0x7F, 0x00, 0x1F, 0xC0, 0x07,
    0xF0, 0x01, 0xFC, 0x00, 0x7F, 0x00, 0x1F, 0xC0, 0x07, 0xF0, 0x01, 0xFC,
    0x00, 0x7F, 0x00, 0x1F, 0xC0, 0x07, 0xF0, 0x01, 0xFC, 0x00, 0x7F, 0x00,
    0x1F, 0xC0, 0x07, 0xF0, 0x01, 0xFC, 0x00, 0x7F, 0x00, 0x1F, 0xC0, 0x00,
    0x07, 0xFE, 0x00, 0x00, 0x0F, 0xFF, 0xF0, 0x00, 0x0F, 0xFF, 0xFF, 0x00,
    0x0F, 0xFF, 0xFF, 0xE0, 0x07, 0xFF, 0xFF, 0xFC, 0x01, 0xFF, 0x01, 0xFF,
    0x80, 0xFF, 0x00, 0x1F, 0xE0, 0x7F, 0x00, 0x03, 0xFC, 0x1F, 0x80, 0x00,
    0x7F, 0x8F, 0xE0, 0x00, 0x0F, 0xE3, 0xF0, 0x00, 0x03, 0xF8, 0xFC, 0x00,
    0x00, 0x7F, 0x3F, 0x00, 0x00, 0x1F, 0xDF, 0x80, 0x00, 0x07, 0xF7, 0xE0,
    0x00, 0x01, 0xFD, 0xF8, 0x00, 0x00, 0x7F, 0x7E, 0x00, 0x00, 0x1F, 0xDF,
    0x80, 0x00, 0x07, 0xF0, 0x00, 0x00, 0x03, 0xFC, 0x00, 0x00, 0x00, 0xFE,
    0x00, 0x00, 0x00, 0x7F, 0x80, 0x00, 0x00, 0x1F, 0xE0, 0x00, 0x00, 0x0F,
    0xF0, 0x00, 0x00, 0x07, 0xF8, 0x00, 0x00, 0x07, 0xFE, 0x00, 0x00, 0x03,
    0xFF, 0x00, 0x00, 0x03, 0xFF, 0x80, 0x00, 0x03, 0xFF, 0x80, 0x00, 0x01,
    0xFF, 0xC0, 0x00, 0x01, 0xFF, 0xE0, 0x00, 0x01, 0xFF, 0xE0, 0x00, 0x00,
    0xFF, 0xE0, 0x00, 0x00, 0xFF, 0xF0, 0x00, 0x00, 0x7F, 0xF0, 0x00, 0x00,
    0x3F, 0xF0, 0x00, 0x00, 0x1F, 0xF0, 0x00, 0x00, 0x0F, 0xF8, 0x00, 0x00,
    0x03, 0xFC, 0x00, 0x00, 0x01, 0xFE, 0x00, 0x00, 0x00, 0xFF, 0x00, 0x00,
    0x00, 0x3F, 0x80, 0x00, 0x00, 0x0F, 0xC0, 0x00, 0x00, 0x07, 0xF0, 0x00,
    0x00, 0x01, 0xF8, 0x00, 0x00, 0x00, 0x7E, 0x00, 0x00, 0x00, 0x1F, 0xFF,
    0xFF, 0xFF, 0xFF, 0xFF, 0xFF, 0xFF, 0xFF, 0xFF, 0xFF, 0xFF, 0xFF, 0xFF,
    0xFF, 0xFF, 0xFF, 0xFF, 0xFF, 0xFF, 0xFF, 0xF0, 0x00, 0x0F, 0xFC, 0x00,
    0x00, 0x1F, 0xFF, 0xE0, 0x00, 0x1F, 0xFF, 0xFE, 0x00, 0x0F, 0xFF, 0xFF,
    0xC0, 0x07, 0xFF, 0xFF, 0xF8, 0x03, 0xFE, 0x03, 0xFF, 0x00, 0xFE, 0x00,
    0x3F, 0xC0, 0x7F, 0x00, 0x07, 0xF8, 0x1F, 0x80, 0x00, 0xFE, 0x0F, 0xE0,
    0x00, 0x3F, 0xC3, 0xF0, 0x00, 0x07, 0xF0, 0xFC, 0x00, 0x01, 0xFC, 0x7E,
    0x00, 0x00, 0x7F, 0x1F, 0x80, 0x00, 0x1F, 0xC7, 0xE0, 0x00, 0x07, 0xF1,
    0xF8, 0x00, 0x01, 0xFC, 0x7E, 0x00, 0x00, 0x7F, 0x00, 0x00, 0x00, 0x3F,
    0x80, 0x00, 0x00, 0x0F, 0xE0, 0x00, 0x00, 0x07, 0xF0, 0x00, 0x00, 0x03,
    0xFC, 0x00, 0x00, 0x03, 0xFE, 0x00, 0x00, 0x7F, 0xFF, 0x00, 0x00, 0x1F,
    0xFF, 0x00, 0x00, 0x07, 0xFF, 0xE0, 0x00, 0x01, 0xFF, 0xFE, 0x00, 0x00,
    0x7F, 0xFF, 0xC0, 0x00, 0x00, 0x3F, 0xF8, 0x00, 0x00, 0x01, 0xFF, 0x00,
    0x00, 0x00, 0x3F, 0xE0, 0x00, 0x00, 0x07, 0xF8, 0x00, 0x00, 0x00, 0xFE,
    0x00, 0x00, 0x00, 0x3F, 0xC0, 0x00, 0x00, 0x07, 0xF0, 0x00, 0x00, 0x01,
    0xFF, 0xF0, 0x00, 0x00, 0x7F, 0xFC, 0x00, 0x00, 0x1F, 0xFF, 0x00, 0x00,
    0x07, 0xFF, 0xE0, 0x00, 0x01, 0xFF, 0xF8, 0x00, 0x00, 0x7F, 0x7E, 0x00,
    0x00, 0x3F, 0x9F, 0x80, 0x00, 0x0F, 0xE7, 0xF0, 0x00, 0x07, 0xF0, 0xFE,
    0x00, 0x03, 0xFC, 0x1F, 0xC0, 0x03, 0xFE, 0x07, 0xFC, 0x03, 0xFF, 0x00,
    0xFF, 0xFF, 0xFF, 0xC0, 0x1F, 0xFF, 0xFF, 0xC0, 0x03, 0xFF, 0xFF, 0xE0,
    0x00, 0x3F, 0xFF, 0xE0, 0x00, 0x01, 0xFF, 0x80, 0x00, 0x00, 0x00, 0x03,
    0xF0, 0x00, 0x00, 0x00, 0xFE, 0x00, 0x00, 0x00, 0x3F, 0xC0, 0x00, 0x00,
    0x07, 0xF8, 0x00, 0x00, 0x01, 0xFF, 0x00, 0x00, 0x00, 0x7F, 0xE0, 0x00,
    0x00, 0x1F, 0xFC, 0x00, 0x00, 0x03, 0xFF, 0x80, 0x00, 0x00, 0xFF, 0xF0,
    0x00, 0x00, 0x3F, 0xFE, 0x00, 0x00, 0x07, 0xFF, 0xC0, 0x00, 0x01, 0xFB,
    0xF8, 0x00, 0x00, 0x7E, 0x7F, 0x00, 0x00, 0x0F, 0xCF, 0xE0, 0x00, 0x03,
    0xF1, 0xFC, 0x00, 0x00, 0xFC, 0x3F, 0x80, 0x00, 0x3F, 0x07, 0xF0, 0x00,
    0x07, 0xE0, 0xFE, 0x00, 0x01, 0xF8, 0x1F, 0xC0, 0x00, 0x7E, 0x03, 0xF8,
    0x00, 0x0F, 0xC0, 0x7F, 0x00, 0x03, 0xF0, 0x0F, 0xE0, 0x00, 0xFC, 0x01,
    0xFC, 0x00, 0x1F, 0x00, 0x3F, 0x80, 0x07, 0xE0, 0x07, 0xF0, 0x01, 0xF8,
    0x00, 0xFE, 0x00, 0x7E, 0x00, 0x1F, 0xC0, 0x0F, 0xC0, 0x03, 0xF8, 0x03,
    0xF0, 0x00, 0x7F, 0x00, 0xFC, 0x00, 0x0F, 0xE0, 0x1F, 0x80, 0x01, 0xFC,
    0x07, 0xE0, 0x00, 0x3F, 0x80, 0xFF, 0xFF, 0xFF, 0xFF, 0xFF, 0xFF, 0xFF,
    0xFF, 0xFF, 0xFF, 0xFF, 0xFF, 0xFF, 0xFF, 0xFF, 0xFF, 0xFF, 0xFF, 0xFF,
    0xFF, 0xFF, 0xFE, 0x00, 0x00, 0x0F, 0xE0, 0x00, 0x00, 0x01, 0xFC, 0x00,
    0x00, 0x00, 0x3F, 0x80, 0x00, 0x00, 0x07, 0xF0, 0x00, 0x00, 0x00, 0xFE,
    0x00, 0x00, 0x00, 0x1F, 0xC0, 0x00, 0x00, 0x03, 0xF8, 0x00, 0x00, 0x00,
    0x7F, 0x00, 0x00, 0x00, 0x0F, 0xE0, 0x00, 0x00, 0x01, 0xFC, 0x00, 0x00,
    0x00, 0x3F, 0x80, 0x00, 0x00, 0x07, 0xF0, 0x00, 0x03, 0xFF, 0xFF, 0xFE,
    0x00, 0xFF, 0xFF, 0xFF, 0x80, 0x3F, 0xFF, 0xFF, 0xE0, 0x0F, 0xFF, 0xFF,
    0xF8, 0x03, 0xFF, 0xFF, 0xFE, 0x01, 0xF8, 0x00, 0x00, 0x00, 0x7C, 0x00,
    0x00, 0x00, 0x1F, 0x00, 0x00, 0x00, 0x07, 0xC0, 0x00, 0x00, 0x01, 0xF0,
    0x00, 0x00, 0x00, 0x7C, 0x00, 0x00, 0x00, 0x1F, 0x00, 0x00, 0x00, 0x07,
    0xC0, 0x00, 0x00, 0x03, 0xF0, 0x00, 0x00, 0x00, 0xF8, 0x00, 0x00, 0x00,
    0x3E, 0x00, 0x00, 0x00, 0x0F, 0x80, 0x00, 0x00, 0x03, 0xE0, 0x00, 0x00,
    0x00, 0xF8, 0x3F, 0xC0, 0x00, 0x3E, 0x7F, 0xFE, 0x00, 0x0F, 0xFF, 0xFF,
    0xE0, 0x07, 0xFF, 0xFF, 0xFC, 0x01, 0xFF, 0xFF, 0xFF, 0xC0, 0x7F, 0xE0,
    0x3F, 0xF8, 0x1F, 0xE0, 0x03, 0xFE, 0x07, 0xE0, 0x00, 0x3F, 0xC1, 0xF0,
    0x00, 0x07, 0xF8, 0x00, 0x00, 0x01, 0xFE, 0x00, 0x00, 0x00, 0x3F, 0x80,
    0x00, 0x00, 0x0F, 0xF0, 0x00, 0x00, 0x01, 0xFC, 0x00, 0x00, 0x00, 0x7F,
    0x00, 0x00, 0x00, 0x1F, 0xC0, 0x00, 0x00, 0x07, 0xF0, 0x00, 0x00, 0x01,
    0xFC, 0x00, 0x00, 0x00, 0x7F, 0x00, 0x00, 0x00, 0x1F, 0xFF, 0x80, 0x00,
    0x0F, 0xEF, 0xE0, 0x00, 0x03, 0xFB, 0xFC, 0x00, 0x00, 0xFE, 0x7F, 0x00,
    0x00, 0x7F, 0x1F, 0xE0, 0x00, 0x3F, 0xC7, 0xFC, 0x00, 0x0F, 0xE0, 0xFF,
    0x80, 0x0F, 0xF8, 0x1F, 0xF8, 0x0F, 0xFC, 0x03, 0xFF, 0xFF, 0xFE, 0x00,
    0x7F, 0xFF, 0xFF, 0x00, 0x0F, 0xFF, 0xFF, 0x80, 0x00, 0xFF, 0xFF, 0x80,
    0x00, 0x07, 0xFE, 0x00, 0x00, 0x00, 0x03, 0xFE, 0x00, 0x00, 0x07, 0xFF,
    0xF0, 0x00, 0x07, 0xFF, 0xFF, 0x00, 0x03, 0xFF, 0xFF, 0xE0, 0x01, 0xFF,
    0xFF, 0xFC, 0x00, 0xFF, 0x81, 0xFF, 0x80, 0x7F, 0x00, 0x1F, 0xE0, 0x3F,
    0x80, 0x03, 0xFC, 0x0F, 0xC0, 0x00, 0x7F, 0x07, 0xE0, 0x00, 0x0F, 0xC1,
    0xF8, 0x00, 0x03, 0xF8, 0x7C, 0x00, 0x00, 0x7E, 0x3F, 0x00, 0x00, 0x1F,
    0x8F, 0x80, 0x00, 0x00, 0x03, 0xE0, 0x00, 0x00, 0x01, 0xF0, 0x00, 0x00,
    0x00, 0x7C, 0x00, 0x00, 0x00, 0x1F, 0x00, 0x00, 0x00, 0x07, 0xC0, 0x7F,
    0xC0, 0x01, 0xF0, 0xFF, 0xFE, 0x00, 0xFC, 0x7F, 0xFF, 0xE0, 0x3E, 0x7F,
    0xFF, 0xFE, 0x0F, 0xBF, 0xFF, 0xFF, 0xC3, 0xFF, 0xE0, 0x3F, 0xF8, 0xFF,
    0xE0, 0x01, 0xFE, 0x3F, 0xE0, 0x00, 0x3F, 0xCF, 0xF0, 0x00, 0x07, 0xFB,
    0xFC, 0x00, 0x01, 0xFE, 0xFE, 0x00, 0x00, 0x3F, 0xBF, 0x80, 0x00, 0x0F,
    0xFF, 0xC0, 0x00, 0x03, 0xFF, 0xF0, 0x00, 0x00, 0x7F, 0xFC, 0x00, 0x00,
    0x1F, 0xFF, 0x00, 0x00, 0x07, 0xFF, 0xC0, 0x00, 0x01, 0xFD, 0xF0, 0x00,
    0x00, 0x7F, 0x7C, 0x00, 0x00, 0x1F, 0xDF, 0x00, 0x00, 0x07, 0xF7, 0xE0,
    0x00, 0x03, 0xF9, 0xF8, 0x00, 0x00, 0xFE, 0x3E, 0x00, 0x00, 0x3F, 0x8F,
    0xC0, 0x00, 0x1F, 0xC1, 0xF8, 0x00, 0x0F, 0xF0, 0x7F, 0x00, 0x03, 0xF8,
    0x0F, 0xE0, 0x03, 0xFE, 0x01, 0xFE, 0x03, 0xFF, 0x00, 0x3F, 0xFF, 0xFF,
    0x80, 0x07, 0xFF, 0xFF, 0xC0, 0x00, 0xFF, 0xFF, 0xE0, 0x00, 0x0F, 0xFF,
    0xE0, 0x00, 0x00, 0x7F, 0xC0, 0x00, 0xFF, 0xFF, 0xFF, 0xFF, 0xFF, 0xFF,
    0xFF, 0xFF, 0xFF, 0xFF, 0xFF, 0xFF, 0xFF, 0xFF, 0xFF, 0xFF, 0xFF, 0xFF,
    0xFF, 0xFF, 0xFF, 0xC0, 0x00, 0x00, 0x07, 0xE0, 0x00, 0x00, 0x03, 0xF8,
    0x00, 0x00, 0x01, 0xFC, 0x00, 0x00, 0x00, 0xFE, 0x00, 0x00, 0x00, 0x3F,
    0x80, 0x00, 0x00, 0x1F, 0xC0, 0x00, 0x00, 0x0F, 0xE0, 0x00, 0x00, 0x03,
    0xF8, 0x00, 0x00, 0x01, 0xFC, 0x00, 0x00, 0x00, 0xFE, 0x00, 0x00, 0x00,
    0x3F, 0x80, 0x00, 0x00, 0x1F, 0xC0, 0x00, 0x00, 0x07, 0xE0, 0x00, 0x00,
    0x03, 0xF8, 0x00, 0x00, 0x01, 0xFC, 0x00, 0x00, 0x00, 0x7F, 0x00, 0x00,
    0x00, 0x3F, 0x80, 0x00, 0x00, 0x0F, 0xE0, 0x00, 0x00, 0x07, 0xF0, 0x00,
    0x00, 0x01, 0xFC, 0x00, 0x00, 0x00, 0xFE, 0x00, 0x00, 0x00, 0x3F, 0x80,
    0x00, 0x00, 0x1F, 0xC0, 0x00, 0x00, 0x07, 0xF0, 0x00, 0x00, 0x01, 0xF8,
    0x00, 0x00, 0x00, 0xFE, 0x00, 0x00, 0x00, 0x3F, 0x80, 0x00, 0x00, 0x1F,
    0xC0, 0x00, 0x00, 0x07, 0xF0, 0x00, 0x00, 0x01, 0xFC, 0x00, 0x00, 0x00,
    0xFE, 0x00, 0x00, 0x00, 0x3F, 0x80, 0x00, 0x00, 0x0F, 0xE0, 0x00, 0x00,
    0x07, 0xF0, 0x00, 0x00, 0x01, 0xFC, 0x00, 0x00, 0x00, 0x7F, 0x00, 0x00,
    0x00, 0x1F, 0xC0, 0x00, 0x00, 0x0F, 0xE0, 0x00, 0x00, 0x03, 0xF8, 0x00,
    0x00, 0x00, 0xFE, 0x00, 0x00, 0x00, 0x3F, 0x80, 0x00, 0x00, 0x1F, 0xE0,
    0x00, 0x00, 0x07, 0xF0, 0x00, 0x00, 0x01, 0xFC, 0x00, 0x00, 0x00, 0x00,
    0x0F, 0xFC, 0x00, 0x00, 0x1F, 0xFF, 0xE0, 0x00, 0x0F, 0xFF, 0xFC, 0x00,
    0x0F, 0xFF, 0xFF, 0xC0, 0x07, 0xFF, 0xFF, 0xF8, 0x01, 0xFF, 0x03, 0xFF,
    0x00, 0xFF, 0x00, 0x3F, 0xC0, 0x7F, 0x80, 0x07, 0xF8, 0x1F, 0xC0, 0x00,
    0xFE, 0x07, 0xF0, 0x00, 0x3F, 0xC3, 0xF8, 0x00, 0x07, 0xF0, 0xFE, 0x00,
    0x01, 0xFC, 0x3F, 0x80, 0x00, 0x7F, 0x0F, 0xE0, 0x00, 0x1F, 0xC3, 0xF8,
    0x00, 0x07, 0xF0, 0xFE, 0x00, 0x01, 0xFC, 0x3F, 0xC0, 0x00, 0xFE, 0x07,
    0xF0, 0x00, 0x3F, 0x81, 0xFE, 0x00, 0x1F, 0xE0, 0x3F, 0xC0, 0x0F, 0xF0,
    0x07, 0xFC, 0x0F, 0xF8, 0x00, 0xFF, 0xFF, 0xFC, 0x00, 0x0F, 0xFF, 0xFC,
    0x00, 0x03, 0xFF, 0xFF, 0x00, 0x03, 0xFF, 0xFF, 0xF0, 0x01, 0xFF, 0xFF,
    0xFE, 0x00, 0xFF, 0x80, 0xFF, 0xE0, 0x7F, 0x80, 0x07, 0xF8, 0x3F, 0xC0,
    0x00, 0xFF, 0x1F, 0xE0, 0x00, 0x1F, 0xE7, 0xF0, 0x00, 0x03, 0xF9, 0xFC,
    0x00, 0x00, 0xFE, 0xFE, 0x00, 0x00, 0x3F, 0xFF, 0x80, 0x00, 0x07, 0xFF,
    0xE0, 0x00, 0x01, 0xFF, 0xF8, 0x00, 0x00, 0x7F, 0xFE, 0x00, 0x00, 0x1F,
    0xFF, 0x80, 0x00, 0x07, 0xFF, 0xE0, 0x00, 0x01, 0xFF, 0xFC, 0x00, 0x00,
    0x7E, 0x7F, 0x00, 0x00, 0x3F, 0x9F, 0xC0, 0x00, 0x0F, 0xE7, 0xF8, 0x00,
    0x07, 0xF0, 0xFF, 0x00, 0x03, 0xFC, 0x3F, 0xE0, 0x01, 0xFE, 0x07, 0xFE,
    0x01, 0xFF, 0x00, 0xFF, 0xFF, 0xFF, 0xC0, 0x0F, 0xFF, 0xFF, 0xE0, 0x01,
    0xFF, 0xFF, 0xE0, 0x00, 0x1F, 0xFF, 0xE0, 0x00, 0x00, 0xFF, 0xC0, 0x00,
    0x00, 0x0F, 0xF0, 0x00, 0x00, 0x3F, 0xFF, 0x00, 0x00, 0x7F, 0xFF, 0xE0,
    0x00, 0x7F, 0xFF, 0xF8, 0x00, 0x7F, 0xFF, 0xFE, 0x00, 0x7F, 0xE0, 0x7F,
    0x80, 0x7F, 0xC0, 0x07, 0xE0, 0x7F, 0x80, 0x01, 0xF8, 0x3F, 0xC0, 0x00,
    0x7C, 0x3F, 0xC0, 0x00, 0x3F, 0x1F, 0xC0, 0x00, 0x0F, 0x8F, 0xE0, 0x00,
    0x07, 0xCF, 0xF0, 0x00, 0x01, 0xF7, 0xF0, 0x00, 0x00, 0xFB, 0xF8, 0x00,
    0x00, 0x7D, 0xFC, 0x00, 0x00, 0x3E, 0xFE, 0x00, 0x00, 0x1F, 0xFF, 0x00,
    0x00, 0x0F, 0xFF, 0x80, 0x00, 0x07, 0xFF, 0xC0, 0x00, 0x03, 0xFF, 0xE0,
    0x00, 0x01, 0xFF, 0xF8, 0x00, 0x01, 0xFD, 0xFC, 0x00, 0x00, 0xFE, 0xFE,
    0x00, 0x00, 0xFF, 0x7F, 0x80, 0x00, 0x7F, 0x9F, 0xE0, 0x00, 0x7F, 0xC7,
    0xF8, 0x00, 0xFF, 0xE3, 0xFF, 0x01, 0xFF, 0xF0, 0xFF, 0xFF, 0xFE, 0xF8,
    0x3F, 0xFF, 0xFE, 0x7C, 0x07, 0xFF, 0xFE, 0x7E, 0x01, 0xFF, 0xFC, 0x3E,
    0x00, 0x1F, 0xF0, 0x1F, 0x00, 0x00, 0x00, 0x0F, 0x80, 0x00, 0x00, 0x07,
    0xC0, 0x00, 0x00, 0x07, 0xE0, 0x00, 0x00, 0x03, 0xE0, 0x00, 0x00, 0x01,
    0xF1, 0xF8, 0x00, 0x01, 0xF8, 0xFC, 0x00, 0x00, 0xF8, 0x7E, 0x00, 0x00,
    0x7C, 0x3F, 0x80, 0x00, 0x7C, 0x0F, 0xC0, 0x00, 0x7E, 0x07, 0xF0, 0x00,
    0x7E, 0x01, 0xFC, 0x00, 0x7F, 0x00, 0xFF, 0x80, 0xFF, 0x00, 0x3F, 0xFF,
    0xFF, 0x00, 0x0F, 0xFF, 0xFF, 0x00, 0x03, 0xFF, 0xFF, 0x00, 0x00, 0x7F,
    0xFE, 0x00, 0x00, 0x07, 0xF8, 0x00, 0x00, 0xFF, 0xFF, 0xFF, 0xFF, 0xF0,
    0x00, 0x00, 0x00, 0x00, 0x00, 0x00, 0x00, 0x00, 0x00, 0x00, 0x00, 0x00,
    0x00, 0x00, 0x00, 0x00, 0x00, 0x00, 0x3F, 0xFF, 0xFF, 0xFF, 0xFC, 0xFF,
    0xFF, 0xFF, 0xFF, 0xF0, 0x00, 0x00, 0x00, 0x00, 0x00, 0x00, 0x00, 0x00,
    0x00, 0x00, 0x00, 0x00, 0x00, 0x00, 0x00, 0x00, 0x00, 0x00, 0x3F, 0xFF,
    0xFF, 0xFF, 0xFC, 0xF3, 0xCF, 0x3C, 0xF7, 0x9E, 0xF3, 0x8C, 0x00, 0x00,
    0x00, 0x00, 0x00, 0x01, 0x00, 0x00, 0x00, 0x00, 0x0F, 0x00, 0x00, 0x00,
    0x00, 0x7F, 0x00, 0x00, 0x00, 0x01, 0xFF, 0x00, 0x00, 0x00, 0x0F, 0xFF,
    0x00, 0x00, 0x00, 0x7F, 0xFF, 0x00, 0x00, 0x03, 0xFF, 0xFF, 0x00, 0x00,
    0x0F, 0xFF, 0xF8, 0x00, 0x00, 0x7F, 0xFF, 0xC0, 0x00, 0x03, 0xFF, 0xFF,
    0x00, 0x00, 0x0F, 0xFF, 0xF8, 0x00, 0x00, 0x7F, 0xFF, 0xC0, 0x00, 0x03,
    0xFF, 0xFF, 0x00, 0x00, 0x0F, 0xFF, 0xF8, 0x00, 0x00, 0x7F, 0xFF, 0xC0,
    0x00, 0x00, 0xFF, 0xFE, 0x00, 0x00, 0x00, 0xFF, 0xF8, 0x00, 0x00, 0x00,
    0xFF, 0xC0, 0x00, 0x00, 0x00, 0xFE, 0x00, 0x00, 0x00, 0x00, 0xFF, 0xC0,
    0x00, 0x00, 0x00, 0xFF, 0xF8, 0x00, 0x00, 0x00, 0xFF, 0xFE, 0x00, 0x00,
    0x00, 0x7F, 0xFF, 0xC0, 0x00, 0x00, 0x0F, 0xFF, 0xF8, 0x00, 0x00, 0x03,
    0xFF, 0xFE, 0x00, 0x00, 0x00, 0x7F, 0xFF, 0xC0, 0x00, 0x00, 0x0F, 0xFF,
    0xF8, 0x00, 0x00, 0x03, 0xFF, 0xFF, 0x00, 0x00, 0x00, 0x7F, 0xFF, 0xC0,
    0x00, 0x00, 0x0F, 0xFF, 0xF8, 0x00, 0x00, 0x03, 0xFF, 0xFF, 0x00, 0x00,
    0x00, 0x7F, 0xFF, 0x00, 0x00, 0x00, 0x0F, 0xFF, 0x00, 0x00, 0x00, 0x01,
    0xFF, 0x00, 0x00, 0x00, 0x00, 0x7F, 0x00, 0x00, 0x00, 0x00, 0x0F, 0x00,
    0x00, 0x00, 0x00, 0x01, 0xFF, 0xFF, 0xFF, 0xFF, 0xFF, 0xFF, 0xFF, 0xFF,
    0xFF, 0xFF, 0xFF, 0xFF, 0xFF, 0xFF, 0xFF, 0xFF, 0xFF, 0xFF, 0xFF, 0xFF,
    0xFF, 0xFF, 0xFF, 0xFF, 0xFF, 0xFF, 0xFF, 0x00, 0x00, 0x00, 0x00, 0x00,
    0x00, 0x00, 0x00, 0x00, 0x00, 0x00, 0x00, 0x00, 0x00, 0x00, 0x00, 0x00,
    0x00, 0x00, 0x00, 0x00, 0x00, 0x00, 0x00, 0x00, 0x00, 0x00, 0x00, 0x00,
    0x00, 0x00, 0x00, 0x00, 0x00, 0x00, 0x00, 0x00, 0x00, 0x00, 0x00, 0x0F,
    0xFF, 0xFF, 0xFF, 0xFF, 0xFF, 0xFF, 0xFF, 0xFF, 0xFF, 0xFF, 0xFF, 0xFF,
    0xFF, 0xFF, 0xFF, 0xFF, 0xFF, 0xFF, 0xFF, 0xFF, 0xFF, 0xFF, 0xFF, 0xFF,
    0xFF, 0xFF, 0xF0, 0x80, 0x00, 0x00, 0x00, 0x00, 0xF0, 0x00, 0x00, 0x00,
    0x00, 0xFE, 0x00, 0x00, 0x00, 0x00, 0xFF, 0x80, 0x00, 0x00, 0x00, 0xFF,
    0xF0, 0x00, 0x00, 0x00, 0xFF, 0xFE, 0x00, 0x00, 0x00, 0xFF, 0xFF, 0xC0,
    0x00, 0x00, 0x1F, 0xFF, 0xF0, 0x00, 0x00, 0x03, 0xFF, 0xFE, 0x00, 0x00,
    0x00, 0xFF, 0xFF, 0xC0, 0x00, 0x00, 0x1F, 0xFF, 0xF0, 0x00, 0x00, 0x03,
    0xFF, 0xFE, 0x00, 0x00, 0x00, 0xFF, 0xFF, 0xC0, 0x00, 0x00, 0x1F, 0xFF,
    0xF0, 0x00, 0x00, 0x03, 0xFF, 0xFE, 0x00, 0x00, 0x00, 0x7F, 0xFF, 0x00,
    0x00, 0x00, 0x1F, 0xFF, 0x00, 0x00, 0x00, 0x03, 0xFF, 0x00, 0x00, 0x00,
    0x00, 0x7F, 0x00, 0x00, 0x00, 0x03, 0xFF, 0x00, 0x00, 0x00, 0x1F, 0xFF,
    0x00, 0x00, 0x00, 0x7F, 0xFF, 0x00, 0x00, 0x03, 0xFF, 0xFE, 0x00, 0x00,
    0x1F, 0xFF, 0xF0, 0x00, 0x00, 0xFF, 0xFF, 0xC0, 0x00, 0x03, 0xFF, 0xFE,
    0x00, 0x00, 0x1F, 0xFF, 0xF0, 0x00, 0x00, 0xFF, 0xFF, 0xC0, 0x00, 0x03,
    0xFF, 0xFE, 0x00, 0x00, 0x1F, 0xFF, 0xF0, 0x00, 0x00, 0xFF, 0xFF, 0xC0,
    0x00, 0x00, 0xFF, 0xFE, 0x00, 0x00, 0x00, 0xFF, 0xF0, 0x00, 0x00, 0x00,
    0xFF, 0x80, 0x00, 0x00, 0x00, 0xFE, 0x00, 0x00, 0x00, 0x00, 0xF0, 0x00,
    0x00, 0x00, 0x00, 0x80, 0x00, 0x00, 0x00, 0x00, 0x00, 0x1F, 0xF0, 0x00,
    0x01, 0xFF, 0xFC, 0x00, 0x07, 0xFF, 0xFE, 0x00, 0x3F, 0xFF, 0xFE, 0x00,
    0xFF, 0xFF, 0xFF, 0x03, 0xFE, 0x03, 0xFE, 0x07, 0xF0, 0x01, 0xFE, 0x1F,
    0xC0, 0x01, 0xFE, 0x7F, 0x00, 0x01, 0xFC, 0xFC, 0x00, 0x03, 0xF9, 0xF8,
    0x00, 0x03, 0xFF, 0xF0, 0x00, 0x07, 0xFF, 0xC0, 0x00, 0x0F, 0xFF, 0x80,
    0x00, 0x1F, 0xFF, 0x00, 0x00, 0x3F, 0xFE, 0x00, 0x00, 0x7F, 0x00, 0x00,
    0x01, 0xFE, 0x00, 0x00, 0x03, 0xF8, 0x00, 0x00, 0x0F, 0xF0, 0x00, 0x00,
    0x1F, 0xC0, 0x00, 0x00, 0x7F, 0x80, 0x00, 0x01, 0xFE, 0x00, 0x00, 0x07,
    0xF8, 0x00, 0x00, 0x1F, 0xE0, 0x00, 0x00, 0x7F, 0x80, 0x00, 0x01, 0xFE,
    0x00, 0x00, 0x07, 0xF8, 0x00, 0x00, 0x0F, 0xE0, 0x00, 0x00, 0x3F, 0x80,
    0x00, 0x00, 0x7E, 0x00, 0x00, 0x01, 0xFC, 0x00, 0x00, 0x03, 0xF0, 0x00,
    0x00, 0x07, 0xE0, 0x00, 0x00, 0x1F, 0xC0, 0x00, 0x00, 0x3F, 0x00, 0x00,
    0x00, 0x7E, 0x00, 0x00, 0x00, 0xFC, 0x00, 0x00, 0x01, 0xF8, 0x00, 0x00,
    0x03, 0xF0, 0x00, 0x00, 0x00, 0x00, 0x00, 0x00, 0x00, 0x00, 0x00, 0x00,
    0x00, 0x00, 0x00, 0x00, 0x00, 0x00, 0x00, 0x00, 0x00, 0x00, 0x00, 0x00,
    0x00, 0x00, 0x00, 0x01, 0xF8, 0x00, 0x00, 0x03, 0xF0, 0x00, 0x00, 0x07,
    0xE0, 0x00, 0x00, 0x0F, 0xC0, 0x00, 0x00, 0x1F, 0x80, 0x00, 0x00, 0x3F,
    0x00, 0x00, 0x00, 0x00, 0x00, 0xFF, 0xF8, 0x00, 0x00, 0x00, 0x00, 0x1F,
    0xFF, 0xFF, 0x80, 0x00, 0x00, 0x00, 0x7F, 0xFF, 0xFF, 0xF0, 0x00, 0x00,
    0x03, 0xFF, 0xFF, 0xFF, 0xFC, 0x00, 0x00, 0x07, 0xFF, 0x00, 0x0F, 0xFE,
    0x00, 0x00, 0x1F, 0xF0, 0x00, 0x00, 0xFF, 0x80, 0x00, 0x3F, 0xC0, 0x00,
    0x00, 0x3F, 0xC0, 0x00, 0x7F, 0x00, 0x00, 0x00, 0x0F, 0xE0, 0x00, 0xFC,
    0x00, 0x00, 0x00, 0x07, 0xF0, 0x01, 0xF8, 0x00, 0x00, 0x00, 0x03, 0xF0,
    0x03, 0xF0, 0x00, 0x00, 0x00, 0x01, 0xF8, 0x07, 0xE0, 0x00, 0x00, 0x00,
    0x00, 0xFC, 0x0F, 0xC0, 0x00, 0x3F, 0x00, 0x00, 0x7C, 0x0F, 0x80, 0x00,
    0xFF, 0xC3, 0xE0, 0x7E, 0x1F, 0x80, 0x03, 0xFF, 0xE3, 0xE0, 0x3E, 0x1F,
    0x00, 0x07, 0xFF, 0xF3, 0xE0, 0x3E, 0x3F, 0x00, 0x0F, 0xE0, 0xF3, 0xC0,
    0x3F, 0x3E, 0x00, 0x1F, 0x80, 0x7F, 0xC0, 0x1F, 0x7E, 0x00, 0x3F, 0x00,
    0x3F, 0xC0, 0x1F, 0x7C, 0x00, 0x3F, 0x00, 0x1F, 0xC0, 0x1F, 0x7C, 0x00,
    0x7E, 0x00, 0x1F, 0x80, 0x1F, 0x7C, 0x00, 0x7C, 0x00, 0x1F, 0x80, 0x1F,
    0xF8, 0x00, 0xFC, 0x00, 0x1F, 0x80, 0x1F, 0xF8, 0x00, 0xF8, 0x00, 0x1F,
    0x00, 0x1F, 0xF8, 0x00, 0xF8, 0x00, 0x1F, 0x00, 0x1F, 0xF8, 0x01, 0xF8,
    0x00, 0x3F, 0x00, 0x1F, 0xF8, 0x01, 0xF0, 0x00, 0x3F, 0x00, 0x3E, 0xF8,
    0x01, 0xF0, 0x00, 0x3E, 0x00, 0x3E, 0xF8, 0x01, 0xF0, 0x00, 0x7E, 0x00,
    0x3E, 0xF8, 0x01, 0xF0, 0x00, 0x7E, 0x00, 0x7C, 0xF8, 0x01, 0xF0, 0x00,
    0x7C, 0x00, 0x7C, 0xF8, 0x01, 0xF0, 0x00, 0xFC, 0x00, 0xF8, 0xF8, 0x01,
    0xF0, 0x01, 0xFC, 0x01, 0xF8, 0x7C, 0x00, 0xF8, 0x01, 0xFC, 0x01, 0xF0,
    0x7C, 0x00, 0xFC, 0x03, 0xBC, 0x07, 0xE0, 0x7C, 0x00, 0x7E, 0x0F, 0xBE,
    0x0F, 0xC0, 0x3E, 0x00, 0x7F, 0xFF, 0x3F, 0xFF, 0x80, 0x3E, 0x00, 0x3F,
    0xFE, 0x1F, 0xFF, 0x00, 0x1F, 0x00, 0x1F, 0xFC, 0x0F, 0xFE, 0x00, 0x1F,
    0x00, 0x07, 0xE0, 0x07, 0xF0, 0x00, 0x0F, 0x80, 0x00, 0x00, 0x00, 0x00,
    0x00, 0x0F, 0xC0, 0x00, 0x00, 0x00, 0x00, 0x00, 0x07, 0xE0, 0x00, 0x00,
    0x00, 0x00, 0x80, 0x03, 0xF0, 0x00, 0x00, 0x00, 0x01, 0xC0, 0x01, 0xF8,
    0x00, 0x00, 0x00, 0x07, 0xE0, 0x00, 0xFE, 0x00, 0x00, 0x00, 0x0F, 0xE0,
    0x00, 0x7F, 0x80, 0x00, 0x00, 0x3F, 0xC0, 0x00, 0x3F, 0xE0, 0x00, 0x01,
    0xFF, 0x00, 0x00, 0x1F, 0xFE, 0x00, 0x1F, 0xFE, 0x00, 0x00, 0x07, 0xFF,
    0xFF, 0xFF, 0xF8, 0x00, 0x00, 0x01, 0xFF, 0xFF, 0xFF, 0xC0, 0x00, 0x00,
    0x00, 0x3F, 0xFF, 0xFE, 0x00, 0x00, 0x00, 0x00, 0x03, 0xFF, 0xE0, 0x00,
    0x00, 0x00, 0x00, 0x1F, 0xE0, 0x00, 0x00, 0x00, 0x01, 0xFF, 0x00, 0x00,
    0x00, 0x00, 0x0F, 0xFC, 0x00, 0x00, 0x00, 0x00, 0x7F, 0xE0, 0x00, 0x00,
    0x00, 0x07, 0xFF, 0x00, 0x00, 0x00, 0x00, 0x3F, 0xFC, 0x00, 0x00, 0x00,
    0x01, 0xFF, 0xE0, 0x00, 0x00, 0x00, 0x1F, 0xFF, 0x80, 0x00, 0x00, 0x00,
    0xFD, 0xFC, 0x00, 0x00, 0x00, 0x07, 0xEF, 0xE0, 0x00, 0x00, 0x00, 0x7F,
    0x3F, 0x80, 0x00, 0x00, 0x03, 0xF1, 0xFC, 0x00, 0x00, 0x00, 0x3F, 0x8F,
    0xE0, 0x00, 0x00, 0x01, 0xFC, 0x3F, 0x80, 0x00, 0x00, 0x0F, 0xC1, 0xFC,
    0x00, 0x00, 0x00, 0xFE, 0x0F, 0xE0, 0x00, 0x00, 0x07, 0xE0, 0x3F, 0x80,
    0x00, 0x00, 0x3F, 0x01, 0xFC, 0x00, 0x00, 0x03, 0xF8, 0x0F, 0xE0, 0x00,
    0x00, 0x1F, 0x80, 0x3F, 0x80, 0x00, 0x01, 0xFC, 0x01, 0xFC, 0x00, 0x00,
    0x0F, 0xE0, 0x0F, 0xF0, 0x00, 0x00, 0x7E, 0x00, 0x3F, 0x80, 0x00, 0x07,
    0xF0, 0x01, 0xFC, 0x00, 0x00, 0x3F, 0x80, 0x0F, 0xF0, 0x00, 0x01, 0xF8,
    0x00, 0x3F, 0x80, 0x00, 0x1F, 0xC0, 0x01, 0xFC, 0x00, 0x00, 0xFC, 0x00,
    0x0F, 0xF0, 0x00, 0x0F, 0xE0, 0x00, 0x3F, 0x80, 0x00, 0x7F, 0x00, 0x01,
    0xFC, 0x00, 0x03, 0xFF, 0xFF, 0xFF, 0xF0, 0x00, 0x3F, 0xFF, 0xFF, 0xFF,
    0x80, 0x01, 0xFF, 0xFF, 0xFF, 0xFE, 0x00, 0x0F, 0xFF, 0xFF, 0xFF, 0xF0,
    0x00, 0xFF, 0xFF, 0xFF, 0xFF, 0x80, 0x07, 0xFF, 0xFF, 0xFF, 0xFE, 0x00,
    0x7F, 0x00, 0x00, 0x07, 0xF0, 0x03, 0xF8, 0x00, 0x00, 0x3F, 0x80, 0x1F,
    0xC0, 0x00, 0x01, 0xFE, 0x01, 0xFC, 0x00, 0x00, 0x07, 0xF0, 0x0F, 0xE0,
    0x00, 0x00, 0x3F, 0x80, 0x7F, 0x00, 0x00, 0x01, 0xFE, 0x07, 0xF0, 0x00,
    0x00, 0x07, 0xF0, 0x3F, 0x80, 0x00, 0x00, 0x3F, 0x83, 0xF8, 0x00, 0x00,
    0x01, 0xFE, 0x1F, 0xC0, 0x00, 0x00, 0x07, 0xF0, 0xFE, 0x00, 0x00, 0x00,
    0x3F, 0xCF, 0xE0, 0x00, 0x00, 0x01, 0xFE, 0x7F, 0x00, 0x00, 0x00, 0x07,
    0xF3, 0xF8, 0x00, 0x00, 0x00, 0x3F, 0xFF, 0x80, 0x00, 0x00, 0x01, 0xFE,
    0xFF, 0xFF, 0xFF, 0xE0, 0x01, 0xFF, 0xFF, 0xFF, 0xF8, 0x03, 0xFF, 0xFF,
    0xFF, 0xFC, 0x07, 0xFF, 0xFF, 0xFF, 0xFC, 0x0F, 0xFF, 0xFF, 0xFF, 0xFC,
    0x1F, 0xFF, 0xFF, 0xFF, 0xFC, 0x3F, 0x00, 0x00, 0x1F, 0xF8, 0x7E, 0x00,
    0x00, 0x07, 0xF8, 0xFC, 0x00, 0x00, 0x07, 0xF1, 0xF8, 0x00, 0x00, 0x07,
    0xF3, 0xF0, 0x00, 0x00, 0x0F, 0xE7, 0xE0, 0x00, 0x00, 0x0F, 0xCF, 0xC0,
    0x00, 0x00, 0x1F, 0x9F, 0x80, 0x00, 0x00, 0x3F, 0x3F, 0x00, 0x00, 0x00,
    0x7E, 0x7E, 0x00, 0x00, 0x00, 0xFC, 0xFC, 0x00, 0x00, 0x01, 0xF9, 0xF8,
    0x00, 0x00, 0x07, 0xE3, 0xF0, 0x00, 0x00, 0x0F, 0xC7, 0xE0, 0x00, 0x00,
    0x3F, 0x8F, 0xC0, 0x00, 0x01, 0xFE, 0x1F, 0x80, 0x00, 0x0F, 0xF8, 0x3F,
    0xFF, 0xFF, 0xFF, 0xE0, 0x7F, 0xFF, 0xFF, 0xFF, 0x80, 0xFF, 0xFF, 0xFF,
    0xFF, 0x01, 0xFF, 0xFF, 0xFF, 0xFF, 0x83, 0xFF, 0xFF, 0xFF, 0xFF, 0x87,
    0xFF, 0xFF, 0xFF, 0xFF, 0x8F, 0xC0, 0x00, 0x03, 0xFF, 0x9F, 0x80, 0x00,
    0x00, 0xFF, 0x3F, 0x00, 0x00, 0x00, 0xFF, 0x7E, 0x00, 0x00, 0x00, 0xFE,
    0xFC, 0x00, 0x00, 0x00, 0xFF, 0xF8, 0x00, 0x00, 0x00, 0xFF, 0xF0, 0x00,
    0x00, 0x01, 0xFF, 0xE0, 0x00, 0x00, 0x03, 0xFF, 0xC0, 0x00, 0x00, 0x07,
    0xFF, 0x80, 0x00, 0x00, 0x0F, 0xFF, 0x00, 0x00, 0x00, 0x1F, 0xFE, 0x00,
    0x00, 0x00, 0x7F, 0xFC, 0x00, 0x00, 0x00, 0xFD, 0xF8, 0x00, 0x00, 0x03,
    0xFB, 0xF0, 0x00, 0x00, 0x0F, 0xF7, 0xE0, 0x00, 0x00, 0x3F, 0xCF, 0xC0,
    0x00, 0x03, 0xFF, 0x1F, 0xFF, 0xFF, 0xFF, 0xFE, 0x3F, 0xFF, 0xFF, 0xFF,
    0xF8, 0x7F, 0xFF, 0xFF, 0xFF, 0xE0, 0xFF, 0xFF, 0xFF, 0xFF, 0x01, 0xFF,
    0xFF, 0xFF, 0xF8, 0x03, 0xFF, 0xFF, 0xFF, 0x80, 0x00, 0x00, 0x00, 0x3F,
    0xF8, 0x00, 0x00, 0x00, 0x0F, 0xFF, 0xFC, 0x00, 0x00, 0x01, 0xFF, 0xFF,
    0xF8, 0x00, 0x00, 0x3F, 0xFF, 0xFF, 0xF0, 0x00, 0x07, 0xFF, 0xFF, 0xFF,
    0xC0, 0x00, 0x7F, 0xF0, 0x03, 0xFF, 0x00, 0x07, 0xFC, 0x00, 0x07, 0xFC,
    0x00, 0x7F, 0x80, 0x00, 0x0F, 0xF0, 0x07, 0xF8, 0x00, 0x00, 0x3F, 0xC0,
    0x3F, 0x80, 0x00, 0x00, 0xFE, 0x03, 0xF8, 0x00, 0x00, 0x03, 0xF8, 0x3F,
    0x80, 0x00, 0x00, 0x0F, 0xE1, 0xF8, 0x00, 0x00, 0x00, 0x7F, 0x1F, 0xC0,
    0x00, 0x00, 0x01, 0xF8, 0xFC, 0x00, 0x00, 0x00, 0x0F, 0xE7, 0xE0, 0x00,
    0x00, 0x00, 0x3F, 0x7F, 0x00, 0x00, 0x00, 0x01, 0xFB, 0xF0, 0x00, 0x00,
    0x00, 0x00, 0x1F, 0x80, 0x00, 0x00, 0x00, 0x00, 0xFC, 0x00, 0x00, 0x00,
    0x00, 0x0F, 0xE0, 0x00, 0x00, 0x00, 0x00, 0x7E, 0x00, 0x00, 0x00, 0x00,
    0x03, 0xF0, 0x00, 0x00, 0x00, 0x00, 0x1F, 0x80, 0x00, 0x00, 0x00, 0x00,
    0xFC, 0x00, 0x00, 0x00, 0x00, 0x07, 0xE0, 0x00, 0x00, 0x00, 0x00, 0x3F,
    0x00, 0x00, 0x00, 0x00, 0x01, 0xF8, 0x00, 0x00, 0x00, 0x00, 0x0F, 0xC0,
    0x00, 0x00, 0x00, 0x00, 0x7E, 0x00, 0x00, 0x00, 0x00, 0x03, 0xF0, 0x00,
    0x00, 0x00, 0x00, 0x1F, 0x80, 0x00, 0x00, 0x00, 0x00, 0xFC, 0x00, 0x00,
    0x00, 0x00, 0x03, 0xF0, 0x00, 0x00, 0x00, 0x0F, 0xDF, 0x80, 0x00, 0x00,
    0x00, 0x7E, 0xFC, 0x00, 0x00, 0x00, 0x07, 0xF7, 0xE0, 0x00, 0x00, 0x00,
    0x3F, 0x1F, 0x80, 0x00, 0x00, 0x01, 0xF8, 0xFC, 0x00, 0x00, 0x00, 0x1F,
    0xC7, 0xF0, 0x00, 0x00, 0x00, 0xFC, 0x1F, 0x80, 0x00, 0x00, 0x0F, 0xE0,
    0xFE, 0x00, 0x00, 0x00, 0x7F, 0x03, 0xF8, 0x00, 0x00, 0x07, 0xF0, 0x1F,
    0xC0, 0x00, 0x00, 0x7F, 0x00, 0x7F, 0x80, 0x00, 0x07, 0xF8, 0x01, 0xFE,
    0x00, 0x00, 0x7F, 0x80, 0x07, 0xFC, 0x00, 0x0F, 0xF8, 0x00, 0x1F, 0xFC,
    0x01, 0xFF, 0x80, 0x00, 0x7F, 0xFF, 0xFF, 0xF8, 0x00, 0x01, 0xFF, 0xFF,
    0xFF, 0x00, 0x00, 0x03, 0xFF, 0xFF, 0xF0, 0x00, 0x00, 0x07, 0xFF, 0xFE,
    0x00, 0x00, 0x00, 0x07, 0xFF, 0x00, 0x00, 0x00, 0xFF, 0xFF, 0xFF, 0x80,
    0x00, 0x7F, 0xFF, 0xFF, 0xF8, 0x00, 0x3F, 0xFF, 0xFF, 0xFF, 0x00, 0x1F,
    0xFF, 0xFF, 0xFF, 0xE0, 0x0F, 0xFF, 0xFF, 0xFF, 0xF8, 0x07, 0xFF, 0xFF,
    0xFF, 0xFE, 0x03, 0xF0, 0x00, 0x07, 0xFF, 0x81, 0xF8, 0x00, 0x00, 0x7F,
    0xE0, 0xFC, 0x00, 0x00, 0x0F, 0xF8, 0x7E, 0x00, 0x00, 0x01, 0xFC, 0x3F,
    0x00, 0x00, 0x00, 0x7F, 0x1F, 0x80, 0x00, 0x00, 0x3F, 0x8F, 0xC0, 0x00,
    0x00, 0x0F, 0xE7, 0xE0, 0x00, 0x00, 0x03, 0xF3, 0xF0, 0x00, 0x00, 0x01,
    0xFD, 0xF8, 0x00, 0x00, 0x00, 0xFE, 0xFC, 0x00, 0x00, 0x00, 0x3F, 0x7E,
    0x00, 0x00, 0x00, 0x1F, 0xBF, 0x00, 0x00, 0x00, 0x0F, 0xDF, 0x80, 0x00,
    0x00, 0x07, 0xFF, 0xC0, 0x00, 0x00, 0x01, 0xFF, 0xE0, 0x00, 0x00, 0x00,
    0xFF, 0xF0, 0x00, 0x00, 0x00, 0x7F, 0xF8, 0x00, 0x00, 0x00, 0x3F, 0xFC,
    0x00, 0x00, 0x00, 0x1F, 0xFE, 0x00, 0x00, 0x00, 0x0F, 0xFF, 0x00, 0x00,
    0x00, 0x07, 0xFF, 0x80, 0x00, 0x00, 0x03, 0xFF, 0xC0, 0x00, 0x00, 0x01,
    0xFF, 0xE0, 0x00, 0x00, 0x00, 0xFF, 0xF0, 0x00, 0x00, 0x00, 0x7F, 0xF8,
    0x00, 0x00, 0x00, 0x7E, 0xFC, 0x00, 0x00, 0x00, 0x3F, 0x7E, 0x00, 0x00,
    0x00, 0x1F, 0xBF, 0x00, 0x00, 0x00, 0x0F, 0xDF, 0x80, 0x00, 0x00, 0x0F,
    0xCF, 0xC0, 0x00, 0x00, 0x07, 0xE7, 0xE0, 0x00, 0x00, 0x07, 0xF3, 0xF0,
    0x00, 0x00, 0x03, 0xF1, 0xF8, 0x00, 0x00, 0x03, 0xF8, 0xFC, 0x00, 0x00,
    0x03, 0xFC, 0x7E, 0x00, 0x00, 0x03, 0xFC, 0x3F, 0x00, 0x00, 0x03, 0xFC,
    0x1F, 0x80, 0x00, 0x07, 0xFE, 0x0F, 0xC0, 0x00, 0x0F, 0xFE, 0x07, 0xFF,
    0xFF, 0xFF, 0xFE, 0x03, 0xFF, 0xFF, 0xFF, 0xFE, 0x01, 0xFF, 0xFF, 0xFF,
    0xFE, 0x00, 0xFF, 0xFF, 0xFF, 0xFC, 0x00, 0x7F, 0xFF, 0xFF, 0xF8, 0x00,
    0x3F, 0xFF, 0xFF, 0xE0, 0x00, 0x00, 0xFF, 0xFF, 0xFF, 0xFF, 0xFF, 0xFF,
    0xFF, 0xFF, 0xFF, 0xFF, 0xFF, 0xFF, 0xFF, 0xFF, 0xFF, 0xFF, 0xFF, 0xFF,
    0xFF, 0xFF, 0xFF, 0xFF, 0xFF, 0xFF, 0xFF, 0xFF, 0xFF, 0xFF, 0xF0, 0x00,
    0x00, 0x00, 0x1F, 0x80, 0x00, 0x00, 0x00, 0xFC, 0x00, 0x00, 0x00, 0x07,
    0xE0, 0x00, 0x00, 0x00, 0x3F, 0x00, 0x00, 0x00, 0x01, 0xF8, 0x00, 0x00,
    0x00, 0x0F, 0xC0, 0x00, 0x00, 0x00, 0x7E, 0x00, 0x00, 0x00, 0x03, 0xF0,
    0x00, 0x00, 0x00, 0x1F, 0x80, 0x00, 0x00, 0x00, 0xFC, 0x00, 0x00, 0x00,
    0x07, 0xE0, 0x00, 0x00, 0x00, 0x3F, 0x00, 0x00, 0x00, 0x01, 0xF8, 0x00,
    0x00, 0x00, 0x0F, 0xC0, 0x00, 0x00, 0x00, 0x7E, 0x00, 0x00, 0x00, 0x03,
    0xFF, 0xFF, 0xFF, 0xFF, 0x9F, 0xFF, 0xFF, 0xFF, 0xFC, 0xFF, 0xFF, 0xFF,
    0xFF, 0xE7, 0xFF, 0xFF, 0xFF, 0xFF, 0x3F, 0xFF, 0xFF, 0xFF, 0xF9, 0xFF,
    0xFF, 0xFF, 0xFF, 0xCF, 0xC0, 0x00, 0x00, 0x00, 0x7E, 0x00, 0x00, 0x00,
    0x03, 0xF0, 0x00, 0x00, 0x00, 0x1F, 0x80, 0x00, 0x00, 0x00, 0xFC, 0x00,
    0x00, 0x00, 0x07, 0xE0, 0x00, 0x00, 0x00, 0x3F, 0x00, 0x00, 0x00, 0x01,
    0xF8, 0x00, 0x00, 0x00, 0x0F, 0xC0, 0x00, 0x00, 0x00, 0x7E, 0x00, 0x00,
    0x00, 0x03, 0xF0, 0x00, 0x00, 0x00, 0x1F, 0x80, 0x00, 0x00, 0x00, 0xFC,
    0x00, 0x00, 0x00, 0x07, 0xE0, 0x00, 0x00, 0x00, 0x3F, 0x00, 0x00, 0x00,
    0x01, 0xF8, 0x00, 0x00, 0x00, 0x0F, 0xC0, 0x00, 0x00, 0x00, 0x7F, 0xFF,
    0xFF, 0xFF, 0xFF, 0xFF, 0xFF, 0xFF, 0xFF, 0xFF, 0xFF, 0xFF, 0xFF, 0xFF,
    0xFF, 0xFF, 0xFF, 0xFF, 0xFF, 0xFF, 0xFF, 0xFF, 0xFF, 0xFF, 0xFF, 0xFF,
    0xFF, 0xFE, 0xFF, 0xFF, 0xFF, 0xFF, 0xFF, 0xFF, 0xFF, 0xFF, 0xFF, 0xFF,
    0xFF, 0xFF, 0xFF, 0xFF, 0xFF, 0xFF, 0xFF, 0xFF, 0xFF, 0xFF, 0xFF, 0xFF,
    0xFF, 0xFF, 0xFF, 0xFF, 0xFF, 0x00, 0x00, 0x00, 0x07, 0xE0, 0x00, 0x00,
    0x00, 0xFC, 0x00, 0x00, 0x00, 0x1F, 0x80, 0x00, 0x00, 0x03, 0xF0, 0x00,
    0x00, 0x00, 0x7E, 0x00, 0x00, 0x00, 0x0F, 0xC0, 0x00, 0x00, 0x01, 0xF8,
    0x00, 0x00, 0x00, 0x3F, 0x00, 0x00, 0x00, 0x07, 0xE0, 0x00, 0x00, 0x00,
    0xFC, 0x00, 0x00, 0x00, 0x1F, 0x80, 0x00, 0x00, 0x03, 0xF0, 0x00, 0x00,
    0x00, 0x7E, 0x00, 0x00, 0x00, 0x0F, 0xC0, 0x00, 0x00, 0x01, 0xF8, 0x00,
    0x00, 0x00, 0x3F, 0xFF, 0xFF, 0xFF, 0xC7, 0xFF, 0xFF, 0xFF, 0xF8, 0xFF,
    0xFF, 0xFF, 0xFF, 0x1F, 0xFF, 0xFF, 0xFF, 0xE3, 0xFF, 0xFF, 0xFF, 0xFC,
    0x7F, 0xFF, 0xFF, 0xFF, 0x8F, 0xC0, 0x00, 0x00, 0x01, 0xF8, 0x00, 0x00,
    0x00, 0x3F, 0x00, 0x00, 0x00, 0x07, 0xE0, 0x00, 0x00, 0x00, 0xFC, 0x00,
    0x00, 0x00, 0x1F, 0x80, 0x00, 0x00, 0x03, 0xF0, 0x00, 0x00, 0x00, 0x7E,
    0x00, 0x00, 0x00, 0x0F, 0xC0, 0x00, 0x00, 0x01, 0xF8, 0x00, 0x00, 0x00,
    0x3F, 0x00, 0x00, 0x00, 0x07, 0xE0, 0x00, 0x00, 0x00, 0xFC, 0x00, 0x00,
    0x00, 0x1F, 0x80, 0x00, 0x00, 0x03, 0xF0, 0x00, 0x00, 0x00, 0x7E, 0x00,
    0x00, 0x00, 0x0F, 0xC0, 0x00, 0x00, 0x01, 0xF8, 0x00, 0x00, 0x00, 0x3F,
    0x00, 0x00, 0x00, 0x07, 0xE0, 0x00, 0x00, 0x00, 0xFC, 0x00, 0x00, 0x00,
    0x1F, 0x80, 0x00, 0x00, 0x03, 0xF0, 0x00, 0x00, 0x00, 0x00, 0x00, 0x00,
    0x1F, 0xFC, 0x00, 0x00, 0x00, 0x07, 0xFF, 0xFF, 0x00, 0x00, 0x00, 0x7F,
    0xFF, 0xFF, 0x00, 0x00, 0x07, 0xFF, 0xFF, 0xFF, 0x00, 0x00, 0x3F, 0xFF,
    0xFF, 0xFE, 0x00, 0x01, 0xFF, 0xC0, 0x1F, 0xFC, 0x00, 0x0F, 0xF8, 0x00,
    0x0F, 0xF8, 0x00, 0x7F, 0x80, 0x00, 0x0F, 0xF0, 0x03, 0xF8, 0x00, 0x00,
    0x1F, 0xE0, 0x1F, 0xC0, 0x00, 0x00, 0x3F, 0x80, 0xFE, 0x00, 0x00, 0x00,
    0x7F, 0x03, 0xF0, 0x00, 0x00, 0x00, 0xFC, 0x1F, 0xC0, 0x00, 0x00, 0x03,
    0xF8, 0x7E, 0x00, 0x00, 0x00, 0x07, 0xE3, 0xF0, 0x00, 0x00, 0x00, 0x1F,
    0x8F, 0xC0, 0x00, 0x00, 0x00, 0x3F, 0x3F, 0x00, 0x00, 0x00, 0x00, 0xFD,
    0xF8, 0x00, 0x00, 0x00, 0x00, 0x07, 0xE0, 0x00, 0x00, 0x00, 0x00, 0x1F,
    0x80, 0x00, 0x00, 0x00, 0x00, 0x7E, 0x00, 0x00, 0x00, 0x00, 0x03, 0xF0,
    0x00, 0x00, 0x00, 0x00, 0x0F, 0xC0, 0x00, 0x00, 0x00, 0x00, 0x3F, 0x00,
    0x00, 0x00, 0x00, 0x00, 0xFC, 0x00, 0x00, 0x00, 0x00, 0x03, 0xF0, 0x00,
    0x01, 0xFF, 0xFF, 0xFF, 0xC0, 0x00, 0x07, 0xFF, 0xFF, 0xFF, 0x00, 0x00,
    0x1F, 0xFF, 0xFF, 0xFC, 0x00, 0x00, 0x7F, 0xFF, 0xFF, 0xF0, 0x00, 0x01,
    0xFF, 0xFF, 0xFF, 0xC0, 0x00, 0x07, 0xFF, 0xFF, 0xFF, 0x00, 0x00, 0x00,
    0x00, 0x3F, 0xFC, 0x00, 0x00, 0x00, 0x00, 0xFF, 0xF8, 0x00, 0x00, 0x00,
    0x03, 0xF7, 0xE0, 0x00, 0x00, 0x00, 0x0F, 0xDF, 0x80, 0x00, 0x00, 0x00,
    0x3F, 0x7E, 0x00, 0x00, 0x00, 0x01, 0xFD, 0xFC, 0x00, 0x00, 0x00, 0x07,
    0xF3, 0xF0, 0x00, 0x00, 0x00, 0x1F, 0xCF, 0xE0, 0x00, 0x00, 0x00, 0xFF,
    0x1F, 0x80, 0x00, 0x00, 0x03, 0xFC, 0x7F, 0x00, 0x00, 0x00, 0x1F, 0xF0,
    0xFC, 0x00, 0x00, 0x00, 0x7F, 0xC3, 0xF8, 0x00, 0x00, 0x03, 0xFF, 0x07,
    0xF0, 0x00, 0x00, 0x1F, 0xFC, 0x0F, 0xF0, 0x00, 0x01, 0xFF, 0xF0, 0x3F,
    0xE0, 0x00, 0x1F, 0xFF, 0xC0, 0x7F, 0xF8, 0x03, 0xFF, 0x9F, 0x00, 0x7F,
    0xFF, 0xFF, 0xFC, 0x7C, 0x00, 0xFF, 0xFF, 0xFF, 0xC1, 0xF0, 0x00, 0xFF,
    0xFF, 0xFE, 0x03, 0xC0, 0x00, 0xFF, 0xFF, 0xC0, 0x0F, 0x00, 0x00, 0x3F,
    0xF0, 0x00, 0x00, 0xFC, 0x00, 0x00, 0x00, 0x3F, 0xFC, 0x00, 0x00, 0x00,
    0x3F, 0xFC, 0x00, 0x00, 0x00, 0x3F, 0xFC, 0x00, 0x00, 0x00, 0x3F, 0xFC,
    0x00, 0x00, 0x00, 0x3F, 0xFC, 0x00, 0x00, 0x00, 0x3F, 0xFC, 0x00, 0x00,
    0x00, 0x3F, 0xFC, 0x00, 0x00, 0x00, 0x3F, 0xFC, 0x00, 0x00, 0x00, 0x3F,
    0xFC, 0x00, 0x00, 0x00, 0x3F, 0xFC, 0x00, 0x00, 0x00, 0x3F, 0xFC, 0x00,
    0x00, 0x00, 0x3F, 0xFC, 0x00, 0x00, 0x00, 0x3F, 0xFC, 0x00, 0x00, 0x00,
    0x3F, 0xFC, 0x00, 0x00, 0x00, 0x3F, 0xFC, 0x00, 0x00, 0x00, 0x3F, 0xFC,
    0x00, 0x00, 0x00, 0x3F, 0xFC, 0x00, 0x00, 0x00, 0x3F, 0xFC, 0x00, 0x00,
    0x00, 0x3F, 0xFC, 0x00, 0x00, 0x00, 0x3F, 0xFC, 0x00, 0x00, 0x00, 0x3F,
    0xFF, 0xFF, 0xFF, 0xFF, 0xFF, 0xFF, 0xFF, 0xFF, 0xFF, 0xFF, 0xFF, 0xFF,
    0xFF, 0xFF, 0xFF, 0xFF, 0xFF, 0xFF, 0xFF, 0xFF, 0xFF, 0xFF, 0xFF, 0xFF,
    0xFF, 0xFF, 0xFF, 0xFF, 0xFF, 0xFF, 0xFC, 0x00, 0x00, 0x00, 0x3F, 0xFC,
    0x00, 0x00, 0x00, 0x3F, 0xFC, 0x00, 0x00, 0x00, 0x3F, 0xFC, 0x00, 0x00,
    0x00, 0x3F, 0xFC, 0x00, 0x00, 0x00, 0x3F, 0xFC, 0x00, 0x00, 0x00, 0x3F,
    0xFC, 0x00, 0x00, 0x00, 0x3F, 0xFC, 0x00, 0x00, 0x00, 0x3F, 0xFC, 0x00,
    0x00, 0x00, 0x3F, 0xFC, 0x00, 0x00, 0x00, 0x3F, 0xFC, 0x00, 0x00, 0x00,
    0x3F, 0xFC, 0x00, 0x00, 0x00, 0x3F, 0xFC, 0x00, 0x00, 0x00, 0x3F, 0xFC,
    0x00, 0x00, 0x00, 0x3F, 0xFC, 0x00, 0x00, 0x00, 0x3F, 0xFC, 0x00, 0x00,
    0x00, 0x3F, 0xFC, 0x00, 0x00, 0x00, 0x3F, 0xFC, 0x00, 0x00, 0x00, 0x3F,
    0xFC, 0x00, 0x00, 0x00, 0x3F, 0xFC, 0x00, 0x00, 0x00, 0x3F, 0xFC, 0x00,
    0x00, 0x00, 0x3F, 0xFC, 0x00, 0x00, 0x00, 0x3F, 0xFC, 0x00, 0x00, 0x00,
    0x3F, 0xFC, 0x00, 0x00, 0x00, 0x3F, 0xFF, 0xFF, 0xFF, 0xFF, 0xFF, 0xFF,
    0xFF, 0xFF, 0xFF, 0xFF, 0xFF, 0xFF, 0xFF, 0xFF, 0xFF, 0xFF, 0xFF, 0xFF,
    0xFF, 0xFF, 0xFF, 0xFF, 0xFF, 0xFF, 0xFF, 0xFF, 0xFF, 0xFF, 0xFF, 0xFF,
    0xFF, 0xFF, 0xFF, 0xFF, 0xFF, 0xFF, 0xFF, 0xFF, 0xFF, 0xFF, 0xFF, 0xFF,
    0xFF, 0xFF, 0xF8, 0x00, 0x00, 0x01, 0xF8, 0x00, 0x00, 0x0F, 0xC0, 0x00,
    0x00, 0x7E, 0x00, 0x00, 0x03, 0xF0, 0x00, 0x00, 0x1F, 0x80, 0x00, 0x00,
    0xFC, 0x00, 0x00, 0x07, 0xE0, 0x00, 0x00, 0x3F, 0x00, 0x00, 0x01, 0xF8,
    0x00, 0x00, 0x0F, 0xC0, 0x00, 0x00, 0x7E, 0x00, 0x00, 0x03, 0xF0, 0x00,
    0x00, 0x1F, 0x80, 0x00, 0x00, 0xFC, 0x00, 0x00, 0x07, 0xE0, 0x00, 0x00,
    0x3F, 0x00, 0x00, 0x01, 0xF8, 0x00, 0x00, 0x0F, 0xC0, 0x00, 0x00, 0x7E,
    0x00, 0x00, 0x03, 0xF0, 0x00, 0x00, 0x1F, 0x80, 0x00, 0x00, 0xFC, 0x00,
    0x00, 0x07, 0xE0, 0x00, 0x00, 0x3F, 0x00, 0x00, 0x01, 0xF8, 0x00, 0x00,
    0x0F, 0xC0, 0x00, 0x00, 0x7E, 0x00, 0x00, 0x03, 0xF0, 0x00, 0x00, 0x1F,
    0x80, 0x00, 0x00, 0xFC, 0x00, 0x00, 0x07, 0xE0, 0x00, 0x00, 0x3F, 0x00,
    0x00, 0x01, 0xF8, 0x00, 0x00, 0x0F, 0xFF, 0x00, 0x00, 0x7F, 0xF8, 0x00,
    0x03, 0xFF, 0xC0, 0x00, 0x1F, 0xFE, 0x00, 0x00, 0xFF, 0xF0, 0x00, 0x07,
    0xFF, 0x80, 0x00, 0x3F, 0xFC, 0x00, 0x01, 0xFF, 0xE0, 0x00, 0x1F, 0xBF,
    0x80, 0x00, 0xFC, 0xFC, 0x00, 0x07, 0xE7, 0xF0, 0x00, 0x7F, 0x3F, 0xC0,
    0x07, 0xF0, 0xFF, 0x80, 0xFF, 0x03, 0xFF, 0xFF, 0xF8, 0x0F, 0xFF, 0xFF,
    0x80, 0x3F, 0xFF, 0xF8, 0x00, 0x7F, 0xFF, 0x00, 0x00, 0xFF, 0xC0, 0x00,
    0xFC, 0x00, 0x00, 0x01, 0xFE, 0xFC, 0x00, 0x00, 0x03, 0xFC, 0xFC, 0x00,
    0x00, 0x07, 0xF8, 0xFC, 0x00, 0x00, 0x0F, 0xF0, 0xFC, 0x00, 0x00, 0x1F,
    0xE0, 0xFC, 0x00, 0x00, 0x3F, 0xC0, 0xFC, 0x00, 0x00, 0x7F, 0x80, 0xFC,
    0x00, 0x00, 0xFF, 0x00, 0xFC, 0x00, 0x01, 0xFE, 0x00, 0xFC, 0x00, 0x03,
    0xFC, 0x00, 0xFC, 0x00, 0x07, 0xF8, 0x00, 0xFC, 0x00, 0x0F, 0xF0, 0x00,
    0xFC, 0x00, 0x1F, 0xE0, 0x00, 0xFC, 0x00, 0x3F, 0xC0, 0x00, 0xFC, 0x00,
    0x7F, 0x80, 0x00, 0xFC, 0x00, 0xFF, 0x00, 0x00, 0xFC, 0x01, 0xFE, 0x00,
    0x00, 0xFC, 0x03, 0xFC, 0x00, 0x00, 0xFC, 0x07, 0xF8, 0x00, 0x00, 0xFC,
    0x0F, 0xF0, 0x00, 0x00, 0xFC, 0x1F, 0xE0, 0x00, 0x00, 0xFC, 0x1F, 0xC0,
    0x00, 0x00, 0xFC, 0x3F, 0xE0, 0x00, 0x00, 0xFC, 0x7F, 0xF0, 0x00, 0x00,
    0xFC, 0xFF, 0xF8, 0x00, 0x00, 0xFD, 0xFF, 0xF8, 0x00, 0x00, 0xFF, 0xF9,
    0xFC, 0x00, 0x00, 0xFF, 0xF1, 0xFE, 0x00, 0x00, 0xFF, 0xE0, 0xFE, 0x00,
    0x00, 0xFF, 0xC0, 0x7F, 0x00, 0x00, 0xFF, 0x80, 0x3F, 0x80, 0x00, 0xFF,
    0x00, 0x3F, 0x80, 0x00, 0xFE, 0x00, 0x1F, 0xC0, 0x00, 0xFC, 0x00, 0x0F,
    0xE0, 0x00, 0xFC, 0x00, 0x0F, 0xE0, 0x00, 0xFC, 0x00, 0x07, 0xF0, 0x00,
    0xFC, 0x00, 0x03, 0xF8, 0x00, 0xFC, 0x00, 0x03, 0xF8, 0x00, 0xFC, 0x00,
    0x01, 0xFC, 0x00, 0xFC, 0x00, 0x00, 0xFE, 0x00, 0xFC, 0x00, 0x00, 0xFF,
    0x00, 0xFC, 0x00, 0x00, 0x7F, 0x00, 0xFC, 0x00, 0x00, 0x3F, 0x80, 0xFC,
    0x00, 0x00, 0x3F, 0xC0, 0xFC, 0x00, 0x00, 0x1F, 0xC0, 0xFC, 0x00, 0x00,
    0x0F, 0xE0, 0xFC, 0x00, 0x00, 0x07, 0xF0, 0xFC, 0x00, 0x00, 0x07, 0xF0,
    0xFC, 0x00, 0x00, 0x03, 0xF8, 0xFC, 0x00, 0x00, 0x01, 0xFC, 0xFC, 0x00,
    0x00, 0x01, 0xFC, 0xFC, 0x00, 0x00, 0x00, 0xFC, 0x00, 0x00, 0x00, 0xFC,
    0x00, 0x00, 0x00, 0xFC, 0x00, 0x00, 0x00, 0xFC, 0x00, 0x00, 0x00, 0xFC,
    0x00, 0x00, 0x00, 0xFC, 0x00, 0x00, 0x00, 0xFC, 0x00, 0x00, 0x00, 0xFC,
    0x00, 0x00, 0x00, 0xFC, 0x00, 0x00, 0x00, 0xFC, 0x00, 0x00, 0x00, 0xFC,
    0x00, 0x00, 0x00, 0xFC, 0x00, 0x00, 0x00, 0xFC, 0x00, 0x00, 0x00, 0xFC,
    0x00, 0x00, 0x00, 0xFC, 0x00, 0x00, 0x00, 0xFC, 0x00, 0x00, 0x00, 0xFC,
    0x00, 0x00, 0x00, 0xFC, 0x00, 0x00, 0x00, 0xFC, 0x00, 0x00, 0x00, 0xFC,
    0x00, 0x00, 0x00, 0xFC, 0x00, 0x00, 0x00, 0xFC, 0x00, 0x00, 0x00, 0xFC,
    0x00, 0x00, 0x00, 0xFC, 0x00, 0x00, 0x00, 0xFC, 0x00, 0x00, 0x00, 0xFC,
    0x00, 0x00, 0x00, 0xFC, 0x00, 0x00, 0x00, 0xFC, 0x00, 0x00, 0x00, 0xFC,
    0x00, 0x00, 0x00, 0xFC, 0x00, 0x00, 0x00, 0xFC, 0x00, 0x00, 0x00, 0xFC,
    0x00, 0x00, 0x00, 0xFC, 0x00, 0x00, 0x00, 0xFC, 0x00, 0x00, 0x00, 0xFC,
    0x00, 0x00, 0x00, 0xFC, 0x00, 0x00, 0x00, 0xFC, 0x00, 0x00, 0x00, 0xFC,
    0x00, 0x00, 0x00, 0xFC, 0x00, 0x00, 0x00, 0xFC, 0x00, 0x00, 0x00, 0xFC,
    0x00, 0x00, 0x00, 0xFC, 0x00, 0x00, 0x00, 0xFC, 0x00, 0x00, 0x00, 0xFC,
    0x00, 0x00, 0x00, 0xFF, 0xFF, 0xFF, 0xFF, 0xFF, 0xFF, 0xFF, 0xFF, 0xFF,
    0xFF, 0xFF, 0xFF, 0xFF, 0xFF, 0xFF, 0xFF, 0xFF, 0xFF, 0xFF, 0xFF, 0xFF,
    0xFF, 0xFF, 0xFF, 0xFF, 0xC0, 0x00, 0x00, 0x01, 0xFF, 0xFF, 0xE0, 0x00,
    0x00, 0x00, 0xFF, 0xFF, 0xF0, 0x00, 0x00, 0x00, 0x7F, 0xFF, 0xFC, 0x00,
    0x00, 0x00, 0x7F, 0xFF, 0xFE, 0x00, 0x00, 0x00, 0x3F, 0xFF, 0xFF, 0x00,
    0x00, 0x00, 0x1F, 0xFF, 0xFF, 0xC0, 0x00, 0x00, 0x1F, 0xFF, 0xFF, 0xE0,
    0x00, 0x00, 0x0F, 0xFF, 0xFD, 0xF0, 0x00, 0x00, 0x07, 0xFF, 0xFE, 0xFC,
    0x00, 0x00, 0x07, 0xEF, 0xFF, 0x7E, 0x00, 0x00, 0x03, 0xF7, 0xFF, 0x9F,
    0x00, 0x00, 0x01, 0xF3, 0xFF, 0xCF, 0xC0, 0x00, 0x01, 0xF9, 0xFF, 0xE7,
    0xE0, 0x00, 0x00, 0xFC, 0xFF, 0xF1, 0xF0, 0x00, 0x00, 0x7C, 0x7F, 0xF8,
    0xFC, 0x00, 0x00, 0x7E, 0x3F, 0xFC, 0x7E, 0x00, 0x00, 0x3F, 0x1F, 0xFE,
    0x1F, 0x80, 0x00, 0x3F, 0x0F, 0xFF, 0x0F, 0xC0, 0x00, 0x1F, 0x87, 0xFF,
    0x87, 0xE0, 0x00, 0x0F, 0xC3, 0xFF, 0xC1, 0xF8, 0x00, 0x0F, 0xC1, 0xFF,
    0xE0, 0xFC, 0x00, 0x07, 0xE0, 0xFF, 0xF0, 0x7E, 0x00, 0x03, 0xF0, 0x7F,
    0xF8, 0x1F, 0x80, 0x03, 0xF0, 0x3F, 0xFC, 0x0F, 0xC0, 0x01, 0xF8, 0x1F,
    0xFE, 0x03, 0xE0, 0x00, 0xFC, 0x0F, 0xFF, 0x01, 0xF8, 0x00, 0xFC, 0x07,
    0xFF, 0x80, 0xFC, 0x00, 0x7E, 0x03, 0xFF, 0xC0, 0x3E, 0x00, 0x3E, 0x01,
    0xFF, 0xE0, 0x1F, 0x80, 0x3F, 0x00, 0xFF, 0xF0, 0x0F, 0xC0, 0x1F, 0x80,
    0x7F, 0xF8, 0x03, 0xE0, 0x0F, 0x80, 0x3F, 0xFC, 0x01, 0xF8, 0x0F, 0xC0,
    0x1F, 0xFE, 0x00, 0xFC, 0x07, 0xE0, 0x0F, 0xFF, 0x00, 0x3E, 0x03, 0xE0,
    0x07, 0xFF, 0x80, 0x1F, 0x83, 0xF0, 0x03, 0xFF, 0xC0, 0x0F, 0xC1, 0xF8,
    0x01, 0xFF, 0xE0, 0x03, 0xF1, 0xF8, 0x00, 0xFF, 0xF0, 0x01, 0xF8, 0xFC,
    0x00, 0x7F, 0xF8, 0x00, 0xFC, 0x7E, 0x00, 0x3F, 0xFC, 0x00, 0x3F, 0x7E,
    0x00, 0x1F, 0xFE, 0x00, 0x1F, 0xBF, 0x00, 0x0F, 0xFF, 0x00, 0x0F, 0xDF,
    0x80, 0x07, 0xFF, 0x80, 0x03, 0xFF, 0x80, 0x03, 0xFF, 0xC0, 0x01, 0xFF,
    0xC0, 0x01, 0xFF, 0xE0, 0x00, 0x7F, 0xE0, 0x00, 0xFF, 0xF0, 0x00, 0x3F,
    0xE0, 0x00, 0x7F, 0xF8, 0x00, 0x1F, 0xF0, 0x00, 0x3F, 0xFC, 0x00, 0x07,
    0xF0, 0x00, 0x1F, 0xFE, 0x00, 0x03, 0xF8, 0x00, 0x0F, 0xFF, 0x00, 0x01,
    0xFC, 0x00, 0x07, 0xE0, 0x00, 0x00, 0x00, 0x00, 0x00, 0xFF, 0x00, 0x00,
    0x00, 0x3F, 0xFF, 0x80, 0x00, 0x00, 0x3F, 0xFF, 0x80, 0x00, 0x00, 0x3F,
    0xFF, 0xC0, 0x00, 0x00, 0x3F, 0xFF, 0xC0, 0x00, 0x00, 0x3F, 0xFF, 0xE0,
    0x00, 0x00, 0x3F, 0xFF, 0xF0, 0x00, 0x00, 0x3F, 0xFF, 0xF0, 0x00, 0x00,
    0x3F, 0xFF, 0xF8, 0x00, 0x00, 0x3F, 0xFD, 0xFC, 0x00, 0x00, 0x3F, 0xFD,
    0xFC, 0x00, 0x00, 0x3F, 0xFC, 0xFE, 0x00, 0x00, 0x3F, 0xFC, 0x7E, 0x00,
    0x00, 0x3F, 0xFC, 0x7F, 0x00, 0x00, 0x3F, 0xFC, 0x3F, 0x80, 0x00, 0x3F,
    0xFC, 0x1F, 0x80, 0x00, 0x3F, 0xFC, 0x1F, 0xC0, 0x00, 0x3F, 0xFC, 0x0F,
    0xE0, 0x00, 0x3F, 0xFC, 0x0F, 0xE0, 0x00, 0x3F, 0xFC, 0x07, 0xF0, 0x00,
    0x3F, 0xFC, 0x03, 0xF0, 0x00, 0x3F, 0xFC, 0x03, 0xF8, 0x00, 0x3F, 0xFC,
    0x01, 0xFC, 0x00, 0x3F, 0xFC, 0x00, 0xFC, 0x00, 0x3F, 0xFC, 0x00, 0xFE,
    0x00, 0x3F, 0xFC, 0x00, 0x7F, 0x00, 0x3F, 0xFC, 0x00, 0x7F, 0x00, 0x3F,
    0xFC, 0x00, 0x3F, 0x80, 0x3F, 0xFC, 0x00, 0x1F, 0x80, 0x3F, 0xFC, 0x00,
    0x1F, 0xC0, 0x3F, 0xFC, 0x00, 0x0F, 0xE0, 0x3F, 0xFC, 0x00, 0x07, 0xE0,
    0x3F, 0xFC, 0x00, 0x07, 0xF0, 0x3F, 0xFC, 0x00, 0x03, 0xF8, 0x3F, 0xFC,
    0x00, 0x03, 0xF8, 0x3F, 0xFC, 0x00, 0x01, 0xFC, 0x3F, 0xFC, 0x00, 0x00,
    0xFE, 0x3F, 0xFC, 0x00, 0x00, 0xFE, 0x3F, 0xFC, 0x00, 0x00, 0x7F, 0x3F,
    0xFC, 0x00, 0x00, 0x3F, 0x3F, 0xFC, 0x00, 0x00, 0x3F, 0xBF, 0xFC, 0x00,
    0x00, 0x1F, 0xFF, 0xFC, 0x00, 0x00, 0x1F, 0xFF, 0xFC, 0x00, 0x00, 0x0F,
    0xFF, 0xFC, 0x00, 0x00, 0x07, 0xFF, 0xFC, 0x00, 0x00, 0x07, 0xFF, 0xFC,
    0x00, 0x00, 0x03, 0xFF, 0xFC, 0x00, 0x00, 0x01, 0xFF, 0xFC, 0x00, 0x00,
    0x01, 0xFF, 0xFC, 0x00, 0x00, 0x00, 0xFF, 0xFC, 0x00, 0x00, 0x00, 0xFF,
    0x00, 0x00, 0x1F, 0xFC, 0x00, 0x00, 0x00, 0x00, 0xFF, 0xFF, 0xE0, 0x00,
    0x00, 0x01, 0xFF, 0xFF, 0xFE, 0x00, 0x00, 0x03, 0xFF, 0xFF, 0xFF, 0xC0,
    0x00, 0x03, 0xFF, 0xFF, 0xFF, 0xF0, 0x00, 0x07, 0xFF, 0x80, 0x3F, 0xFC,
    0x00, 0x07, 0xFE, 0x00, 0x03, 0xFF, 0x00, 0x07, 0xFC, 0x00, 0x00, 0x7F,
    0xC0, 0x03, 0xFC, 0x00, 0x00, 0x0F, 0xF0, 0x03, 0xF8, 0x00, 0x00, 0x03,
    0xFC, 0x03, 0xF8, 0x00, 0x00, 0x00, 0xFE, 0x01, 0xF8, 0x00, 0x00, 0x00,
    0x3F, 0x81, 0xFC, 0x00, 0x00, 0x00, 0x1F, 0xC0, 0xFC, 0x00, 0x00, 0x00,
    0x07, 0xF0, 0xFE, 0x00, 0x00, 0x00, 0x01, 0xF8, 0x7E, 0x00, 0x00, 0x00,
    0x00, 0xFE, 0x7F, 0x00, 0x00, 0x00, 0x00, 0x7F, 0x3F, 0x00, 0x00, 0x00,
    0x00, 0x1F, 0x9F, 0x80, 0x00, 0x00, 0x00, 0x0F, 0xCF, 0xC0, 0x00, 0x00,
    0x00, 0x07, 0xFF, 0xE0, 0x00, 0x00, 0x00, 0x01, 0xFF, 0xE0, 0x00, 0x00,
    0x00, 0x00, 0xFF, 0xF0, 0x00, 0x00, 0x00, 0x00, 0x7F, 0xF8, 0x00, 0x00,
    0x00, 0x00, 0x3F, 0xFC, 0x00, 0x00, 0x00, 0x00, 0x1F, 0xFE, 0x00, 0x00,
    0x00, 0x00, 0x0F, 0xFF, 0x00, 0x00, 0x00, 0x00, 0x07, 0xFF, 0x80, 0x00,
    0x00, 0x00, 0x03, 0xFF, 0xC0, 0x00, 0x00, 0x00, 0x01, 0xFF, 0xE0, 0x00,
    0x00, 0x00, 0x00, 0xFF, 0xF0, 0x00, 0x00, 0x00, 0x00, 0x7F, 0xF8, 0x00,
    0x00, 0x00, 0x00, 0x7F, 0xFC, 0x00, 0x00, 0x00, 0x00, 0x3F, 0x3F, 0x00,
    0x00, 0x00, 0x00, 0x1F, 0x9F, 0x80, 0x00, 0x00, 0x00, 0x0F, 0xCF, 0xC0,
    0x00, 0x00, 0x00, 0x0F, 0xE7, 0xF0, 0x00, 0x00, 0x00, 0x07, 0xE1, 0xF8,
    0x00, 0x00, 0x00, 0x03, 0xF0, 0xFC, 0x00, 0x00, 0x00, 0x03, 0xF8, 0x7F,
    0x00, 0x00, 0x00, 0x01, 0xF8, 0x1F, 0x80, 0x00, 0x00, 0x01, 0xFC, 0x0F,
    0xE0, 0x00, 0x00, 0x00, 0xFC, 0x03, 0xF8, 0x00, 0x00, 0x00, 0xFE, 0x00,
    0xFE, 0x00, 0x00, 0x00, 0xFE, 0x00, 0x7F, 0x80, 0x00, 0x00, 0xFE, 0x00,
    0x1F, 0xE0, 0x00, 0x00, 0xFE, 0x00, 0x07, 0xFC, 0x00, 0x01, 0xFE, 0x00,
    0x01, 0xFF, 0xE0, 0x07, 0xFE, 0x00, 0x00, 0x7F, 0xFF, 0xFF, 0xFE, 0x00,
    0x00, 0x0F, 0xFF, 0xFF, 0xFE, 0x00, 0x00, 0x03, 0xFF, 0xFF, 0xFC, 0x00,
    0x00, 0x00, 0x3F, 0xFF, 0xF8, 0x00, 0x00, 0x00, 0x01, 0xFF, 0xC0, 0x00,
    0x00, 0xFF, 0xFF, 0xFF, 0xE0, 0x07, 0xFF, 0xFF, 0xFF, 0xE0, 0x3F, 0xFF,
    0xFF, 0xFF, 0xC1, 0xFF, 0xFF, 0xFF, 0xFF, 0x0F, 0xFF, 0xFF, 0xFF, 0xFC,
    0x7F, 0xFF, 0xFF, 0xFF, 0xF3, 0xF0, 0x00, 0x01, 0xFF, 0x9F, 0x80, 0x00,
    0x03, 0xFE, 0xFC, 0x00, 0x00, 0x07, 0xF7, 0xE0, 0x00, 0x00, 0x1F, 0xBF,
    0x00, 0x00, 0x00, 0xFF, 0xF8, 0x00, 0x00, 0x03, 0xFF, 0xC0, 0x00, 0x00,
    0x1F, 0xFE, 0x00, 0x00, 0x00, 0xFF, 0xF0, 0x00, 0x00, 0x07, 0xFF, 0x80,
    0x00, 0x00, 0x3F, 0xFC, 0x00, 0x00, 0x01, 0xFF, 0xE0, 0x00, 0x00, 0x0F,
    0xFF, 0x00, 0x00, 0x00, 0xFF, 0xF8, 0x00, 0x00, 0x07, 0xEF, 0xC0, 0x00,
    0x00, 0x3F, 0x7E, 0x00, 0x00, 0x03, 0xFB, 0xF0, 0x00, 0x00, 0x7F, 0xDF,
    0x80, 0x00, 0x0F, 0xFC, 0xFF, 0xFF, 0xFF, 0xFF, 0xC7, 0xFF, 0xFF, 0xFF,
    0xFE, 0x3F, 0xFF, 0xFF, 0xFF, 0xE1, 0xFF, 0xFF, 0xFF, 0xFE, 0x0F, 0xFF,
    0xFF, 0xFF, 0xC0, 0x7F, 0xFF, 0xFF, 0xF0, 0x03, 0xF0, 0x00, 0x00, 0x00,
    0x1F, 0x80, 0x00, 0x00, 0x00, 0xFC, 0x00, 0x00, 0x00, 0x07, 0xE0, 0x00,
    0x00, 0x00, 0x3F, 0x00, 0x00, 0x00, 0x01, 0xF8, 0x00, 0x00, 0x00, 0x0F,
    0xC0, 0x00, 0x00, 0x00, 0x7E, 0x00, 0x00, 0x00, 0x03, 0xF0, 0x00, 0x00,
    0x00, 0x1F, 0x80, 0x00, 0x00, 0x00, 0xFC, 0x00, 0x00, 0x00, 0x07, 0xE0,
    0x00, 0x00, 0x00, 0x3F, 0x00, 0x00, 0x00, 0x01, 0xF8, 0x00, 0x00, 0x00,
    0x0F, 0xC0, 0x00, 0x00, 0x00, 0x7E, 0x00, 0x00, 0x00, 0x03, 0xF0, 0x00,
    0x00, 0x00, 0x1F, 0x80, 0x00, 0x00, 0x00, 0xFC, 0x00, 0x00, 0x00, 0x07,
    0xE0, 0x00, 0x00, 0x00, 0x3F, 0x00, 0x00, 0x00, 0x00, 0x00, 0x00, 0x1F,
    0xFC, 0x00, 0x00, 0x00, 0x00, 0xFF, 0xFF, 0xE0, 0x00, 0x00, 0x01, 0xFF,
    0xFF, 0xFE, 0x00, 0x00, 0x03, 0xFF, 0xFF, 0xFF, 0x80, 0x00, 0x03, 0xFF,
    0xFF, 0xFF, 0xF0, 0x00, 0x07, 0xFF, 0x80, 0x3F, 0xFC, 0x00, 0x07, 0xFE,
    0x00, 0x03, 0xFF, 0x00, 0x07, 0xFC, 0x00, 0x00, 0x7F, 0xC0, 0x03, 0xF8,
    0x00, 0x00, 0x0F, 0xF0, 0x03, 0xF8, 0x00, 0x00, 0x03, 0xFC, 0x03, 0xF8,
    0x00, 0x00, 0x00, 0xFE, 0x01, 0xF8, 0x00, 0x00, 0x00, 0x3F, 0x81, 0xF8,
    0x00, 0x00, 0x00, 0x1F, 0xC0, 0xFC, 0x00, 0x00, 0x00, 0x07, 0xF0, 0xFC,
    0x00, 0x00, 0x00, 0x01, 0xF8, 0x7E, 0x00, 0x00, 0x00, 0x00, 0xFC, 0x7F,
    0x00, 0x00, 0x00, 0x00, 0x7F, 0x3F, 0x00, 0x00, 0x00, 0x00, 0x1F, 0x9F,
    0x80, 0x00, 0x00, 0x00, 0x0F, 0xCF, 0xC0, 0x00, 0x00, 0x00, 0x07, 0xEF,
    0xE0, 0x00, 0x00, 0x00, 0x01, 0xFF, 0xE0, 0x00, 0x00, 0x00, 0x00, 0xFF,
    0xF0, 0x00, 0x00, 0x00, 0x00, 0x7F, 0xF8, 0x00, 0x00, 0x00, 0x00, 0x3F,
    0xFC, 0x00, 0x00, 0x00, 0x00, 0x1F, 0xFE, 0x00, 0x00, 0x00, 0x00, 0x0F,
    0xFF, 0x00, 0x00, 0x00, 0x00, 0x07, 0xFF, 0x80, 0x00, 0x00, 0x00, 0x03,
    0xFF, 0xC0, 0x00, 0x00, 0x00, 0x01, 0xFF, 0xE0, 0x00, 0x00, 0x00, 0x00,
    0xFF, 0xF0, 0x00, 0x00, 0x00, 0x00, 0x7F, 0xF8, 0x00, 0x00, 0x00, 0x00,
    0x7F, 0xFC, 0x00, 0x00, 0x00, 0x00, 0x3F, 0x3F, 0x00, 0x00, 0x00, 0x00,
    0x1F, 0x9F, 0x80, 0x00, 0x00, 0x00, 0x0F, 0xCF, 0xC0, 0x00, 0x00, 0x00,
    0x07, 0xE7, 0xE0, 0x00, 0x00, 0x00, 0x07, 0xF1, 0xF8, 0x00, 0x00, 0x00,
    0x03, 0xF0, 0xFC, 0x00, 0x00, 0x0C, 0x03, 0xF8, 0x7F, 0x00, 0x00, 0x0F,
    0x01, 0xFC, 0x1F, 0x80, 0x00, 0x0F, 0xC1, 0xFC, 0x0F, 0xE0, 0x00, 0x0F,
    0xF9, 0xFE, 0x03, 0xF8, 0x00, 0x07, 0xFE, 0xFE, 0x01, 0xFE, 0x00, 0x00,
    0xFF, 0xFE, 0x00, 0x7F, 0x80, 0x00, 0x3F, 0xFF, 0x00, 0x1F, 0xF0, 0x00,
    0x0F, 0xFF, 0x00, 0x07, 0xFE, 0x00, 0x01, 0xFF, 0x00, 0x01, 0xFF, 0xE0,
    0x07, 0xFF, 0xE0, 0x00, 0x7F, 0xFF, 0xFF, 0xFF, 0xF8, 0x00, 0x0F, 0xFF,
    0xFF, 0xFF, 0xFE, 0x00, 0x03, 0xFF, 0xFF, 0xFC, 0xFF, 0x80, 0x00, 0x3F,
    0xFF, 0xF0, 0x3F, 0xF0, 0x00, 0x03, 0xFF, 0xC0, 0x0F, 0xF0, 0x00, 0x00,
    0x00, 0x00, 0x01, 0xF0, 0x00, 0x00, 0x00, 0x00, 0x00, 0x70, 0x00, 0x00,
    0x00, 0x00, 0x00, 0x18, 0xFF, 0xFF, 0xFF, 0xF0, 0x00, 0x7F, 0xFF, 0xFF,
    0xFF, 0x80, 0x3F, 0xFF, 0xFF, 0xFF, 0xF0, 0x1F, 0xFF, 0xFF, 0xFF, 0xFC,
    0x0F, 0xFF, 0xFF, 0xFF, 0xFF, 0x07, 0xFF, 0xFF, 0xFF, 0xFF, 0xC3, 0xF0,
    0x00, 0x00, 0x7F, 0xE1, 0xF8, 0x00, 0x00, 0x07, 0xF8, 0xFC, 0x00, 0x00,
    0x01, 0xFC, 0x7E, 0x00, 0x00, 0x00, 0x7F, 0x3F, 0x00, 0x00, 0x00, 0x3F,
    0x9F, 0x80, 0x00, 0x00, 0x0F, 0xCF, 0xC0, 0x00, 0x00, 0x07, 0xE7, 0xE0,
    0x00, 0x00, 0x03, 0xF3, 0xF0, 0x00, 0x00, 0x01, 0xF9, 0xF8, 0x00, 0x00,
    0x00, 0xFC, 0xFC, 0x00, 0x00, 0x00, 0x7E, 0x7E, 0x00, 0x00, 0x00, 0x3F,
    0x3F, 0x00, 0x00, 0x00, 0x3F, 0x1F, 0x80, 0x00, 0x00, 0x1F, 0x8F, 0xC0,
    0x00, 0x00, 0x1F, 0xC7, 0xE0, 0x00, 0x00, 0x3F, 0xC3, 0xF0, 0x00, 0x00,
    0x7F, 0xC1, 0xFF, 0xFF, 0xFF, 0xFF, 0xC0, 0xFF, 0xFF, 0xFF, 0xFF, 0xC0,
    0x7F, 0xFF, 0xFF, 0xFF, 0xC0, 0x3F, 0xFF, 0xFF, 0xFF, 0xF0, 0x1F, 0xFF,
    0xFF, 0xFF, 0xFC, 0x0F, 0xFF, 0xFF, 0xFF, 0xFF, 0x07, 0xE0, 0x00, 0x00,
    0xFF, 0xC3, 0xF0, 0x00, 0x00, 0x1F, 0xE1, 0xF8, 0x00, 0x00, 0x07, 0xF8,
    0xFC, 0x00, 0x00, 0x01, 0xFC, 0x7E, 0x00, 0x00, 0x00, 0xFE, 0x3F, 0x00,
    0x00, 0x00, 0x3F, 0x1F, 0x80, 0x00, 0x00, 0x1F, 0x8F, 0xC0, 0x00, 0x00,
    0x0F, 0xC7, 0xE0, 0x00, 0x00, 0x07, 0xE3, 0xF0, 0x00, 0x00, 0x03, 0xF1,
    0xF8, 0x00, 0x00, 0x01, 0xF8, 0xFC, 0x00, 0x00, 0x00, 0xFC, 0x7E, 0x00,
    0x00, 0x00, 0x7E, 0x3F, 0x00, 0x00, 0x00, 0x3F, 0x1F, 0x80, 0x00, 0x00,
    0x1F, 0x8F, 0xC0, 0x00, 0x00, 0x0F, 0xC7, 0xE0, 0x00, 0x00, 0x07, 0xE3,
    0xF0, 0x00, 0x00, 0x03, 0xF1, 0xF8, 0x00, 0x00, 0x01, 0xFC, 0xFC, 0x00,
    0x00, 0x00, 0xFE, 0x7E, 0x00, 0x00, 0x00, 0x3F, 0xBF, 0x00, 0x00, 0x00,
    0x1F, 0xE0, 0x00, 0x03, 0xFF, 0x80, 0x00, 0x00, 0x3F, 0xFF, 0xF8, 0x00,
    0x00, 0xFF, 0xFF, 0xFE, 0x00, 0x01, 0xFF, 0xFF, 0xFF, 0x80, 0x07, 0xFF,
    0xFF, 0xFF, 0xC0, 0x0F, 0xFC, 0x00, 0xFF, 0xE0, 0x0F, 0xF0, 0x00, 0x1F,
    0xF0, 0x1F, 0xC0, 0x00, 0x0F, 0xF8, 0x3F, 0x80, 0x00, 0x03, 0xF8, 0x3F,
    0x00, 0x00, 0x01, 0xFC, 0x3F, 0x00, 0x00, 0x01, 0xFC, 0x7E, 0x00, 0x00,
    0x00, 0xFC, 0x7E, 0x00, 0x00, 0x00, 0xFE, 0x7E, 0x00, 0x00, 0x00, 0xFE,
    0x7E, 0x00, 0x00, 0x00, 0x7E, 0x7E, 0x00, 0x00, 0x00, 0x7E, 0x7F, 0x00,
    0x00, 0x00, 0x7E, 0x7F, 0x00, 0x00, 0x00, 0x00, 0x3F, 0x80, 0x00, 0x00,
    0x00, 0x3F, 0xC0, 0x00, 0x00, 0x00, 0x1F, 0xF8, 0x00, 0x00, 0x00, 0x1F,
    0xFF, 0x80, 0x00, 0x00, 0x0F, 0xFF, 0xF8, 0x00, 0x00, 0x03, 0xFF, 0xFF,
    0x80, 0x00, 0x01, 0xFF, 0xFF, 0xF8, 0x00, 0x00, 0x3F, 0xFF, 0xFF, 0x00,
    0x00, 0x07, 0xFF, 0xFF, 0xC0, 0x00, 0x00, 0x7F, 0xFF, 0xF0, 0x00, 0x00,
    0x07, 0xFF, 0xF8, 0x00, 0x00, 0x00, 0x7F, 0xFC, 0x00, 0x00, 0x00, 0x0F,
    0xFC, 0x00, 0x00, 0x00, 0x03, 0xFE, 0x00, 0x00, 0x00, 0x00, 0xFE, 0x00,
    0x00, 0x00, 0x00, 0x7F, 0x00, 0x00, 0x00, 0x00, 0x7F, 0xFC, 0x00, 0x00,
    0x00, 0x3F, 0xFC, 0x00, 0x00, 0x00, 0x3F, 0xFC, 0x00, 0x00, 0x00, 0x3F,
    0xFC, 0x00, 0x00, 0x00, 0x3F, 0xFE, 0x00, 0x00, 0x00, 0x3F, 0x7E, 0x00,
    0x00, 0x00, 0x3F, 0x7F, 0x00, 0x00, 0x00, 0x3F, 0x7F, 0x00, 0x00, 0x00,
    0x7E, 0x3F, 0x80, 0x00, 0x00, 0xFE, 0x3F, 0xC0, 0x00, 0x00, 0xFE, 0x1F,
    0xE0, 0x00, 0x03, 0xFC, 0x0F, 0xF8, 0x00, 0x0F, 0xF8, 0x07, 0xFF, 0x00,
    0x7F, 0xF0, 0x03, 0xFF, 0xFF, 0xFF, 0xE0, 0x01, 0xFF, 0xFF, 0xFF, 0xC0,
    0x00, 0xFF, 0xFF, 0xFF, 0x00, 0x00, 0x1F, 0xFF, 0xF8, 0x00, 0x00, 0x03,
    0xFF, 0x80, 0x00, 0xFF, 0xFF, 0xFF, 0xFF, 0xFF, 0xFF, 0xFF, 0xFF, 0xFF,
    0xFF, 0xFF, 0xFF, 0xFF, 0xFF, 0xFF, 0xFF, 0xFF, 0xFF, 0xFF, 0xFF, 0xFF,
    0xFF, 0xFF, 0xFF, 0xFF, 0xFF, 0xFF, 0xFF, 0xFF, 0xFF, 0x00, 0x00, 0x7E,
    0x00, 0x00, 0x00, 0x00, 0x7E, 0x00, 0x00, 0x00, 0x00, 0x7E, 0x00, 0x00,
    0x00, 0x00, 0x7E, 0x00, 0x00, 0x00, 0x00, 0x7E, 0x00, 0x00, 0x00, 0x00,
    0x7E, 0x00, 0x00, 0x00, 0x00, 0x7E, 0x00, 0x00, 0x00, 0x00, 0x7E, 0x00,
    0x00, 0x00, 0x00, 0x7E, 0x00, 0x00, 0x00, 0x00, 0x7E, 0x00, 0x00, 0x00,
    0x00, 0x7E, 0x00, 0x00, 0x00, 0x00, 0x7E, 0x00, 0x00, 0x00, 0x00, 0x7E,
    0x00, 0x00, 0x00, 0x00, 0x7E, 0x00, 0x00, 0x00, 0x00, 0x7E, 0x00, 0x00,
    0x00, 0x00, 0x7E, 0x00, 0x00, 0x00, 0x00, 0x7E, 0x00, 0x00, 0x00, 0x00,
    0x7E, 0x00, 0x00, 0x00, 0x00, 0x7E, 0x00, 0x00, 0x00, 0x00, 0x7E, 0x00,
    0x00, 0x00, 0x00, 0x7E, 0x00, 0x00, 0x00, 0x00, 0x7E, 0x00, 0x00, 0x00,
    0x00, 0x7E, 0x00, 0x00, 0x00, 0x00, 0x7E, 0x00, 0x00, 0x00, 0x00, 0x7E,
    0x00, 0x00, 0x00, 0x00, 0x7E, 0x00, 0x00, 0x00, 0x00, 0x7E, 0x00, 0x00,
    0x00, 0x00, 0x7E, 0x00, 0x00, 0x00, 0x00, 0x7E, 0x00, 0x00, 0x00, 0x00,
    0x7E, 0x00, 0x00, 0x00, 0x00, 0x7E, 0x00, 0x00, 0x00, 0x00, 0x7E, 0x00,
    0x00, 0x00, 0x00, 0x7E, 0x00, 0x00, 0x00, 0x00, 0x7E, 0x00, 0x00, 0x00,
    0x00, 0x7E, 0x00, 0x00, 0x00, 0x00, 0x7E, 0x00, 0x00, 0x00, 0x00, 0x7E,
    0x00, 0x00, 0x00, 0x00, 0x7E, 0x00, 0x00, 0x00, 0x00, 0x7E, 0x00, 0x00,
    0x00, 0x00, 0x7E, 0x00, 0x00, 0x00, 0x00, 0x7E, 0x00, 0x00, 0x00, 0x00,
    0x7E, 0x00, 0x00, 0x00, 0x00, 0x7E, 0x00, 0x00, 0x00, 0x00, 0x7E, 0x00,
    0x00, 0x00, 0x00, 0x7E, 0x00, 0x00, 0x00, 0x00, 0x00, 0x00, 0x00, 0xFC,
    0x00, 0x00, 0x00, 0x3F, 0xFC, 0x00, 0x00, 0x00, 0x3F, 0xFC, 0x00, 0x00,
    0x00, 0x3F, 0xFC, 0x00, 0x00, 0x00, 0x3F, 0xFC, 0x00, 0x00, 0x00, 0x3F,
    0xFC, 0x00, 0x00, 0x00, 0x3F, 0xFC, 0x00, 0x00, 0x00, 0x3F, 0xFC, 0x00,
    0x00, 0x00, 0x3F, 0xFC, 0x00, 0x00, 0x00, 0x3F, 0xFC, 0x00, 0x00, 0x00,
    0x3F, 0xFC, 0x00, 0x00, 0x00, 0x3F, 0xFC, 0x00, 0x00, 0x00, 0x3F, 0xFC,
    0x00, 0x00, 0x00, 0x3F, 0xFC, 0x00, 0x00, 0x00, 0x3F, 0xFC, 0x00, 0x00,
    0x00, 0x3F, 0xFC, 0x00, 0x00, 0x00, 0x3F, 0xFC, 0x00, 0x00, 0x00, 0x3F,
    0xFC, 0x00, 0x00, 0x00, 0x3F, 0xFC, 0x00, 0x00, 0x00, 0x3F, 0xFC, 0x00,
    0x00, 0x00, 0x3F, 0xFC, 0x00, 0x00, 0x00, 0x3F, 0xFC, 0x00, 0x00, 0x00,
    0x3F, 0xFC, 0x00, 0x00, 0x00, 0x3F, 0xFC, 0x00, 0x00, 0x00, 0x3F, 0xFC,
    0x00, 0x00, 0x00, 0x3F, 0xFC, 0x00, 0x00, 0x00, 0x3F, 0xFC, 0x00, 0x00,
    0x00, 0x3F, 0xFC, 0x00, 0x00, 0x00, 0x3F, 0xFC, 0x00, 0x00, 0x00, 0x3F,
    0xFC, 0x00, 0x00, 0x00, 0x3F, 0xFC, 0x00, 0x00, 0x00, 0x3F, 0xFC, 0x00,
    0x00, 0x00, 0x3F, 0xFC, 0x00, 0x00, 0x00, 0x3F, 0xFC, 0x00, 0x00, 0x00,
    0x3F, 0xFC, 0x00, 0x00, 0x00, 0x3F, 0xFC, 0x00, 0x00, 0x00, 0x3F, 0x7C,
    0x00, 0x00, 0x00, 0x3E, 0x7E, 0x00, 0x00, 0x00, 0x7E, 0x7E, 0x00, 0x00,
    0x00, 0x7E, 0x7E, 0x00, 0x00, 0x00, 0x7E, 0x3F, 0x00, 0x00, 0x00, 0xFC,
    0x3F, 0x00, 0x00, 0x00, 0xFC, 0x3F, 0x80, 0x00, 0x01, 0xFC, 0x1F, 0xC0,
    0x00, 0x03, 0xF8, 0x1F, 0xE0, 0x00, 0x07, 0xF0, 0x0F, 0xF8, 0x00, 0x1F,
    0xF0, 0x07, 0xFE, 0x00, 0xFF, 0xE0, 0x03, 0xFF, 0xFF, 0xFF, 0xC0, 0x01,
    0xFF, 0xFF, 0xFF, 0x80, 0x00, 0x7F, 0xFF, 0xFE, 0x00, 0x00, 0x1F, 0xFF,
    0xF8, 0x00, 0x00, 0x03, 0xFF, 0x80, 0x00, 0x7E, 0x00, 0x00, 0x00, 0x03,
    0xF3, 0xF0, 0x00, 0x00, 0x00, 0x1F, 0x9F, 0xC0, 0x00, 0x00, 0x01, 0xFC,
    0x7E, 0x00, 0x00, 0x00, 0x0F, 0xC3, 0xF0, 0x00, 0x00, 0x00, 0x7E, 0x1F,
    0xC0, 0x00, 0x00, 0x07, 0xF0, 0x7E, 0x00, 0x00, 0x00, 0x3F, 0x03, 0xF8,
    0x00, 0x00, 0x03, 0xF8, 0x0F, 0xC0, 0x00, 0x00, 0x1F, 0x80, 0x7E, 0x00,
    0x00, 0x00, 0xFC, 0x03, 0xF8, 0x00, 0x00, 0x0F, 0xE0, 0x0F, 0xC0, 0x00,
    0x00, 0x7E, 0x00, 0x7E, 0x00, 0x00, 0x03, 0xF0, 0x03, 0xF8, 0x00, 0x00,
    0x3F, 0x80, 0x0F, 0xC0, 0x00, 0x01, 0xF8, 0x00, 0x7E, 0x00, 0x00, 0x0F,
    0xC0, 0x03, 0xF8, 0x00, 0x00, 0xFE, 0x00, 0x0F, 0xC0, 0x00, 0x07, 0xE0,
    0x00, 0x7F, 0x00, 0x00, 0x7F, 0x00, 0x03, 0xF8, 0x00, 0x03, 0xF0, 0x00,
    0x0F, 0xC0, 0x00, 0x1F, 0x80, 0x00, 0x7F, 0x00, 0x01, 0xFC, 0x00, 0x01,
    0xF8, 0x00, 0x0F, 0xC0, 0x00, 0x0F, 0xC0, 0x00, 0x7E, 0x00, 0x00, 0x7F,
    0x00, 0x07, 0xF0, 0x00, 0x01, 0xF8, 0x00, 0x3F, 0x00, 0x00, 0x0F, 0xC0,
    0x01, 0xF8, 0x00, 0x00, 0x7F, 0x00, 0x1F, 0xC0, 0x00, 0x01, 0xF8, 0x00,
    0xFC, 0x00, 0x00, 0x0F, 0xC0, 0x07, 0xE0, 0x00, 0x00, 0x7F, 0x00, 0x7E,
    0x00, 0x00, 0x01, 0xF8, 0x03, 0xF0, 0x00, 0x00, 0x0F, 0xE0, 0x3F, 0x80,
    0x00, 0x00, 0x3F, 0x01, 0xF8, 0x00, 0x00, 0x01, 0xF8, 0x0F, 0xC0, 0x00,
    0x00, 0x0F, 0xE0, 0xFE, 0x00, 0x00, 0x00, 0x3F, 0x07, 0xE0, 0x00, 0x00,
    0x01, 0xF8, 0x3F, 0x00, 0x00, 0x00, 0x0F, 0xE3, 0xF8, 0x00, 0x00, 0x00,
    0x3F, 0x1F, 0x80, 0x00, 0x00, 0x01, 0xF8, 0xFC, 0x00, 0x00, 0x00, 0x0F,
    0xEF, 0xE0, 0x00, 0x00, 0x00, 0x3F, 0x7E, 0x00, 0x00, 0x00, 0x01, 0xFF,
    0xF0, 0x00, 0x00, 0x00, 0x0F, 0xFF, 0x00, 0x00, 0x00, 0x00, 0x3F, 0xF8,
    0x00, 0x00, 0x00, 0x01, 0xFF, 0xC0, 0x00, 0x00, 0x00, 0x07, 0xFC, 0x00,
    0x00, 0x00, 0x00, 0x3F, 0xE0, 0x00, 0x00, 0x00, 0x01, 0xFF, 0x00, 0x00,
    0x00, 0x00, 0x07, 0xF0, 0x00, 0x00, 0x7E, 0x00, 0x00, 0x07, 0xF0, 0x00,
    0x00, 0x3F, 0x3F, 0x00, 0x00, 0x03, 0xF8, 0x00, 0x00, 0x1F, 0x9F, 0x80,
    0x00, 0x03, 0xFE, 0x00, 0x00, 0x0F, 0xCF, 0xE0, 0x00, 0x01, 0xFF, 0x00,
    0x00, 0x0F, 0xE3, 0xF0, 0x00, 0x00, 0xFF, 0x80, 0x00, 0x07, 0xE1, 0xF8,
    0x00, 0x00, 0x7F, 0xC0, 0x00, 0x03, 0xF0, 0xFC, 0x00, 0x00, 0x7F, 0xF0,
    0x00, 0x01, 0xF8, 0x7E, 0x00, 0x00, 0x3F, 0xF8, 0x00, 0x00, 0xFC, 0x1F,
    0x80, 0x00, 0x1F, 0xFC, 0x00, 0x00, 0xFC, 0x0F, 0xC0, 0x00, 0x0F, 0xBE,
    0x00, 0x00, 0x7E, 0x07, 0xE0, 0x00, 0x0F, 0xDF, 0x80, 0x00, 0x3F, 0x03,
    0xF0, 0x00, 0x07, 0xEF, 0xC0, 0x00, 0x1F, 0x80, 0xFC, 0x00, 0x03, 0xE3,
    0xE0, 0x00, 0x1F, 0x80, 0x7E, 0x00, 0x03, 0xF1, 0xF8, 0x00, 0x0F, 0xC0,
    0x3F, 0x00, 0x01, 0xF8, 0xFC, 0x00, 0x07, 0xE0, 0x0F, 0x80, 0x00, 0xFC,
    0x7E, 0x00, 0x03, 0xE0, 0x07, 0xE0, 0x00, 0x7C, 0x1F, 0x00, 0x03, 0xF0,
    0x03, 0xF0, 0x00, 0x7E, 0x0F, 0xC0, 0x01, 0xF8, 0x01, 0xF8, 0x00, 0x3F,
    0x07, 0xE0, 0x00, 0xFC, 0x00, 0x7C, 0x00, 0x1F, 0x83, 0xF0, 0x00, 0x7C,
    0x00, 0x3E, 0x00, 0x0F, 0x80, 0xF8, 0x00, 0x3E, 0x00, 0x1F, 0x80, 0x0F,
    0xC0, 0x7E, 0x00, 0x3F, 0x00, 0x0F, 0xC0, 0x07, 0xE0, 0x3F, 0x00, 0x1F,
    0x80, 0x03, 0xE0, 0x03, 0xE0, 0x0F, 0x80, 0x0F, 0x80, 0x01, 0xF0, 0x03,
    0xF0, 0x07, 0xE0, 0x07, 0xC0, 0x00, 0xFC, 0x01, 0xF8, 0x03, 0xF0, 0x07,
    0xE0, 0x00, 0x7E, 0x00, 0xFC, 0x01, 0xF8, 0x03, 0xF0, 0x00, 0x1F, 0x00,
    0x7C, 0x00, 0x7C, 0x01, 0xF0, 0x00, 0x0F, 0x80, 0x7E, 0x00, 0x3F, 0x00,
    0xF8, 0x00, 0x07, 0xE0, 0x3F, 0x00, 0x1F, 0x80, 0xFC, 0x00, 0x03, 0xF0,
    0x1F, 0x80, 0x0F, 0xC0, 0x7E, 0x00, 0x00, 0xF8, 0x0F, 0x80, 0x03, 0xE0,
    0x3E, 0x00, 0x00, 0x7C, 0x0F, 0xC0, 0x01, 0xF8, 0x1F, 0x00, 0x00, 0x3E,
    0x07, 0xE0, 0x00, 0xFC, 0x0F, 0x80, 0x00, 0x1F, 0x83, 0xE0, 0x00, 0x3E,
    0x0F, 0xC0, 0x00, 0x07, 0xC3, 0xF0, 0x00, 0x1F, 0x87, 0xC0, 0x00, 0x03,
    0xE1, 0xF8, 0x00, 0x0F, 0xC3, 0xE0, 0x00, 0x01, 0xF0, 0xFC, 0x00, 0x07,
    0xE1, 0xF0, 0x00, 0x00, 0xFC, 0x7C, 0x00, 0x01, 0xF1, 0xF8, 0x00, 0x00,
    0x3E, 0x7E, 0x00, 0x00, 0xFC, 0xF8, 0x00, 0x00, 0x1F, 0x3F, 0x00, 0x00,
    0x7E, 0x7C, 0x00, 0x00, 0x0F, 0x9F, 0x80, 0x00, 0x3F, 0x3E, 0x00, 0x00,
    0x03, 0xEF, 0x80, 0x00, 0x0F, 0xBE, 0x00, 0x00, 0x01, 0xFF, 0xC0, 0x00,
    0x07, 0xFF, 0x00, 0x00, 0x00, 0xFF, 0xE0, 0x00, 0x03, 0xFF, 0x80, 0x00,
    0x00, 0x7F, 0xE0, 0x00, 0x00, 0xFF, 0xC0, 0x00, 0x00, 0x1F, 0xF0, 0x00,
    0x00, 0x7F, 0xC0, 0x00, 0x00, 0x0F, 0xF8, 0x00, 0x00, 0x3F, 0xE0, 0x00,
    0x00, 0x07, 0xFC, 0x00, 0x00, 0x1F, 0xF0, 0x00, 0x00, 0x03, 0xFC, 0x00,
    0x00, 0x07, 0xF8, 0x00, 0x00, 0x00, 0xFE, 0x00, 0x00, 0x03, 0xF8, 0x00,
    0x00, 0x7F, 0x00, 0x00, 0x00, 0xFE, 0x3F, 0x80, 0x00, 0x00, 0xFE, 0x1F,
    0x80, 0x00, 0x01, 0xFC, 0x1F, 0xC0, 0x00, 0x01, 0xF8, 0x0F, 0xE0, 0x00,
    0x03, 0xF8, 0x07, 0xE0, 0x00, 0x07, 0xF0, 0x07, 0xF0, 0x00, 0x07, 0xE0,
    0x03, 0xF8, 0x00, 0x0F, 0xE0, 0x01, 0xF8, 0x00, 0x1F, 0xC0, 0x01, 0xFC,
    0x00, 0x1F, 0xC0, 0x00, 0xFE, 0x00, 0x3F, 0x80, 0x00, 0x7E, 0x00, 0x7F,
    0x00, 0x00, 0x7F, 0x00, 0x7F, 0x00, 0x00, 0x3F, 0x80, 0xFE, 0x00, 0x00,
    0x1F, 0x80, 0xFC, 0x00, 0x00, 0x1F, 0xC1, 0xFC, 0x00, 0x00, 0x0F, 0xC3,
    0xF8, 0x00, 0x00, 0x07, 0xE3, 0xF0, 0x00, 0x00, 0x07, 0xF7, 0xF0, 0x00,
    0x00, 0x03, 0xFF, 0xE0, 0x00, 0x00, 0x01, 0xFF, 0xC0, 0x00, 0x00, 0x01,
    0xFF, 0xC0, 0x00, 0x00, 0x00, 0xFF, 0x80, 0x00, 0x00, 0x00, 0x7F, 0x00,
    0x00, 0x00, 0x00, 0x7F, 0x00, 0x00, 0x00, 0x00, 0x7E, 0x00, 0x00, 0x00,
    0x00, 0xFF, 0x00, 0x00, 0x00, 0x01, 0xFF, 0x80, 0x00, 0x00, 0x01, 0xFF,
    0x80, 0x00, 0x00, 0x03, 0xFF, 0xC0, 0x00, 0x00, 0x07, 0xFF, 0xE0, 0x00,
    0x00, 0x07, 0xE7, 0xE0, 0x00, 0x00, 0x0F, 0xC3, 0xF0, 0x00, 0x00, 0x1F,
    0xC3, 0xF8, 0x00, 0x00, 0x1F, 0x81, 0xF8, 0x00, 0x00, 0x3F, 0x81, 0xFC,
    0x00, 0x00, 0x7F, 0x00, 0xFE, 0x00, 0x00, 0x7E, 0x00, 0x7E, 0x00, 0x00,
    0xFE, 0x00, 0x7F, 0x00, 0x01, 0xFC, 0x00, 0x3F, 0x80, 0x01, 0xF8, 0x00,
    0x1F, 0x80, 0x03, 0xF8, 0x00, 0x1F, 0xC0, 0x07, 0xF0, 0x00, 0x0F, 0xE0,
    0x07, 0xE0, 0x00, 0x07, 0xE0, 0x0F, 0xE0, 0x00, 0x07, 0xF0, 0x1F, 0xC0,
    0x00, 0x03, 0xF8, 0x1F, 0x80, 0x00, 0x03, 0xF8, 0x3F, 0x80, 0x00, 0x01,
    0xFC, 0x7F, 0x00, 0x00, 0x00, 0xFE, 0x7E, 0x00, 0x00, 0x00, 0xFE, 0xFE,
    0x00, 0x00, 0x00, 0x7F, 0x00, 0x00, 0x00, 0x00, 0x00, 0x3F, 0x80, 0x00,
    0x00, 0x07, 0xF7, 0xF0, 0x00, 0x00, 0x03, 0xF9, 0xFC, 0x00, 0x00, 0x00,
    0xFE, 0x3F, 0x80, 0x00, 0x00, 0x7F, 0x07, 0xE0, 0x00, 0x00, 0x1F, 0x81,
    0xFC, 0x00, 0x00, 0x0F, 0xE0, 0x3F, 0x00, 0x00, 0x03, 0xF0, 0x0F, 0xE0,
    0x00, 0x01, 0xFC, 0x01, 0xFC, 0x00, 0x00, 0xFE, 0x00, 0x3F, 0x00, 0x00,
    0x3F, 0x00, 0x0F, 0xE0, 0x00, 0x1F, 0xC0, 0x01, 0xF8, 0x00, 0x07, 0xE0,
    0x00, 0x7F, 0x00, 0x03, 0xF8, 0x00, 0x0F, 0xE0, 0x01, 0xFC, 0x00, 0x03,
    0xF8, 0x00, 0x7F, 0x00, 0x00, 0x7F, 0x00, 0x3F, 0x80, 0x00, 0x0F, 0xC0,
    0x0F, 0xC0, 0x00, 0x03, 0xF8, 0x07, 0xF0, 0x00, 0x00, 0x7E, 0x01, 0xF8,
    0x00, 0x00, 0x1F, 0xC0, 0xFE, 0x00, 0x00, 0x03, 0xF8, 0x7F, 0x00, 0x00,
    0x00, 0x7E, 0x1F, 0x80, 0x00, 0x00, 0x1F, 0xCF, 0xE0, 0x00, 0x00, 0x03,
    0xF3, 0xF0, 0x00, 0x00, 0x00, 0xFF, 0xFC, 0x00, 0x00, 0x00, 0x1F, 0xFE,
    0x00, 0x00, 0x00, 0x03, 0xFF, 0x00, 0x00, 0x00, 0x00, 0xFF, 0xC0, 0x00,
    0x00, 0x00, 0x1F, 0xE0, 0x00, 0x00, 0x00, 0x07, 0xF8, 0x00, 0x00, 0x00,
    0x00, 0xFC, 0x00, 0x00, 0x00, 0x00, 0x3F, 0x00, 0x00, 0x00, 0x00, 0x0F,
    0xC0, 0x00, 0x00, 0x00, 0x03, 0xF0, 0x00, 0x00, 0x00, 0x00, 0xFC, 0x00,
    0x00, 0x00, 0x00, 0x3F, 0x00, 0x00, 0x00, 0x00, 0x0F, 0xC0, 0x00, 0x00,
    0x00, 0x03, 0xF0, 0x00, 0x00, 0x00, 0x00, 0xFC, 0x00, 0x00, 0x00, 0x00,
    0x3F, 0x00, 0x00, 0x00, 0x00, 0x0F, 0xC0, 0x00, 0x00, 0x00, 0x03, 0xF0,
    0x00, 0x00, 0x00, 0x00, 0xFC, 0x00, 0x00, 0x00, 0x00, 0x3F, 0x00, 0x00,
    0x00, 0x00, 0x0F, 0xC0, 0x00, 0x00, 0x00, 0x03, 0xF0, 0x00, 0x00, 0x00,
    0x00, 0xFC, 0x00, 0x00, 0x00, 0x00, 0x3F, 0x00, 0x00, 0x00, 0x00, 0x0F,
    0xC0, 0x00, 0x00, 0x00, 0x03, 0xF0, 0x00, 0x00, 0x00, 0x00, 0xFC, 0x00,
    0x00, 0x00, 0x00, 0x00, 0x00, 0x00, 0x3F, 0xFF, 0xFF, 0xFF, 0xFF, 0x3F,
    0xFF, 0xFF, 0xFF, 0xFF, 0x3F, 0xFF, 0xFF, 0xFF, 0xFF, 0x3F, 0xFF, 0xFF,
    0xFF, 0xFF, 0x3F, 0xFF, 0xFF, 0xFF, 0xFF, 0x3F, 0xFF, 0xFF, 0xFF, 0xFF,
    0x00, 0x00, 0x00, 0x00, 0xFE, 0x00, 0x00, 0x00, 0x01, 0xFE, 0x00, 0x00,
    0x00, 0x03, 0xFC, 0x00, 0x00, 0x00, 0x03, 0xF8, 0x00, 0x00, 0x00, 0x07,
    0xF0, 0x00, 0x00, 0x00, 0x0F, 0xE0, 0x00, 0x00, 0x00, 0x1F, 0xE0, 0x00,
    0x00, 0x00, 0x3F, 0xC0, 0x00, 0x00, 0x00, 0x7F, 0x80, 0x00, 0x00, 0x00,
    0x7F, 0x00, 0x00, 0x00, 0x00, 0xFE, 0x00, 0x00, 0x00, 0x01, 0xFC, 0x00,
    0x00, 0x00, 0x03, 0xFC, 0x00, 0x00, 0x00, 0x07, 0xF8, 0x00, 0x00, 0x00,
    0x0F, 0xF0, 0x00, 0x00, 0x00, 0x0F, 0xE0, 0x00, 0x00, 0x00, 0x1F, 0xC0,
    0x00, 0x00, 0x00, 0x3F, 0x80, 0x00, 0x00, 0x00, 0x7F, 0x80, 0x00, 0x00,
    0x00, 0xFF, 0x00, 0x00, 0x00, 0x00, 0xFE, 0x00, 0x00, 0x00, 0x01, 0xFC,
    0x00, 0x00, 0x00, 0x03, 0xF8, 0x00, 0x00, 0x00, 0x07, 0xF0, 0x00, 0x00,
    0x00, 0x0F, 0xF0, 0x00, 0x00, 0x00, 0x1F, 0xE0, 0x00, 0x00, 0x00, 0x1F,
    0xC0, 0x00, 0x00, 0x00, 0x3F, 0x80, 0x00, 0x00, 0x00, 0x7F, 0x00, 0x00,
    0x00, 0x00, 0xFF, 0x00, 0x00, 0x00, 0x01, 0xFE, 0x00, 0x00, 0x00, 0x03,
    0xFC, 0x00, 0x00, 0x00, 0x03, 0xF8, 0x00, 0x00, 0x00, 0x07, 0xF0, 0x00,
    0x00, 0x00, 0x0F, 0xE0, 0x00, 0x00, 0x00, 0x1F, 0xE0, 0x00, 0x00, 0x00,
    0x3F, 0xC0, 0x00, 0x00, 0x00, 0x3F, 0x80, 0x00, 0x00, 0x00, 0x7F, 0x00,
    0x00, 0x00, 0x00, 0xFF, 0xFF, 0xFF, 0xFF, 0xFF, 0xFF, 0xFF, 0xFF, 0xFF,
    0xFF, 0xFF, 0xFF, 0xFF, 0xFF, 0xFF, 0xFF, 0xFF, 0xFF, 0xFF, 0xFF, 0xFF,
    0xFF, 0xFF, 0xFF, 0xFF, 0xFF, 0xFF, 0xFF, 0xFF, 0xFF, 0xFF, 0xFF, 0xFF,
    0xFF, 0xFF, 0xFF, 0xFF, 0xFF, 0xFE, 0x03, 0xF0, 0x1F, 0x80, 0xFC, 0x07,
    0xE0, 0x3F, 0x01, 0xF8, 0x0F, 0xC0, 0x7E, 0x03, 0xF0, 0x1F, 0x80, 0xFC,
    0x07, 0xE0, 0x3F, 0x01, 0xF8, 0x0F, 0xC0, 0x7E, 0x03, 0xF0, 0x1F, 0x80,
    0xFC, 0x07, 0xE0, 0x3F, 0x01, 0xF8, 0x0F, 0xC0, 0x7E, 0x03, 0xF0, 0x1F,
    0x80, 0xFC, 0x07, 0xE0, 0x3F, 0x01, 0xF8, 0x0F, 0xC0, 0x7E, 0x03, 0xF0,
    0x1F, 0x80, 0xFC, 0x07, 0xE0, 0x3F, 0x01, 0xF8, 0x0F, 0xC0, 0x7E, 0x03,
    0xF0, 0x1F, 0x80, 0xFC, 0x07, 0xE0, 0x3F, 0x01, 0xF8, 0x0F, 0xC0, 0x7E,
    0x03, 0xF0, 0x1F, 0x80, 0xFC, 0x07, 0xE0, 0x3F, 0x01, 0xF8, 0x0F, 0xFF,
    0xFF, 0xFF, 0xFF, 0xFF, 0xFF, 0xFF, 0xF8, 0xF8, 0x00, 0x00, 0x1F, 0x80,
    0x00, 0x01, 0xF0, 0x00, 0x00, 0x3F, 0x00, 0x00, 0x03, 0xE0, 0x00, 0x00,
    0x7C, 0x00, 0x00, 0x07, 0xC0, 0x00, 0x00, 0xF8, 0x00, 0x00, 0x1F, 0x80,
    0x00, 0x01, 0xF0, 0x00, 0x00, 0x3F, 0x00, 0x00, 0x03, 0xE0, 0x00, 0x00,
    0x7C, 0x00, 0x00, 0x0F, 0xC0, 0x00, 0x00, 0xF8, 0x00, 0x00, 0x1F, 0x80,
    0x00, 0x01, 0xF0, 0x00, 0x00, 0x3F, 0x00, 0x00, 0x03, 0xE0, 0x00, 0x00,
    0x7C, 0x00, 0x00, 0x0F, 0xC0, 0x00, 0x00, 0xF8, 0x00, 0x00, 0x1F, 0x80,
    0x00, 0x01, 0xF0, 0x00, 0x00, 0x3E, 0x00, 0x00, 0x07, 0xE0, 0x00, 0x00,
    0x7C, 0x00, 0x00, 0x0F, 0xC0, 0x00, 0x00, 0xF8, 0x00, 0x00, 0x1F, 0x80,
    0x00, 0x01, 0xF0, 0x00, 0x00, 0x3E, 0x00, 0x00, 0x07, 0xE0, 0x00, 0x00,
    0x7C, 0x00, 0x00, 0x0F, 0xC0, 0x00, 0x00, 0xF8, 0x00, 0x00, 0x1F, 0x00,
    0x00, 0x03, 0xF0, 0x00, 0x00, 0x3E, 0x00, 0x00, 0x07, 0xE0, 0x00, 0x00,
    0x7C, 0x00, 0x00, 0x0F, 0xC0, 0x00, 0x00, 0xF8, 0x00, 0x00, 0x1F, 0x00,
    0x00, 0x03, 0xF0, 0x00, 0x00, 0x3E, 0x00, 0x00, 0x07, 0xE0, 0x00, 0x00,
    0x7C, 0x00, 0x00, 0x0F, 0x80, 0x00, 0x01, 0xF8, 0x00, 0x00, 0x1F, 0x00,
    0xFF, 0xFF, 0xFF, 0xFF, 0xFF, 0xFF, 0xFF, 0xFF, 0x80, 0xFC, 0x07, 0xE0,
    0x3F, 0x01, 0xF8, 0x0F, 0xC0, 0x7E, 0x03, 0xF0, 0x1F, 0x80, 0xFC, 0x07,
    0xE0, 0x3F, 0x01, 0xF8, 0x0F, 0xC0, 0x7E, 0x03, 0xF0, 0x1F, 0x80, 0xFC,
    0x07, 0xE0, 0x3F, 0x01, 0xF8, 0x0F, 0xC0, 0x7E, 0x03, 0xF0, 0x1F, 0x80,
    0xFC, 0x07, 0xE0, 0x3F, 0x01, 0xF8, 0x0F, 0xC0, 0x7E, 0x03, 0xF0, 0x1F,
    0x80, 0xFC, 0x07, 0xE0, 0x3F, 0x01, 0xF8, 0x0F, 0xC0, 0x7E, 0x03, 0xF0,
    0x1F, 0x80, 0xFC, 0x07, 0xE0, 0x3F, 0x01, 0xF8, 0x0F, 0xC0, 0x7E, 0x03,
    0xF0, 0x1F, 0x80, 0xFC, 0x07, 0xE0, 0x3F, 0x01, 0xF8, 0x0F, 0xC0, 0x7E,
    0x03, 0xFF, 0xFF, 0xFF, 0xFF, 0xFF, 0xFF, 0xFF, 0xFF, 0xF8, 0x00, 0x0F,
    0xC0, 0x00, 0x00, 0x3F, 0x00, 0x00, 0x01, 0xFE, 0x00, 0x00, 0x07, 0xF8,
    0x00, 0x00, 0x3F, 0xE0, 0x00, 0x00, 0xFF, 0xC0, 0x00, 0x03, 0xFF, 0x00,
    0x00, 0x1F, 0xFE, 0x00, 0x00, 0x7D, 0xF8, 0x00, 0x03, 0xF3, 0xE0, 0x00,
    0x0F, 0xCF, 0xC0, 0x00, 0x3E, 0x1F, 0x00, 0x01, 0xF8, 0x7E, 0x00, 0x07,
    0xC1, 0xF8, 0x00, 0x3F, 0x03, 0xE0, 0x00, 0xFC, 0x0F, 0xC0, 0x03, 0xE0,
    0x1F, 0x00, 0x1F, 0x80, 0x7E, 0x00, 0x7C, 0x01, 0xF8, 0x03, 0xF0, 0x03,
    0xE0, 0x0F, 0xC0, 0x0F, 0xC0, 0x3E, 0x00, 0x1F, 0x01, 0xF8, 0x00, 0x7E,
    0x07, 0xC0, 0x01, 0xF8, 0x3F, 0x00, 0x03, 0xE0, 0xFC, 0x00, 0x0F, 0xC3,
    0xE0, 0x00, 0x1F, 0x1F, 0x80, 0x00, 0x7E, 0x7C, 0x00, 0x01, 0xFB, 0xF0,
    0x00, 0x03, 0xE0, 0xFF, 0xFF, 0xFF, 0xFF, 0xFF, 0xFF, 0xFF, 0xFF, 0xFF,
    0xFF, 0xFF, 0xFF, 0xFF, 0xFF, 0xF8, 0x7F, 0x00, 0xFE, 0x01, 0xFC, 0x03,
    0xF0, 0x0F, 0xE0, 0x1F, 0x80, 0x3F, 0x00, 0x7E, 0x00, 0xF8, 0x01, 0xF0,
    0x00, 0x0F, 0xFC, 0x00, 0x00, 0x0F, 0xFF, 0xF0, 0x00, 0x07, 0xFF, 0xFF,
    0x80, 0x03, 0xFF, 0xFF, 0xF8, 0x00, 0xFF, 0xFF, 0xFF, 0x80, 0x1F, 0xF0,
    0x1F, 0xF8, 0x07, 0xF8, 0x00, 0x7F, 0x00, 0xFE, 0x00, 0x07, 0xF0, 0x3F,
    0x80, 0x00, 0xFE, 0x07, 0xF0, 0x00, 0x0F, 0xC0, 0xFC, 0x00, 0x01, 0xF8,
    0x1F, 0x80, 0x00, 0x3F, 0x00, 0x00, 0x00, 0x07, 0xE0, 0x00, 0x00, 0x00,
    0xFC, 0x00, 0x00, 0x00, 0x3F, 0x80, 0x00, 0x00, 0x3F, 0xF0, 0x00, 0x07,
    0xFF, 0xFE, 0x00, 0x1F, 0xFF, 0xFF, 0xC0, 0x0F, 0xFF, 0xFF, 0xF8, 0x07,
    0xFF, 0xFF, 0xBF, 0x01, 0xFF, 0xFE, 0x07, 0xE0, 0x7F, 0xF0, 0x00, 0xFC,
    0x1F, 0xF0, 0x00, 0x1F, 0x83, 0xF8, 0x00, 0x03, 0xF0, 0xFE, 0x00, 0x00,
    0x7E, 0x1F, 0xC0, 0x00, 0x0F, 0xC3, 0xF0, 0x00, 0x01, 0xF8, 0x7E, 0x00,
    0x00, 0x7F, 0x0F, 0xC0, 0x00, 0x0F, 0xE1, 0xF8, 0x00, 0x03, 0xFC, 0x3F,
    0x80, 0x00, 0x7F, 0x87, 0xF0, 0x00, 0x3F, 0xF0, 0x7F, 0x00, 0x0F, 0xFE,
    0x0F, 0xF8, 0x0F, 0xFF, 0xE0, 0xFF, 0xFF, 0xFD, 0xFF, 0x8F, 0xFF, 0xFF,
    0x1F, 0xF0, 0xFF, 0xFF, 0x83, 0xFE, 0x0F, 0xFF, 0xC0, 0x3F, 0xC0, 0x3F,
    0xC0, 0x03, 0xF8, 0xFC, 0x00, 0x00, 0x00, 0xFC, 0x00, 0x00, 0x00, 0xFC,
    0x00, 0x00, 0x00, 0xFC, 0x00, 0x00, 0x00, 0xFC, 0x00, 0x00, 0x00, 0xFC,
    0x00, 0x00, 0x00, 0xFC, 0x00, 0x00, 0x00, 0xFC, 0x00, 0x00, 0x00, 0xFC,
    0x00, 0x00, 0x00, 0xFC, 0x00, 0x00, 0x00, 0xFC, 0x00, 0x00, 0x00, 0xFC,
    0x00, 0x00, 0x00, 0xFC, 0x00, 0x00, 0x00, 0xFC, 0x07, 0xF8, 0x00, 0xFC,
    0x3F, 0xFF, 0x00, 0xFC, 0x7F, 0xFF, 0x80, 0xFD, 0xFF, 0xFF, 0xE0, 0xFF,
    0xFF, 0xFF, 0xF0, 0xFF, 0xF8, 0x1F, 0xF0, 0xFF, 0xE0, 0x07, 0xF8, 0xFF,
    0xC0, 0x03, 0xFC, 0xFF, 0x80, 0x01, 0xFC, 0xFF, 0x00, 0x00, 0xFE, 0xFF,
    0x00, 0x00, 0xFE, 0xFE, 0x00, 0x00, 0x7E, 0xFE, 0x00, 0x00, 0x7E, 0xFE,
    0x00, 0x00, 0x7F, 0xFC, 0x00, 0x00, 0x3F, 0xFC, 0x00, 0x00, 0x3F, 0xFC,
    0x00, 0x00, 0x3F, 0xFC, 0x00, 0x00, 0x3F, 0xFC, 0x00, 0x00, 0x3F, 0xFC,
    0x00, 0x00, 0x3F, 0xFC, 0x00, 0x00, 0x3F, 0xFC, 0x00, 0x00, 0x3F, 0xFC,
    0x00, 0x00, 0x3F, 0xFC, 0x00, 0x00, 0x3F, 0xFC, 0x00, 0x00, 0x7E, 0xFE,
    0x00, 0x00, 0x7E, 0xFE, 0x00, 0x00, 0x7E, 0xFE, 0x00, 0x00, 0x7E, 0xFF,
    0x00, 0x00, 0xFC, 0xFF, 0x00, 0x00, 0xFC, 0xFF, 0x80, 0x01, 0xFC, 0xFF,
    0xC0, 0x03, 0xF8, 0xFF, 0xE0, 0x07, 0xF0, 0xFF, 0xF8, 0x1F, 0xF0, 0xFD,
    0xFF, 0xFF, 0xE0, 0xFC, 0xFF, 0xFF, 0xC0, 0xFC, 0x7F, 0xFF, 0x80, 0xFC,
    0x3F, 0xFE, 0x00, 0x00, 0x07, 0xF0, 0x00, 0x00, 0x07, 0xFC, 0x00, 0x00,
    0x3F, 0xFF, 0x80, 0x00, 0xFF, 0xFF, 0xE0, 0x01, 0xFF, 0xFF, 0xF0, 0x03,
    0xFF, 0xFF, 0xF8, 0x07, 0xF8, 0x0F, 0xFC, 0x0F, 0xE0, 0x03, 0xFC, 0x1F,
    0xC0, 0x00, 0xFE, 0x1F, 0x80, 0x00, 0xFE, 0x3F, 0x80, 0x00, 0x7E, 0x3F,
    0x00, 0x00, 0x7F, 0x7F, 0x00, 0x00, 0x3F, 0x7E, 0x00, 0x00, 0x3F, 0x7E,
    0x00, 0x00, 0x00, 0x7E, 0x00, 0x00, 0x00, 0xFC, 0x00, 0x00, 0x00, 0xFC,
    0x00, 0x00, 0x00, 0xFC, 0x00, 0x00, 0x00, 0xFC, 0x00, 0x00, 0x00, 0xFC,
    0x00, 0x00, 0x00, 0xFC, 0x00, 0x00, 0x00, 0xFC, 0x00, 0x00, 0x00, 0xFC,
    0x00, 0x00, 0x00, 0xFC, 0x00, 0x00, 0x00, 0xFC, 0x00, 0x00, 0x00, 0xFE,
    0x00, 0x00, 0x3F, 0x7E, 0x00, 0x00, 0x3F, 0x7E, 0x00, 0x00, 0x7F, 0x7F,
    0x00, 0x00, 0x7E, 0x3F, 0x00, 0x00, 0xFE, 0x3F, 0x80, 0x00, 0xFE, 0x1F,
    0xC0, 0x01, 0xFC, 0x1F, 0xE0, 0x03, 0xFC, 0x0F, 0xF8, 0x0F, 0xF8, 0x07,
    0xFF, 0xFF, 0xF0, 0x03, 0xFF, 0xFF, 0xE0, 0x01, 0xFF, 0xFF, 0xC0, 0x00,
    0x7F, 0xFF, 0x00, 0x00, 0x0F, 0xF8, 0x00, 0x00, 0x00, 0x00, 0x3F, 0x00,
    0x00, 0x00, 0x3F, 0x00, 0x00, 0x00, 0x3F, 0x00, 0x00, 0x00, 0x3F, 0x00,
    0x00, 0x00, 0x3F, 0x00, 0x00, 0x00, 0x3F, 0x00, 0x00, 0x00, 0x3F, 0x00,
    0x00, 0x00, 0x3F, 0x00, 0x00, 0x00, 0x3F, 0x00, 0x00, 0x00, 0x3F, 0x00,
    0x00, 0x00, 0x3F, 0x00, 0x00, 0x00, 0x3F, 0x00, 0x00, 0x00, 0x3F, 0x00,
    0x1F, 0xF0, 0x3F, 0x00, 0x7F, 0xFC, 0x3F, 0x01, 0xFF, 0xFF, 0x3F, 0x03,
    0xFF, 0xFF, 0xBF, 0x07, 0xFF, 0xFF, 0xFF, 0x0F, 0xF8, 0x1F, 0xFF, 0x0F,
    0xE0, 0x07, 0xFF, 0x1F, 0xC0, 0x03, 0xFF, 0x1F, 0x80, 0x01, 0xFF, 0x3F,
    0x00, 0x00, 0xFF, 0x3F, 0x00, 0x00, 0xFF, 0x7E, 0x00, 0x00, 0x7F, 0x7E,
    0x00, 0x00, 0x7F, 0x7E, 0x00, 0x00, 0x7F, 0xFC, 0x00, 0x00, 0x3F, 0xFC,
    0x00, 0x00, 0x3F, 0xFC, 0x00, 0x00, 0x3F, 0xFC, 0x00, 0x00, 0x3F, 0xFC,
    0x00, 0x00, 0x3F, 0xFC, 0x00, 0x00, 0x3F, 0xFC, 0x00, 0x00, 0x3F, 0xFC,
    0x00, 0x00, 0x3F, 0xFC, 0x00, 0x00, 0x3F, 0xFC, 0x00, 0x00, 0x3F, 0xFC,
    0x00, 0x00, 0x3F, 0xFE, 0x00, 0x00, 0x7F, 0x7E, 0x00, 0x00, 0x7F, 0x7E,
    0x00, 0x00, 0x7F, 0x7F, 0x00, 0x00, 0xFF, 0x3F, 0x00, 0x00, 0xFF, 0x3F,
    0x80, 0x01, 0xFF, 0x1F, 0xC0, 0x03, 0xFF, 0x1F, 0xE0, 0x07, 0xFF, 0x0F,
    0xF8, 0x1F, 0xFF, 0x07, 0xFF, 0xFF, 0xBF, 0x03, 0xFF, 0xFF, 0x3F, 0x01,
    0xFF, 0xFE, 0x3F, 0x00, 0x7F, 0xF8, 0x3F, 0x00, 0x1F, 0xE0, 0x00, 0x00,
    0x07, 0xFC, 0x00, 0x00, 0x0F, 0xFF, 0xE0, 0x00, 0x0F, 0xFF, 0xFE, 0x00,
    0x07, 0xFF, 0xFF, 0xC0, 0x03, 0xFF, 0xFF, 0xF8, 0x01, 0xFF, 0x01, 0xFF,
    0x00, 0xFE, 0x00, 0x1F, 0xE0, 0x7F, 0x00, 0x03, 0xFC, 0x1F, 0x80, 0x00,
    0x7F, 0x0F, 0xC0, 0x00, 0x0F, 0xE3, 0xE0, 0x00, 0x01, 0xF9, 0xF8, 0x00,
    0x00, 0x7E, 0x7E, 0x00, 0x00, 0x1F, 0x9F, 0x00, 0x00, 0x03, 0xFF, 0xC0,
    0x00, 0x00, 0xFF, 0xF0, 0x00, 0x00, 0x3F, 0xFF, 0xFF, 0xFF, 0xFF, 0xFF,
    0xFF, 0xFF, 0xFF, 0xFF, 0xFF, 0xFF, 0xFF, 0xFF, 0xFF, 0xFF, 0xFF, 0xFF,
    0xFF, 0xFF, 0xFF, 0xFF, 0xFF, 0x00, 0x00, 0x00, 0x0F, 0xC0, 0x00, 0x00,
    0x03, 0xF0, 0x00, 0x00, 0x00, 0xFC, 0x00, 0x00, 0x00, 0x1F, 0x80, 0x00,
    0x00, 0x07, 0xE0, 0x00, 0x01, 0xF9, 0xF8, 0x00, 0x00, 0xFE, 0x7F, 0x00,
    0x00, 0x3F, 0x0F, 0xC0, 0x00, 0x1F, 0xC3, 0xF8, 0x00, 0x0F, 0xE0, 0x7F,
    0x00, 0x07, 0xF8, 0x1F, 0xE0, 0x03, 0xFC, 0x03, 0xFE, 0x03, 0xFE, 0x00,
    0x7F, 0xFF, 0xFF, 0x80, 0x0F, 0xFF, 0xFF, 0xC0, 0x00, 0xFF, 0xFF, 0xC0,
    0x00, 0x1F, 0xFF, 0xC0, 0x00, 0x00, 0xFF, 0x80, 0x00, 0x00, 0x3F, 0x80,
    0x7F, 0xC0, 0x7F, 0xE0, 0x7F, 0xF0, 0x3F, 0xF8, 0x3F, 0x80, 0x1F, 0xC0,
    0x0F, 0xC0, 0x07, 0xE0, 0x03, 0xF0, 0x01, 0xF8, 0x00, 0xFC, 0x00, 0x7E,
    0x00, 0x3F, 0x03, 0xFF, 0xFF, 0xFF, 0xFF, 0xFF, 0xFF, 0xFF, 0xFF, 0xFF,
    0xFF, 0xE0, 0xFC, 0x00, 0x7E, 0x00, 0x3F, 0x00, 0x1F, 0x80, 0x0F, 0xC0,
    0x07, 0xE0, 0x03, 0xF0, 0x01, 0xF8, 0x00, 0xFC, 0x00, 0x7E, 0x00, 0x3F,
    0x00, 0x1F, 0x80, 0x0F, 0xC0, 0x07, 0xE0, 0x03, 0xF0, 0x01, 0xF8, 0x00,
    0xFC, 0x00, 0x7E, 0x00, 0x3F, 0x00, 0x1F, 0x80, 0x0F, 0xC0, 0x07, 0xE0,
    0x03, 0xF0, 0x01, 0xF8, 0x00, 0xFC, 0x00, 0x7E, 0x00, 0x3F, 0x00, 0x1F,
    0x80, 0x0F, 0xC0, 0x07, 0xE0, 0x03, 0xF0, 0x01, 0xF8, 0x00, 0x00, 0x1F,
    0xE0, 0x00, 0x00, 0x7F, 0xFC, 0x3F, 0x01, 0xFF, 0xFE, 0x3F, 0x03, 0xFF,
    0xFF, 0x3F, 0x07, 0xFF, 0xFF, 0xBF, 0x0F, 0xF8, 0x1F, 0xFF, 0x1F, 0xE0,
    0x07, 0xFF, 0x1F, 0xC0, 0x03, 0xFF, 0x3F, 0x80, 0x01, 0xFF, 0x3F, 0x00,
    0x00, 0xFF, 0x7F, 0x00, 0x00, 0x7F, 0x7E, 0x00, 0x00, 0x7F, 0x7E, 0x00,
    0x00, 0x7F, 0x7E, 0x00, 0x00, 0x7F, 0xFC, 0x00, 0x00, 0x3F, 0xFC, 0x00,
    0x00, 0x3F, 0xFC, 0x00, 0x00, 0x3F, 0xFC, 0x00, 0x00, 0x3F, 0xFC, 0x00,
    0x00, 0x3F, 0xFC, 0x00, 0x00, 0x3F, 0xFC, 0x00, 0x00, 0x3F, 0xFC, 0x00,
    0x00, 0x3F, 0xFC, 0x00, 0x00, 0x3F, 0xFC, 0x00, 0x00, 0x3F, 0xFC, 0x00,
    0x00, 0x7F, 0xFE, 0x00, 0x00, 0x7F, 0x7E, 0x00, 0x00, 0x7F, 0x7E, 0x00,
    0x00, 0xFF, 0x7F, 0x00, 0x00, 0xFF, 0x3F, 0x00, 0x01, 0xFF, 0x3F, 0x80,
    0x03, 0xFF, 0x1F, 0xC0, 0x07, 0xFF, 0x1F, 0xF0, 0x1F, 0xFF, 0x0F, 0xFF,
    0xFF, 0xBF, 0x07, 0xFF, 0xFF, 0x3F, 0x01, 0xFF, 0xFE, 0x3F, 0x00, 0xFF,
    0xFC, 0x3F, 0x00, 0x1F, 0xE0, 0x3F, 0x00, 0x00, 0x00, 0x3F, 0x00, 0x00,
    0x00, 0x3F, 0x00, 0x00, 0x00, 0x3F, 0x00, 0x00, 0x00, 0x7E, 0x00, 0x00,
    0x00, 0x7E, 0x00, 0x00, 0x00, 0x7E, 0x7E, 0x00, 0x00, 0xFE, 0x7F, 0x00,
    0x00, 0xFC, 0x7F, 0x00, 0x01, 0xFC, 0x3F, 0x80, 0x03, 0xF8, 0x3F, 0xE0,
    0x1F, 0xF8, 0x1F, 0xFF, 0xFF, 0xF0, 0x0F, 0xFF, 0xFF, 0xE0, 0x07, 0xFF,
    0xFF, 0x80, 0x01, 0xFF, 0xFF, 0x00, 0x00, 0x1F, 0xF8, 0x00, 0xFC, 0x00,
    0x00, 0x03, 0xF0, 0x00, 0x00, 0x0F, 0xC0, 0x00, 0x00, 0x3F, 0x00, 0x00,
    0x00, 0xFC, 0x00, 0x00, 0x03, 0xF0, 0x00, 0x00, 0x0F, 0xC0, 0x00, 0x00,
    0x3F, 0x00, 0x00, 0x00, 0xFC, 0x00, 0x00, 0x03, 0xF0, 0x00, 0x00, 0x0F,
    0xC0, 0x00, 0x00, 0x3F, 0x00, 0x00, 0x00, 0xFC, 0x00, 0x00, 0x03, 0xF0,
    0x1F, 0xF0, 0x0F, 0xC3, 0xFF, 0xF0, 0x3F, 0x1F, 0xFF, 0xF0, 0xFC, 0xFF,
    0xFF, 0xE3, 0xF7, 0xFF, 0xFF, 0xCF, 0xFF, 0x80, 0xFF, 0x3F, 0xF8, 0x00,
    0xFE, 0xFF, 0xC0, 0x01, 0xFB, 0xFC, 0x00, 0x07, 0xEF, 0xF0, 0x00, 0x1F,
    0xFF, 0x80, 0x00, 0x3F, 0xFE, 0x00, 0x00, 0xFF, 0xF8, 0x00, 0x03, 0xFF,
    0xC0, 0x00, 0x0F, 0xFF, 0x00, 0x00, 0x3F, 0xFC, 0x00, 0x00, 0xFF, 0xF0,
    0x00, 0x03, 0xFF, 0xC0, 0x00, 0x0F, 0xFF, 0x00, 0x00, 0x3F, 0xFC, 0x00,
    0x00, 0xFF, 0xF0, 0x00, 0x03, 0xFF, 0xC0, 0x00, 0x0F, 0xFF, 0x00, 0x00,
    0x3F, 0xFC, 0x00, 0x00, 0xFF, 0xF0, 0x00, 0x03, 0xFF, 0xC0, 0x00, 0x0F,
    0xFF, 0x00, 0x00, 0x3F, 0xFC, 0x00, 0x00, 0xFF, 0xF0, 0x00, 0x03, 0xFF,
    0xC0, 0x00, 0x0F, 0xFF, 0x00, 0x00, 0x3F, 0xFC, 0x00, 0x00, 0xFF, 0xF0,
    0x00, 0x03, 0xFF, 0xC0, 0x00, 0x0F, 0xFF, 0x00, 0x00, 0x3F, 0xFC, 0x00,
    0x00, 0xFF, 0xF0, 0x00, 0x03, 0xFF, 0xC0, 0x00, 0x0F, 0xC0, 0xFF, 0xFF,
    0xFF, 0xFF, 0xF0, 0x00, 0x00, 0x00, 0x00, 0x00, 0x0F, 0xFF, 0xFF, 0xFF,
    0xFF, 0xFF, 0xFF, 0xFF, 0xFF, 0xFF, 0xFF, 0xFF, 0xFF, 0xFF, 0xFF, 0xFF,
    0xFF, 0xFF, 0xFF, 0xFF, 0xFF, 0xFF, 0xFF, 0xFF, 0xFF, 0xFF, 0xFF, 0xFF,
    0xC0, 0x03, 0xF0, 0x3F, 0x03, 0xF0, 0x3F, 0x03, 0xF0, 0x3F, 0x03, 0xF0,
    0x00, 0x00, 0x00, 0x00, 0x00, 0x00, 0x00, 0x00, 0x00, 0x00, 0x03, 0xF0,
    0x3F, 0x03, 0xF0, 0x3F, 0x03, 0xF0, 0x3F, 0x03, 0xF0, 0x3F, 0x03, 0xF0,
    0x3F, 0x03, 0xF0, 0x3F, 0x03, 0xF0, 0x3F, 0x03, 0xF0, 0x3F, 0x03, 0xF0,
    0x3F, 0x03, 0xF0, 0x3F, 0x03, 0xF0, 0x3F, 0x03, 0xF0, 0x3F, 0x03, 0xF0,
    0x3F, 0x03, 0xF0, 0x3F, 0x03, 0xF0, 0x3F, 0x03, 0xF0, 0x3F, 0x03, 0xF0,
    0x3F, 0x03, 0xF0, 0x3F, 0x03, 0xF0, 0x3F, 0x03, 0xF0, 0x3F, 0x03, 0xF0,
    0x3F, 0x03, 0xF0, 0x3F, 0x07, 0xF3, 0xFF, 0xFF, 0xEF, 0xFE, 0xFF, 0xCF,
    0xF8, 0xFE, 0x00, 0xFC, 0x00, 0x00, 0x03, 0xF0, 0x00, 0x00, 0x0F, 0xC0,
    0x00, 0x00, 0x3F, 0x00, 0x00, 0x00, 0xFC, 0x00, 0x00, 0x03, 0xF0, 0x00,
    0x00, 0x0F, 0xC0, 0x00, 0x00, 0x3F, 0x00, 0x00, 0x00, 0xFC, 0x00, 0x00,
    0x03, 0xF0, 0x00, 0x00, 0x0F, 0xC0, 0x00, 0x00, 0x3F, 0x00, 0x00, 0x00,
    0xFC, 0x00, 0x00, 0x03, 0xF0, 0x00, 0x00, 0x0F, 0xC0, 0x00, 0x3F, 0xBF,
    0x00, 0x01, 0xFC, 0xFC, 0x00, 0x0F, 0xE3, 0xF0, 0x00, 0x7F, 0x0F, 0xC0,
    0x03, 0xF8, 0x3F, 0x00, 0x1F, 0xC0, 0xFC, 0x00, 0xFE, 0x03, 0xF0, 0x07,
    0xF0, 0x0F, 0xC0, 0x3F, 0x80, 0x3F, 0x01, 0xFC, 0x00, 0xFC, 0x0F, 0xE0,
    0x03, 0xF0, 0x7F, 0x00, 0x0F, 0xC3, 0xF8, 0x00, 0x3F, 0x1F, 0xC0, 0x00,
    0xFC, 0xFE, 0x00, 0x03, 0xF7, 0xFC, 0x00, 0x0F, 0xFF, 0xF0, 0x00, 0x3F,
    0xFF, 0xE0, 0x00, 0xFF, 0xFF, 0xC0, 0x03, 0xFF, 0x3F, 0x00, 0x0F, 0xF8,
    0xFE, 0x00, 0x3F, 0xC1, 0xFC, 0x00, 0xFE, 0x03, 0xF0, 0x03, 0xF0, 0x0F,
    0xE0, 0x0F, 0xC0, 0x1F, 0xC0, 0x3F, 0x00, 0x3F, 0x00, 0xFC, 0x00, 0xFE,
    0x03, 0xF0, 0x01, 0xF8, 0x0F, 0xC0, 0x07, 0xF0, 0x3F, 0x00, 0x0F, 0xE0,
    0xFC, 0x00, 0x1F, 0x83, 0xF0, 0x00, 0x7F, 0x0F, 0xC0, 0x00, 0xFE, 0x3F,
    0x00, 0x03, 0xF8, 0xFC, 0x00, 0x07, 0xF3, 0xF0, 0x00, 0x0F, 0xEF, 0xC0,
    0x00, 0x3F, 0x80, 0xFF, 0xFF, 0xFF, 0xFF, 0xFF, 0xFF, 0xFF, 0xFF, 0xFF,
    0xFF, 0xFF, 0xFF, 0xFF, 0xFF, 0xFF, 0xFF, 0xFF, 0xFF, 0xFF, 0xFF, 0xFF,
    0xFF, 0xFF, 0xFF, 0xFF, 0xFF, 0xFF, 0xFF, 0xFF, 0xFF, 0xFF, 0xFF, 0xFF,
    0xFF, 0xFF, 0xFF, 0xFF, 0xFF, 0xC0, 0x00, 0x07, 0xF8, 0x00, 0x3F, 0xC0,
    0x3F, 0x07, 0xFF, 0xC0, 0x3F, 0xFE, 0x0F, 0xC7, 0xFF, 0xF8, 0x3F, 0xFF,
    0xC3, 0xF3, 0xFF, 0xFF, 0x1F, 0xFF, 0xF8, 0xFD, 0xFF, 0xFF, 0xEF, 0xFF,
    0xFF, 0x3F, 0xFE, 0x07, 0xFF, 0xF0, 0x3F, 0xEF, 0xFE, 0x00, 0xFF, 0xF0,
    0x03, 0xFB, 0xFE, 0x00, 0x1F, 0xF8, 0x00, 0x7E, 0xFF, 0x00, 0x07, 0xFC,
    0x00, 0x0F, 0xFF, 0xC0, 0x00, 0xFE, 0x00, 0x03, 0xFF, 0xE0, 0x00, 0x3F,
    0x80, 0x00, 0xFF, 0xF8, 0x00, 0x0F, 0xE0, 0x00, 0x3F, 0xFE, 0x00, 0x03,
    0xF0, 0x00, 0x0F, 0xFF, 0x00, 0x00, 0xFC, 0x00, 0x03, 0xFF, 0xC0, 0x00,
    0x3F, 0x00, 0x00, 0xFF, 0xF0, 0x00, 0x0F, 0xC0, 0x00, 0x3F, 0xFC, 0x00,
    0x03, 0xF0, 0x00, 0x0F, 0xFF, 0x00, 0x00, 0xFC, 0x00, 0x03, 0xFF, 0xC0,
    0x00, 0x3F, 0x00, 0x00, 0xFF, 0xF0, 0x00, 0x0F, 0xC0, 0x00, 0x3F, 0xFC,
    0x00, 0x03, 0xF0, 0x00, 0x0F, 0xFF, 0x00, 0x00, 0xFC, 0x00, 0x03, 0xFF,
    0xC0, 0x00, 0x3F, 0x00, 0x00, 0xFF, 0xF0, 0x00, 0x0F, 0xC0, 0x00, 0x3F,
    0xFC, 0x00, 0x03, 0xF0, 0x00, 0x0F, 0xFF, 0x00, 0x00, 0xFC, 0x00, 0x03,
    0xFF, 0xC0, 0x00, 0x3F, 0x00, 0x00, 0xFF, 0xF0, 0x00, 0x0F, 0xC0, 0x00,
    0x3F, 0xFC, 0x00, 0x03, 0xF0, 0x00, 0x0F, 0xFF, 0x00, 0x00, 0xFC, 0x00,
    0x03, 0xFF, 0xC0, 0x00, 0x3F, 0x00, 0x00, 0xFF, 0xF0, 0x00, 0x0F, 0xC0,
    0x00, 0x3F, 0xFC, 0x00, 0x03, 0xF0, 0x00, 0x0F, 0xFF, 0x00, 0x00, 0xFC,
    0x00, 0x03, 0xFF, 0xC0, 0x00, 0x3F, 0x00, 0x00, 0xFF, 0xF0, 0x00, 0x0F,
    0xC0, 0x00, 0x3F, 0xFC, 0x00, 0x03, 0xF0, 0x00, 0x0F, 0xFF, 0x00, 0x00,
    0xFC, 0x00, 0x03, 0xF0, 0x00, 0x03, 0xFC, 0x03, 0xF0, 0x7F, 0xFE, 0x0F,
    0xC7, 0xFF, 0xFC, 0x3F, 0x3F, 0xFF, 0xF8, 0xFD, 0xFF, 0xFF, 0xF3, 0xFF,
    0xE0, 0x3F, 0xCF, 0xFE, 0x00, 0x7F, 0xBF, 0xF0, 0x00, 0xFE, 0xFF, 0x80,
    0x01, 0xFB, 0xFC, 0x00, 0x07, 0xFF, 0xE0, 0x00, 0x0F, 0xFF, 0x80, 0x00,
    0x3F, 0xFC, 0x00, 0x00, 0xFF, 0xF0, 0x00, 0x03, 0xFF, 0xC0, 0x00, 0x0F,
    0xFF, 0x00, 0x00, 0x3F, 0xFC, 0x00, 0x00, 0xFF, 0xF0, 0x00, 0x03, 0xFF,
    0xC0, 0x00, 0x0F, 0xFF, 0x00, 0x00, 0x3F, 0xFC, 0x00, 0x00, 0xFF, 0xF0,
    0x00, 0x03, 0xFF, 0xC0, 0x00, 0x0F, 0xFF, 0x00, 0x00, 0x3F, 0xFC, 0x00,
    0x00, 0xFF, 0xF0, 0x00, 0x03, 0xFF, 0xC0, 0x00, 0x0F, 0xFF, 0x00, 0x00,
    0x3F, 0xFC, 0x00, 0x00, 0xFF, 0xF0, 0x00, 0x03, 0xFF, 0xC0, 0x00, 0x0F,
    0xFF, 0x00, 0x00, 0x3F, 0xFC, 0x00, 0x00, 0xFF, 0xF0, 0x00, 0x03, 0xFF,
    0xC0, 0x00, 0x0F, 0xFF, 0x00, 0x00, 0x3F, 0xFC, 0x00, 0x00, 0xFF, 0xF0,
    0x00, 0x03, 0xF0, 0x00, 0x07, 0xFC, 0x00, 0x00, 0x0F, 0xFF, 0xC0, 0x00,
    0x0F, 0xFF, 0xFC, 0x00, 0x07, 0xFF, 0xFF, 0xC0, 0x03, 0xFF, 0xFF, 0xF8,
    0x01, 0xFF, 0x01, 0xFF, 0x00, 0xFE, 0x00, 0x1F, 0xE0, 0x7F, 0x00, 0x03,
    0xF8, 0x1F, 0x80, 0x00, 0x7F, 0x0F, 0xE0, 0x00, 0x0F, 0xC3, 0xF0, 0x00,
    0x03, 0xF9, 0xFC, 0x00, 0x00, 0x7E, 0x7E, 0x00, 0x00, 0x1F, 0x9F, 0x80,
    0x00, 0x07, 0xFF, 0xE0, 0x00, 0x00, 0xFF, 0xF0, 0x00, 0x00, 0x3F, 0xFC,
    0x00, 0x00, 0x0F, 0xFF, 0x00, 0x00, 0x03, 0xFF, 0xC0, 0x00, 0x00, 0xFF,
    0xF0, 0x00, 0x00, 0x3F, 0xFC, 0x00, 0x00, 0x0F, 0xFF, 0x00, 0x00, 0x03,
    0xFF, 0xC0, 0x00, 0x00, 0xFF, 0xF0, 0x00, 0x00, 0x3F, 0xFC, 0x00, 0x00,
    0x1F, 0xBF, 0x80, 0x00, 0x07, 0xE7, 0xE0, 0x00, 0x01, 0xF9, 0xF8, 0x00,
    0x00, 0xFE, 0x7F, 0x00, 0x00, 0x3F, 0x0F, 0xC0, 0x00, 0x0F, 0xC3, 0xF8,
    0x00, 0x07, 0xE0, 0x7F, 0x00, 0x03, 0xF8, 0x1F, 0xE0, 0x01, 0xFC, 0x03,
    0xFE, 0x01, 0xFF, 0x00, 0x7F, 0xFF, 0xFF, 0x80, 0x0F, 0xFF, 0xFF, 0xC0,
    0x01, 0xFF, 0xFF, 0xC0, 0x00, 0x1F, 0xFF, 0xC0, 0x00, 0x00, 0xFF, 0x80,
    0x00, 0x00, 0x07, 0xF8, 0x00, 0xFC, 0x1F, 0xFF, 0x00, 0xFC, 0x7F, 0xFF,
    0x80, 0xFC, 0xFF, 0xFF, 0xC0, 0xFD, 0xFF, 0xFF, 0xE0, 0xFF, 0xF8, 0x1F,
    0xF0, 0xFF, 0xE0, 0x07, 0xF8, 0xFF, 0xC0, 0x03, 0xFC, 0xFF, 0x80, 0x01,
    0xFC, 0xFF, 0x00, 0x00, 0xFE, 0xFF, 0x00, 0x00, 0xFE, 0xFE, 0x00, 0x00,
    0x7E, 0xFE, 0x00, 0x00, 0x7E, 0xFE, 0x00, 0x00, 0x7F, 0xFE, 0x00, 0x00,
    0x3F, 0xFC, 0x00, 0x00, 0x3F, 0xFC, 0x00, 0x00, 0x3F, 0xFC, 0x00, 0x00,
    0x3F, 0xFC, 0x00, 0x00, 0x3F, 0xFC, 0x00, 0x00, 0x3F, 0xFC, 0x00, 0x00,
    0x3F, 0xFC, 0x00, 0x00, 0x3F, 0xFC, 0x00, 0x00, 0x3F, 0xFC, 0x00, 0x00,
    0x3F, 0xFC, 0x00, 0x00, 0x3F, 0xFC, 0x00, 0x00, 0x7E, 0xFE, 0x00, 0x00,
    0x7E, 0xFE, 0x00, 0x00, 0x7E, 0xFE, 0x00, 0x00, 0xFE, 0xFF, 0x00, 0x00,
    0xFC, 0xFF, 0x80, 0x01, 0xFC, 0xFF, 0x80, 0x03, 0xF8, 0xFF, 0xE0, 0x07,
    0xF8, 0xFF, 0xF8, 0x1F, 0xF0, 0xFF, 0xFF, 0xFF, 0xE0, 0xFD, 0xFF, 0xFF,
    0xC0, 0xFC, 0xFF, 0xFF, 0x80, 0xFC, 0x3F, 0xFE, 0x00, 0xFC, 0x0F, 0xF8,
    0x00, 0xFC, 0x00, 0x00, 0x00, 0xFC, 0x00, 0x00, 0x00, 0xFC, 0x00, 0x00,
    0x00, 0xFC, 0x00, 0x00, 0x00, 0xFC, 0x00, 0x00, 0x00, 0xFC, 0x00, 0x00,
    0x00, 0xFC, 0x00, 0x00, 0x00, 0xFC, 0x00, 0x00, 0x00, 0xFC, 0x00, 0x00,
    0x00, 0xFC, 0x00, 0x00, 0x00, 0xFC, 0x00, 0x00, 0x00, 0xFC, 0x00, 0x00,
    0x00, 0xFC, 0x00, 0x00, 0x00, 0xFC, 0x00, 0x00, 0x00, 0x00, 0x0F, 0xE0,
    0x00, 0x00, 0x7F, 0xFC, 0x3F, 0x01, 0xFF, 0xFE, 0x3F, 0x03, 0xFF, 0xFF,
    0x3F, 0x07, 0xFF, 0xFF, 0xBF, 0x0F, 0xF8, 0x1F, 0xFF, 0x0F, 0xE0, 0x07,
    0xFF, 0x1F, 0xC0, 0x03, 0xFF, 0x1F, 0x80, 0x01, 0xFF, 0x3F, 0x00, 0x00,
    0xFF, 0x3F, 0x00, 0x00, 0xFF, 0x7E, 0x00, 0x00, 0x7F, 0x7E, 0x00, 0x00,
    0x7F, 0x7E, 0x00, 0x00, 0x7F, 0xFC, 0x00, 0x00, 0x3F, 0xFC, 0x00, 0x00,
    0x3F, 0xFC, 0x00, 0x00, 0x3F, 0xFC, 0x00, 0x00, 0x3F, 0xFC, 0x00, 0x00,
    0x3F, 0xFC, 0x00, 0x00, 0x3F, 0xFC, 0x00, 0x00, 0x3F, 0xFC, 0x00, 0x00,
    0x3F, 0xFC, 0x00, 0x00, 0x3F, 0xFC, 0x00, 0x00, 0x3F, 0xFC, 0x00, 0x00,
    0x3F, 0xFE, 0x00, 0x00, 0x7F, 0x7E, 0x00, 0x00, 0x7F, 0x7E, 0x00, 0x00,
    0x7F, 0x7F, 0x00, 0x00, 0xFF, 0x7F, 0x00, 0x00, 0xFF, 0x3F, 0x80, 0x01,
    0xFF, 0x3F, 0x80, 0x03, 0xFF, 0x1F, 0xE0, 0x07, 0xFF, 0x0F, 0xF8, 0x1F,
    0xFF, 0x07, 0xFF, 0xFF, 0xFF, 0x03, 0xFF, 0xFF, 0xBF, 0x01, 0xFF, 0xFF,
    0x3F, 0x00, 0x7F, 0xFC, 0x3F, 0x00, 0x1F, 0xE0, 0x3F, 0x00, 0x00, 0x00,
    0x3F, 0x00, 0x00, 0x00, 0x3F, 0x00, 0x00, 0x00, 0x3F, 0x00, 0x00, 0x00,
    0x3F, 0x00, 0x00, 0x00, 0x3F, 0x00, 0x00, 0x00, 0x3F, 0x00, 0x00, 0x00,
    0x3F, 0x00, 0x00, 0x00, 0x3F, 0x00, 0x00, 0x00, 0x3F, 0x00, 0x00, 0x00,
    0x3F, 0x00, 0x00, 0x00, 0x3F, 0x00, 0x00, 0x00, 0x3F, 0x00, 0x00, 0x00,
    0x3F, 0x00, 0x00, 0x00, 0x3F, 0x00, 0x07, 0xFF, 0x07, 0xFF, 0xC7, 0xFF,
    0xF3, 0xFF, 0xFD, 0xFF, 0xFF, 0x7F, 0xFF, 0xFF, 0x03, 0xFF, 0x00, 0xFF,
    0x80, 0x3F, 0xC0, 0x0F, 0xF0, 0x03, 0xF8, 0x00, 0xFE, 0x00, 0x3F, 0x00,
    0x0F, 0xC0, 0x03, 0xF0, 0x00, 0xFC, 0x00, 0x3F, 0x00, 0x0F, 0xC0, 0x03,
    0xF0, 0x00, 0xFC, 0x00, 0x3F, 0x00, 0x0F, 0xC0, 0x03, 0xF0, 0x00, 0xFC,
    0x00, 0x3F, 0x00, 0x0F, 0xC0, 0x03, 0xF0, 0x00, 0xFC, 0x00, 0x3F, 0x00,
    0x0F, 0xC0, 0x03, 0xF0, 0x00, 0xFC, 0x00, 0x3F, 0x00, 0x0F, 0xC0, 0x03,
    0xF0, 0x00, 0xFC, 0x00, 0x3F, 0x00, 0x00, 0x00, 0x3F, 0xF0, 0x00, 0x07,
    0xFF, 0xF0, 0x00, 0x3F, 0xFF, 0xF0, 0x03, 0xFF, 0xFF, 0xE0, 0x1F, 0xFF,
    0xFF, 0xC0, 0x7F, 0x80, 0xFF, 0x83, 0xF8, 0x00, 0xFF, 0x0F, 0xC0, 0x01,
    0xFC, 0x7E, 0x00, 0x03, 0xF9, 0xF8, 0x00, 0x0F, 0xE7, 0xE0, 0x00, 0x1F,
    0x9F, 0x80, 0x00, 0x7E, 0x7F, 0x00, 0x00, 0x01, 0xFE, 0x00, 0x00, 0x07,
    0xFC, 0x00, 0x00, 0x0F, 0xFF, 0x00, 0x00, 0x1F, 0xFF, 0xC0, 0x00, 0x3F,
    0xFF, 0xE0, 0x00, 0x7F, 0xFF, 0xF0, 0x00, 0x7F, 0xFF, 0xF0, 0x00, 0x7F,
    0xFF, 0xF0, 0x00, 0x1F, 0xFF, 0xC0, 0x00, 0x07, 0xFF, 0x80, 0x00, 0x03,
    0xFE, 0x00, 0x00, 0x03, 0xFC, 0x00, 0x00, 0x07, 0xFF, 0xC0, 0x00, 0x0F,
    0xFF, 0x00, 0x00, 0x3F, 0xFC, 0x00, 0x00, 0xFF, 0xF8, 0x00, 0x03, 0xF7,
    0xE0, 0x00, 0x1F, 0x9F, 0xC0, 0x00, 0x7E, 0x3F, 0x80, 0x07, 0xF8, 0xFF,
    0xC0, 0x7F, 0xC1, 0xFF, 0xFF, 0xFE, 0x03, 0xFF, 0xFF, 0xF0, 0x07, 0xFF,
    0xFF, 0x80, 0x07, 0xFF, 0xF8, 0x00, 0x03, 0xFF, 0x00, 0x00, 0x07, 0xE0,
    0x03, 0xF0, 0x01, 0xF8, 0x00, 0xFC, 0x00, 0x7E, 0x00, 0x3F, 0x00, 0x1F,
    0x80, 0x0F, 0xC0, 0x07, 0xE0, 0x03, 0xF0, 0x3F, 0xFF, 0xFF, 0xFF, 0xFF,
    0xFF, 0xFF, 0xFF, 0xFF, 0xFF, 0xFE, 0x0F, 0xC0, 0x07, 0xE0, 0x03, 0xF0,
    0x01, 0xF8, 0x00, 0xFC, 0x00, 0x7E, 0x00, 0x3F, 0x00, 0x1F, 0x80, 0x0F,
    0xC0, 0x07, 0xE0, 0x03, 0xF0, 0x01, 0xF8, 0x00, 0xFC, 0x00, 0x7E, 0x00,
    0x3F, 0x00, 0x1F, 0x80, 0x0F, 0xC0, 0x07, 0xE0, 0x03, 0xF0, 0x01, 0xF8,
    0x00, 0xFC, 0x00, 0x7E, 0x00, 0x3F, 0x00, 0x1F, 0x80, 0x0F, 0xC0, 0x07,
    0xE0, 0x03, 0xF8, 0x01, 0xFF, 0xE0, 0xFF, 0xF0, 0x3F, 0xF8, 0x1F, 0xFC,
    0x07, 0xFE, 0x00, 0xFE, 0x00, 0x00, 0x00, 0x03, 0xF0, 0x00, 0x03, 0xFF,
    0xC0, 0x00, 0x0F, 0xFF, 0x00, 0x00, 0x3F, 0xFC, 0x00, 0x00, 0xFF, 0xF0,
    0x00, 0x03, 0xFF, 0xC0, 0x00, 0x0F, 0xFF, 0x00, 0x00, 0x3F, 0xFC, 0x00,
    0x00, 0xFF, 0xF0, 0x00, 0x03, 0xFF, 0xC0, 0x00, 0x0F, 0xFF, 0x00, 0x00,
    0x3F, 0xFC, 0x00, 0x00, 0xFF, 0xF0, 0x00, 0x03, 0xFF, 0xC0, 0x00, 0x0F,
    0xFF, 0x00, 0x00, 0x3F, 0xFC, 0x00, 0x00, 0xFF, 0xF0, 0x00, 0x03, 0xFF,
    0xC0, 0x00, 0x0F, 0xFF, 0x00, 0x00, 0x3F, 0xFC, 0x00, 0x00, 0xFF, 0xF0,
    0x00, 0x03, 0xFF, 0xC0, 0x00, 0x0F, 0xFF, 0x00, 0x00, 0x3F, 0xFC, 0x00,
    0x00, 0xFF, 0xF0, 0x00, 0x07, 0xFF, 0xC0, 0x00, 0x1F, 0xFF, 0x00, 0x00,
    0x7F, 0xFC, 0x00, 0x03, 0xFF, 0xF0, 0x00, 0x0F, 0xFF, 0xE0, 0x00, 0x7F,
    0xDF, 0x80, 0x03, 0xFF, 0x7F, 0x00, 0x1F, 0xFD, 0xFF, 0x01, 0xFF, 0xF3,
    0xFF, 0xFF, 0xEF, 0xC7, 0xFF, 0xFF, 0x3F, 0x0F, 0xFF, 0xF8, 0xFC, 0x1F,
    0xFF, 0x83, 0xF0, 0x0F, 0xF0, 0x00, 0x00, 0x7F, 0x00, 0x00, 0x0F, 0xCF,
    0xE0, 0x00, 0x01, 0xF9, 0xFE, 0x00, 0x00, 0x7F, 0x1F, 0xC0, 0x00, 0x0F,
    0xC3, 0xF8, 0x00, 0x01, 0xF8, 0x3F, 0x00, 0x00, 0x7E, 0x07, 0xF0, 0x00,
    0x0F, 0xC0, 0xFE, 0x00, 0x03, 0xF8, 0x0F, 0xC0, 0x00, 0x7E, 0x01, 0xFC,
    0x00, 0x0F, 0xC0, 0x3F, 0x80, 0x03, 0xF8, 0x03, 0xF0, 0x00, 0x7E, 0x00,
    0x7F, 0x00, 0x0F, 0xC0, 0x0F, 0xE0, 0x03, 0xF0, 0x00, 0xFC, 0x00, 0x7E,
    0x00, 0x1F, 0xC0, 0x0F, 0xC0, 0x01, 0xF8, 0x03, 0xF0, 0x00, 0x3F, 0x00,
    0x7E, 0x00, 0x07, 0xF0, 0x0F, 0xC0, 0x00, 0x7E, 0x03, 0xF0, 0x00, 0x0F,
    0xC0, 0x7E, 0x00, 0x01, 0xFC, 0x0F, 0x80, 0x00, 0x1F, 0x83, 0xF0, 0x00,
    0x03, 0xF0, 0x7E, 0x00, 0x00, 0x7F, 0x1F, 0x80, 0x00, 0x07, 0xE3, 0xF0,
    0x00, 0x00, 0xFC, 0x7E, 0x00, 0x00, 0x0F, 0xDF, 0x80, 0x00, 0x01, 0xFB,
    0xF0, 0x00, 0x00, 0x3F, 0x7C, 0x00, 0x00, 0x03, 0xFF, 0x80, 0x00, 0x00,
    0x7F, 0xF0, 0x00, 0x00, 0x0F, 0xFC, 0x00, 0x00, 0x00, 0xFF, 0x80, 0x00,
    0x00, 0x1F, 0xF0, 0x00, 0x00, 0x01, 0xFC, 0x00, 0x00, 0x00, 0x3F, 0x80,
    0x00, 0x7E, 0x00, 0x07, 0xF0, 0x00, 0x3F, 0x3F, 0x80, 0x03, 0xF8, 0x00,
    0x1F, 0x9F, 0xC0, 0x01, 0xFC, 0x00, 0x0F, 0xC7, 0xE0, 0x00, 0xFF, 0x00,
    0x0F, 0xC3, 0xF0, 0x00, 0xFF, 0x80, 0x07, 0xE1, 0xFC, 0x00, 0x7F, 0xC0,
    0x03, 0xF0, 0xFE, 0x00, 0x3F, 0xE0, 0x01, 0xF8, 0x3F, 0x00, 0x1F, 0xF8,
    0x01, 0xF8, 0x1F, 0x80, 0x1F, 0x7C, 0x00, 0xFC, 0x0F, 0xE0, 0x0F, 0xBE,
    0x00, 0x7E, 0x03, 0xF0, 0x07, 0xDF, 0x00, 0x7E, 0x01, 0xF8, 0x03, 0xEF,
    0x80, 0x3F, 0x00, 0xFC, 0x03, 0xF7, 0xE0, 0x1F, 0x80, 0x7F, 0x01, 0xF1,
    0xF0, 0x0F, 0xC0, 0x1F, 0x80, 0xF8, 0xF8, 0x0F, 0xC0, 0x0F, 0xC0, 0x7C,
    0x7C, 0x07, 0xE0, 0x07, 0xE0, 0x7E, 0x3F, 0x03, 0xF0, 0x01, 0xF8, 0x3E,
    0x0F, 0x81, 0xF0, 0x00, 0xFC, 0x1F, 0x07, 0xC1, 0xF8, 0x00, 0x7E, 0x0F,
    0x83, 0xE0, 0xFC, 0x00, 0x3F, 0x07, 0xC1, 0xF8, 0x7C, 0x00, 0x0F, 0xC7,
    0xC0, 0x7C, 0x7E, 0x00, 0x07, 0xE3, 0xE0, 0x3E, 0x3F, 0x00, 0x03, 0xF1,
    0xF0, 0x1F, 0x1F, 0x80, 0x00, 0xF8, 0xF8, 0x0F, 0x8F, 0x80, 0x00, 0x7E,
    0xF8, 0x03, 0xEF, 0xC0, 0x00, 0x3F, 0x7C, 0x01, 0xF7, 0xE0, 0x00, 0x1F,
    0xBE, 0x00, 0xFB, 0xE0, 0x00, 0x07, 0xDF, 0x00, 0x7D, 0xF0, 0x00, 0x03,
    0xFF, 0x00, 0x1F, 0xF8, 0x00, 0x01, 0xFF, 0x80, 0x0F, 0xFC, 0x00, 0x00,
    0x7F, 0xC0, 0x07, 0xFC, 0x00, 0x00, 0x3F, 0xE0, 0x03, 0xFE, 0x00, 0x00,
    0x1F, 0xE0, 0x00, 0xFF, 0x00, 0x00, 0x07, 0xF0, 0x00, 0x7F, 0x00, 0x00,
    0x03, 0xF8, 0x00, 0x3F, 0x80, 0x00, 0x01, 0xFC, 0x00, 0x1F, 0xC0, 0x00,
    0x7F, 0x80, 0x00, 0x3F, 0x8F, 0xF0, 0x00, 0x1F, 0xE1, 0xFE, 0x00, 0x0F,
    0xF0, 0x7F, 0x80, 0x03, 0xF8, 0x0F, 0xF0, 0x01, 0xFE, 0x01, 0xFE, 0x00,
    0xFF, 0x00, 0x7F, 0x80, 0x3F, 0x80, 0x0F, 0xF0, 0x1F, 0xE0, 0x01, 0xFE,
    0x0F, 0xF0, 0x00, 0x3F, 0x83, 0xF8, 0x00, 0x0F, 0xF1, 0xFC, 0x00, 0x01,
    0xFE, 0x7F, 0x00, 0x00, 0x3F, 0xBF, 0x80, 0x00, 0x0F, 0xFF, 0xC0, 0x00,
    0x01, 0xFF, 0xF0, 0x00, 0x00, 0x3F, 0xF8, 0x00, 0x00, 0x0F, 0xFC, 0x00,
    0x00, 0x01, 0xFF, 0x00, 0x00, 0x00, 0x7F, 0xC0, 0x00, 0x00, 0x3F, 0xF0,
    0x00, 0x00, 0x0F, 0xFE, 0x00, 0x00, 0x07, 0xFF, 0xC0, 0x00, 0x03, 0xFF,
    0xF0, 0x00, 0x00, 0xFF, 0xFE, 0x00, 0x00, 0x7F, 0x3F, 0xC0, 0x00, 0x3F,
    0xC7, 0xF0, 0x00, 0x0F, 0xE1, 0xFE, 0x00, 0x07, 0xF0, 0x3F, 0xC0, 0x03,
    0xFC, 0x07, 0xF0, 0x01, 0xFE, 0x01, 0xFE, 0x00, 0x7F, 0x00, 0x3F, 0xC0,
    0x3F, 0xC0, 0x07, 0xF0, 0x1F, 0xE0, 0x01, 0xFE, 0x07, 0xF0, 0x00, 0x3F,
    0xC3, 0xFC, 0x00, 0x07, 0xF1, 0xFE, 0x00, 0x01, 0xFE, 0x7F, 0x80, 0x00,
    0x3F, 0xC0, 0x00, 0x00, 0x00, 0x00, 0x0F, 0xE0, 0x00, 0x03, 0xF9, 0xFC,
    0x00, 0x00, 0x7F, 0x3F, 0x80, 0x00, 0x0F, 0xE3, 0xF8, 0x00, 0x03, 0xF8,
    0x7F, 0x00, 0x00, 0x7F, 0x0F, 0xE0, 0x00, 0x0F, 0xC0, 0xFE, 0x00, 0x03,
    0xF8, 0x1F, 0xC0, 0x00, 0x7F, 0x01, 0xF8, 0x00, 0x0F, 0xC0, 0x3F, 0x80,
    0x03, 0xF8, 0x07, 0xF0, 0x00, 0x7F, 0x00, 0x7E, 0x00, 0x0F, 0xC0, 0x0F,
    0xE0, 0x03, 0xF8, 0x01, 0xFC, 0x00, 0x7F, 0x00, 0x1F, 0x80, 0x0F, 0xC0,
    0x03, 0xF8, 0x03, 0xF8, 0x00, 0x7F, 0x00, 0x7F, 0x00, 0x07, 0xE0, 0x0F,
    0xC0, 0x00, 0xFE, 0x03, 0xF8, 0x00, 0x1F, 0xC0, 0x7F, 0x00, 0x01, 0xF8,
    0x0F, 0xC0, 0x00, 0x3F, 0x83, 0xF8, 0x00, 0x03, 0xF0, 0x7E, 0x00, 0x00,
    0x7E, 0x0F, 0xC0, 0x00, 0x0F, 0xE3, 0xF8, 0x00, 0x00, 0xFC, 0x7E, 0x00,
    0x00, 0x1F, 0x8F, 0xC0, 0x00, 0x03, 0xFB, 0xF8, 0x00, 0x00, 0x3F, 0x7E,
    0x00, 0x00, 0x07, 0xEF, 0xC0, 0x00, 0x00, 0xFF, 0xF8, 0x00, 0x00, 0x0F,
    0xFE, 0x00, 0x00, 0x01, 0xFF, 0xC0, 0x00, 0x00, 0x3F, 0xF0, 0x00, 0x00,
    0x03, 0xFE, 0x00, 0x00, 0x00, 0x7F, 0xC0, 0x00, 0x00, 0x0F, 0xF0, 0x00,
    0x00, 0x00, 0xFE, 0x00, 0x00, 0x00, 0x1F, 0x80, 0x00, 0x00, 0x03, 0xF0,
    0x00, 0x00, 0x00, 0xFE, 0x00, 0x00, 0x00, 0x1F, 0x80, 0x00, 0x00, 0x03,
    0xF0, 0x00, 0x00, 0x00, 0xFC, 0x00, 0x00, 0x00, 0x1F, 0x80, 0x00, 0x00,
    0x07, 0xE0, 0x00, 0x00, 0x41, 0xFC, 0x00, 0x00, 0x0F, 0xFF, 0x00, 0x00,
    0x01, 0xFF, 0xE0, 0x00, 0x00, 0x3F, 0xF8, 0x00, 0x00, 0x07, 0xFE, 0x00,
    0x00, 0x00, 0xFF, 0x00, 0x00, 0x00, 0x00, 0x00, 0x00, 0x00, 0xFF, 0xFF,
    0xFF, 0xE3, 0xFF, 0xFF, 0xFF, 0x8F, 0xFF, 0xFF, 0xFE, 0x3F, 0xFF, 0xFF,
    0xF8, 0xFF, 0xFF, 0xFF, 0xE0, 0x00, 0x00, 0x7F, 0x00, 0x00, 0x03, 0xFC,
    0x00, 0x00, 0x1F, 0xE0, 0x00, 0x00, 0x7F, 0x00, 0x00, 0x03, 0xF8, 0x00,
    0x00, 0x1F, 0xC0, 0x00, 0x00, 0xFF, 0x00, 0x00, 0x03, 0xF8, 0x00, 0x00,
    0x1F, 0xC0, 0x00, 0x00, 0xFE, 0x00, 0x00, 0x07, 0xF8, 0x00, 0x00, 0x3F,
    0xC0, 0x00, 0x00, 0xFE, 0x00, 0x00, 0x07, 0xF0, 0x00, 0x00, 0x3F, 0x80,
    0x00, 0x01, 0xFE, 0x00, 0x00, 0x07, 0xF0, 0x00, 0x00, 0x3F, 0x80, 0x00,
    0x01, 0xFC, 0x00, 0x00, 0x0F, 0xF0, 0x00, 0x00, 0x7F, 0x80, 0x00, 0x01,
    0xFC, 0x00, 0x00, 0x0F, 0xE0, 0x00, 0x00, 0x7F, 0x80, 0x00, 0x03, 0xFC,
    0x00, 0x00, 0x0F, 0xE0, 0x00, 0x00, 0x7F, 0x00, 0x00, 0x03, 0xFF, 0xFF,
    0xFF, 0xFF, 0xFF, 0xFF, 0xFF, 0xFF, 0xFF, 0xFF, 0xFF, 0xFF, 0xFF, 0xFF,
    0xFF, 0xFF, 0xFF, 0xFF, 0xF0, 0x00, 0x00, 0x1E, 0x00, 0x01, 0xFC, 0x00,
    0x0F, 0xF8, 0x00, 0x3F, 0xF0, 0x00, 0xFF, 0xE0, 0x03, 0xFE, 0x00, 0x0F,
    0xF0, 0x00, 0x1F, 0xC0, 0x00, 0x3F, 0x00, 0x00, 0xFC, 0x00, 0x01, 0xF8,
    0x00, 0x03, 0xE0, 0x00, 0x07, 0xC0, 0x00, 0x0F, 0x80, 0x00, 0x1F, 0x00,
    0x00, 0x3E, 0x00, 0x00, 0x7C, 0x00, 0x00, 0xF8, 0x00, 0x01, 0xF0, 0x00,
    0x03, 0xE0, 0x00, 0x07, 0xC0, 0x00, 0x0F, 0x80, 0x00, 0x1F, 0x00, 0x00,
    0x3E, 0x00, 0x00, 0xFC, 0x00, 0x01, 0xF0, 0x00, 0x07, 0xE0, 0x00, 0x1F,
    0xC0, 0x00, 0x7F, 0x00, 0x03, 0xFC, 0x00, 0x3F, 0xF0, 0x00, 0x7F, 0x80,
    0x00, 0xF8, 0x00, 0x01, 0xFE, 0x00, 0x03, 0xFF, 0x00, 0x01, 0xFF, 0x00,
    0x00, 0x7F, 0x00, 0x00, 0x7F, 0x00, 0x00, 0x7E, 0x00, 0x00, 0x7C, 0x00,
    0x00, 0xFC, 0x00, 0x00, 0xF8, 0x00, 0x01, 0xF0, 0x00, 0x03, 0xE0, 0x00,
    0x07, 0xC0, 0x00, 0x0F, 0x80, 0x00, 0x1F, 0x00, 0x00, 0x3E, 0x00, 0x00,
    0x7C, 0x00, 0x00, 0xF8, 0x00, 0x01, 0xF0, 0x00, 0x03, 0xE0, 0x00, 0x07,
    0xC0, 0x00, 0x0F, 0x80, 0x00, 0x1F, 0x00, 0x00, 0x3F, 0x00, 0x00, 0x7E,
    0x00, 0x00, 0x7E, 0x00, 0x00, 0xFE, 0x00, 0x01, 0xFE, 0x00, 0x01, 0xFF,
    0x80, 0x01, 0xFF, 0xC0, 0x01, 0xFF, 0x80, 0x00, 0xFF, 0x00, 0x00, 0x7E,
    0x00, 0x00, 0x1C, 0xFF, 0xFF, 0xFF, 0xFF, 0xFF, 0xFF, 0xFF, 0xFF, 0xFF,
    0xFF, 0xFF, 0xFF, 0xFF, 0xFF, 0xFF, 0xFF, 0xFF, 0xFF, 0xFF, 0xFF, 0xFF,
    0xFF, 0xFF, 0xFF, 0xFF, 0xFF, 0xFF, 0xFF, 0xFF, 0xFF, 0xFF, 0xFF, 0xFF,
    0xFF, 0xFF, 0xFF, 0xFF, 0xFF, 0xC0, 0xE0, 0x00, 0x01, 0xFC, 0x00, 0x03,
    0xFC, 0x00, 0x07, 0xFE, 0x00, 0x0F, 0xFE, 0x00, 0x03, 0xFE, 0x00, 0x01,
    0xFC, 0x00, 0x01, 0xFC, 0x00, 0x01, 0xF8, 0x00, 0x01, 0xF0, 0x00, 0x03,
    0xF0, 0x00, 0x03, 0xE0, 0x00, 0x07, 0xC0, 0x00, 0x0F, 0x80, 0x00, 0x1F,
    0x00, 0x00, 0x3E, 0x00, 0x00, 0x7C, 0x00, 0x00, 0xF8, 0x00, 0x01, 0xF0,
    0x00, 0x03, 0xE0, 0x00, 0x07, 0xC0, 0x00, 0x0F, 0x80, 0x00, 0x1F, 0x00,
    0x00, 0x3E, 0x00, 0x00, 0x7E, 0x00, 0x00, 0x7C, 0x00, 0x00, 0xFC, 0x00,
    0x01, 0xF8, 0x00, 0x01, 0xFC, 0x00, 0x01, 0xFE, 0x00, 0x01, 0xFF, 0x80,
    0x00, 0xFF, 0x00, 0x00, 0x3E, 0x00, 0x03, 0xFC, 0x00, 0x1F, 0xF8, 0x00,
    0x7F, 0x80, 0x01, 0xFC, 0x00, 0x03, 0xF0, 0x00, 0x0F, 0xC0, 0x00, 0x1F,
    0x00, 0x00, 0x3E, 0x00, 0x00, 0xF8, 0x00, 0x01, 0xF0, 0x00, 0x03, 0xE0,
    0x00, 0x07, 0xC0, 0x00, 0x0F, 0x80, 0x00, 0x1F, 0x00, 0x00, 0x3E, 0x00,
    0x00, 0x7C, 0x00, 0x00, 0xF8, 0x00, 0x01, 0xF0, 0x00, 0x03, 0xE0, 0x00,
    0x07, 0xC0, 0x00, 0x0F, 0x80, 0x00, 0x1F, 0x00, 0x00, 0x7E, 0x00, 0x00,
    0xF8, 0x00, 0x03, 0xF0, 0x00, 0x0F, 0xE0, 0x00, 0x3F, 0x80, 0x03, 0xFE,
    0x00, 0x1F, 0xFC, 0x00, 0x3F, 0xE0, 0x00, 0x7F, 0x80, 0x00, 0xFC, 0x00,
    0x01, 0xC0, 0x00, 0x00, 0x00, 0x00, 0x00, 0x00, 0x07, 0x80, 0x7E, 0x00,
    0x00, 0x03, 0xC0, 0xFF, 0xE0, 0x00, 0x03, 0xC0, 0xFF, 0xFE, 0x00, 0x01,
    0xE0, 0xFF, 0xFF, 0xC0, 0x01, 0xF0, 0xFF, 0xFF, 0xFC, 0x01, 0xF0, 0xFF,
    0xFF, 0xFF, 0x81, 0xF8, 0x7E, 0x07, 0xFF, 0xFF, 0xF8, 0x7E, 0x00, 0xFF,
    0xFF, 0xFC, 0x3E, 0x00, 0x0F, 0xFF, 0xFC, 0x1E, 0x00, 0x01, 0xFF, 0xFC,
    0x0F, 0x00, 0x00, 0x1F, 0xFC, 0x0F, 0x00, 0x00, 0x01, 0xF8, 0x07, 0x80,
    0x00, 0x00, 0x00, 0x00,
};

const GFXglyph Helv36pt7bGlyphs[] PROGMEM = {
    {0, 1, 1, 20, 0, -1},  // 0x20 '\x20'
    {1, 6, 51, 19, 8, -51},  // 0x21 '!'
    {40, 18, 20, 24, 3, -51},  // 0x22 '"'
    {85, 39, 51, 39, 0, -51},  // 0x23 '#'
    {334, 34, 63, 39, 2, -55},  // 0x24 '$'
    {602, 58, 50, 64, 3, -49},  // 0x25 '%'
    {965, 41, 52, 47, 3, -51},  // 0x26 '&'
    {1232, 6, 20, 12, 3, -51},  // 0x27 '''
    {1247, 16, 67, 24, 5, -52},  // 0x28 '('
    {1381, 16, 67, 24, 3, -52},  // 0x29 ')'
    {1515, 22, 20, 28, 3, -51},  // 0x2A '*'
    {1570, 36, 36, 42, 3, -36},  // 0x2B '+'
    {1732, 6, 16, 18, 6, -6},  // 0x2C ','
    {1744, 17, 6, 23, 3, -22},  // 0x2D '-'
    {1757, 6, 6, 18, 6, -6},  // 0x2E '.'
    {1762, 22, 51, 20, 0, -51},  // 0x2F '/'
    {1903, 34, 51, 39, 2, -50},  // 0x30 '0'
    {2120, 18, 49, 39, 7, -49},  // 0x31 '1'
    {2231, 34, 50, 39, 2, -50},  // 0x32 '2'
    {2444, 34, 51, 39, 2, -50},  // 0x33 '3'
    {2661, 35, 49, 39, 2, -49},  // 0x34 '4'
    {2876, 34, 50, 39, 2, -49},  // 0x35 '5'
    {3089, 34, 51, 39, 3, -50},  // 0x36 '6'
    {3306, 34, 49, 39, 3, -49},  // 0x37 '7'
    {3515, 34, 51, 39, 2, -50},  // 0x38 '8'
    {3732, 33, 51, 39, 3, -50},  // 0x39 '9'
    {3943, 6, 37, 19, 8, -37},  // 0x3A ':'
    {3971, 6, 47, 19, 8, -37},  // 0x3B ';'
    {4007, 40, 37, 40, 0, -37},  // 0x3C '<'
    {4192, 36, 21, 42, 3, -29},  // 0x3D '='
    {4287, 40, 37, 40, 0, -37},  // 0x3E '>'
    {4472, 31, 51, 40, 6, -51},  // 0x3F '?'
    {4670, 56, 53, 72, 8, -52},  // 0x40 '@'
    {5041, 45, 51, 47, 1, -51},  // 0x41 'A'
    {5328, 39, 51, 48, 6, -51},  // 0x42 'B'
    {5577, 45, 53, 51, 3, -52},  // 0x43 'C'
    {5876, 41, 51, 50, 6, -51},  // 0x44 'D'
    {6138, 37, 51, 46, 6, -51},  // 0x45 'E'
    {6374, 35, 51, 43, 6, -51},  // 0x46 'F'
    {6598, 46, 53, 54, 3, -52},  // 0x47 'G'
    {6903, 40, 51, 51, 6, -51},  // 0x48 'H'
    {7158, 7, 51, 20, 7, -51},  // 0x49 'I'
    {7203, 29, 52, 35, 1, -51},  // 0x4A 'J'
    {7392, 40, 51, 48, 6, -51},  // 0x4B 'K'
    {7647, 32, 51, 39, 6, -51},  // 0x4C 'L'
    {7851, 49, 51, 60, 6, -51},  // 0x4D 'M'
    {8164, 40, 52, 51, 6, -52},  // 0x4E 'N'
    {8424, 49, 53, 55, 3, -52},  // 0x4F 'O'
    {8749, 37, 51, 46, 6, -51},  // 0x50 'P'
    {8985, 49, 56, 55, 3, -52},  // 0x51 'Q'
    {9328, 41, 51, 50, 6, -51},  // 0x52 'R'
    {9590, 40, 53, 46, 3, -52},  // 0x53 'S'
    {9855, 40, 51, 42, 1, -51},  // 0x54 'T'
    {10110, 40, 53, 51, 6, -52},  // 0x55 'U'
    {10375, 45, 51, 47, 1, -51},  // 0x56 'V'
    {10662, 65, 51, 67, 1, -51},  // 0x57 'W'
    {11077, 40, 51, 46, 3, -51},  // 0x58 'X'
    {11332, 42, 52, 48, 3, -52},  // 0x59 'Y'
    {11605, 40, 52, 43, 1, -52},  // 0x5A 'Z'
    {11865, 13, 65, 20, 5, -51},  // 0x5B '['
    {11971, 27, 51, 21, -2, -51},  // 0x5C '\x5c'
    {12144, 13, 65, 19, 1, -51},  // 0x5D ']'
    {12250, 30, 30, 33, 4, -51},  // 0x5E '^'
    {12363, 39, 3, 39, 0, 6},  // 0x5F '_'
    {12378, 14, 10, 23, 1, -52},  // 0x60 '`'
    {12396, 35, 39, 40, 3, -38},  // 0x61 'a'
    {12567, 32, 52, 39, 4, -51},  // 0x62 'b'
    {12775, 32, 39, 36, 2, -38},  // 0x63 'c'
    {12931, 32, 52, 39, 2, -51},  // 0x64 'd'
    {13139, 34, 39, 39, 2, -38},  // 0x65 'e'
    {13305, 17, 51, 19, 1, -51},  // 0x66 'f'
    {13414, 32, 54, 39, 2, -38},  // 0x67 'g'
    {13630, 30, 51, 40, 5, -51},  // 0x68 'h'
    {13822, 6, 51, 16, 5, -51},  // 0x69 'i'
    {13861, 12, 65, 16, -1, -50},  // 0x6A 'j'
    {13959, 30, 51, 35, 5, -51},  // 0x6B 'k'
    {14151, 6, 51, 16, 5, -51},  // 0x6C 'l'
    {14190, 50, 38, 60, 5, -38},  // 0x6D 'm'
    {14428, 30, 38, 40, 5, -38},  // 0x6E 'n'
    {14571, 34, 39, 39, 2, -38},  // 0x6F 'o'
    {14737, 32, 53, 39, 4, -38},  // 0x70 'p'
    {14949, 32, 53, 39, 2, -38},  // 0x71 'q'
    {15161, 18, 38, 24, 5, -38},  // 0x72 'r'
    {15247, 30, 39, 35, 2, -38},  // 0x73 's'
    {15394, 17, 48, 20, 1, -47},  // 0x74 't'
    {15496, 30, 39, 40, 5, -38},  // 0x75 'u'
    {15643, 35, 37, 37, 1, -37},  // 0x76 'v'
    {15805, 49, 37, 51, 1, -37},  // 0x77 'w'
    {16032, 34, 37, 35, 0, -37},  // 0x78 'x'
    {16190, 35, 53, 37, 1, -38},  // 0x79 'y'
    {16422, 30, 38, 35, 2, -38},  // 0x7A 'z'
    {16565, 23, 66, 24, -1, -51},  // 0x7B '{'
    {16755, 6, 51, 19, 7, -51},  // 0x7C '|'
    {16794, 23, 66, 24, 1, -51},  // 0x7D '}'
    {16984, 41, 14, 41, 0, -25}};  // 0x7E '~'

const GFXfont Helv36pt7b PROGMEM = {(uint8_t *)Helv36pt7bBitmaps,
                                        (GFXglyph *)Helv36pt7bGlyphs, 0x20,
                                        0x7E, 71};

// Approx. 17646 bytes
