#pragma once
// ============================================================
// Helv48pt7b — Helvetica Regular 48pt @141dpi 点阵表（Adafruit GFX 格式）
// 生成：python3 tools/gen_gfx_font.py /System/Library/Fonts/Helvetica.ttc 0 48 <out.h>（freetype-py，MONO 1bpp）
// 来源：macOS 系统字体（大屏 UI 重设计 2026-09-17）；与 FreeSans 小字表
// 同为 Helvetica 风格，混排视觉连续。勿手改。
// ============================================================
#include "gfxfont.h"

const uint8_t Helv48pt7bBitmaps[] PROGMEM = {
    0x00, 0xFF, 0xFF, 0xFF, 0xFF, 0xFF, 0xFF, 0xFF, 0xFF, 0xFF, 0xFF, 0xFF,
    0xFF, 0xFF, 0xFF, 0xFF, 0xFF, 0xFF, 0xFF, 0xFF, 0xFF, 0xFF, 0xFF, 0xFF,
    0xFF, 0xFF, 0xFF, 0xFF, 0xFF, 0xFF, 0xFF, 0xFF, 0xFF, 0xFB, 0xFD, 0xFC,
    0xFE, 0x7F, 0x3F, 0x9F, 0xCF, 0xE7, 0xF3, 0xF9, 0xFC, 0xFE, 0x7F, 0x3F,
    0x8F, 0xC7, 0xC3, 0xE1, 0xF0, 0xF8, 0x7C, 0x3E, 0x1F, 0x0F, 0x87, 0xC0,
    0x00, 0x00, 0x00, 0x00, 0x00, 0x00, 0x00, 0x1F, 0xFF, 0xFF, 0xFF, 0xFF,
    0xFF, 0xFF, 0xFF, 0xFF, 0xFF, 0xF0, 0xFF, 0x00, 0xFF, 0xFF, 0x00, 0xFF,
    0xFF, 0x00, 0xFF, 0xFF, 0x00, 0xFF, 0xFF, 0x00, 0xFF, 0xFF, 0x00, 0xFF,
    0xFF, 0x00, 0xFF, 0xFF, 0x00, 0xFF, 0xFF, 0x00, 0xFF, 0xFF, 0x00, 0xFF,
    0x7E, 0x00, 0x7E, 0x7E, 0x00, 0x7E, 0x7E, 0x00, 0x7E, 0x7E, 0x00, 0x7E,
    0x7E, 0x00, 0x7E, 0x7E, 0x00, 0x7E, 0x7E, 0x00, 0x7E, 0x7E, 0x00, 0x7E,
    0x7E, 0x00, 0x7E, 0x7E, 0x00, 0x7E, 0x7E, 0x00, 0x7E, 0x7E, 0x00, 0x7E,
    0x7E, 0x00, 0x7E, 0x7E, 0x00, 0x7E, 0x7E, 0x00, 0x7E, 0x7E, 0x00, 0x7E,
    0x00, 0x00, 0x01, 0xFC, 0x00, 0xFE, 0x00, 0x00, 0x00, 0x3F, 0xC0, 0x1F,
    0xE0, 0x00, 0x00, 0x03, 0xF8, 0x01, 0xFC, 0x00, 0x00, 0x00, 0x3F, 0x80,
    0x1F, 0xC0, 0x00, 0x00, 0x03, 0xF8, 0x03, 0xFC, 0x00, 0x00, 0x00, 0x7F,
    0x80, 0x3F, 0x80, 0x00, 0x00, 0x07, 0xF0, 0x03, 0xF8, 0x00, 0x00, 0x00,
    0x7F, 0x00, 0x3F, 0x80, 0x00, 0x00, 0x0F, 0xF0, 0x07, 0xF8, 0x00, 0x00,
    0x00, 0xFE, 0x00, 0x7F, 0x00, 0x00, 0x00, 0x0F, 0xE0, 0x07, 0xF0, 0x00,
    0x00, 0x00, 0xFE, 0x00, 0x7F, 0x00, 0x00, 0x00, 0x1F, 0xE0, 0x0F, 0xF0,
    0x00, 0x00, 0x01, 0xFC, 0x00, 0xFE, 0x00, 0x00, 0x00, 0x1F, 0xC0, 0x0F,
    0xE0, 0x00, 0x00, 0x01, 0xFC, 0x00, 0xFE, 0x00, 0x00, 0x00, 0x3F, 0xC0,
    0x1F, 0xE0, 0x00, 0x00, 0x03, 0xF8, 0x01, 0xFC, 0x00, 0x00, 0x00, 0x3F,
    0x80, 0x1F, 0xC0, 0x00, 0x00, 0x03, 0xF8, 0x03, 0xFC, 0x00, 0x00, 0x00,
    0x7F, 0x80, 0x3F, 0x80, 0x00, 0x00, 0x07, 0xF0, 0x03, 0xF8, 0x00, 0x01,
    0xFF, 0xFF, 0xFF, 0xFF, 0xFF, 0xF0, 0x1F, 0xFF, 0xFF, 0xFF, 0xFF, 0xFF,
    0x03, 0xFF, 0xFF, 0xFF, 0xFF, 0xFF, 0xE0, 0x3F, 0xFF, 0xFF, 0xFF, 0xFF,
    0xFE, 0x03, 0xFF, 0xFF, 0xFF, 0xFF, 0xFF, 0xE0, 0x00, 0x1F, 0xE0, 0x0F,
    0xF0, 0x00, 0x00, 0x01, 0xFC, 0x00, 0xFE, 0x00, 0x00, 0x00, 0x1F, 0xC0,
    0x0F, 0xE0, 0x00, 0x00, 0x01, 0xFC, 0x00, 0xFE, 0x00, 0x00, 0x00, 0x3F,
    0xC0, 0x1F, 0xC0, 0x00, 0x00, 0x03, 0xF8, 0x01, 0xFC, 0x00, 0x00, 0x00,
    0x3F, 0x80, 0x1F, 0xC0, 0x00, 0x00, 0x03, 0xF8, 0x03, 0xFC, 0x00, 0x00,
    0x00, 0x7F, 0x80, 0x3F, 0x80, 0x00, 0x00, 0x07, 0xF0, 0x03, 0xF8, 0x00,
    0x00, 0x00, 0x7F, 0x00, 0x3F, 0x80, 0x00, 0x00, 0x07, 0xF0, 0x07, 0xF8,
    0x00, 0x00, 0x00, 0xFE, 0x00, 0x7F, 0x00, 0x00, 0x00, 0x0F, 0xE0, 0x07,
    0xF0, 0x00, 0x00, 0x00, 0xFE, 0x00, 0x7F, 0x00, 0x00, 0x00, 0x1F, 0xE0,
    0x0F, 0xF0, 0x00, 0x07, 0xFF, 0xFF, 0xFF, 0xFF, 0xFF, 0xC0, 0x7F, 0xFF,
    0xFF, 0xFF, 0xFF, 0xFC, 0x07, 0xFF, 0xFF, 0xFF, 0xFF, 0xFF, 0xC0, 0xFF,
    0xFF, 0xFF, 0xFF, 0xFF, 0xF8, 0x0F, 0xFF, 0xFF, 0xFF, 0xFF, 0xFF, 0x80,
    0x00, 0x3F, 0x80, 0x1F, 0xC0, 0x00, 0x00, 0x03, 0xF8, 0x03, 0xFC, 0x00,
    0x00, 0x00, 0x7F, 0x80, 0x3F, 0x80, 0x00, 0x00, 0x07, 0xF0, 0x03, 0xF8,
    0x00, 0x00, 0x00, 0x7F, 0x00, 0x3F, 0x80, 0x00, 0x00, 0x07, 0xF0, 0x07,
    0xF8, 0x00, 0x00, 0x00, 0xFE, 0x00, 0x7F, 0x00, 0x00, 0x00, 0x0F, 0xE0,
    0x07, 0xF0, 0x00, 0x00, 0x00, 0xFE, 0x00, 0x7F, 0x00, 0x00, 0x00, 0x1F,
    0xE0, 0x0F, 0xF0, 0x00, 0x00, 0x01, 0xFC, 0x00, 0xFE, 0x00, 0x00, 0x00,
    0x1F, 0xC0, 0x0F, 0xE0, 0x00, 0x00, 0x01, 0xFC, 0x01, 0xFE, 0x00, 0x00,
    0x00, 0x3F, 0xC0, 0x1F, 0xC0, 0x00, 0x00, 0x03, 0xF8, 0x01, 0xFC, 0x00,
    0x00, 0x00, 0x3F, 0x80, 0x1F, 0xC0, 0x00, 0x00, 0x03, 0xF8, 0x03, 0xFC,
    0x00, 0x00, 0x00, 0x7F, 0x80, 0x3F, 0x80, 0x00, 0x00, 0x07, 0xF0, 0x03,
    0xF8, 0x00, 0x00, 0x00, 0x7F, 0x00, 0x3F, 0x80, 0x00, 0x00, 0x00, 0x00,
    0x07, 0x80, 0x00, 0x00, 0x00, 0x00, 0x1E, 0x00, 0x00, 0x00, 0x00, 0x00,
    0x78, 0x00, 0x00, 0x00, 0x00, 0x01, 0xE0, 0x00, 0x00, 0x00, 0x00, 0x07,
    0x80, 0x00, 0x00, 0x00, 0x00, 0x1E, 0x00, 0x00, 0x00, 0x00, 0x0F, 0xFF,
    0x80, 0x00, 0x00, 0x03, 0xFF, 0xFF, 0xE0, 0x00, 0x00, 0x3F, 0xFF, 0xFF,
    0xE0, 0x00, 0x01, 0xFF, 0xFF, 0xFF, 0xE0, 0x00, 0x1F, 0xFF, 0xFF, 0xFF,
    0xE0, 0x00, 0xFF, 0xFF, 0xFF, 0xFF, 0xC0, 0x07, 0xFF, 0xFF, 0xFF, 0xFF,
    0x80, 0x1F, 0xFE, 0x1E, 0x3F, 0xFF, 0x00, 0xFF, 0xC0, 0x78, 0x1F, 0xFC,
    0x07, 0xFE, 0x01, 0xE0, 0x1F, 0xF8, 0x1F, 0xF0, 0x07, 0x80, 0x3F, 0xE0,
    0xFF, 0x80, 0x1E, 0x00, 0x7F, 0xC3, 0xFC, 0x00, 0x78, 0x01, 0xFF, 0x0F,
    0xF0, 0x01, 0xE0, 0x03, 0xFC, 0x7F, 0xC0, 0x07, 0x80, 0x0F, 0xF9, 0xFE,
    0x00, 0x1E, 0x00, 0x1F, 0xE7, 0xF8, 0x00, 0x78, 0x00, 0x7F, 0x9F, 0xE0,
    0x01, 0xE0, 0x01, 0xFE, 0x7F, 0x80, 0x07, 0x80, 0x00, 0x01, 0xFE, 0x00,
    0x1E, 0x00, 0x00, 0x07, 0xF8, 0x00, 0x78, 0x00, 0x00, 0x1F, 0xF0, 0x01,
    0xE0, 0x00, 0x00, 0x7F, 0xC0, 0x07, 0x80, 0x00, 0x00, 0xFF, 0x80, 0x1E,
    0x00, 0x00, 0x03, 0xFF, 0x00, 0x78, 0x00, 0x00, 0x0F, 0xFE, 0x01, 0xE0,
    0x00, 0x00, 0x1F, 0xFE, 0x07, 0x80, 0x00, 0x00, 0x3F, 0xFF, 0x1E, 0x00,
    0x00, 0x00, 0xFF, 0xFF, 0xF8, 0x00, 0x00, 0x01, 0xFF, 0xFF, 0xF8, 0x00,
    0x00, 0x03, 0xFF, 0xFF, 0xFC, 0x00, 0x00, 0x03, 0xFF, 0xFF, 0xFE, 0x00,
    0x00, 0x07, 0xFF, 0xFF, 0xFF, 0x00, 0x00, 0x07, 0xFF, 0xFF, 0xFF, 0x00,
    0x00, 0x03, 0xFF, 0xFF, 0xFF, 0x00, 0x00, 0x01, 0xFF, 0xFF, 0xFE, 0x00,
    0x00, 0x00, 0x7F, 0xFF, 0xFC, 0x00, 0x00, 0x01, 0xFF, 0xFF, 0xF8, 0x00,
    0x00, 0x07, 0x8F, 0xFF, 0xF0, 0x00, 0x00, 0x1E, 0x07, 0xFF, 0xC0, 0x00,
    0x00, 0x78, 0x07, 0xFF, 0x80, 0x00, 0x01, 0xE0, 0x07, 0xFE, 0x00, 0x00,
    0x07, 0x80, 0x0F, 0xF8, 0x00, 0x00, 0x1E, 0x00, 0x3F, 0xF0, 0x00, 0x00,
    0x78, 0x00, 0x7F, 0xC0, 0x00, 0x01, 0xE0, 0x01, 0xFF, 0xFF, 0x00, 0x07,
    0x80, 0x03, 0xFF, 0xFC, 0x00, 0x1E, 0x00, 0x0F, 0xFF, 0xF0, 0x00, 0x78,
    0x00, 0x3F, 0xFF, 0xC0, 0x01, 0xE0, 0x00, 0xFF, 0xFF, 0x00, 0x07, 0x80,
    0x03, 0xFF, 0xFE, 0x00, 0x1E, 0x00, 0x0F, 0xF7, 0xF8, 0x00, 0x78, 0x00,
    0x3F, 0xDF, 0xE0, 0x01, 0xE0, 0x01, 0xFE, 0x7F, 0xC0, 0x07, 0x80, 0x07,
    0xF9, 0xFF, 0x00, 0x1E, 0x00, 0x3F, 0xE3, 0xFE, 0x00, 0x78, 0x00, 0xFF,
    0x0F, 0xFC, 0x01, 0xE0, 0x07, 0xFC, 0x1F, 0xF8, 0x07, 0x80, 0x7F, 0xE0,
    0x7F, 0xF8, 0x1E, 0x03, 0xFF, 0x80, 0xFF, 0xFC, 0x78, 0x7F, 0xFC, 0x01,
    0xFF, 0xFF, 0xFF, 0xFF, 0xE0, 0x03, 0xFF, 0xFF, 0xFF, 0xFF, 0x00, 0x07,
    0xFF, 0xFF, 0xFF, 0xF8, 0x00, 0x0F, 0xFF, 0xFF, 0xFF, 0xC0, 0x00, 0x0F,
    0xFF, 0xFF, 0xFC, 0x00, 0x00, 0x07, 0xFF, 0xFF, 0x80, 0x00, 0x00, 0x01,
    0xFF, 0xE0, 0x00, 0x00, 0x00, 0x00, 0x78, 0x00, 0x00, 0x00, 0x00, 0x01,
    0xE0, 0x00, 0x00, 0x00, 0x00, 0x07, 0x80, 0x00, 0x00, 0x00, 0x00, 0x1E,
    0x00, 0x00, 0x00, 0x00, 0x00, 0x78, 0x00, 0x00, 0x00, 0x00, 0x01, 0xE0,
    0x00, 0x00, 0x00, 0x00, 0x07, 0x80, 0x00, 0x00, 0x00, 0x00, 0x1E, 0x00,
    0x00, 0x00, 0x00, 0x00, 0x78, 0x00, 0x00, 0x00, 0x00, 0x00, 0x00, 0x00,
    0x00, 0x00, 0x03, 0xF0, 0x00, 0x00, 0x00, 0x00, 0x00, 0x00, 0x00, 0x00,
    0x1F, 0x80, 0x00, 0x00, 0x03, 0xFC, 0x00, 0x00, 0x00, 0x01, 0xF8, 0x00,
    0x00, 0x00, 0xFF, 0xFC, 0x00, 0x00, 0x00, 0x0F, 0xC0, 0x00, 0x00, 0x1F,
    0xFF, 0xF8, 0x00, 0x00, 0x00, 0xFC, 0x00, 0x00, 0x01, 0xFF, 0xFF, 0xE0,
    0x00, 0x00, 0x07, 0xE0, 0x00, 0x00, 0x1F, 0xFF, 0xFF, 0x80, 0x00, 0x00,
    0x7E, 0x00, 0x00, 0x01, 0xFF, 0xFF, 0xFE, 0x00, 0x00, 0x03, 0xE0, 0x00,
    0x00, 0x1F, 0xFF, 0xFF, 0xF8, 0x00, 0x00, 0x3F, 0x00, 0x00, 0x01, 0xFF,
    0xC0, 0xFF, 0xE0, 0x00, 0x03, 0xF0, 0x00, 0x00, 0x0F, 0xF8, 0x01, 0xFF,
    0x00, 0x00, 0x1F, 0x80, 0x00, 0x00, 0xFF, 0x80, 0x07, 0xFC, 0x00, 0x01,
    0xF8, 0x00, 0x00, 0x07, 0xF8, 0x00, 0x1F, 0xE0, 0x00, 0x0F, 0xC0, 0x00,
    0x00, 0x3F, 0x80, 0x00, 0x7F, 0x00, 0x00, 0xFC, 0x00, 0x00, 0x03, 0xFC,
    0x00, 0x03, 0xFC, 0x00, 0x07, 0xE0, 0x00, 0x00, 0x1F, 0xC0, 0x00, 0x0F,
    0xE0, 0x00, 0x7E, 0x00, 0x00, 0x00, 0xFE, 0x00, 0x00, 0x7F, 0x00, 0x03,
    0xF0, 0x00, 0x00, 0x07, 0xF0, 0x00, 0x03, 0xF8, 0x00, 0x3F, 0x00, 0x00,
    0x00, 0x3F, 0x80, 0x00, 0x1F, 0xC0, 0x01, 0xF0, 0x00, 0x00, 0x01, 0xFC,
    0x00, 0x00, 0xFE, 0x00, 0x1F, 0x80, 0x00, 0x00, 0x0F, 0xE0, 0x00, 0x07,
    0xF0, 0x01, 0xF8, 0x00, 0x00, 0x00, 0x7F, 0x80, 0x00, 0x7F, 0x80, 0x0F,
    0xC0, 0x00, 0x00, 0x01, 0xFC, 0x00, 0x03, 0xF8, 0x00, 0xFC, 0x00, 0x00,
    0x00, 0x0F, 0xF0, 0x00, 0x3F, 0xC0, 0x07, 0xE0, 0x00, 0x00, 0x00, 0x7F,
    0xC0, 0x03, 0xFE, 0x00, 0x7E, 0x00, 0x00, 0x00, 0x01, 0xFF, 0x00, 0x3F,
    0xE0, 0x03, 0xF0, 0x00, 0x00, 0x00, 0x0F, 0xFE, 0x07, 0xFF, 0x00, 0x3F,
    0x00, 0x00, 0x00, 0x00, 0x3F, 0xFF, 0xFF, 0xF0, 0x01, 0xF0, 0x00, 0x00,
    0x00, 0x00, 0xFF, 0xFF, 0xFF, 0x00, 0x1F, 0x80, 0x00, 0x00, 0x00, 0x03,
    0xFF, 0xFF, 0xF0, 0x00, 0xF8, 0x00, 0x00, 0x00, 0x00, 0x0F, 0xFF, 0xFF,
    0x00, 0x0F, 0xC0, 0x00, 0x00, 0x00, 0x00, 0x3F, 0xFF, 0xF0, 0x00, 0xFC,
    0x00, 0x00, 0x00, 0x00, 0x00, 0x7F, 0xFE, 0x00, 0x07, 0xE0, 0x00, 0x00,
    0x00, 0x00, 0x00, 0x7F, 0x80, 0x00, 0x7E, 0x00, 0x00, 0x00, 0x00, 0x00,
    0x00, 0x00, 0x00, 0x03, 0xF0, 0x00, 0x1F, 0xE0, 0x00, 0x00, 0x00, 0x00,
    0x00, 0x3F, 0x00, 0x07, 0xFF, 0xE0, 0x00, 0x00, 0x00, 0x00, 0x01, 0xF0,
    0x00, 0xFF, 0xFF, 0xC0, 0x00, 0x00, 0x00, 0x00, 0x1F, 0x80, 0x0F, 0xFF,
    0xFF, 0x00, 0x00, 0x00, 0x00, 0x00, 0xF8, 0x00, 0xFF, 0xFF, 0xFC, 0x00,
    0x00, 0x00, 0x00, 0x0F, 0xC0, 0x0F, 0xFF, 0xFF, 0xF0, 0x00, 0x00, 0x00,
    0x00, 0x7C, 0x00, 0xFF, 0xFF, 0xFF, 0xC0, 0x00, 0x00, 0x00, 0x07, 0xE0,
    0x0F, 0xFE, 0x07, 0xFF, 0x00, 0x00, 0x00, 0x00, 0x7E, 0x00, 0x7F, 0xC0,
    0x0F, 0xF8, 0x00, 0x00, 0x00, 0x03, 0xF0, 0x07, 0xFC, 0x00, 0x3F, 0xE0,
    0x00, 0x00, 0x00, 0x3F, 0x00, 0x3F, 0xC0, 0x00, 0xFF, 0x00, 0x00, 0x00,
    0x01, 0xF8, 0x01, 0xFC, 0x00, 0x03, 0xF8, 0x00, 0x00, 0x00, 0x1F, 0x80,
    0x1F, 0xE0, 0x00, 0x1F, 0xE0, 0x00, 0x00, 0x00, 0xF8, 0x00, 0xFE, 0x00,
    0x00, 0x7F, 0x00, 0x00, 0x00, 0x0F, 0xC0, 0x07, 0xF0, 0x00, 0x03, 0xF8,
    0x00, 0x00, 0x00, 0x7C, 0x00, 0x3F, 0x80, 0x00, 0x1F, 0xC0, 0x00, 0x00,
    0x07, 0xE0, 0x01, 0xFC, 0x00, 0x00, 0xFE, 0x00, 0x00, 0x00, 0x3E, 0x00,
    0x0F, 0xE0, 0x00, 0x07, 0xF0, 0x00, 0x00, 0x03, 0xF0, 0x00, 0x7F, 0x00,
    0x00, 0x3F, 0x80, 0x00, 0x00, 0x3F, 0x00, 0x03, 0xFC, 0x00, 0x03, 0xFC,
    0x00, 0x00, 0x01, 0xF8, 0x00, 0x0F, 0xE0, 0x00, 0x1F, 0xC0, 0x00, 0x00,
    0x1F, 0x80, 0x00, 0x7F, 0x80, 0x01, 0xFE, 0x00, 0x00, 0x00, 0xF8, 0x00,
    0x03, 0xFE, 0x00, 0x1F, 0xF0, 0x00, 0x00, 0x0F, 0xC0, 0x00, 0x0F, 0xF8,
    0x01, 0xFF, 0x00, 0x00, 0x00, 0x7C, 0x00, 0x00, 0x7F, 0xF0, 0x3F, 0xF8,
    0x00, 0x00, 0x07, 0xE0, 0x00, 0x01, 0xFF, 0xFF, 0xFF, 0x80, 0x00, 0x00,
    0x3E, 0x00, 0x00, 0x07, 0xFF, 0xFF, 0xF8, 0x00, 0x00, 0x03, 0xF0, 0x00,
    0x00, 0x1F, 0xFF, 0xFF, 0x80, 0x00, 0x00, 0x1F, 0x00, 0x00, 0x00, 0x7F,
    0xFF, 0xF8, 0x00, 0x00, 0x01, 0xF8, 0x00, 0x00, 0x01, 0xFF, 0xFF, 0x80,
    0x00, 0x00, 0x1F, 0x80, 0x00, 0x00, 0x03, 0xFF, 0xF0, 0x00, 0x00, 0x00,
    0xFC, 0x00, 0x00, 0x00, 0x03, 0xFC, 0x00, 0x00, 0x00, 0x0F, 0xC0, 0x00,
    0x00, 0x00, 0x00, 0x00, 0x00, 0x00, 0x00, 0x7C, 0x00, 0x00, 0x00, 0x00,
    0x00, 0x00, 0x00, 0x00, 0x00, 0x0F, 0xF8, 0x00, 0x00, 0x00, 0x00, 0x00,
    0xFF, 0xFE, 0x00, 0x00, 0x00, 0x00, 0x07, 0xFF, 0xFF, 0x00, 0x00, 0x00,
    0x00, 0x1F, 0xFF, 0xFF, 0x00, 0x00, 0x00, 0x00, 0xFF, 0xFF, 0xFF, 0x00,
    0x00, 0x00, 0x03, 0xFF, 0xFF, 0xFF, 0x00, 0x00, 0x00, 0x07, 0xFF, 0xFF,
    0xFF, 0x00, 0x00, 0x00, 0x1F, 0xFC, 0x0F, 0xFE, 0x00, 0x00, 0x00, 0x7F,
    0xE0, 0x07, 0xFE, 0x00, 0x00, 0x00, 0xFF, 0x80, 0x07, 0xFC, 0x00, 0x00,
    0x01, 0xFE, 0x00, 0x07, 0xFC, 0x00, 0x00, 0x07, 0xFC, 0x00, 0x0F, 0xF8,
    0x00, 0x00, 0x0F, 0xF0, 0x00, 0x0F, 0xF0, 0x00, 0x00, 0x1F, 0xE0, 0x00,
    0x1F, 0xE0, 0x00, 0x00, 0x3F, 0xC0, 0x00, 0x3F, 0xC0, 0x00, 0x00, 0x7F,
    0x80, 0x00, 0x7F, 0x80, 0x00, 0x00, 0xFF, 0x00, 0x00, 0xFF, 0x00, 0x00,
    0x01, 0xFE, 0x00, 0x01, 0xFE, 0x00, 0x00, 0x03, 0xFE, 0x00, 0x07, 0xF8,
    0x00, 0x00, 0x03, 0xFC, 0x00, 0x0F, 0xF0, 0x00, 0x00, 0x07, 0xFC, 0x00,
    0x3F, 0xE0, 0x00, 0x00, 0x0F, 0xF8, 0x00, 0xFF, 0x80, 0x00, 0x00, 0x0F,
    0xF8, 0x03, 0xFF, 0x00, 0x00, 0x00, 0x1F, 0xF8, 0x0F, 0xFC, 0x00, 0x00,
    0x00, 0x1F, 0xF0, 0x3F, 0xF0, 0x00, 0x00, 0x00, 0x3F, 0xF0, 0xFF, 0xE0,
    0x00, 0x00, 0x00, 0x3F, 0xF7, 0xFF, 0x80, 0x00, 0x00, 0x00, 0x3F, 0xFF,
    0xFE, 0x00, 0x00, 0x00, 0x00, 0x7F, 0xFF, 0xF0, 0x00, 0x00, 0x00, 0x00,
    0x7F, 0xFF, 0xC0, 0x00, 0x00, 0x00, 0x00, 0x7F, 0xFF, 0x00, 0x00, 0x00,
    0x00, 0x03, 0xFF, 0xF8, 0x00, 0x00, 0x00, 0x00, 0x0F, 0xFF, 0xE0, 0x00,
    0x00, 0x00, 0x00, 0x7F, 0xFF, 0xE0, 0x00, 0x00, 0x00, 0x01, 0xFF, 0xFF,
    0xE0, 0x00, 0x00, 0x00, 0x07, 0xFF, 0xFF, 0xC0, 0x00, 0x00, 0x00, 0x1F,
    0xFF, 0xFF, 0xC0, 0x03, 0xFC, 0x00, 0xFF, 0xF8, 0xFF, 0xC0, 0x07, 0xF8,
    0x03, 0xFF, 0xE0, 0xFF, 0xC0, 0x0F, 0xF0, 0x07, 0xFF, 0x01, 0xFF, 0xC0,
    0x3F, 0xC0, 0x1F, 0xFC, 0x01, 0xFF, 0x80, 0x7F, 0x80, 0x7F, 0xF0, 0x01,
    0xFF, 0x80, 0xFF, 0x00, 0xFF, 0xC0, 0x01, 0xFF, 0x81, 0xFE, 0x03, 0xFF,
    0x00, 0x01, 0xFF, 0x87, 0xF8, 0x07, 0xFC, 0x00, 0x03, 0xFF, 0x8F, 0xF0,
    0x0F, 0xF0, 0x00, 0x03, 0xFF, 0x9F, 0xE0, 0x3F, 0xE0, 0x00, 0x03, 0xFF,
    0x7F, 0xC0, 0x7F, 0xC0, 0x00, 0x03, 0xFF, 0xFF, 0x00, 0xFF, 0x00, 0x00,
    0x03, 0xFF, 0xFE, 0x01, 0xFE, 0x00, 0x00, 0x07, 0xFF, 0xF8, 0x03, 0xFC,
    0x00, 0x00, 0x07, 0xFF, 0xF0, 0x07, 0xF8, 0x00, 0x00, 0x07, 0xFF, 0xE0,
    0x0F, 0xF0, 0x00, 0x00, 0x07, 0xFF, 0x80, 0x1F, 0xE0, 0x00, 0x00, 0x07,
    0xFF, 0x00, 0x3F, 0xC0, 0x00, 0x00, 0x0F, 0xFC, 0x00, 0x7F, 0xC0, 0x00,
    0x00, 0x0F, 0xFC, 0x00, 0x7F, 0x80, 0x00, 0x00, 0x3F, 0xFC, 0x00, 0xFF,
    0x80, 0x00, 0x00, 0xFF, 0xFC, 0x01, 0xFF, 0x00, 0x00, 0x03, 0xFF, 0xFC,
    0x01, 0xFF, 0x00, 0x00, 0x0F, 0xFF, 0xF8, 0x03, 0xFF, 0x80, 0x00, 0x7F,
    0xFF, 0xF8, 0x03, 0xFF, 0x80, 0x01, 0xFF, 0xDF, 0xF8, 0x07, 0xFF, 0xE0,
    0x1F, 0xFF, 0x1F, 0xF8, 0x07, 0xFF, 0xFF, 0xFF, 0xFC, 0x1F, 0xF8, 0x07,
    0xFF, 0xFF, 0xFF, 0xF0, 0x1F, 0xF0, 0x07, 0xFF, 0xFF, 0xFF, 0x80, 0x1F,
    0xF0, 0x07, 0xFF, 0xFF, 0xFE, 0x00, 0x1F, 0xF0, 0x03, 0xFF, 0xFF, 0xF0,
    0x00, 0x3F, 0xF0, 0x01, 0xFF, 0xFF, 0x80, 0x00, 0x00, 0x00, 0x00, 0x7F,
    0xF0, 0x00, 0x00, 0x00, 0x00, 0xFF, 0xFF, 0xFF, 0xFF, 0xFF, 0xFF, 0xFF,
    0xFF, 0xFF, 0x7E, 0x7E, 0x7E, 0x7E, 0x7E, 0x7E, 0x7E, 0x7E, 0x7E, 0x7E,
    0x7E, 0x7E, 0x7E, 0x7E, 0x7E, 0x7E, 0x7E, 0x00, 0x01, 0xF8, 0x00, 0x1F,
    0x80, 0x01, 0xFC, 0x00, 0x0F, 0xC0, 0x00, 0xFE, 0x00, 0x07, 0xE0, 0x00,
    0x7F, 0x00, 0x03, 0xF0, 0x00, 0x3F, 0x80, 0x03, 0xFC, 0x00, 0x1F, 0xC0,
    0x01, 0xFE, 0x00, 0x0F, 0xE0, 0x00, 0xFF, 0x00, 0x07, 0xF0, 0x00, 0x7F,
    0x80, 0x03, 0xFC, 0x00, 0x3F, 0xC0, 0x01, 0xFE, 0x00, 0x1F, 0xF0, 0x00,
    0xFF, 0x00, 0x07, 0xF8, 0x00, 0x7F, 0xC0, 0x03, 0xFC, 0x00, 0x1F, 0xE0,
    0x01, 0xFF, 0x00, 0x0F, 0xF8, 0x00, 0x7F, 0x80, 0x03, 0xFC, 0x00, 0x3F,
    0xE0, 0x01, 0xFF, 0x00, 0x0F, 0xF8, 0x00, 0x7F, 0xC0, 0x03, 0xFE, 0x00,
    0x1F, 0xE0, 0x00, 0xFF, 0x00, 0x0F, 0xF8, 0x00, 0x7F, 0xC0, 0x03, 0xFE,
    0x00, 0x1F, 0xF0, 0x00, 0xFF, 0x80, 0x07, 0xFC, 0x00, 0x3F, 0xE0, 0x01,
    0xFF, 0x00, 0x0F, 0xF8, 0x00, 0x7F, 0xC0, 0x03, 0xFE, 0x00, 0x1F, 0xF0,
    0x00, 0xFF, 0x80, 0x07, 0xFC, 0x00, 0x3F, 0xE0, 0x01, 0xFF, 0x00, 0x0F,
    0xF8, 0x00, 0x3F, 0xC0, 0x01, 0xFF, 0x00, 0x0F, 0xF8, 0x00, 0x7F, 0xC0,
    0x03, 0xFE, 0x00, 0x1F, 0xF0, 0x00, 0x7F, 0x80, 0x03, 0xFC, 0x00, 0x1F,
    0xF0, 0x00, 0xFF, 0x80, 0x03, 0xFC, 0x00, 0x1F, 0xE0, 0x00, 0xFF, 0x00,
    0x03, 0xFC, 0x00, 0x1F, 0xE0, 0x00, 0xFF, 0x00, 0x03, 0xFC, 0x00, 0x1F,
    0xE0, 0x00, 0xFF, 0x00, 0x03, 0xFC, 0x00, 0x1F, 0xE0, 0x00, 0x7F, 0x00,
    0x03, 0xFC, 0x00, 0x0F, 0xE0, 0x00, 0x7F, 0x80, 0x01, 0xFC, 0x00, 0x0F,
    0xF0, 0x00, 0x3F, 0x80, 0x00, 0xFC, 0x00, 0x07, 0xF0, 0x00, 0x1F, 0x80,
    0x00, 0xFE, 0x00, 0x03, 0xF0, 0x00, 0x0F, 0xC0, 0x00, 0x7E, 0x00, 0x01,
    0xF8, 0xFC, 0x00, 0x03, 0xF0, 0x00, 0x1F, 0x80, 0x00, 0x7E, 0x00, 0x03,
    0xF8, 0x00, 0x0F, 0xC0, 0x00, 0x7F, 0x00, 0x01, 0xF8, 0x00, 0x0F, 0xE0,
    0x00, 0x7F, 0x00, 0x01, 0xFC, 0x00, 0x0F, 0xF0, 0x00, 0x3F, 0x80, 0x01,
    0xFE, 0x00, 0x07, 0xF0, 0x00, 0x3F, 0xC0, 0x01, 0xFE, 0x00, 0x07, 0xF8,
    0x00, 0x3F, 0xC0, 0x01, 0xFE, 0x00, 0x07, 0xF8, 0x00, 0x3F, 0xC0, 0x01,
    0xFE, 0x00, 0x07, 0xF8, 0x00, 0x3F, 0xC0, 0x01, 0xFE, 0x00, 0x0F, 0xF8,
    0x00, 0x7F, 0xC0, 0x01, 0xFE, 0x00, 0x0F, 0xF0, 0x00, 0x7F, 0xC0, 0x03,
    0xFE, 0x00, 0x1F, 0xF0, 0x00, 0xFF, 0x80, 0x07, 0xFC, 0x00, 0x1F, 0xE0,
    0x00, 0xFF, 0x80, 0x07, 0xFC, 0x00, 0x3F, 0xE0, 0x01, 0xFF, 0x00, 0x0F,
    0xF8, 0x00, 0x7F, 0xC0, 0x03, 0xFE, 0x00, 0x1F, 0xF0, 0x00, 0xFF, 0x80,
    0x07, 0xFC, 0x00, 0x3F, 0xE0, 0x01, 0xFF, 0x00, 0x0F, 0xF8, 0x00, 0x7F,
    0xC0, 0x03, 0xFE, 0x00, 0x1F, 0xF0, 0x00, 0xFF, 0x80, 0x07, 0xF8, 0x00,
    0x3F, 0xC0, 0x03, 0xFE, 0x00, 0x1F, 0xF0, 0x00, 0xFF, 0x80, 0x07, 0xFC,
    0x00, 0x3F, 0xC0, 0x01, 0xFE, 0x00, 0x0F, 0xF0, 0x00, 0xFF, 0x80, 0x07,
    0xFC, 0x00, 0x3F, 0xC0, 0x01, 0xFE, 0x00, 0x1F, 0xF0, 0x00, 0xFF, 0x00,
    0x07, 0xF8, 0x00, 0x7F, 0xC0, 0x03, 0xFC, 0x00, 0x1F, 0xE0, 0x01, 0xFE,
    0x00, 0x0F, 0xF0, 0x00, 0x7F, 0x00, 0x07, 0xF8, 0x00, 0x3F, 0x80, 0x03,
    0xFC, 0x00, 0x1F, 0xC0, 0x01, 0xFE, 0x00, 0x0F, 0xE0, 0x00, 0xFE, 0x00,
    0x07, 0xF0, 0x00, 0x3F, 0x00, 0x03, 0xF8, 0x00, 0x1F, 0x80, 0x01, 0xF8,
    0x00, 0x0F, 0xC0, 0x00, 0xFC, 0x00, 0x00, 0x00, 0x0F, 0x80, 0x00, 0x00,
    0x7C, 0x00, 0x00, 0x03, 0xE0, 0x00, 0x00, 0x1F, 0x00, 0x00, 0x00, 0xF8,
    0x00, 0x00, 0x07, 0xC0, 0x00, 0x00, 0x3E, 0x00, 0x0E, 0x01, 0xF0, 0x0E,
    0x7F, 0x0F, 0x87, 0xF3, 0xFF, 0x7D, 0xFF, 0xBF, 0xFF, 0xFF, 0xFF, 0xFF,
    0xFF, 0xFF, 0xF0, 0xFF, 0xFF, 0xF8, 0x00, 0xFF, 0xFE, 0x00, 0x00, 0xFF,
    0x80, 0x00, 0x07, 0xFE, 0x00, 0x00, 0x7F, 0xF0, 0x00, 0x07, 0xEF, 0xC0,
    0x00, 0x3F, 0x3E, 0x00, 0x03, 0xF1, 0xF8, 0x00, 0x3F, 0x07, 0xE0, 0x01,
    0xF8, 0x1F, 0x00, 0x1F, 0x80, 0xFC, 0x01, 0xF8, 0x03, 0xF0, 0x0F, 0xC0,
    0x1F, 0x80, 0x1C, 0x00, 0x70, 0x00, 0x40, 0x01, 0x00, 0x00, 0x00, 0x0F,
    0xF0, 0x00, 0x00, 0x00, 0x00, 0x0F, 0xF0, 0x00, 0x00, 0x00, 0x00, 0x0F,
    0xF0, 0x00, 0x00, 0x00, 0x00, 0x0F, 0xF0, 0x00, 0x00, 0x00, 0x00, 0x0F,
    0xF0, 0x00, 0x00, 0x00, 0x00, 0x0F, 0xF0, 0x00, 0x00, 0x00, 0x00, 0x0F,
    0xF0, 0x00, 0x00, 0x00, 0x00, 0x0F, 0xF0, 0x00, 0x00, 0x00, 0x00, 0x0F,
    0xF0, 0x00, 0x00, 0x00, 0x00, 0x0F, 0xF0, 0x00, 0x00, 0x00, 0x00, 0x0F,
    0xF0, 0x00, 0x00, 0x00, 0x00, 0x0F, 0xF0, 0x00, 0x00, 0x00, 0x00, 0x0F,
    0xF0, 0x00, 0x00, 0x00, 0x00, 0x0F, 0xF0, 0x00, 0x00, 0x00, 0x00, 0x0F,
    0xF0, 0x00, 0x00, 0x00, 0x00, 0x0F, 0xF0, 0x00, 0x00, 0x00, 0x00, 0x0F,
    0xF0, 0x00, 0x00, 0x00, 0x00, 0x0F, 0xF0, 0x00, 0x00, 0x00, 0x00, 0x0F,
    0xF0, 0x00, 0x00, 0x00, 0x00, 0x0F, 0xF0, 0x00, 0x00, 0xFF, 0xFF, 0xFF,
    0xFF, 0xFF, 0xFF, 0xFF, 0xFF, 0xFF, 0xFF, 0xFF, 0xFF, 0xFF, 0xFF, 0xFF,
    0xFF, 0xFF, 0xFF, 0xFF, 0xFF, 0xFF, 0xFF, 0xFF, 0xFF, 0xFF, 0xFF, 0xFF,
    0xFF, 0xFF, 0xFF, 0xFF, 0xFF, 0xFF, 0xFF, 0xFF, 0xFF, 0xFF, 0xFF, 0xFF,
    0xFF, 0xFF, 0xFF, 0xFF, 0xFF, 0xFF, 0xFF, 0xFF, 0xFF, 0x00, 0x00, 0x0F,
    0xF0, 0x00, 0x00, 0x00, 0x00, 0x0F, 0xF0, 0x00, 0x00, 0x00, 0x00, 0x0F,
    0xF0, 0x00, 0x00, 0x00, 0x00, 0x0F, 0xF0, 0x00, 0x00, 0x00, 0x00, 0x0F,
    0xF0, 0x00, 0x00, 0x00, 0x00, 0x0F, 0xF0, 0x00, 0x00, 0x00, 0x00, 0x0F,
    0xF0, 0x00, 0x00, 0x00, 0x00, 0x0F, 0xF0, 0x00, 0x00, 0x00, 0x00, 0x0F,
    0xF0, 0x00, 0x00, 0x00, 0x00, 0x0F, 0xF0, 0x00, 0x00, 0x00, 0x00, 0x0F,
    0xF0, 0x00, 0x00, 0x00, 0x00, 0x0F, 0xF0, 0x00, 0x00, 0x00, 0x00, 0x0F,
    0xF0, 0x00, 0x00, 0x00, 0x00, 0x0F, 0xF0, 0x00, 0x00, 0x00, 0x00, 0x0F,
    0xF0, 0x00, 0x00, 0x00, 0x00, 0x0F, 0xF0, 0x00, 0x00, 0x00, 0x00, 0x0F,
    0xF0, 0x00, 0x00, 0x00, 0x00, 0x0F, 0xF0, 0x00, 0x00, 0x00, 0x00, 0x0F,
    0xF0, 0x00, 0x00, 0x00, 0x00, 0x0F, 0xF0, 0x00, 0x00, 0xFF, 0xFF, 0xFF,
    0xFF, 0xFF, 0xFF, 0xFF, 0xFF, 0xFF, 0xFF, 0x87, 0xC3, 0xE1, 0xF0, 0xF8,
    0x7C, 0x3C, 0x3E, 0x1F, 0x1F, 0x1F, 0x9F, 0x8F, 0x87, 0x83, 0x00, 0xFF,
    0xFF, 0xFF, 0xFF, 0xFF, 0xFF, 0xFF, 0xFF, 0xFF, 0xFF, 0xFF, 0xFF, 0xFF,
    0xFF, 0xFF, 0xFF, 0xFF, 0xFF, 0xFF, 0xFF, 0xFF, 0xFF, 0xFF, 0xFF, 0xFF,
    0xFF, 0xFF, 0xFF, 0xFF, 0xFF, 0xFF, 0xFF, 0xFF, 0x80, 0x00, 0x00, 0x07,
    0xF8, 0x00, 0x00, 0x3F, 0x80, 0x00, 0x01, 0xFC, 0x00, 0x00, 0x1F, 0xE0,
    0x00, 0x00, 0xFE, 0x00, 0x00, 0x07, 0xF0, 0x00, 0x00, 0x7F, 0x80, 0x00,
    0x03, 0xF8, 0x00, 0x00, 0x1F, 0xC0, 0x00, 0x00, 0xFE, 0x00, 0x00, 0x0F,
    0xF0, 0x00, 0x00, 0x7F, 0x00, 0x00, 0x03, 0xF8, 0x00, 0x00, 0x3F, 0xC0,
    0x00, 0x01, 0xFC, 0x00, 0x00, 0x0F, 0xE0, 0x00, 0x00, 0xFF, 0x00, 0x00,
    0x07, 0xF0, 0x00, 0x00, 0x3F, 0x80, 0x00, 0x03, 0xFC, 0x00, 0x00, 0x1F,
    0xC0, 0x00, 0x00, 0xFE, 0x00, 0x00, 0x07, 0xF0, 0x00, 0x00, 0x7F, 0x80,
    0x00, 0x03, 0xF8, 0x00, 0x00, 0x1F, 0xC0, 0x00, 0x01, 0xFE, 0x00, 0x00,
    0x0F, 0xE0, 0x00, 0x00, 0x7F, 0x00, 0x00, 0x07, 0xF8, 0x00, 0x00, 0x3F,
    0x80, 0x00, 0x01, 0xFC, 0x00, 0x00, 0x1F, 0xE0, 0x00, 0x00, 0xFE, 0x00,
    0x00, 0x07, 0xF0, 0x00, 0x00, 0x3F, 0x80, 0x00, 0x03, 0xFC, 0x00, 0x00,
    0x1F, 0xC0, 0x00, 0x00, 0xFE, 0x00, 0x00, 0x0F, 0xF0, 0x00, 0x00, 0x7F,
    0x00, 0x00, 0x03, 0xF8, 0x00, 0x00, 0x3F, 0xC0, 0x00, 0x01, 0xFC, 0x00,
    0x00, 0x0F, 0xE0, 0x00, 0x00, 0xFF, 0x00, 0x00, 0x07, 0xF0, 0x00, 0x00,
    0x3F, 0x80, 0x00, 0x01, 0xFC, 0x00, 0x00, 0x1F, 0xE0, 0x00, 0x00, 0xFE,
    0x00, 0x00, 0x07, 0xF0, 0x00, 0x00, 0x7F, 0x80, 0x00, 0x03, 0xF8, 0x00,
    0x00, 0x1F, 0xC0, 0x00, 0x01, 0xFE, 0x00, 0x00, 0x0F, 0xE0, 0x00, 0x00,
    0x7F, 0x00, 0x00, 0x07, 0xF8, 0x00, 0x00, 0x3F, 0x80, 0x00, 0x01, 0xFC,
    0x00, 0x00, 0x1F, 0xE0, 0x00, 0x00, 0xFF, 0x00, 0x00, 0x07, 0xF0, 0x00,
    0x00, 0x3F, 0x80, 0x00, 0x03, 0xFC, 0x00, 0x00, 0x1F, 0xC0, 0x00, 0x00,
    0xFE, 0x00, 0x00, 0x00, 0x00, 0x00, 0x3F, 0xE0, 0x00, 0x00, 0x00, 0x1F,
    0xFF, 0xF0, 0x00, 0x00, 0x03, 0xFF, 0xFF, 0xE0, 0x00, 0x00, 0x3F, 0xFF,
    0xFF, 0xC0, 0x00, 0x03, 0xFF, 0xFF, 0xFF, 0x00, 0x00, 0x7F, 0xFF, 0xFF,
    0xFC, 0x00, 0x03, 0xFF, 0xFF, 0xFF, 0xF0, 0x00, 0x3F, 0xFC, 0x07, 0xFF,
    0xC0, 0x03, 0xFF, 0x80, 0x07, 0xFE, 0x00, 0x3F, 0xF8, 0x00, 0x1F, 0xF8,
    0x01, 0xFF, 0x80, 0x00, 0x7F, 0xE0, 0x1F, 0xF8, 0x00, 0x01, 0xFF, 0x00,
    0xFF, 0x80, 0x00, 0x0F, 0xFC, 0x0F, 0xFC, 0x00, 0x00, 0x3F, 0xE0, 0x7F,
    0xC0, 0x00, 0x01, 0xFF, 0x03, 0xFE, 0x00, 0x00, 0x07, 0xFC, 0x3F, 0xE0,
    0x00, 0x00, 0x3F, 0xE1, 0xFF, 0x00, 0x00, 0x01, 0xFF, 0x0F, 0xF8, 0x00,
    0x00, 0x0F, 0xFC, 0x7F, 0x80, 0x00, 0x00, 0x3F, 0xE7, 0xFC, 0x00, 0x00,
    0x01, 0xFF, 0x3F, 0xE0, 0x00, 0x00, 0x0F, 0xF9, 0xFF, 0x00, 0x00, 0x00,
    0x7F, 0xCF, 0xF8, 0x00, 0x00, 0x03, 0xFE, 0x7F, 0xC0, 0x00, 0x00, 0x0F,
    0xFF, 0xFC, 0x00, 0x00, 0x00, 0x7F, 0xFF, 0xE0, 0x00, 0x00, 0x03, 0xFF,
    0xFF, 0x00, 0x00, 0x00, 0x1F, 0xFF, 0xF8, 0x00, 0x00, 0x00, 0xFF, 0xFF,
    0xC0, 0x00, 0x00, 0x07, 0xFF, 0xFE, 0x00, 0x00, 0x00, 0x3F, 0xFF, 0xF0,
    0x00, 0x00, 0x01, 0xFF, 0xFF, 0x80, 0x00, 0x00, 0x0F, 0xFF, 0xFC, 0x00,
    0x00, 0x00, 0x7F, 0xFF, 0xE0, 0x00, 0x00, 0x03, 0xFF, 0xFF, 0x00, 0x00,
    0x00, 0x1F, 0xFF, 0xF8, 0x00, 0x00, 0x00, 0xFF, 0xFF, 0xC0, 0x00, 0x00,
    0x07, 0xFF, 0xFE, 0x00, 0x00, 0x00, 0x3F, 0xFF, 0xF0, 0x00, 0x00, 0x01,
    0xFF, 0xFF, 0x80, 0x00, 0x00, 0x0F, 0xFF, 0xFC, 0x00, 0x00, 0x00, 0x7F,
    0xFF, 0xE0, 0x00, 0x00, 0x03, 0xFC, 0xFF, 0x00, 0x00, 0x00, 0x3F, 0xE7,
    0xFC, 0x00, 0x00, 0x01, 0xFF, 0x3F, 0xE0, 0x00, 0x00, 0x0F, 0xF9, 0xFF,
    0x00, 0x00, 0x00, 0x7F, 0xCF, 0xF8, 0x00, 0x00, 0x03, 0xFE, 0x7F, 0xC0,
    0x00, 0x00, 0x1F, 0xE1, 0xFF, 0x00, 0x00, 0x01, 0xFF, 0x0F, 0xF8, 0x00,
    0x00, 0x0F, 0xF8, 0x7F, 0xC0, 0x00, 0x00, 0x7F, 0x81, 0xFF, 0x00, 0x00,
    0x03, 0xFC, 0x0F, 0xF8, 0x00, 0x00, 0x3F, 0xE0, 0x7F, 0xC0, 0x00, 0x01,
    0xFE, 0x01, 0xFF, 0x00, 0x00, 0x1F, 0xF0, 0x0F, 0xFC, 0x00, 0x01, 0xFF,
    0x00, 0x3F, 0xE0, 0x00, 0x1F, 0xF8, 0x01, 0xFF, 0x80, 0x01, 0xFF, 0x80,
    0x07, 0xFF, 0x00, 0x1F, 0xFC, 0x00, 0x1F, 0xFE, 0x03, 0xFF, 0xC0, 0x00,
    0xFF, 0xFF, 0xFF, 0xFC, 0x00, 0x03, 0xFF, 0xFF, 0xFF, 0xC0, 0x00, 0x0F,
    0xFF, 0xFF, 0xFC, 0x00, 0x00, 0x1F, 0xFF, 0xFF, 0xC0, 0x00, 0x00, 0x7F,
    0xFF, 0xF8, 0x00, 0x00, 0x00, 0xFF, 0xFF, 0x00, 0x00, 0x00, 0x00, 0x7F,
    0xC0, 0x00, 0x00, 0x00, 0x00, 0x7F, 0x00, 0x00, 0x7F, 0x00, 0x00, 0x7F,
    0x00, 0x00, 0xFF, 0x00, 0x00, 0xFF, 0x00, 0x00, 0xFF, 0x00, 0x01, 0xFF,
    0x00, 0x01, 0xFF, 0x00, 0x03, 0xFF, 0x00, 0x07, 0xFF, 0x00, 0x1F, 0xFF,
    0x00, 0xFF, 0xFF, 0x0F, 0xFF, 0xFF, 0xFF, 0xFF, 0xFF, 0xFF, 0xFF, 0xFF,
    0xFF, 0xFF, 0xFF, 0xFF, 0xFF, 0xFF, 0xFF, 0xFF, 0xFF, 0xFF, 0xFF, 0xFF,
    0x00, 0x01, 0xFF, 0x00, 0x01, 0xFF, 0x00, 0x01, 0xFF, 0x00, 0x01, 0xFF,
    0x00, 0x01, 0xFF, 0x00, 0x01, 0xFF, 0x00, 0x01, 0xFF, 0x00, 0x01, 0xFF,
    0x00, 0x01, 0xFF, 0x00, 0x01, 0xFF, 0x00, 0x01, 0xFF, 0x00, 0x01, 0xFF,
    0x00, 0x01, 0xFF, 0x00, 0x01, 0xFF, 0x00, 0x01, 0xFF, 0x00, 0x01, 0xFF,
    0x00, 0x01, 0xFF, 0x00, 0x01, 0xFF, 0x00, 0x01, 0xFF, 0x00, 0x01, 0xFF,
    0x00, 0x01, 0xFF, 0x00, 0x01, 0xFF, 0x00, 0x01, 0xFF, 0x00, 0x01, 0xFF,
    0x00, 0x01, 0xFF, 0x00, 0x01, 0xFF, 0x00, 0x01, 0xFF, 0x00, 0x01, 0xFF,
    0x00, 0x01, 0xFF, 0x00, 0x01, 0xFF, 0x00, 0x01, 0xFF, 0x00, 0x01, 0xFF,
    0x00, 0x01, 0xFF, 0x00, 0x01, 0xFF, 0x00, 0x01, 0xFF, 0x00, 0x01, 0xFF,
    0x00, 0x01, 0xFF, 0x00, 0x01, 0xFF, 0x00, 0x01, 0xFF, 0x00, 0x01, 0xFF,
    0x00, 0x01, 0xFF, 0x00, 0x01, 0xFF, 0x00, 0x01, 0xFF, 0x00, 0x01, 0xFF,
    0x00, 0x01, 0xFF, 0x00, 0x01, 0xFF, 0x00, 0x00, 0x3F, 0xF8, 0x00, 0x00,
    0x00, 0x1F, 0xFF, 0xFC, 0x00, 0x00, 0x07, 0xFF, 0xFF, 0xF8, 0x00, 0x00,
    0x7F, 0xFF, 0xFF, 0xF0, 0x00, 0x0F, 0xFF, 0xFF, 0xFF, 0xC0, 0x00, 0xFF,
    0xFF, 0xFF, 0xFF, 0x00, 0x0F, 0xFF, 0xFF, 0xFF, 0xFC, 0x00, 0x7F, 0xFC,
    0x03, 0xFF, 0xF0, 0x07, 0xFF, 0x00, 0x03, 0xFF, 0x80, 0x7F, 0xE0, 0x00,
    0x0F, 0xFE, 0x03, 0xFE, 0x00, 0x00, 0x3F, 0xF8, 0x3F, 0xE0, 0x00, 0x00,
    0xFF, 0xC1, 0xFF, 0x00, 0x00, 0x03, 0xFF, 0x0F, 0xF0, 0x00, 0x00, 0x0F,
    0xF8, 0xFF, 0x80, 0x00, 0x00, 0x7F, 0xC7, 0xF8, 0x00, 0x00, 0x03, 0xFE,
    0x3F, 0xC0, 0x00, 0x00, 0x0F, 0xF9, 0xFE, 0x00, 0x00, 0x00, 0x7F, 0xDF,
    0xF0, 0x00, 0x00, 0x03, 0xFE, 0xFF, 0x00, 0x00, 0x00, 0x1F, 0xF7, 0xF8,
    0x00, 0x00, 0x00, 0xFF, 0xBF, 0xC0, 0x00, 0x00, 0x07, 0xFD, 0xFE, 0x00,
    0x00, 0x00, 0x3F, 0xEF, 0xF0, 0x00, 0x00, 0x01, 0xFF, 0x00, 0x00, 0x00,
    0x00, 0x1F, 0xF8, 0x00, 0x00, 0x00, 0x00, 0xFF, 0x80, 0x00, 0x00, 0x00,
    0x0F, 0xFC, 0x00, 0x00, 0x00, 0x00, 0x7F, 0xE0, 0x00, 0x00, 0x00, 0x07,
    0xFE, 0x00, 0x00, 0x00, 0x00, 0x7F, 0xF0, 0x00, 0x00, 0x00, 0x07, 0xFF,
    0x00, 0x00, 0x00, 0x00, 0xFF, 0xF0, 0x00, 0x00, 0x00, 0x0F, 0xFF, 0x80,
    0x00, 0x00, 0x00, 0xFF, 0xF8, 0x00, 0x00, 0x00, 0x1F, 0xFF, 0x80, 0x00,
    0x00, 0x03, 0xFF, 0xF8, 0x00, 0x00, 0x00, 0x7F, 0xFF, 0x00, 0x00, 0x00,
    0x07, 0xFF, 0xF0, 0x00, 0x00, 0x00, 0xFF, 0xFE, 0x00, 0x00, 0x00, 0x1F,
    0xFF, 0xE0, 0x00, 0x00, 0x03, 0xFF, 0xFC, 0x00, 0x00, 0x00, 0x3F, 0xFF,
    0x80, 0x00, 0x00, 0x07, 0xFF, 0xF0, 0x00, 0x00, 0x00, 0x7F, 0xFF, 0x00,
    0x00, 0x00, 0x07, 0xFF, 0xE0, 0x00, 0x00, 0x00, 0x7F, 0xFC, 0x00, 0x00,
    0x00, 0x07, 0xFF, 0x80, 0x00, 0x00, 0x00, 0x7F, 0xF8, 0x00, 0x00, 0x00,
    0x07, 0xFF, 0x00, 0x00, 0x00, 0x00, 0x7F, 0xF0, 0x00, 0x00, 0x00, 0x03,
    0xFF, 0x00, 0x00, 0x00, 0x00, 0x3F, 0xF0, 0x00, 0x00, 0x00, 0x01, 0xFF,
    0x00, 0x00, 0x00, 0x00, 0x1F, 0xF0, 0x00, 0x00, 0x00, 0x00, 0xFF, 0x80,
    0x00, 0x00, 0x00, 0x07, 0xF8, 0x00, 0x00, 0x00, 0x00, 0x7F, 0xC0, 0x00,
    0x00, 0x00, 0x03, 0xFC, 0x00, 0x00, 0x00, 0x00, 0x1F, 0xE0, 0x00, 0x00,
    0x00, 0x00, 0xFF, 0xFF, 0xFF, 0xFF, 0xFF, 0xF7, 0xFF, 0xFF, 0xFF, 0xFF,
    0xFF, 0xFF, 0xFF, 0xFF, 0xFF, 0xFF, 0xFF, 0xFF, 0xFF, 0xFF, 0xFF, 0xFF,
    0xFF, 0xFF, 0xFF, 0xFF, 0xFF, 0xFF, 0xFF, 0xFF, 0xFF, 0xFF, 0xFF, 0xFF,
    0xFF, 0xFF, 0xFF, 0xFF, 0xFF, 0xC0, 0x00, 0x00, 0xFF, 0xE0, 0x00, 0x00,
    0x00, 0x3F, 0xFF, 0xF0, 0x00, 0x00, 0x0F, 0xFF, 0xFF, 0xE0, 0x00, 0x00,
    0xFF, 0xFF, 0xFF, 0xC0, 0x00, 0x0F, 0xFF, 0xFF, 0xFF, 0x80, 0x00, 0xFF,
    0xFF, 0xFF, 0xFE, 0x00, 0x0F, 0xFF, 0xFF, 0xFF, 0xF0, 0x00, 0xFF, 0xF8,
    0x0F, 0xFF, 0xC0, 0x0F, 0xFE, 0x00, 0x0F, 0xFF, 0x00, 0x7F, 0xE0, 0x00,
    0x3F, 0xF8, 0x07, 0xFC, 0x00, 0x00, 0xFF, 0xE0, 0x3F, 0xE0, 0x00, 0x03,
    0xFF, 0x03, 0xFE, 0x00, 0x00, 0x0F, 0xF8, 0x1F, 0xF0, 0x00, 0x00, 0x7F,
    0xE0, 0xFF, 0x00, 0x00, 0x01, 0xFF, 0x07, 0xF8, 0x00, 0x00, 0x0F, 0xF8,
    0x7F, 0xC0, 0x00, 0x00, 0x7F, 0xC3, 0xFC, 0x00, 0x00, 0x03, 0xFE, 0x1F,
    0xE0, 0x00, 0x00, 0x1F, 0xF0, 0xFF, 0x00, 0x00, 0x00, 0xFF, 0x87, 0xF8,
    0x00, 0x00, 0x07, 0xFC, 0x3F, 0xC0, 0x00, 0x00, 0x3F, 0xE0, 0x00, 0x00,
    0x00, 0x03, 0xFE, 0x00, 0x00, 0x00, 0x00, 0x1F, 0xF0, 0x00, 0x00, 0x00,
    0x01, 0xFF, 0x80, 0x00, 0x00, 0x00, 0x1F, 0xF8, 0x00, 0x00, 0x00, 0x01,
    0xFF, 0xC0, 0x00, 0x00, 0x00, 0x1F, 0xFC, 0x00, 0x00, 0x00, 0x07, 0xFF,
    0xC0, 0x00, 0x00, 0x3F, 0xFF, 0xFC, 0x00, 0x00, 0x01, 0xFF, 0xFF, 0x80,
    0x00, 0x00, 0x0F, 0xFF, 0xF0, 0x00, 0x00, 0x00, 0x7F, 0xFF, 0xF0, 0x00,
    0x00, 0x03, 0xFF, 0xFF, 0xE0, 0x00, 0x00, 0x1F, 0xFF, 0xFF, 0x80, 0x00,
    0x00, 0xFF, 0xFF, 0xFF, 0x00, 0x00, 0x00, 0x03, 0xFF, 0xF8, 0x00, 0x00,
    0x00, 0x03, 0xFF, 0xE0, 0x00, 0x00, 0x00, 0x07, 0xFF, 0x80, 0x00, 0x00,
    0x00, 0x0F, 0xFC, 0x00, 0x00, 0x00, 0x00, 0x3F, 0xF0, 0x00, 0x00, 0x00,
    0x01, 0xFF, 0x80, 0x00, 0x00, 0x00, 0x07, 0xFC, 0x00, 0x00, 0x00, 0x00,
    0x3F, 0xF0, 0x00, 0x00, 0x00, 0x00, 0xFF, 0x80, 0x00, 0x00, 0x00, 0x07,
    0xFF, 0xFC, 0x00, 0x00, 0x00, 0x3F, 0xFF, 0xE0, 0x00, 0x00, 0x01, 0xFF,
    0xFF, 0x00, 0x00, 0x00, 0x0F, 0xFF, 0xF8, 0x00, 0x00, 0x00, 0x7F, 0xFF,
    0xE0, 0x00, 0x00, 0x03, 0xFF, 0xFF, 0x00, 0x00, 0x00, 0x1F, 0xF7, 0xF8,
    0x00, 0x00, 0x01, 0xFF, 0x3F, 0xC0, 0x00, 0x00, 0x0F, 0xF9, 0xFF, 0x00,
    0x00, 0x00, 0xFF, 0xC7, 0xF8, 0x00, 0x00, 0x07, 0xFC, 0x3F, 0xE0, 0x00,
    0x00, 0x7F, 0xE1, 0xFF, 0x80, 0x00, 0x07, 0xFE, 0x07, 0xFE, 0x00, 0x00,
    0x7F, 0xF0, 0x1F, 0xFC, 0x00, 0x0F, 0xFF, 0x00, 0xFF, 0xF8, 0x03, 0xFF,
    0xF0, 0x03, 0xFF, 0xFF, 0xFF, 0xFF, 0x80, 0x0F, 0xFF, 0xFF, 0xFF, 0xF0,
    0x00, 0x3F, 0xFF, 0xFF, 0xFF, 0x00, 0x00, 0xFF, 0xFF, 0xFF, 0xF0, 0x00,
    0x01, 0xFF, 0xFF, 0xFE, 0x00, 0x00, 0x03, 0xFF, 0xFF, 0xC0, 0x00, 0x00,
    0x01, 0xFF, 0xE0, 0x00, 0x00, 0x00, 0x00, 0x00, 0x03, 0xFC, 0x00, 0x00,
    0x00, 0x00, 0x0F, 0xF8, 0x00, 0x00, 0x00, 0x00, 0x1F, 0xF0, 0x00, 0x00,
    0x00, 0x00, 0x7F, 0xE0, 0x00, 0x00, 0x00, 0x01, 0xFF, 0xC0, 0x00, 0x00,
    0x00, 0x07, 0xFF, 0x80, 0x00, 0x00, 0x00, 0x0F, 0xFF, 0x00, 0x00, 0x00,
    0x00, 0x3F, 0xFE, 0x00, 0x00, 0x00, 0x00, 0xFF, 0xFC, 0x00, 0x00, 0x00,
    0x03, 0xFF, 0xF8, 0x00, 0x00, 0x00, 0x07, 0xFF, 0xF0, 0x00, 0x00, 0x00,
    0x1F, 0xFF, 0xE0, 0x00, 0x00, 0x00, 0x7F, 0xFF, 0xC0, 0x00, 0x00, 0x01,
    0xFF, 0xFF, 0x80, 0x00, 0x00, 0x03, 0xFD, 0xFF, 0x00, 0x00, 0x00, 0x0F,
    0xF3, 0xFE, 0x00, 0x00, 0x00, 0x3F, 0xE7, 0xFC, 0x00, 0x00, 0x00, 0xFF,
    0x8F, 0xF8, 0x00, 0x00, 0x01, 0xFE, 0x1F, 0xF0, 0x00, 0x00, 0x07, 0xFC,
    0x3F, 0xE0, 0x00, 0x00, 0x1F, 0xF0, 0x7F, 0xC0, 0x00, 0x00, 0x7F, 0xC0,
    0xFF, 0x80, 0x00, 0x00, 0xFF, 0x01, 0xFF, 0x00, 0x00, 0x03, 0xFE, 0x03,
    0xFE, 0x00, 0x00, 0x0F, 0xF8, 0x07, 0xFC, 0x00, 0x00, 0x1F, 0xE0, 0x0F,
    0xF8, 0x00, 0x00, 0x7F, 0x80, 0x1F, 0xF0, 0x00, 0x01, 0xFF, 0x00, 0x3F,
    0xE0, 0x00, 0x07, 0xFC, 0x00, 0x7F, 0xC0, 0x00, 0x0F, 0xF0, 0x00, 0xFF,
    0x80, 0x00, 0x3F, 0xC0, 0x01, 0xFF, 0x00, 0x00, 0xFF, 0x80, 0x03, 0xFE,
    0x00, 0x03, 0xFE, 0x00, 0x07, 0xFC, 0x00, 0x07, 0xF8, 0x00, 0x0F, 0xF8,
    0x00, 0x1F, 0xE0, 0x00, 0x1F, 0xF0, 0x00, 0x7F, 0xC0, 0x00, 0x3F, 0xE0,
    0x01, 0xFF, 0x00, 0x00, 0x7F, 0xC0, 0x03, 0xFC, 0x00, 0x00, 0xFF, 0x80,
    0x0F, 0xF0, 0x00, 0x01, 0xFF, 0x00, 0x3F, 0xE0, 0x00, 0x03, 0xFE, 0x00,
    0xFF, 0x80, 0x00, 0x07, 0xFC, 0x01, 0xFE, 0x00, 0x00, 0x0F, 0xF8, 0x03,
    0xFF, 0xFF, 0xFF, 0xFF, 0xFF, 0xFF, 0xFF, 0xFF, 0xFF, 0xFF, 0xFF, 0xFF,
    0xFF, 0xFF, 0xFF, 0xFF, 0xFF, 0xFF, 0xFF, 0xFF, 0xFF, 0xFF, 0xFF, 0xFF,
    0xFF, 0xFF, 0xFF, 0xFF, 0xFF, 0xFF, 0xFF, 0xFF, 0xFF, 0xFF, 0xFF, 0xFF,
    0xFF, 0xFF, 0xFF, 0xFF, 0xFE, 0x00, 0x00, 0x00, 0x0F, 0xF8, 0x00, 0x00,
    0x00, 0x00, 0x1F, 0xF0, 0x00, 0x00, 0x00, 0x00, 0x3F, 0xE0, 0x00, 0x00,
    0x00, 0x00, 0x7F, 0xC0, 0x00, 0x00, 0x00, 0x00, 0xFF, 0x80, 0x00, 0x00,
    0x00, 0x01, 0xFF, 0x00, 0x00, 0x00, 0x00, 0x03, 0xFE, 0x00, 0x00, 0x00,
    0x00, 0x07, 0xFC, 0x00, 0x00, 0x00, 0x00, 0x0F, 0xF8, 0x00, 0x00, 0x00,
    0x00, 0x1F, 0xF0, 0x00, 0x00, 0x00, 0x00, 0x3F, 0xE0, 0x00, 0x00, 0x00,
    0x00, 0x7F, 0xC0, 0x00, 0x00, 0x00, 0x00, 0xFF, 0x80, 0x00, 0x00, 0x00,
    0x01, 0xFF, 0x00, 0x00, 0x00, 0x00, 0x03, 0xFE, 0x00, 0x00, 0x00, 0x00,
    0x07, 0xFC, 0x00, 0x00, 0xFF, 0xFF, 0xFF, 0xFF, 0x80, 0x07, 0xFF, 0xFF,
    0xFF, 0xFC, 0x00, 0x3F, 0xFF, 0xFF, 0xFF, 0xE0, 0x03, 0xFF, 0xFF, 0xFF,
    0xFF, 0x00, 0x1F, 0xFF, 0xFF, 0xFF, 0xF8, 0x00, 0xFF, 0xFF, 0xFF, 0xFF,
    0xC0, 0x07, 0xFF, 0xFF, 0xFF, 0xFE, 0x00, 0x3F, 0xFF, 0xFF, 0xFF, 0xF0,
    0x01, 0xFC, 0x00, 0x00, 0x00, 0x00, 0x0F, 0xE0, 0x00, 0x00, 0x00, 0x00,
    0xFF, 0x00, 0x00, 0x00, 0x00, 0x07, 0xF0, 0x00, 0x00, 0x00, 0x00, 0x3F,
    0x80, 0x00, 0x00, 0x00, 0x01, 0xFC, 0x00, 0x00, 0x00, 0x00, 0x0F, 0xE0,
    0x00, 0x00, 0x00, 0x00, 0x7F, 0x00, 0x00, 0x00, 0x00, 0x03, 0xF8, 0x00,
    0x00, 0x00, 0x00, 0x3F, 0xC0, 0x00, 0x00, 0x00, 0x01, 0xFC, 0x00, 0x00,
    0x00, 0x00, 0x0F, 0xE0, 0x00, 0x00, 0x00, 0x00, 0x7F, 0x00, 0x00, 0x00,
    0x00, 0x03, 0xF8, 0x00, 0x00, 0x00, 0x00, 0x1F, 0xC0, 0x00, 0x00, 0x00,
    0x00, 0xFE, 0x03, 0xFF, 0x00, 0x00, 0x0F, 0xE1, 0xFF, 0xFF, 0x00, 0x00,
    0x7F, 0x3F, 0xFF, 0xFE, 0x00, 0x03, 0xFB, 0xFF, 0xFF, 0xFC, 0x00, 0x1F,
    0xFF, 0xFF, 0xFF, 0xF0, 0x00, 0xFF, 0xFF, 0xFF, 0xFF, 0xC0, 0x07, 0xFF,
    0xFF, 0xFF, 0xFF, 0x80, 0x3F, 0xFF, 0x00, 0xFF, 0xFC, 0x03, 0xFF, 0xC0,
    0x00, 0xFF, 0xF0, 0x1F, 0xFC, 0x00, 0x03, 0xFF, 0xC0, 0xFF, 0x80, 0x00,
    0x07, 0xFF, 0x07, 0xF8, 0x00, 0x00, 0x1F, 0xF8, 0x3F, 0x80, 0x00, 0x00,
    0xFF, 0xC0, 0x00, 0x00, 0x00, 0x03, 0xFF, 0x00, 0x00, 0x00, 0x00, 0x0F,
    0xF8, 0x00, 0x00, 0x00, 0x00, 0x7F, 0xC0, 0x00, 0x00, 0x00, 0x03, 0xFF,
    0x00, 0x00, 0x00, 0x00, 0x0F, 0xF8, 0x00, 0x00, 0x00, 0x00, 0x7F, 0xC0,
    0x00, 0x00, 0x00, 0x03, 0xFE, 0x00, 0x00, 0x00, 0x00, 0x1F, 0xF0, 0x00,
    0x00, 0x00, 0x00, 0xFF, 0x80, 0x00, 0x00, 0x00, 0x07, 0xFC, 0x00, 0x00,
    0x00, 0x00, 0x3F, 0xE0, 0x00, 0x00, 0x00, 0x01, 0xFF, 0x00, 0x00, 0x00,
    0x00, 0x0F, 0xF8, 0x00, 0x00, 0x00, 0x00, 0xFF, 0xBF, 0xE0, 0x00, 0x00,
    0x07, 0xFD, 0xFF, 0x00, 0x00, 0x00, 0x3F, 0xEF, 0xFC, 0x00, 0x00, 0x03,
    0xFE, 0x3F, 0xE0, 0x00, 0x00, 0x1F, 0xF1, 0xFF, 0x00, 0x00, 0x01, 0xFF,
    0x8F, 0xFC, 0x00, 0x00, 0x1F, 0xF8, 0x3F, 0xF0, 0x00, 0x01, 0xFF, 0xC1,
    0xFF, 0xC0, 0x00, 0x1F, 0xFC, 0x07, 0xFF, 0x80, 0x01, 0xFF, 0xC0, 0x3F,
    0xFF, 0x80, 0x7F, 0xFE, 0x00, 0xFF, 0xFF, 0xFF, 0xFF, 0xE0, 0x03, 0xFF,
    0xFF, 0xFF, 0xFE, 0x00, 0x0F, 0xFF, 0xFF, 0xFF, 0xE0, 0x00, 0x1F, 0xFF,
    0xFF, 0xFC, 0x00, 0x00, 0x3F, 0xFF, 0xFF, 0x80, 0x00, 0x00, 0x7F, 0xFF,
    0xF0, 0x00, 0x00, 0x00, 0x3F, 0xF8, 0x00, 0x00, 0x00, 0x00, 0x1F, 0xFC,
    0x00, 0x00, 0x00, 0x07, 0xFF, 0xFE, 0x00, 0x00, 0x00, 0xFF, 0xFF, 0xFC,
    0x00, 0x00, 0x1F, 0xFF, 0xFF, 0xF8, 0x00, 0x01, 0xFF, 0xFF, 0xFF, 0xE0,
    0x00, 0x1F, 0xFF, 0xFF, 0xFF, 0x80, 0x01, 0xFF, 0xFF, 0xFF, 0xFC, 0x00,
    0x1F, 0xFE, 0x01, 0xFF, 0xF0, 0x01, 0xFF, 0xC0, 0x01, 0xFF, 0xC0, 0x1F,
    0xF8, 0x00, 0x07, 0xFE, 0x00, 0xFF, 0x80, 0x00, 0x1F, 0xF8, 0x0F, 0xF8,
    0x00, 0x00, 0x7F, 0xC0, 0x7F, 0x80, 0x00, 0x03, 0xFE, 0x07, 0xFC, 0x00,
    0x00, 0x0F, 0xF8, 0x3F, 0xC0, 0x00, 0x00, 0x7F, 0xC3, 0xFC, 0x00, 0x00,
    0x01, 0xFE, 0x1F, 0xE0, 0x00, 0x00, 0x0F, 0xF0, 0xFF, 0x00, 0x00, 0x00,
    0x00, 0x0F, 0xF0, 0x00, 0x00, 0x00, 0x00, 0x7F, 0x80, 0x00, 0x00, 0x00,
    0x03, 0xFC, 0x00, 0x00, 0x00, 0x00, 0x1F, 0xC0, 0x00, 0x00, 0x00, 0x01,
    0xFE, 0x00, 0x00, 0x00, 0x00, 0x0F, 0xF0, 0x00, 0x00, 0x00, 0x00, 0x7F,
    0x80, 0x1F, 0xF8, 0x00, 0x03, 0xFC, 0x07, 0xFF, 0xF8, 0x00, 0x1F, 0xC0,
    0xFF, 0xFF, 0xF8, 0x00, 0xFE, 0x1F, 0xFF, 0xFF, 0xE0, 0x0F, 0xF1, 0xFF,
    0xFF, 0xFF, 0xC0, 0x7F, 0x9F, 0xFF, 0xFF, 0xFF, 0x03, 0xFD, 0xFF, 0xFF,
    0xFF, 0xFC, 0x1F, 0xFF, 0xFC, 0x03, 0xFF, 0xF0, 0xFF, 0xFF, 0x00, 0x03,
    0xFF, 0xC7, 0xFF, 0xE0, 0x00, 0x0F, 0xFE, 0x3F, 0xFE, 0x00, 0x00, 0x3F,
    0xF9, 0xFF, 0xE0, 0x00, 0x00, 0xFF, 0xCF, 0xFE, 0x00, 0x00, 0x03, 0xFF,
    0x7F, 0xF0, 0x00, 0x00, 0x1F, 0xFB, 0xFF, 0x00, 0x00, 0x00, 0xFF, 0xDF,
    0xF8, 0x00, 0x00, 0x03, 0xFE, 0xFF, 0xC0, 0x00, 0x00, 0x1F, 0xFF, 0xFC,
    0x00, 0x00, 0x00, 0xFF, 0xFF, 0xE0, 0x00, 0x00, 0x03, 0xFF, 0xFF, 0x00,
    0x00, 0x00, 0x1F, 0xFF, 0xF8, 0x00, 0x00, 0x00, 0xFF, 0xFF, 0xC0, 0x00,
    0x00, 0x07, 0xFD, 0xFE, 0x00, 0x00, 0x00, 0x3F, 0xEF, 0xF0, 0x00, 0x00,
    0x01, 0xFF, 0x7F, 0x80, 0x00, 0x00, 0x0F, 0xFB, 0xFC, 0x00, 0x00, 0x00,
    0x7F, 0xDF, 0xF0, 0x00, 0x00, 0x07, 0xFC, 0x7F, 0x80, 0x00, 0x00, 0x3F,
    0xE3, 0xFC, 0x00, 0x00, 0x01, 0xFF, 0x1F, 0xF0, 0x00, 0x00, 0x1F, 0xF8,
    0x7F, 0x80, 0x00, 0x00, 0xFF, 0x83, 0xFE, 0x00, 0x00, 0x0F, 0xFC, 0x0F,
    0xF8, 0x00, 0x00, 0x7F, 0xC0, 0x7F, 0xE0, 0x00, 0x07, 0xFE, 0x01, 0xFF,
    0x80, 0x00, 0x7F, 0xE0, 0x0F, 0xFE, 0x00, 0x0F, 0xFE, 0x00, 0x3F, 0xFE,
    0x01, 0xFF, 0xF0, 0x00, 0xFF, 0xFF, 0xFF, 0xFF, 0x00, 0x03, 0xFF, 0xFF,
    0xFF, 0xF0, 0x00, 0x0F, 0xFF, 0xFF, 0xFF, 0x00, 0x00, 0x1F, 0xFF, 0xFF,
    0xE0, 0x00, 0x00, 0x7F, 0xFF, 0xFE, 0x00, 0x00, 0x00, 0x7F, 0xFF, 0x80,
    0x00, 0x00, 0x00, 0x7F, 0xE0, 0x00, 0x00, 0xFF, 0xFF, 0xFF, 0xFF, 0xFF,
    0xFF, 0xFF, 0xFF, 0xFF, 0xFF, 0xFF, 0xFF, 0xFF, 0xFF, 0xFF, 0xFF, 0xFF,
    0xFF, 0xFF, 0xFF, 0xFF, 0xFF, 0xFF, 0xFF, 0xFF, 0xFF, 0xFF, 0xFF, 0xFF,
    0xFF, 0xFF, 0xFF, 0xFF, 0xFF, 0xFF, 0xFF, 0xFF, 0xFF, 0xFF, 0xFF, 0xFF,
    0xFF, 0xFF, 0xFF, 0xFE, 0x00, 0x00, 0x00, 0x00, 0x1F, 0xF0, 0x00, 0x00,
    0x00, 0x01, 0xFF, 0x00, 0x00, 0x00, 0x00, 0x0F, 0xF0, 0x00, 0x00, 0x00,
    0x00, 0xFF, 0x00, 0x00, 0x00, 0x00, 0x0F, 0xF8, 0x00, 0x00, 0x00, 0x00,
    0xFF, 0x80, 0x00, 0x00, 0x00, 0x07, 0xF8, 0x00, 0x00, 0x00, 0x00, 0x7F,
    0x80, 0x00, 0x00, 0x00, 0x07, 0xFC, 0x00, 0x00, 0x00, 0x00, 0x3F, 0xC0,
    0x00, 0x00, 0x00, 0x03, 0xFC, 0x00, 0x00, 0x00, 0x00, 0x3F, 0xE0, 0x00,
    0x00, 0x00, 0x01, 0xFE, 0x00, 0x00, 0x00, 0x00, 0x1F, 0xE0, 0x00, 0x00,
    0x00, 0x01, 0xFF, 0x00, 0x00, 0x00, 0x00, 0x0F, 0xF0, 0x00, 0x00, 0x00,
    0x00, 0xFF, 0x80, 0x00, 0x00, 0x00, 0x07, 0xF8, 0x00, 0x00, 0x00, 0x00,
    0x7F, 0x80, 0x00, 0x00, 0x00, 0x07, 0xFC, 0x00, 0x00, 0x00, 0x00, 0x3F,
    0xC0, 0x00, 0x00, 0x00, 0x03, 0xFE, 0x00, 0x00, 0x00, 0x00, 0x1F, 0xE0,
    0x00, 0x00, 0x00, 0x01, 0xFF, 0x00, 0x00, 0x00, 0x00, 0x0F, 0xF0, 0x00,
    0x00, 0x00, 0x00, 0xFF, 0x80, 0x00, 0x00, 0x00, 0x07, 0xF8, 0x00, 0x00,
    0x00, 0x00, 0x7F, 0xC0, 0x00, 0x00, 0x00, 0x03, 0xFE, 0x00, 0x00, 0x00,
    0x00, 0x3F, 0xE0, 0x00, 0x00, 0x00, 0x01, 0xFF, 0x00, 0x00, 0x00, 0x00,
    0x1F, 0xF0, 0x00, 0x00, 0x00, 0x00, 0xFF, 0x80, 0x00, 0x00, 0x00, 0x07,
    0xF8, 0x00, 0x00, 0x00, 0x00, 0x7F, 0xC0, 0x00, 0x00, 0x00, 0x03, 0xFE,
    0x00, 0x00, 0x00, 0x00, 0x3F, 0xE0, 0x00, 0x00, 0x00, 0x01, 0xFF, 0x00,
    0x00, 0x00, 0x00, 0x0F, 0xF8, 0x00, 0x00, 0x00, 0x00, 0xFF, 0x80, 0x00,
    0x00, 0x00, 0x07, 0xFC, 0x00, 0x00, 0x00, 0x00, 0x3F, 0xE0, 0x00, 0x00,
    0x00, 0x03, 0xFE, 0x00, 0x00, 0x00, 0x00, 0x1F, 0xF0, 0x00, 0x00, 0x00,
    0x00, 0xFF, 0x80, 0x00, 0x00, 0x00, 0x07, 0xFC, 0x00, 0x00, 0x00, 0x00,
    0x7F, 0xC0, 0x00, 0x00, 0x00, 0x03, 0xFE, 0x00, 0x00, 0x00, 0x00, 0x1F,
    0xF0, 0x00, 0x00, 0x00, 0x01, 0xFF, 0x80, 0x00, 0x00, 0x00, 0x0F, 0xF8,
    0x00, 0x00, 0x00, 0x00, 0x7F, 0xC0, 0x00, 0x00, 0x00, 0x03, 0xFE, 0x00,
    0x00, 0x00, 0x00, 0x1F, 0xF0, 0x00, 0x00, 0x00, 0x01, 0xFF, 0x80, 0x00,
    0x00, 0x00, 0x0F, 0xF8, 0x00, 0x00, 0x00, 0x00, 0x7F, 0xC0, 0x00, 0x00,
    0x00, 0x00, 0x00, 0x7F, 0xF0, 0x00, 0x00, 0x00, 0x3F, 0xFF, 0xF8, 0x00,
    0x00, 0x07, 0xFF, 0xFF, 0xF0, 0x00, 0x00, 0x7F, 0xFF, 0xFF, 0xE0, 0x00,
    0x0F, 0xFF, 0xFF, 0xFF, 0x80, 0x00, 0xFF, 0xFF, 0xFF, 0xFE, 0x00, 0x0F,
    0xFF, 0xFF, 0xFF, 0xF8, 0x00, 0xFF, 0xF8, 0x07, 0xFF, 0xE0, 0x07, 0xFF,
    0x00, 0x07, 0xFF, 0x80, 0x7F, 0xE0, 0x00, 0x1F, 0xFC, 0x03, 0xFE, 0x00,
    0x00, 0x7F, 0xF0, 0x3F, 0xF0, 0x00, 0x01, 0xFF, 0x81, 0xFF, 0x00, 0x00,
    0x07, 0xFC, 0x0F, 0xF8, 0x00, 0x00, 0x3F, 0xF0, 0xFF, 0x80, 0x00, 0x00,
    0xFF, 0x87, 0xFC, 0x00, 0x00, 0x07, 0xFC, 0x3F, 0xE0, 0x00, 0x00, 0x3F,
    0xE1, 0xFF, 0x00, 0x00, 0x01, 0xFF, 0x0F, 0xF8, 0x00, 0x00, 0x0F, 0xF8,
    0x7F, 0xC0, 0x00, 0x00, 0x7F, 0xC3, 0xFE, 0x00, 0x00, 0x03, 0xFE, 0x1F,
    0xF8, 0x00, 0x00, 0x3F, 0xE0, 0x7F, 0xC0, 0x00, 0x01, 0xFF, 0x03, 0xFF,
    0x00, 0x00, 0x1F, 0xF8, 0x1F, 0xFC, 0x00, 0x01, 0xFF, 0x80, 0x7F, 0xF0,
    0x00, 0x1F, 0xFC, 0x01, 0xFF, 0xC0, 0x01, 0xFF, 0xC0, 0x07, 0xFF, 0xC0,
    0x7F, 0xFC, 0x00, 0x1F, 0xFF, 0xFF, 0xFF, 0xC0, 0x00, 0x7F, 0xFF, 0xFF,
    0xFC, 0x00, 0x00, 0xFF, 0xFF, 0xFF, 0x80, 0x00, 0x07, 0xFF, 0xFF, 0xFC,
    0x00, 0x00, 0xFF, 0xFF, 0xFF, 0xF8, 0x00, 0x0F, 0xFF, 0xFF, 0xFF, 0xF0,
    0x00, 0xFF, 0xFF, 0xFF, 0xFF, 0xC0, 0x1F, 0xFF, 0x80, 0x7F, 0xFF, 0x00,
    0xFF, 0xE0, 0x00, 0x7F, 0xFC, 0x0F, 0xFE, 0x00, 0x00, 0xFF, 0xE0, 0xFF,
    0xE0, 0x00, 0x03, 0xFF, 0x87, 0xFE, 0x00, 0x00, 0x0F, 0xFC, 0x7F, 0xE0,
    0x00, 0x00, 0x3F, 0xF3, 0xFE, 0x00, 0x00, 0x00, 0xFF, 0x9F, 0xF0, 0x00,
    0x00, 0x07, 0xFD, 0xFF, 0x80, 0x00, 0x00, 0x3F, 0xFF, 0xF8, 0x00, 0x00,
    0x00, 0xFF, 0xFF, 0xC0, 0x00, 0x00, 0x07, 0xFF, 0xFE, 0x00, 0x00, 0x00,
    0x3F, 0xFF, 0xF0, 0x00, 0x00, 0x01, 0xFF, 0xFF, 0x80, 0x00, 0x00, 0x0F,
    0xFF, 0xFC, 0x00, 0x00, 0x00, 0x7F, 0xFF, 0xE0, 0x00, 0x00, 0x03, 0xFF,
    0xFF, 0x00, 0x00, 0x00, 0x1F, 0xFF, 0xFC, 0x00, 0x00, 0x01, 0xFF, 0x3F,
    0xE0, 0x00, 0x00, 0x0F, 0xF9, 0xFF, 0x80, 0x00, 0x00, 0x7F, 0xCF, 0xFC,
    0x00, 0x00, 0x07, 0xFC, 0x3F, 0xF0, 0x00, 0x00, 0x3F, 0xE1, 0xFF, 0xC0,
    0x00, 0x03, 0xFE, 0x07, 0xFF, 0x00, 0x00, 0x7F, 0xF0, 0x3F, 0xFC, 0x00,
    0x07, 0xFF, 0x00, 0xFF, 0xFC, 0x01, 0xFF, 0xF0, 0x03, 0xFF, 0xFF, 0xFF,
    0xFF, 0x80, 0x0F, 0xFF, 0xFF, 0xFF, 0xF8, 0x00, 0x1F, 0xFF, 0xFF, 0xFF,
    0x80, 0x00, 0x7F, 0xFF, 0xFF, 0xF0, 0x00, 0x00, 0xFF, 0xFF, 0xFE, 0x00,
    0x00, 0x01, 0xFF, 0xFF, 0xC0, 0x00, 0x00, 0x00, 0xFF, 0xF0, 0x00, 0x00,
    0x00, 0x00, 0xFF, 0xE0, 0x00, 0x00, 0x00, 0x7F, 0xFF, 0xC0, 0x00, 0x00,
    0x3F, 0xFF, 0xFF, 0x00, 0x00, 0x07, 0xFF, 0xFF, 0xFC, 0x00, 0x00, 0xFF,
    0xFF, 0xFF, 0xE0, 0x00, 0x1F, 0xFF, 0xFF, 0xFF, 0x00, 0x03, 0xFF, 0xFF,
    0xFF, 0xF8, 0x00, 0x7F, 0xFC, 0x03, 0xFF, 0xC0, 0x0F, 0xFF, 0x00, 0x0F,
    0xFE, 0x00, 0xFF, 0xC0, 0x00, 0x3F, 0xE0, 0x1F, 0xF8, 0x00, 0x01, 0xFF,
    0x03, 0xFF, 0x00, 0x00, 0x0F, 0xF0, 0x3F, 0xF0, 0x00, 0x00, 0x7F, 0x83,
    0xFE, 0x00, 0x00, 0x07, 0xF8, 0x7F, 0xC0, 0x00, 0x00, 0x3F, 0xC7, 0xFC,
    0x00, 0x00, 0x03, 0xFC, 0x7F, 0xC0, 0x00, 0x00, 0x3F, 0xCF, 0xFC, 0x00,
    0x00, 0x01, 0xFC, 0xFF, 0x80, 0x00, 0x00, 0x1F, 0xEF, 0xF8, 0x00, 0x00,
    0x01, 0xFE, 0xFF, 0x80, 0x00, 0x00, 0x1F, 0xEF, 0xF8, 0x00, 0x00, 0x01,
    0xFE, 0xFF, 0x80, 0x00, 0x00, 0x1F, 0xEF, 0xF8, 0x00, 0x00, 0x01, 0xFF,
    0xFF, 0x80, 0x00, 0x00, 0x1F, 0xFF, 0xF8, 0x00, 0x00, 0x01, 0xFF, 0xFF,
    0x80, 0x00, 0x00, 0x1F, 0xFF, 0xFC, 0x00, 0x00, 0x03, 0xFF, 0x7F, 0xC0,
    0x00, 0x00, 0x3F, 0xF7, 0xFC, 0x00, 0x00, 0x03, 0xFF, 0x7F, 0xE0, 0x00,
    0x00, 0x7F, 0xF7, 0xFE, 0x00, 0x00, 0x07, 0xFF, 0x3F, 0xF0, 0x00, 0x00,
    0xFF, 0xF3, 0xFF, 0x00, 0x00, 0x1F, 0xFF, 0x1F, 0xFC, 0x00, 0x03, 0xFF,
    0xF0, 0xFF, 0xE0, 0x00, 0xFF, 0xFF, 0x0F, 0xFF, 0xC0, 0x3F, 0xFF, 0xF0,
    0x7F, 0xFF, 0xFF, 0xFF, 0xFF, 0x03, 0xFF, 0xFF, 0xFF, 0xEF, 0xF0, 0x1F,
    0xFF, 0xFF, 0xFC, 0xFF, 0x00, 0xFF, 0xFF, 0xFF, 0x0F, 0xE0, 0x03, 0xFF,
    0xFF, 0xE0, 0xFE, 0x00, 0x0F, 0xFF, 0xF8, 0x1F, 0xE0, 0x00, 0x0F, 0xFC,
    0x01, 0xFE, 0x00, 0x00, 0x00, 0x00, 0x1F, 0xE0, 0x00, 0x00, 0x00, 0x01,
    0xFC, 0x00, 0x00, 0x00, 0x00, 0x1F, 0xC0, 0x00, 0x00, 0x00, 0x03, 0xFC,
    0x00, 0x00, 0x00, 0x00, 0x3F, 0xC0, 0x00, 0x00, 0x00, 0x03, 0xF8, 0x00,
    0x00, 0x00, 0x00, 0x7F, 0x87, 0xF8, 0x00, 0x00, 0x07, 0xF8, 0x7F, 0x80,
    0x00, 0x00, 0x7F, 0x07, 0xF8, 0x00, 0x00, 0x0F, 0xF0, 0x7F, 0xC0, 0x00,
    0x01, 0xFF, 0x03, 0xFC, 0x00, 0x00, 0x1F, 0xE0, 0x3F, 0xE0, 0x00, 0x03,
    0xFE, 0x03, 0xFE, 0x00, 0x00, 0x7F, 0xC0, 0x1F, 0xF0, 0x00, 0x0F, 0xF8,
    0x01, 0xFF, 0xC0, 0x03, 0xFF, 0x80, 0x0F, 0xFF, 0x00, 0xFF, 0xF0, 0x00,
    0xFF, 0xFF, 0xFF, 0xFE, 0x00, 0x07, 0xFF, 0xFF, 0xFF, 0xC0, 0x00, 0x3F,
    0xFF, 0xFF, 0xF8, 0x00, 0x01, 0xFF, 0xFF, 0xFF, 0x00, 0x00, 0x07, 0xFF,
    0xFF, 0xC0, 0x00, 0x00, 0x1F, 0xFF, 0xF0, 0x00, 0x00, 0x00, 0x1F, 0xF8,
    0x00, 0x00, 0xFF, 0xFF, 0xFF, 0xFF, 0xFF, 0xFF, 0xFF, 0xFF, 0xFF, 0xFF,
    0x80, 0x00, 0x00, 0x00, 0x00, 0x00, 0x00, 0x00, 0x00, 0x00, 0x00, 0x00,
    0x00, 0x00, 0x00, 0x00, 0x00, 0x00, 0x00, 0x00, 0x00, 0x00, 0x00, 0x00,
    0x00, 0x00, 0x00, 0x00, 0x00, 0x00, 0x00, 0x00, 0x00, 0x00, 0x00, 0x00,
    0x7F, 0xFF, 0xFF, 0xFF, 0xFF, 0xFF, 0xFF, 0xFF, 0xFF, 0xFF, 0xC0, 0xFF,
    0xFF, 0xFF, 0xFF, 0xFF, 0xFF, 0xFF, 0xFF, 0xFF, 0xFF, 0x80, 0x00, 0x00,
    0x00, 0x00, 0x00, 0x00, 0x00, 0x00, 0x00, 0x00, 0x00, 0x00, 0x00, 0x00,
    0x00, 0x00, 0x00, 0x00, 0x00, 0x00, 0x00, 0x00, 0x00, 0x00, 0x00, 0x00,
    0x00, 0x00, 0x00, 0x00, 0x00, 0x00, 0x00, 0x00, 0x00, 0x7F, 0xFF, 0xFF,
    0xFF, 0xFF, 0xFF, 0xFF, 0xFF, 0xFF, 0xFF, 0xC3, 0xE1, 0xF0, 0xF8, 0x7C,
    0x3E, 0x1E, 0x1F, 0x0F, 0x8F, 0x8F, 0xCF, 0xC7, 0xC3, 0xC1, 0x80, 0x00,
    0x00, 0x00, 0x00, 0x00, 0x00, 0x08, 0x00, 0x00, 0x00, 0x00, 0x00, 0x03,
    0xC0, 0x00, 0x00, 0x00, 0x00, 0x00, 0xFE, 0x00, 0x00, 0x00, 0x00, 0x00,
    0x1F, 0xF0, 0x00, 0x00, 0x00, 0x00, 0x07, 0xFF, 0x80, 0x00, 0x00, 0x00,
    0x00, 0xFF, 0xFC, 0x00, 0x00, 0x00, 0x00, 0x3F, 0xFF, 0xE0, 0x00, 0x00,
    0x00, 0x0F, 0xFF, 0xFF, 0x00, 0x00, 0x00, 0x01, 0xFF, 0xFF, 0xF8, 0x00,
    0x00, 0x00, 0x7F, 0xFF, 0xFF, 0x00, 0x00, 0x00, 0x1F, 0xFF, 0xFF, 0xC0,
    0x00, 0x00, 0x03, 0xFF, 0xFF, 0xF0, 0x00, 0x00, 0x00, 0xFF, 0xFF, 0xFE,
    0x00, 0x00, 0x00, 0x3F, 0xFF, 0xFF, 0x80, 0x00, 0x00, 0x07, 0xFF, 0xFF,
    0xE0, 0x00, 0x00, 0x01, 0xFF, 0xFF, 0xFC, 0x00, 0x00, 0x00, 0x3F, 0xFF,
    0xFF, 0x00, 0x00, 0x00, 0x0F, 0xFF, 0xFF, 0xC0, 0x00, 0x00, 0x03, 0xFF,
    0xFF, 0xF8, 0x00, 0x00, 0x00, 0x7F, 0xFF, 0xFE, 0x00, 0x00, 0x00, 0x0F,
    0xFF, 0xFF, 0xC0, 0x00, 0x00, 0x00, 0x7F, 0xFF, 0xF0, 0x00, 0x00, 0x00,
    0x03, 0xFF, 0xFC, 0x00, 0x00, 0x00, 0x00, 0x1F, 0xFF, 0x80, 0x00, 0x00,
    0x00, 0x00, 0xFF, 0xE0, 0x00, 0x00, 0x00, 0x00, 0x07, 0xFF, 0x00, 0x00,
    0x00, 0x00, 0x00, 0x3F, 0xFF, 0x00, 0x00, 0x00, 0x00, 0x01, 0xFF, 0xFE,
    0x00, 0x00, 0x00, 0x00, 0x0F, 0xFF, 0xFE, 0x00, 0x00, 0x00, 0x00, 0x7F,
    0xFF, 0xFE, 0x00, 0x00, 0x00, 0x00, 0xFF, 0xFF, 0xFC, 0x00, 0x00, 0x00,
    0x01, 0xFF, 0xFF, 0xFC, 0x00, 0x00, 0x00, 0x01, 0xFF, 0xFF, 0xF8, 0x00,
    0x00, 0x00, 0x01, 0xFF, 0xFF, 0xF8, 0x00, 0x00, 0x00, 0x03, 0xFF, 0xFF,
    0xF8, 0x00, 0x00, 0x00, 0x03, 0xFF, 0xFF, 0xF0, 0x00, 0x00, 0x00, 0x03,
    0xFF, 0xFF, 0xF0, 0x00, 0x00, 0x00, 0x07, 0xFF, 0xFF, 0xF0, 0x00, 0x00,
    0x00, 0x07, 0xFF, 0xFF, 0xE0, 0x00, 0x00, 0x00, 0x0F, 0xFF, 0xFF, 0xE0,
    0x00, 0x00, 0x00, 0x0F, 0xFF, 0xFF, 0xE0, 0x00, 0x00, 0x00, 0x0F, 0xFF,
    0xFF, 0xC0, 0x00, 0x00, 0x00, 0x1F, 0xFF, 0xFE, 0x00, 0x00, 0x00, 0x00,
    0x1F, 0xFF, 0xF0, 0x00, 0x00, 0x00, 0x00, 0x3F, 0xFF, 0x80, 0x00, 0x00,
    0x00, 0x00, 0x3F, 0xFC, 0x00, 0x00, 0x00, 0x00, 0x00, 0x3F, 0xE0, 0x00,
    0x00, 0x00, 0x00, 0x00, 0x7F, 0x00, 0x00, 0x00, 0x00, 0x00, 0x00, 0x78,
    0x00, 0x00, 0x00, 0x00, 0x00, 0x00, 0x40, 0xFF, 0xFF, 0xFF, 0xFF, 0xFF,
    0xFF, 0xFF, 0xFF, 0xFF, 0xFF, 0xFF, 0xFF, 0xFF, 0xFF, 0xFF, 0xFF, 0xFF,
    0xFF, 0xFF, 0xFF, 0xFF, 0xFF, 0xFF, 0xFF, 0xFF, 0xFF, 0xFF, 0xFF, 0xFF,
    0xFF, 0xFF, 0xFF, 0xFF, 0xFF, 0xFF, 0xFF, 0xFF, 0xFF, 0xFF, 0xFF, 0xFF,
    0xFF, 0xFF, 0xFF, 0xFF, 0xFF, 0xFF, 0xFF, 0x00, 0x00, 0x00, 0x00, 0x00,
    0x00, 0x00, 0x00, 0x00, 0x00, 0x00, 0x00, 0x00, 0x00, 0x00, 0x00, 0x00,
    0x00, 0x00, 0x00, 0x00, 0x00, 0x00, 0x00, 0x00, 0x00, 0x00, 0x00, 0x00,
    0x00, 0x00, 0x00, 0x00, 0x00, 0x00, 0x00, 0x00, 0x00, 0x00, 0x00, 0x00,
    0x00, 0x00, 0x00, 0x00, 0x00, 0x00, 0x00, 0x00, 0x00, 0x00, 0x00, 0x00,
    0x00, 0x00, 0x00, 0x00, 0x00, 0x00, 0x00, 0x00, 0x00, 0x00, 0x00, 0x00,
    0x00, 0x00, 0x00, 0x00, 0x00, 0x00, 0x00, 0xFF, 0xFF, 0xFF, 0xFF, 0xFF,
    0xFF, 0xFF, 0xFF, 0xFF, 0xFF, 0xFF, 0xFF, 0xFF, 0xFF, 0xFF, 0xFF, 0xFF,
    0xFF, 0xFF, 0xFF, 0xFF, 0xFF, 0xFF, 0xFF, 0xFF, 0xFF, 0xFF, 0xFF, 0xFF,
    0xFF, 0xFF, 0xFF, 0xFF, 0xFF, 0xFF, 0xFF, 0xFF, 0xFF, 0xFF, 0xFF, 0xFF,
    0xFF, 0xFF, 0xFF, 0xFF, 0xFF, 0xFF, 0xFF, 0x80, 0x00, 0x00, 0x00, 0x00,
    0x00, 0x07, 0x80, 0x00, 0x00, 0x00, 0x00, 0x00, 0x3F, 0x80, 0x00, 0x00,
    0x00, 0x00, 0x01, 0xFF, 0x00, 0x00, 0x00, 0x00, 0x00, 0x0F, 0xFF, 0x00,
    0x00, 0x00, 0x00, 0x00, 0x7F, 0xFE, 0x00, 0x00, 0x00, 0x00, 0x03, 0xFF,
    0xFE, 0x00, 0x00, 0x00, 0x00, 0x1F, 0xFF, 0xFE, 0x00, 0x00, 0x00, 0x00,
    0xFF, 0xFF, 0xFC, 0x00, 0x00, 0x00, 0x01, 0xFF, 0xFF, 0xFC, 0x00, 0x00,
    0x00, 0x01, 0xFF, 0xFF, 0xFC, 0x00, 0x00, 0x00, 0x01, 0xFF, 0xFF, 0xF8,
    0x00, 0x00, 0x00, 0x03, 0xFF, 0xFF, 0xF8, 0x00, 0x00, 0x00, 0x03, 0xFF,
    0xFF, 0xF8, 0x00, 0x00, 0x00, 0x03, 0xFF, 0xFF, 0xF0, 0x00, 0x00, 0x00,
    0x07, 0xFF, 0xFF, 0xF0, 0x00, 0x00, 0x00, 0x07, 0xFF, 0xFF, 0xE0, 0x00,
    0x00, 0x00, 0x0F, 0xFF, 0xFF, 0xE0, 0x00, 0x00, 0x00, 0x0F, 0xFF, 0xFF,
    0xE0, 0x00, 0x00, 0x00, 0x0F, 0xFF, 0xFF, 0xC0, 0x00, 0x00, 0x00, 0x1F,
    0xFF, 0xFF, 0x80, 0x00, 0x00, 0x00, 0x1F, 0xFF, 0xFC, 0x00, 0x00, 0x00,
    0x00, 0x1F, 0xFF, 0xE0, 0x00, 0x00, 0x00, 0x00, 0x3F, 0xFF, 0x00, 0x00,
    0x00, 0x00, 0x00, 0x3F, 0xF8, 0x00, 0x00, 0x00, 0x00, 0x01, 0xFF, 0xC0,
    0x00, 0x00, 0x00, 0x00, 0x7F, 0xFE, 0x00, 0x00, 0x00, 0x00, 0x0F, 0xFF,
    0xF0, 0x00, 0x00, 0x00, 0x03, 0xFF, 0xFF, 0x80, 0x00, 0x00, 0x00, 0xFF,
    0xFF, 0xFC, 0x00, 0x00, 0x00, 0x1F, 0xFF, 0xFF, 0x80, 0x00, 0x00, 0x07,
    0xFF, 0xFF, 0xF0, 0x00, 0x00, 0x00, 0xFF, 0xFF, 0xFC, 0x00, 0x00, 0x00,
    0x3F, 0xFF, 0xFF, 0x00, 0x00, 0x00, 0x0F, 0xFF, 0xFF, 0xE0, 0x00, 0x00,
    0x01, 0xFF, 0xFF, 0xF8, 0x00, 0x00, 0x00, 0x7F, 0xFF, 0xFE, 0x00, 0x00,
    0x00, 0x1F, 0xFF, 0xFF, 0xC0, 0x00, 0x00, 0x03, 0xFF, 0xFF, 0xF0, 0x00,
    0x00, 0x00, 0xFF, 0xFF, 0xFE, 0x00, 0x00, 0x00, 0x3F, 0xFF, 0xFF, 0x80,
    0x00, 0x00, 0x07, 0xFF, 0xFF, 0xE0, 0x00, 0x00, 0x00, 0x3F, 0xFF, 0xFC,
    0x00, 0x00, 0x00, 0x01, 0xFF, 0xFF, 0x00, 0x00, 0x00, 0x00, 0x0F, 0xFF,
    0xC0, 0x00, 0x00, 0x00, 0x00, 0x7F, 0xF8, 0x00, 0x00, 0x00, 0x00, 0x03,
    0xFE, 0x00, 0x00, 0x00, 0x00, 0x00, 0x1F, 0xC0, 0x00, 0x00, 0x00, 0x00,
    0x00, 0xF0, 0x00, 0x00, 0x00, 0x00, 0x00, 0x04, 0x00, 0x00, 0x00, 0x00,
    0x00, 0x00, 0x00, 0x00, 0x00, 0xFF, 0xC0, 0x00, 0x00, 0x07, 0xFF, 0xFE,
    0x00, 0x00, 0x0F, 0xFF, 0xFF, 0xC0, 0x00, 0x1F, 0xFF, 0xFF, 0xF8, 0x00,
    0x1F, 0xFF, 0xFF, 0xFE, 0x00, 0x1F, 0xFF, 0xFF, 0xFF, 0x80, 0x1F, 0xFF,
    0xFF, 0xFF, 0xE0, 0x1F, 0xFF, 0x00, 0xFF, 0xF8, 0x1F, 0xFE, 0x00, 0x1F,
    0xFC, 0x0F, 0xFC, 0x00, 0x03, 0xFF, 0x0F, 0xFC, 0x00, 0x00, 0xFF, 0xC7,
    0xFC, 0x00, 0x00, 0x7F, 0xE7, 0xFE, 0x00, 0x00, 0x1F, 0xF3, 0xFE, 0x00,
    0x00, 0x0F, 0xFD, 0xFF, 0x00, 0x00, 0x03, 0xFE, 0xFF, 0x80, 0x00, 0x01,
    0xFF, 0xFF, 0x80, 0x00, 0x00, 0xFF, 0xFF, 0xC0, 0x00, 0x00, 0x7F, 0xFF,
    0xE0, 0x00, 0x00, 0x3F, 0xFF, 0xF0, 0x00, 0x00, 0x1F, 0xFF, 0xF8, 0x00,
    0x00, 0x0F, 0xF8, 0x00, 0x00, 0x00, 0x0F, 0xFC, 0x00, 0x00, 0x00, 0x07,
    0xFC, 0x00, 0x00, 0x00, 0x03, 0xFE, 0x00, 0x00, 0x00, 0x03, 0xFF, 0x00,
    0x00, 0x00, 0x03, 0xFF, 0x00, 0x00, 0x00, 0x03, 0xFF, 0x00, 0x00, 0x00,
    0x03, 0xFF, 0x00, 0x00, 0x00, 0x01, 0xFF, 0x80, 0x00, 0x00, 0x01, 0xFF,
    0x80, 0x00, 0x00, 0x01, 0xFF, 0x80, 0x00, 0x00, 0x01, 0xFF, 0x80, 0x00,
    0x00, 0x01, 0xFF, 0x80, 0x00, 0x00, 0x01, 0xFF, 0x80, 0x00, 0x00, 0x01,
    0xFF, 0x80, 0x00, 0x00, 0x01, 0xFF, 0x80, 0x00, 0x00, 0x00, 0xFF, 0xC0,
    0x00, 0x00, 0x00, 0xFF, 0xC0, 0x00, 0x00, 0x00, 0xFF, 0xC0, 0x00, 0x00,
    0x00, 0x7F, 0xC0, 0x00, 0x00, 0x00, 0x3F, 0xE0, 0x00, 0x00, 0x00, 0x3F,
    0xE0, 0x00, 0x00, 0x00, 0x1F, 0xF0, 0x00, 0x00, 0x00, 0x0F, 0xF8, 0x00,
    0x00, 0x00, 0x0F, 0xF8, 0x00, 0x00, 0x00, 0x07, 0xFC, 0x00, 0x00, 0x00,
    0x03, 0xFE, 0x00, 0x00, 0x00, 0x01, 0xFF, 0x00, 0x00, 0x00, 0x00, 0xFF,
    0x80, 0x00, 0x00, 0x00, 0x7F, 0xC0, 0x00, 0x00, 0x00, 0x3F, 0xE0, 0x00,
    0x00, 0x00, 0x00, 0x00, 0x00, 0x00, 0x00, 0x00, 0x00, 0x00, 0x00, 0x00,
    0x00, 0x00, 0x00, 0x00, 0x00, 0x00, 0x00, 0x00, 0x00, 0x00, 0x00, 0x00,
    0x00, 0x00, 0x00, 0x00, 0x00, 0x00, 0x00, 0x00, 0x00, 0x00, 0x00, 0x00,
    0x00, 0x00, 0x00, 0x00, 0x00, 0x00, 0x00, 0x1F, 0xF0, 0x00, 0x00, 0x00,
    0x0F, 0xF8, 0x00, 0x00, 0x00, 0x07, 0xFC, 0x00, 0x00, 0x00, 0x03, 0xFE,
    0x00, 0x00, 0x00, 0x01, 0xFF, 0x00, 0x00, 0x00, 0x00, 0xFF, 0x80, 0x00,
    0x00, 0x00, 0x7F, 0xC0, 0x00, 0x00, 0x00, 0x3F, 0xE0, 0x00, 0x00, 0x00,
    0x1F, 0xF0, 0x00, 0x00, 0x00, 0x00, 0x00, 0x00, 0x7F, 0xFF, 0x00, 0x00,
    0x00, 0x00, 0x00, 0x00, 0x01, 0xFF, 0xFF, 0xFF, 0x00, 0x00, 0x00, 0x00,
    0x00, 0x01, 0xFF, 0xFF, 0xFF, 0xFC, 0x00, 0x00, 0x00, 0x00, 0x01, 0xFF,
    0xFF, 0xFF, 0xFF, 0xF0, 0x00, 0x00, 0x00, 0x00, 0xFF, 0xFF, 0xFF, 0xFF,
    0xFF, 0x80, 0x00, 0x00, 0x00, 0x7F, 0xFF, 0x80, 0x01, 0xFF, 0xF8, 0x00,
    0x00, 0x00, 0x3F, 0xFE, 0x00, 0x00, 0x03, 0xFF, 0xC0, 0x00, 0x00, 0x0F,
    0xFE, 0x00, 0x00, 0x00, 0x0F, 0xFC, 0x00, 0x00, 0x03, 0xFE, 0x00, 0x00,
    0x00, 0x00, 0x7F, 0xC0, 0x00, 0x01, 0xFF, 0x00, 0x00, 0x00, 0x00, 0x03,
    0xFC, 0x00, 0x00, 0x7F, 0xC0, 0x00, 0x00, 0x00, 0x00, 0x3F, 0xC0, 0x00,
    0x1F, 0xE0, 0x00, 0x00, 0x00, 0x00, 0x01, 0xFC, 0x00, 0x07, 0xF8, 0x00,
    0x00, 0x00, 0x00, 0x00, 0x1F, 0xC0, 0x00, 0xFE, 0x00, 0x00, 0x00, 0x00,
    0x00, 0x01, 0xFC, 0x00, 0x3F, 0x80, 0x00, 0x00, 0x00, 0x00, 0x00, 0x1F,
    0x80, 0x0F, 0xE0, 0x00, 0x00, 0x00, 0x00, 0x00, 0x03, 0xF8, 0x03, 0xF8,
    0x00, 0x00, 0x1F, 0xC0, 0x00, 0x00, 0x3F, 0x00, 0x7E, 0x00, 0x00, 0x1F,
    0xFE, 0x00, 0x00, 0x07, 0xF0, 0x1F, 0xC0, 0x00, 0x0F, 0xFF, 0xF0, 0x7F,
    0x00, 0x7E, 0x07, 0xF0, 0x00, 0x03, 0xFF, 0xFF, 0x0F, 0xE0, 0x0F, 0xE0,
    0xFC, 0x00, 0x00, 0xFF, 0xFF, 0xE1, 0xFC, 0x00, 0xFC, 0x3F, 0x80, 0x00,
    0x3F, 0xF0, 0x7E, 0x7F, 0x80, 0x1F, 0x87, 0xE0, 0x00, 0x0F, 0xF8, 0x03,
    0xEF, 0xE0, 0x03, 0xF0, 0xFC, 0x00, 0x03, 0xFC, 0x00, 0x3D, 0xFC, 0x00,
    0x3F, 0x3F, 0x00, 0x00, 0xFF, 0x00, 0x03, 0xBF, 0x80, 0x07, 0xE7, 0xE0,
    0x00, 0x3F, 0xC0, 0x00, 0x7F, 0xE0, 0x00, 0xFD, 0xFC, 0x00, 0x07, 0xF8,
    0x00, 0x07, 0xFC, 0x00, 0x1F, 0xBF, 0x00, 0x01, 0xFE, 0x00, 0x00, 0xFF,
    0x80, 0x03, 0xF7, 0xE0, 0x00, 0x3F, 0x80, 0x00, 0x1F, 0xE0, 0x00, 0x7E,
    0xFC, 0x00, 0x0F, 0xF0, 0x00, 0x03, 0xFC, 0x00, 0x0F, 0xDF, 0x80, 0x01,
    0xFC, 0x00, 0x00, 0x7F, 0x80, 0x01, 0xFF, 0xE0, 0x00, 0x7F, 0x80, 0x00,
    0x0F, 0xF0, 0x00, 0x3F, 0xFC, 0x00, 0x0F, 0xE0, 0x00, 0x01, 0xFC, 0x00,
    0x07, 0xFF, 0x80, 0x01, 0xFC, 0x00, 0x00, 0x7F, 0x80, 0x00, 0xFF, 0xF0,
    0x00, 0x3F, 0x80, 0x00, 0x0F, 0xF0, 0x00, 0x3F, 0xFE, 0x00, 0x0F, 0xF0,
    0x00, 0x01, 0xFC, 0x00, 0x07, 0xEF, 0xC0, 0x01, 0xFC, 0x00, 0x00, 0x3F,
    0x80, 0x00, 0xFD, 0xF8, 0x00, 0x3F, 0x80, 0x00, 0x0F, 0xF0, 0x00, 0x1F,
    0xBF, 0x00, 0x07, 0xF0, 0x00, 0x01, 0xFC, 0x00, 0x07, 0xF7, 0xE0, 0x00,
    0xFE, 0x00, 0x00, 0x3F, 0x80, 0x00, 0xFC, 0xFC, 0x00, 0x1F, 0xC0, 0x00,
    0x0F, 0xF0, 0x00, 0x1F, 0x9F, 0x80, 0x03, 0xF8, 0x00, 0x01, 0xFE, 0x00,
    0x07, 0xE3, 0xF0, 0x00, 0x7F, 0x00, 0x00, 0x7F, 0x80, 0x01, 0xFC, 0x7E,
    0x00, 0x0F, 0xE0, 0x00, 0x0F, 0xF0, 0x00, 0x3F, 0x07, 0xE0, 0x01, 0xFE,
    0x00, 0x03, 0xFE, 0x00, 0x0F, 0xE0, 0xFC, 0x00, 0x1F, 0xC0, 0x00, 0x7F,
    0xC0, 0x03, 0xF8, 0x1F, 0x80, 0x03, 0xF8, 0x00, 0x1F, 0xF8, 0x00, 0xFF,
    0x03, 0xF0, 0x00, 0x7F, 0x80, 0x07, 0xDF, 0x80, 0x7F, 0xC0, 0x3F, 0x00,
    0x07, 0xF8, 0x03, 0xFB, 0xF8, 0x3F, 0xF0, 0x07, 0xE0, 0x00, 0x7F, 0xC1,
    0xFE, 0x7F, 0xFF, 0xFC, 0x00, 0xFE, 0x00, 0x0F, 0xFF, 0xFF, 0x87, 0xFF,
    0xFF, 0x00, 0x0F, 0xC0, 0x00, 0xFF, 0xFF, 0xE0, 0xFF, 0xFF, 0xC0, 0x01,
    0xFC, 0x00, 0x0F, 0xFF, 0xF0, 0x0F, 0xFF, 0xE0, 0x00, 0x1F, 0x80, 0x00,
    0x7F, 0xFC, 0x00, 0xFF, 0xF0, 0x00, 0x03, 0xF8, 0x00, 0x03, 0xFC, 0x00,
    0x07, 0xF8, 0x00, 0x00, 0x3F, 0x80, 0x00, 0x00, 0x00, 0x00, 0x00, 0x00,
    0x00, 0x07, 0xF8, 0x00, 0x00, 0x00, 0x00, 0x00, 0x00, 0x00, 0x00, 0x7F,
    0x80, 0x00, 0x00, 0x00, 0x00, 0x00, 0x00, 0x00, 0x07, 0xF0, 0x00, 0x00,
    0x00, 0x00, 0x00, 0x02, 0x00, 0x00, 0x7F, 0x80, 0x00, 0x00, 0x00, 0x00,
    0x00, 0xE0, 0x00, 0x0F, 0xF8, 0x00, 0x00, 0x00, 0x00, 0x00, 0x7E, 0x00,
    0x00, 0xFF, 0x80, 0x00, 0x00, 0x00, 0x00, 0x3F, 0xC0, 0x00, 0x0F, 0xFC,
    0x00, 0x00, 0x00, 0x00, 0x0F, 0xFC, 0x00, 0x00, 0xFF, 0xE0, 0x00, 0x00,
    0x00, 0x0F, 0xFF, 0x00, 0x00, 0x07, 0xFF, 0x00, 0x00, 0x00, 0x07, 0xFF,
    0x80, 0x00, 0x00, 0x7F, 0xFC, 0x00, 0x00, 0x07, 0xFF, 0xC0, 0x00, 0x00,
    0x03, 0xFF, 0xFC, 0x00, 0x1F, 0xFF, 0xE0, 0x00, 0x00, 0x00, 0x3F, 0xFF,
    0xFF, 0xFF, 0xFF, 0xF0, 0x00, 0x00, 0x00, 0x01, 0xFF, 0xFF, 0xFF, 0xFF,
    0xF8, 0x00, 0x00, 0x00, 0x00, 0x07, 0xFF, 0xFF, 0xFF, 0xF8, 0x00, 0x00,
    0x00, 0x00, 0x00, 0x1F, 0xFF, 0xFF, 0xF0, 0x00, 0x00, 0x00, 0x00, 0x00,
    0x00, 0x1F, 0xFF, 0xC0, 0x00, 0x00, 0x00, 0x00, 0x00, 0x00, 0x3F, 0xF0,
    0x00, 0x00, 0x00, 0x00, 0x00, 0x03, 0xFF, 0xC0, 0x00, 0x00, 0x00, 0x00,
    0x00, 0x1F, 0xFE, 0x00, 0x00, 0x00, 0x00, 0x00, 0x01, 0xFF, 0xF0, 0x00,
    0x00, 0x00, 0x00, 0x00, 0x0F, 0xFF, 0xC0, 0x00, 0x00, 0x00, 0x00, 0x00,
    0x7F, 0xFE, 0x00, 0x00, 0x00, 0x00, 0x00, 0x07, 0xFF, 0xF0, 0x00, 0x00,
    0x00, 0x00, 0x00, 0x3F, 0xFF, 0xC0, 0x00, 0x00, 0x00, 0x00, 0x01, 0xFF,
    0xFE, 0x00, 0x00, 0x00, 0x00, 0x00, 0x1F, 0xFF, 0xF8, 0x00, 0x00, 0x00,
    0x00, 0x00, 0xFF, 0x7F, 0xC0, 0x00, 0x00, 0x00, 0x00, 0x0F, 0xFB, 0xFE,
    0x00, 0x00, 0x00, 0x00, 0x00, 0x7F, 0xDF, 0xF8, 0x00, 0x00, 0x00, 0x00,
    0x03, 0xFC, 0x7F, 0xC0, 0x00, 0x00, 0x00, 0x00, 0x3F, 0xE3, 0xFE, 0x00,
    0x00, 0x00, 0x00, 0x01, 0xFF, 0x1F, 0xF8, 0x00, 0x00, 0x00, 0x00, 0x1F,
    0xF0, 0x7F, 0xC0, 0x00, 0x00, 0x00, 0x00, 0xFF, 0x83, 0xFE, 0x00, 0x00,
    0x00, 0x00, 0x07, 0xFC, 0x1F, 0xF8, 0x00, 0x00, 0x00, 0x00, 0x7F, 0xC0,
    0x7F, 0xC0, 0x00, 0x00, 0x00, 0x03, 0xFE, 0x03, 0xFF, 0x00, 0x00, 0x00,
    0x00, 0x1F, 0xE0, 0x1F, 0xF8, 0x00, 0x00, 0x00, 0x01, 0xFF, 0x00, 0x7F,
    0xC0, 0x00, 0x00, 0x00, 0x0F, 0xF8, 0x03, 0xFF, 0x00, 0x00, 0x00, 0x00,
    0xFF, 0x80, 0x1F, 0xF8, 0x00, 0x00, 0x00, 0x07, 0xFC, 0x00, 0x7F, 0xC0,
    0x00, 0x00, 0x00, 0x3F, 0xE0, 0x03, 0xFF, 0x00, 0x00, 0x00, 0x03, 0xFE,
    0x00, 0x1F, 0xF8, 0x00, 0x00, 0x00, 0x1F, 0xF0, 0x00, 0x7F, 0xE0, 0x00,
    0x00, 0x00, 0xFF, 0x80, 0x03, 0xFF, 0x00, 0x00, 0x00, 0x0F, 0xF8, 0x00,
    0x0F, 0xF8, 0x00, 0x00, 0x00, 0x7F, 0xC0, 0x00, 0x7F, 0xE0, 0x00, 0x00,
    0x07, 0xFC, 0x00, 0x03, 0xFF, 0x00, 0x00, 0x00, 0x3F, 0xE0, 0x00, 0x0F,
    0xF8, 0x00, 0x00, 0x01, 0xFF, 0x00, 0x00, 0x7F, 0xE0, 0x00, 0x00, 0x1F,
    0xF0, 0x00, 0x03, 0xFF, 0x00, 0x00, 0x00, 0xFF, 0x80, 0x00, 0x0F, 0xF8,
    0x00, 0x00, 0x07, 0xFC, 0x00, 0x00, 0x7F, 0xE0, 0x00, 0x00, 0x7F, 0xC0,
    0x00, 0x03, 0xFF, 0x00, 0x00, 0x03, 0xFE, 0x00, 0x00, 0x0F, 0xFC, 0x00,
    0x00, 0x3F, 0xFF, 0xFF, 0xFF, 0xFF, 0xE0, 0x00, 0x01, 0xFF, 0xFF, 0xFF,
    0xFF, 0xFF, 0x00, 0x00, 0x0F, 0xFF, 0xFF, 0xFF, 0xFF, 0xFC, 0x00, 0x00,
    0xFF, 0xFF, 0xFF, 0xFF, 0xFF, 0xE0, 0x00, 0x07, 0xFF, 0xFF, 0xFF, 0xFF,
    0xFF, 0x00, 0x00, 0x3F, 0xFF, 0xFF, 0xFF, 0xFF, 0xFC, 0x00, 0x03, 0xFF,
    0xFF, 0xFF, 0xFF, 0xFF, 0xE0, 0x00, 0x1F, 0xF0, 0x00, 0x00, 0x01, 0xFF,
    0x00, 0x01, 0xFF, 0x00, 0x00, 0x00, 0x0F, 0xFC, 0x00, 0x0F, 0xF8, 0x00,
    0x00, 0x00, 0x3F, 0xE0, 0x00, 0x7F, 0xC0, 0x00, 0x00, 0x01, 0xFF, 0x80,
    0x07, 0xFC, 0x00, 0x00, 0x00, 0x0F, 0xFC, 0x00, 0x3F, 0xE0, 0x00, 0x00,
    0x00, 0x3F, 0xE0, 0x03, 0xFF, 0x00, 0x00, 0x00, 0x01, 0xFF, 0x80, 0x1F,
    0xF0, 0x00, 0x00, 0x00, 0x0F, 0xFC, 0x00, 0xFF, 0x80, 0x00, 0x00, 0x00,
    0x3F, 0xE0, 0x0F, 0xFC, 0x00, 0x00, 0x00, 0x01, 0xFF, 0x80, 0x7F, 0xC0,
    0x00, 0x00, 0x00, 0x0F, 0xFC, 0x03, 0xFE, 0x00, 0x00, 0x00, 0x00, 0x3F,
    0xE0, 0x3F, 0xE0, 0x00, 0x00, 0x00, 0x01, 0xFF, 0x81, 0xFF, 0x00, 0x00,
    0x00, 0x00, 0x0F, 0xFC, 0x1F, 0xF8, 0x00, 0x00, 0x00, 0x00, 0x3F, 0xF0,
    0xFF, 0x80, 0x00, 0x00, 0x00, 0x01, 0xFF, 0x87, 0xFC, 0x00, 0x00, 0x00,
    0x00, 0x0F, 0xFC, 0x7F, 0xE0, 0x00, 0x00, 0x00, 0x00, 0x3F, 0xF3, 0xFE,
    0x00, 0x00, 0x00, 0x00, 0x01, 0xFF, 0x9F, 0xF0, 0x00, 0x00, 0x00, 0x00,
    0x0F, 0xFC, 0xFF, 0xFF, 0xFF, 0xFF, 0xE0, 0x00, 0x0F, 0xFF, 0xFF, 0xFF,
    0xFF, 0xE0, 0x00, 0xFF, 0xFF, 0xFF, 0xFF, 0xFF, 0x80, 0x0F, 0xFF, 0xFF,
    0xFF, 0xFF, 0xFC, 0x00, 0xFF, 0xFF, 0xFF, 0xFF, 0xFF, 0xF0, 0x0F, 0xFF,
    0xFF, 0xFF, 0xFF, 0xFF, 0x80, 0xFF, 0xFF, 0xFF, 0xFF, 0xFF, 0xF8, 0x0F,
    0xFF, 0xFF, 0xFF, 0xFF, 0xFF, 0xC0, 0xFF, 0x80, 0x00, 0x00, 0xFF, 0xFE,
    0x0F, 0xF8, 0x00, 0x00, 0x01, 0xFF, 0xE0, 0xFF, 0x80, 0x00, 0x00, 0x07,
    0xFF, 0x0F, 0xF8, 0x00, 0x00, 0x00, 0x3F, 0xF0, 0xFF, 0x80, 0x00, 0x00,
    0x01, 0xFF, 0x0F, 0xF8, 0x00, 0x00, 0x00, 0x1F, 0xF8, 0xFF, 0x80, 0x00,
    0x00, 0x01, 0xFF, 0x8F, 0xF8, 0x00, 0x00, 0x00, 0x0F, 0xF8, 0xFF, 0x80,
    0x00, 0x00, 0x00, 0xFF, 0x8F, 0xF8, 0x00, 0x00, 0x00, 0x0F, 0xF8, 0xFF,
    0x80, 0x00, 0x00, 0x00, 0xFF, 0x8F, 0xF8, 0x00, 0x00, 0x00, 0x0F, 0xF8,
    0xFF, 0x80, 0x00, 0x00, 0x00, 0xFF, 0x8F, 0xF8, 0x00, 0x00, 0x00, 0x0F,
    0xF8, 0xFF, 0x80, 0x00, 0x00, 0x01, 0xFF, 0x0F, 0xF8, 0x00, 0x00, 0x00,
    0x1F, 0xF0, 0xFF, 0x80, 0x00, 0x00, 0x03, 0xFE, 0x0F, 0xF8, 0x00, 0x00,
    0x00, 0x7F, 0xE0, 0xFF, 0x80, 0x00, 0x00, 0x0F, 0xFC, 0x0F, 0xF8, 0x00,
    0x00, 0x01, 0xFF, 0xC0, 0xFF, 0x80, 0x00, 0x00, 0xFF, 0xF8, 0x0F, 0xFF,
    0xFF, 0xFF, 0xFF, 0xFF, 0x00, 0xFF, 0xFF, 0xFF, 0xFF, 0xFF, 0xC0, 0x0F,
    0xFF, 0xFF, 0xFF, 0xFF, 0xF8, 0x00, 0xFF, 0xFF, 0xFF, 0xFF, 0xFF, 0xC0,
    0x0F, 0xFF, 0xFF, 0xFF, 0xFF, 0xFF, 0x00, 0xFF, 0xFF, 0xFF, 0xFF, 0xFF,
    0xF8, 0x0F, 0xFF, 0xFF, 0xFF, 0xFF, 0xFF, 0xE0, 0xFF, 0xFF, 0xFF, 0xFF,
    0xFF, 0xFF, 0x0F, 0xF8, 0x00, 0x00, 0x07, 0xFF, 0xF8, 0xFF, 0x80, 0x00,
    0x00, 0x07, 0xFF, 0x8F, 0xF8, 0x00, 0x00, 0x00, 0x1F, 0xFC, 0xFF, 0x80,
    0x00, 0x00, 0x00, 0xFF, 0xCF, 0xF8, 0x00, 0x00, 0x00, 0x07, 0xFE, 0xFF,
    0x80, 0x00, 0x00, 0x00, 0x3F, 0xEF, 0xF8, 0x00, 0x00, 0x00, 0x03, 0xFE,
    0xFF, 0x80, 0x00, 0x00, 0x00, 0x3F, 0xFF, 0xF8, 0x00, 0x00, 0x00, 0x01,
    0xFF, 0xFF, 0x80, 0x00, 0x00, 0x00, 0x1F, 0xFF, 0xF8, 0x00, 0x00, 0x00,
    0x01, 0xFF, 0xFF, 0x80, 0x00, 0x00, 0x00, 0x1F, 0xFF, 0xF8, 0x00, 0x00,
    0x00, 0x01, 0xFF, 0xFF, 0x80, 0x00, 0x00, 0x00, 0x1F, 0xFF, 0xF8, 0x00,
    0x00, 0x00, 0x01, 0xFF, 0xFF, 0x80, 0x00, 0x00, 0x00, 0x3F, 0xFF, 0xF8,
    0x00, 0x00, 0x00, 0x03, 0xFE, 0xFF, 0x80, 0x00, 0x00, 0x00, 0x7F, 0xEF,
    0xF8, 0x00, 0x00, 0x00, 0x07, 0xFE, 0xFF, 0x80, 0x00, 0x00, 0x00, 0xFF,
    0xCF, 0xF8, 0x00, 0x00, 0x00, 0x3F, 0xFC, 0xFF, 0x80, 0x00, 0x00, 0x07,
    0xFF, 0x8F, 0xF8, 0x00, 0x00, 0x03, 0xFF, 0xF0, 0xFF, 0xFF, 0xFF, 0xFF,
    0xFF, 0xFF, 0x0F, 0xFF, 0xFF, 0xFF, 0xFF, 0xFF, 0xE0, 0xFF, 0xFF, 0xFF,
    0xFF, 0xFF, 0xFC, 0x0F, 0xFF, 0xFF, 0xFF, 0xFF, 0xFF, 0x00, 0xFF, 0xFF,
    0xFF, 0xFF, 0xFF, 0xE0, 0x0F, 0xFF, 0xFF, 0xFF, 0xFF, 0xF8, 0x00, 0xFF,
    0xFF, 0xFF, 0xFF, 0xFE, 0x00, 0x0F, 0xFF, 0xFF, 0xFF, 0xFE, 0x00, 0x00,
    0x00, 0x00, 0x00, 0x7F, 0xFC, 0x00, 0x00, 0x00, 0x00, 0x00, 0x7F, 0xFF,
    0xFC, 0x00, 0x00, 0x00, 0x00, 0x3F, 0xFF, 0xFF, 0xF8, 0x00, 0x00, 0x00,
    0x0F, 0xFF, 0xFF, 0xFF, 0xE0, 0x00, 0x00, 0x01, 0xFF, 0xFF, 0xFF, 0xFF,
    0x00, 0x00, 0x00, 0x7F, 0xFF, 0xFF, 0xFF, 0xFC, 0x00, 0x00, 0x0F, 0xFF,
    0xFF, 0xFF, 0xFF, 0xE0, 0x00, 0x01, 0xFF, 0xFF, 0xFF, 0xFF, 0xFF, 0x00,
    0x00, 0x3F, 0xFF, 0xC0, 0x07, 0xFF, 0xF8, 0x00, 0x07, 0xFF, 0xE0, 0x00,
    0x0F, 0xFF, 0xC0, 0x00, 0xFF, 0xF8, 0x00, 0x00, 0x3F, 0xFE, 0x00, 0x1F,
    0xFE, 0x00, 0x00, 0x00, 0xFF, 0xE0, 0x03, 0xFF, 0xC0, 0x00, 0x00, 0x07,
    0xFF, 0x00, 0x3F, 0xF8, 0x00, 0x00, 0x00, 0x3F, 0xF0, 0x07, 0xFF, 0x00,
    0x00, 0x00, 0x01, 0xFF, 0x80, 0x7F, 0xE0, 0x00, 0x00, 0x00, 0x1F, 0xF8,
    0x0F, 0xFC, 0x00, 0x00, 0x00, 0x00, 0xFF, 0xC0, 0xFF, 0x80, 0x00, 0x00,
    0x00, 0x0F, 0xFC, 0x1F, 0xF8, 0x00, 0x00, 0x00, 0x00, 0x7F, 0xC1, 0xFF,
    0x00, 0x00, 0x00, 0x00, 0x07, 0xFE, 0x3F, 0xF0, 0x00, 0x00, 0x00, 0x00,
    0x3F, 0xE3, 0xFE, 0x00, 0x00, 0x00, 0x00, 0x03, 0xFE, 0x3F, 0xE0, 0x00,
    0x00, 0x00, 0x00, 0x00, 0x07, 0xFE, 0x00, 0x00, 0x00, 0x00, 0x00, 0x00,
    0x7F, 0xC0, 0x00, 0x00, 0x00, 0x00, 0x00, 0x07, 0xFC, 0x00, 0x00, 0x00,
    0x00, 0x00, 0x00, 0x7F, 0xC0, 0x00, 0x00, 0x00, 0x00, 0x00, 0x07, 0xFC,
    0x00, 0x00, 0x00, 0x00, 0x00, 0x00, 0xFF, 0xC0, 0x00, 0x00, 0x00, 0x00,
    0x00, 0x0F, 0xF8, 0x00, 0x00, 0x00, 0x00, 0x00, 0x00, 0xFF, 0x80, 0x00,
    0x00, 0x00, 0x00, 0x00, 0x0F, 0xF8, 0x00, 0x00, 0x00, 0x00, 0x00, 0x00,
    0xFF, 0x80, 0x00, 0x00, 0x00, 0x00, 0x00, 0x0F, 0xF8, 0x00, 0x00, 0x00,
    0x00, 0x00, 0x00, 0xFF, 0x80, 0x00, 0x00, 0x00, 0x00, 0x00, 0x0F, 0xF8,
    0x00, 0x00, 0x00, 0x00, 0x00, 0x00, 0xFF, 0x80, 0x00, 0x00, 0x00, 0x00,
    0x00, 0x0F, 0xF8, 0x00, 0x00, 0x00, 0x00, 0x00, 0x00, 0xFF, 0x80, 0x00,
    0x00, 0x00, 0x00, 0x00, 0x0F, 0xF8, 0x00, 0x00, 0x00, 0x00, 0x00, 0x00,
    0xFF, 0x80, 0x00, 0x00, 0x00, 0x00, 0x00, 0x0F, 0xF8, 0x00, 0x00, 0x00,
    0x00, 0x00, 0x00, 0xFF, 0x80, 0x00, 0x00, 0x00, 0x00, 0x00, 0x0F, 0xF8,
    0x00, 0x00, 0x00, 0x00, 0x00, 0x00, 0x7F, 0xC0, 0x00, 0x00, 0x00, 0x00,
    0x00, 0x07, 0xFC, 0x00, 0x00, 0x00, 0x00, 0x01, 0xFF, 0x7F, 0xC0, 0x00,
    0x00, 0x00, 0x00, 0x1F, 0xF7, 0xFC, 0x00, 0x00, 0x00, 0x00, 0x03, 0xFF,
    0x7F, 0xE0, 0x00, 0x00, 0x00, 0x00, 0x3F, 0xE3, 0xFE, 0x00, 0x00, 0x00,
    0x00, 0x03, 0xFE, 0x3F, 0xE0, 0x00, 0x00, 0x00, 0x00, 0x7F, 0xE3, 0xFF,
    0x00, 0x00, 0x00, 0x00, 0x07, 0xFE, 0x1F, 0xF0, 0x00, 0x00, 0x00, 0x00,
    0x7F, 0xC1, 0xFF, 0x80, 0x00, 0x00, 0x00, 0x0F, 0xFC, 0x1F, 0xF8, 0x00,
    0x00, 0x00, 0x00, 0xFF, 0xC0, 0xFF, 0xC0, 0x00, 0x00, 0x00, 0x1F, 0xF8,
    0x0F, 0xFE, 0x00, 0x00, 0x00, 0x03, 0xFF, 0x80, 0x7F, 0xE0, 0x00, 0x00,
    0x00, 0x3F, 0xF0, 0x07, 0xFF, 0x00, 0x00, 0x00, 0x07, 0xFF, 0x00, 0x3F,
    0xF8, 0x00, 0x00, 0x00, 0xFF, 0xE0, 0x01, 0xFF, 0xE0, 0x00, 0x00, 0x1F,
    0xFC, 0x00, 0x1F, 0xFF, 0x00, 0x00, 0x07, 0xFF, 0x80, 0x00, 0xFF, 0xFC,
    0x00, 0x01, 0xFF, 0xF8, 0x00, 0x07, 0xFF, 0xFC, 0x00, 0xFF, 0xFF, 0x00,
    0x00, 0x3F, 0xFF, 0xFF, 0xFF, 0xFF, 0xE0, 0x00, 0x01, 0xFF, 0xFF, 0xFF,
    0xFF, 0xFC, 0x00, 0x00, 0x07, 0xFF, 0xFF, 0xFF, 0xFF, 0x00, 0x00, 0x00,
    0x3F, 0xFF, 0xFF, 0xFF, 0xE0, 0x00, 0x00, 0x00, 0xFF, 0xFF, 0xFF, 0xF8,
    0x00, 0x00, 0x00, 0x03, 0xFF, 0xFF, 0xFE, 0x00, 0x00, 0x00, 0x00, 0x0F,
    0xFF, 0xFF, 0x80, 0x00, 0x00, 0x00, 0x00, 0x0F, 0xFF, 0x00, 0x00, 0x00,
    0xFF, 0xFF, 0xFF, 0xFF, 0x80, 0x00, 0x01, 0xFF, 0xFF, 0xFF, 0xFF, 0xF0,
    0x00, 0x03, 0xFF, 0xFF, 0xFF, 0xFF, 0xF8, 0x00, 0x07, 0xFF, 0xFF, 0xFF,
    0xFF, 0xFC, 0x00, 0x0F, 0xFF, 0xFF, 0xFF, 0xFF, 0xFE, 0x00, 0x1F, 0xFF,
    0xFF, 0xFF, 0xFF, 0xFE, 0x00, 0x3F, 0xFF, 0xFF, 0xFF, 0xFF, 0xFE, 0x00,
    0x7F, 0xFF, 0xFF, 0xFF, 0xFF, 0xFE, 0x00, 0xFF, 0x80, 0x00, 0x03, 0xFF,
    0xFE, 0x01, 0xFF, 0x00, 0x00, 0x00, 0x7F, 0xFE, 0x03, 0xFE, 0x00, 0x00,
    0x00, 0x3F, 0xFE, 0x07, 0xFC, 0x00, 0x00, 0x00, 0x1F, 0xFC, 0x0F, 0xF8,
    0x00, 0x00, 0x00, 0x1F, 0xFC, 0x1F, 0xF0, 0x00, 0x00, 0x00, 0x1F, 0xFC,
    0x3F, 0xE0, 0x00, 0x00, 0x00, 0x1F, 0xF8, 0x7F, 0xC0, 0x00, 0x00, 0x00,
    0x3F, 0xF8, 0xFF, 0x80, 0x00, 0x00, 0x00, 0x3F, 0xF1, 0xFF, 0x00, 0x00,
    0x00, 0x00, 0x3F, 0xE3, 0xFE, 0x00, 0x00, 0x00, 0x00, 0x7F, 0xE7, 0xFC,
    0x00, 0x00, 0x00, 0x00, 0xFF, 0xCF, 0xF8, 0x00, 0x00, 0x00, 0x00, 0xFF,
    0x9F, 0xF0, 0x00, 0x00, 0x00, 0x01, 0xFF, 0xBF, 0xE0, 0x00, 0x00, 0x00,
    0x01, 0xFF, 0x7F, 0xC0, 0x00, 0x00, 0x00, 0x03, 0xFE, 0xFF, 0x80, 0x00,
    0x00, 0x00, 0x07, 0xFD, 0xFF, 0x00, 0x00, 0x00, 0x00, 0x0F, 0xFB, 0xFE,
    0x00, 0x00, 0x00, 0x00, 0x1F, 0xFF, 0xFC, 0x00, 0x00, 0x00, 0x00, 0x1F,
    0xFF, 0xF8, 0x00, 0x00, 0x00, 0x00, 0x3F, 0xFF, 0xF0, 0x00, 0x00, 0x00,
    0x00, 0x7F, 0xFF, 0xE0, 0x00, 0x00, 0x00, 0x00, 0xFF, 0xFF, 0xC0, 0x00,
    0x00, 0x00, 0x01, 0xFF, 0xFF, 0x80, 0x00, 0x00, 0x00, 0x03, 0xFF, 0xFF,
    0x00, 0x00, 0x00, 0x00, 0x07, 0xFF, 0xFE, 0x00, 0x00, 0x00, 0x00, 0x0F,
    0xFF, 0xFC, 0x00, 0x00, 0x00, 0x00, 0x1F, 0xFF, 0xF8, 0x00, 0x00, 0x00,
    0x00, 0x3F, 0xFF, 0xF0, 0x00, 0x00, 0x00, 0x00, 0x7F, 0xFF, 0xE0, 0x00,
    0x00, 0x00, 0x00, 0xFF, 0xFF, 0xC0, 0x00, 0x00, 0x00, 0x01, 0xFF, 0xFF,
    0x80, 0x00, 0x00, 0x00, 0x07, 0xFD, 0xFF, 0x00, 0x00, 0x00, 0x00, 0x0F,
    0xFB, 0xFE, 0x00, 0x00, 0x00, 0x00, 0x1F, 0xF7, 0xFC, 0x00, 0x00, 0x00,
    0x00, 0x3F, 0xEF, 0xF8, 0x00, 0x00, 0x00, 0x00, 0x7F, 0xDF, 0xF0, 0x00,
    0x00, 0x00, 0x01, 0xFF, 0x3F, 0xE0, 0x00, 0x00, 0x00, 0x03, 0xFE, 0x7F,
    0xC0, 0x00, 0x00, 0x00, 0x07, 0xFC, 0xFF, 0x80, 0x00, 0x00, 0x00, 0x1F,
    0xF9, 0xFF, 0x00, 0x00, 0x00, 0x00, 0x3F, 0xE3, 0xFE, 0x00, 0x00, 0x00,
    0x00, 0xFF, 0xC7, 0xFC, 0x00, 0x00, 0x00, 0x01, 0xFF, 0x0F, 0xF8, 0x00,
    0x00, 0x00, 0x07, 0xFE, 0x1F, 0xF0, 0x00, 0x00, 0x00, 0x1F, 0xFC, 0x3F,
    0xE0, 0x00, 0x00, 0x00, 0x3F, 0xF0, 0x7F, 0xC0, 0x00, 0x00, 0x00, 0xFF,
    0xC0, 0xFF, 0x80, 0x00, 0x00, 0x07, 0xFF, 0x81, 0xFF, 0x00, 0x00, 0x00,
    0x1F, 0xFE, 0x03, 0xFE, 0x00, 0x00, 0x00, 0xFF, 0xF8, 0x07, 0xFC, 0x00,
    0x00, 0x0F, 0xFF, 0xF0, 0x0F, 0xFF, 0xFF, 0xFF, 0xFF, 0xFF, 0xC0, 0x1F,
    0xFF, 0xFF, 0xFF, 0xFF, 0xFF, 0x00, 0x3F, 0xFF, 0xFF, 0xFF, 0xFF, 0xFC,
    0x00, 0x7F, 0xFF, 0xFF, 0xFF, 0xFF, 0xE0, 0x00, 0xFF, 0xFF, 0xFF, 0xFF,
    0xFF, 0x80, 0x01, 0xFF, 0xFF, 0xFF, 0xFF, 0xFC, 0x00, 0x03, 0xFF, 0xFF,
    0xFF, 0xFF, 0xE0, 0x00, 0x07, 0xFF, 0xFF, 0xFF, 0xFC, 0x00, 0x00, 0x00,
    0xFF, 0xFF, 0xFF, 0xFF, 0xFF, 0xFF, 0xBF, 0xFF, 0xFF, 0xFF, 0xFF, 0xFF,
    0xEF, 0xFF, 0xFF, 0xFF, 0xFF, 0xFF, 0xFB, 0xFF, 0xFF, 0xFF, 0xFF, 0xFF,
    0xFE, 0xFF, 0xFF, 0xFF, 0xFF, 0xFF, 0xFF, 0xBF, 0xFF, 0xFF, 0xFF, 0xFF,
    0xFF, 0xEF, 0xFF, 0xFF, 0xFF, 0xFF, 0xFF, 0xFB, 0xFF, 0xFF, 0xFF, 0xFF,
    0xFF, 0xFE, 0xFF, 0x80, 0x00, 0x00, 0x00, 0x00, 0x3F, 0xE0, 0x00, 0x00,
    0x00, 0x00, 0x0F, 0xF8, 0x00, 0x00, 0x00, 0x00, 0x03, 0xFE, 0x00, 0x00,
    0x00, 0x00, 0x00, 0xFF, 0x80, 0x00, 0x00, 0x00, 0x00, 0x3F, 0xE0, 0x00,
    0x00, 0x00, 0x00, 0x0F, 0xF8, 0x00, 0x00, 0x00, 0x00, 0x03, 0xFE, 0x00,
    0x00, 0x00, 0x00, 0x00, 0xFF, 0x80, 0x00, 0x00, 0x00, 0x00, 0x3F, 0xE0,
    0x00, 0x00, 0x00, 0x00, 0x0F, 0xF8, 0x00, 0x00, 0x00, 0x00, 0x03, 0xFE,
    0x00, 0x00, 0x00, 0x00, 0x00, 0xFF, 0x80, 0x00, 0x00, 0x00, 0x00, 0x3F,
    0xE0, 0x00, 0x00, 0x00, 0x00, 0x0F, 0xF8, 0x00, 0x00, 0x00, 0x00, 0x03,
    0xFE, 0x00, 0x00, 0x00, 0x00, 0x00, 0xFF, 0x80, 0x00, 0x00, 0x00, 0x00,
    0x3F, 0xE0, 0x00, 0x00, 0x00, 0x00, 0x0F, 0xF8, 0x00, 0x00, 0x00, 0x00,
    0x03, 0xFE, 0x00, 0x00, 0x00, 0x00, 0x00, 0xFF, 0x80, 0x00, 0x00, 0x00,
    0x00, 0x3F, 0xFF, 0xFF, 0xFF, 0xFF, 0xFF, 0x0F, 0xFF, 0xFF, 0xFF, 0xFF,
    0xFF, 0xC3, 0xFF, 0xFF, 0xFF, 0xFF, 0xFF, 0xF0, 0xFF, 0xFF, 0xFF, 0xFF,
    0xFF, 0xFC, 0x3F, 0xFF, 0xFF, 0xFF, 0xFF, 0xFF, 0x0F, 0xFF, 0xFF, 0xFF,
    0xFF, 0xFF, 0xC3, 0xFF, 0xFF, 0xFF, 0xFF, 0xFF, 0xF0, 0xFF, 0xFF, 0xFF,
    0xFF, 0xFF, 0xFC, 0x3F, 0xE0, 0x00, 0x00, 0x00, 0x00, 0x0F, 0xF8, 0x00,
    0x00, 0x00, 0x00, 0x03, 0xFE, 0x00, 0x00, 0x00, 0x00, 0x00, 0xFF, 0x80,
    0x00, 0x00, 0x00, 0x00, 0x3F, 0xE0, 0x00, 0x00, 0x00, 0x00, 0x0F, 0xF8,
    0x00, 0x00, 0x00, 0x00, 0x03, 0xFE, 0x00, 0x00, 0x00, 0x00, 0x00, 0xFF,
    0x80, 0x00, 0x00, 0x00, 0x00, 0x3F, 0xE0, 0x00, 0x00, 0x00, 0x00, 0x0F,
    0xF8, 0x00, 0x00, 0x00, 0x00, 0x03, 0xFE, 0x00, 0x00, 0x00, 0x00, 0x00,
    0xFF, 0x80, 0x00, 0x00, 0x00, 0x00, 0x3F, 0xE0, 0x00, 0x00, 0x00, 0x00,
    0x0F, 0xF8, 0x00, 0x00, 0x00, 0x00, 0x03, 0xFE, 0x00, 0x00, 0x00, 0x00,
    0x00, 0xFF, 0x80, 0x00, 0x00, 0x00, 0x00, 0x3F, 0xE0, 0x00, 0x00, 0x00,
    0x00, 0x0F, 0xF8, 0x00, 0x00, 0x00, 0x00, 0x03, 0xFE, 0x00, 0x00, 0x00,
    0x00, 0x00, 0xFF, 0x80, 0x00, 0x00, 0x00, 0x00, 0x3F, 0xE0, 0x00, 0x00,
    0x00, 0x00, 0x0F, 0xF8, 0x00, 0x00, 0x00, 0x00, 0x03, 0xFE, 0x00, 0x00,
    0x00, 0x00, 0x00, 0xFF, 0xFF, 0xFF, 0xFF, 0xFF, 0xFF, 0xFF, 0xFF, 0xFF,
    0xFF, 0xFF, 0xFF, 0xFF, 0xFF, 0xFF, 0xFF, 0xFF, 0xFF, 0xFF, 0xFF, 0xFF,
    0xFF, 0xFF, 0xFF, 0xFF, 0xFF, 0xFF, 0xFF, 0xFF, 0xFF, 0xFF, 0xFF, 0xFF,
    0xFF, 0xFF, 0xFF, 0xFF, 0xFF, 0xFF, 0xFF, 0xFF, 0xFF, 0xFF, 0xFF, 0xFF,
    0xFF, 0xFF, 0xFF, 0xFF, 0xFF, 0xFF, 0xFF, 0xFF, 0xFF, 0xFF, 0xFF, 0xFF,
    0xFF, 0xFF, 0xFF, 0xFF, 0xFF, 0xFF, 0xFF, 0xFF, 0xFF, 0xFF, 0xFF, 0xFF,
    0xFF, 0xFF, 0xFF, 0xFF, 0xFF, 0xFF, 0xFF, 0xFF, 0xFF, 0xFF, 0xFF, 0xFF,
    0xFF, 0xFF, 0xFF, 0xFF, 0xFF, 0xFF, 0xFF, 0xFF, 0xFF, 0xFF, 0xFF, 0xFF,
    0xFF, 0xFF, 0xFF, 0xFF, 0xFF, 0x80, 0x00, 0x00, 0x00, 0x01, 0xFF, 0x00,
    0x00, 0x00, 0x00, 0x03, 0xFE, 0x00, 0x00, 0x00, 0x00, 0x07, 0xFC, 0x00,
    0x00, 0x00, 0x00, 0x0F, 0xF8, 0x00, 0x00, 0x00, 0x00, 0x1F, 0xF0, 0x00,
    0x00, 0x00, 0x00, 0x3F, 0xE0, 0x00, 0x00, 0x00, 0x00, 0x7F, 0xC0, 0x00,
    0x00, 0x00, 0x00, 0xFF, 0x80, 0x00, 0x00, 0x00, 0x01, 0xFF, 0x00, 0x00,
    0x00, 0x00, 0x03, 0xFE, 0x00, 0x00, 0x00, 0x00, 0x07, 0xFC, 0x00, 0x00,
    0x00, 0x00, 0x0F, 0xF8, 0x00, 0x00, 0x00, 0x00, 0x1F, 0xF0, 0x00, 0x00,
    0x00, 0x00, 0x3F, 0xE0, 0x00, 0x00, 0x00, 0x00, 0x7F, 0xC0, 0x00, 0x00,
    0x00, 0x00, 0xFF, 0x80, 0x00, 0x00, 0x00, 0x01, 0xFF, 0x00, 0x00, 0x00,
    0x00, 0x03, 0xFE, 0x00, 0x00, 0x00, 0x00, 0x07, 0xFC, 0x00, 0x00, 0x00,
    0x00, 0x0F, 0xF8, 0x00, 0x00, 0x00, 0x00, 0x1F, 0xFF, 0xFF, 0xFF, 0xFF,
    0xFC, 0x3F, 0xFF, 0xFF, 0xFF, 0xFF, 0xF8, 0x7F, 0xFF, 0xFF, 0xFF, 0xFF,
    0xF0, 0xFF, 0xFF, 0xFF, 0xFF, 0xFF, 0xE1, 0xFF, 0xFF, 0xFF, 0xFF, 0xFF,
    0xC3, 0xFF, 0xFF, 0xFF, 0xFF, 0xFF, 0x87, 0xFF, 0xFF, 0xFF, 0xFF, 0xFF,
    0x0F, 0xFF, 0xFF, 0xFF, 0xFF, 0xFE, 0x1F, 0xF0, 0x00, 0x00, 0x00, 0x00,
    0x3F, 0xE0, 0x00, 0x00, 0x00, 0x00, 0x7F, 0xC0, 0x00, 0x00, 0x00, 0x00,
    0xFF, 0x80, 0x00, 0x00, 0x00, 0x01, 0xFF, 0x00, 0x00, 0x00, 0x00, 0x03,
    0xFE, 0x00, 0x00, 0x00, 0x00, 0x07, 0xFC, 0x00, 0x00, 0x00, 0x00, 0x0F,
    0xF8, 0x00, 0x00, 0x00, 0x00, 0x1F, 0xF0, 0x00, 0x00, 0x00, 0x00, 0x3F,
    0xE0, 0x00, 0x00, 0x00, 0x00, 0x7F, 0xC0, 0x00, 0x00, 0x00, 0x00, 0xFF,
    0x80, 0x00, 0x00, 0x00, 0x01, 0xFF, 0x00, 0x00, 0x00, 0x00, 0x03, 0xFE,
    0x00, 0x00, 0x00, 0x00, 0x07, 0xFC, 0x00, 0x00, 0x00, 0x00, 0x0F, 0xF8,
    0x00, 0x00, 0x00, 0x00, 0x1F, 0xF0, 0x00, 0x00, 0x00, 0x00, 0x3F, 0xE0,
    0x00, 0x00, 0x00, 0x00, 0x7F, 0xC0, 0x00, 0x00, 0x00, 0x00, 0xFF, 0x80,
    0x00, 0x00, 0x00, 0x01, 0xFF, 0x00, 0x00, 0x00, 0x00, 0x03, 0xFE, 0x00,
    0x00, 0x00, 0x00, 0x07, 0xFC, 0x00, 0x00, 0x00, 0x00, 0x0F, 0xF8, 0x00,
    0x00, 0x00, 0x00, 0x1F, 0xF0, 0x00, 0x00, 0x00, 0x00, 0x3F, 0xE0, 0x00,
    0x00, 0x00, 0x00, 0x7F, 0xC0, 0x00, 0x00, 0x00, 0x00, 0xFF, 0x80, 0x00,
    0x00, 0x00, 0x01, 0xFF, 0x00, 0x00, 0x00, 0x00, 0x03, 0xFE, 0x00, 0x00,
    0x00, 0x00, 0x07, 0xFC, 0x00, 0x00, 0x00, 0x00, 0x00, 0x00, 0x00, 0x00,
    0x3F, 0xFE, 0x00, 0x00, 0x00, 0x00, 0x00, 0x0F, 0xFF, 0xFF, 0x80, 0x00,
    0x00, 0x00, 0x01, 0xFF, 0xFF, 0xFF, 0xC0, 0x00, 0x00, 0x00, 0x1F, 0xFF,
    0xFF, 0xFF, 0xC0, 0x00, 0x00, 0x01, 0xFF, 0xFF, 0xFF, 0xFF, 0xC0, 0x00,
    0x00, 0x0F, 0xFF, 0xFF, 0xFF, 0xFF, 0xC0, 0x00, 0x00, 0x7F, 0xFF, 0xFF,
    0xFF, 0xFF, 0x80, 0x00, 0x07, 0xFF, 0xFF, 0xFF, 0xFF, 0xFF, 0x00, 0x00,
    0x3F, 0xFF, 0xE0, 0x07, 0xFF, 0xFE, 0x00, 0x01, 0xFF, 0xFC, 0x00, 0x01,
    0xFF, 0xFC, 0x00, 0x07, 0xFF, 0x80, 0x00, 0x01, 0xFF, 0xF8, 0x00, 0x3F,
    0xFC, 0x00, 0x00, 0x01, 0xFF, 0xE0, 0x01, 0xFF, 0xC0, 0x00, 0x00, 0x01,
    0xFF, 0xC0, 0x0F, 0xFE, 0x00, 0x00, 0x00, 0x03, 0xFF, 0x00, 0x3F, 0xF0,
    0x00, 0x00, 0x00, 0x07, 0xFE, 0x01, 0xFF, 0x80, 0x00, 0x00, 0x00, 0x1F,
    0xF8, 0x0F, 0xFC, 0x00, 0x00, 0x00, 0x00, 0x3F, 0xF0, 0x3F, 0xF0, 0x00,
    0x00, 0x00, 0x00, 0xFF, 0xC0, 0xFF, 0x80, 0x00, 0x00, 0x00, 0x01, 0xFF,
    0x07, 0xFC, 0x00, 0x00, 0x00, 0x00, 0x07, 0xFC, 0x1F, 0xF0, 0x00, 0x00,
    0x00, 0x00, 0x0F, 0xF8, 0xFF, 0xC0, 0x00, 0x00, 0x00, 0x00, 0x3F, 0xE3,
    0xFE, 0x00, 0x00, 0x00, 0x00, 0x00, 0x00, 0x0F, 0xF8, 0x00, 0x00, 0x00,
    0x00, 0x00, 0x00, 0x7F, 0xC0, 0x00, 0x00, 0x00, 0x00, 0x00, 0x01, 0xFF,
    0x00, 0x00, 0x00, 0x00, 0x00, 0x00, 0x07, 0xFC, 0x00, 0x00, 0x00, 0x00,
    0x00, 0x00, 0x1F, 0xF0, 0x00, 0x00, 0x00, 0x00, 0x00, 0x00, 0x7F, 0xC0,
    0x00, 0x00, 0x00, 0x00, 0x00, 0x03, 0xFE, 0x00, 0x00, 0x00, 0x00, 0x00,
    0x00, 0x0F, 0xF8, 0x00, 0x00, 0x00, 0x00, 0x00, 0x00, 0x3F, 0xE0, 0x00,
    0x00, 0x00, 0x00, 0x00, 0x00, 0xFF, 0x80, 0x00, 0x00, 0x00, 0x00, 0x00,
    0x03, 0xFE, 0x00, 0x00, 0x03, 0xFF, 0xFF, 0xFF, 0xFF, 0xF8, 0x00, 0x00,
    0x0F, 0xFF, 0xFF, 0xFF, 0xFF, 0xE0, 0x00, 0x00, 0x3F, 0xFF, 0xFF, 0xFF,
    0xFF, 0x80, 0x00, 0x00, 0xFF, 0xFF, 0xFF, 0xFF, 0xFE, 0x00, 0x00, 0x03,
    0xFF, 0xFF, 0xFF, 0xFF, 0xF8, 0x00, 0x00, 0x0F, 0xFF, 0xFF, 0xFF, 0xFF,
    0xE0, 0x00, 0x00, 0x3F, 0xFF, 0xFF, 0xFF, 0xFF, 0x80, 0x00, 0x00, 0xFF,
    0xFF, 0xFF, 0xFF, 0xFE, 0x00, 0x00, 0x00, 0x00, 0x00, 0x1F, 0xFF, 0xF8,
    0x00, 0x00, 0x00, 0x00, 0x00, 0x7F, 0xFF, 0xE0, 0x00, 0x00, 0x00, 0x00,
    0x01, 0xFF, 0xFF, 0xC0, 0x00, 0x00, 0x00, 0x00, 0x07, 0xFD, 0xFF, 0x00,
    0x00, 0x00, 0x00, 0x00, 0x1F, 0xF7, 0xFC, 0x00, 0x00, 0x00, 0x00, 0x00,
    0x7F, 0xDF, 0xF0, 0x00, 0x00, 0x00, 0x00, 0x03, 0xFF, 0x7F, 0xE0, 0x00,
    0x00, 0x00, 0x00, 0x0F, 0xFD, 0xFF, 0x80, 0x00, 0x00, 0x00, 0x00, 0x3F,
    0xF3, 0xFE, 0x00, 0x00, 0x00, 0x00, 0x00, 0xFF, 0xCF, 0xFC, 0x00, 0x00,
    0x00, 0x00, 0x07, 0xFF, 0x3F, 0xF0, 0x00, 0x00, 0x00, 0x00, 0x1F, 0xFC,
    0x7F, 0xE0, 0x00, 0x00, 0x00, 0x00, 0x7F, 0xF1, 0xFF, 0x80, 0x00, 0x00,
    0x00, 0x03, 0xFF, 0xC3, 0xFF, 0x00, 0x00, 0x00, 0x00, 0x1F, 0xFF, 0x0F,
    0xFC, 0x00, 0x00, 0x00, 0x00, 0x7F, 0xFC, 0x1F, 0xF8, 0x00, 0x00, 0x00,
    0x03, 0xFF, 0xF0, 0x7F, 0xF0, 0x00, 0x00, 0x00, 0x1F, 0xFF, 0xC0, 0xFF,
    0xE0, 0x00, 0x00, 0x00, 0xFF, 0xFF, 0x03, 0xFF, 0xC0, 0x00, 0x00, 0x0F,
    0xFF, 0xFC, 0x07, 0xFF, 0xC0, 0x00, 0x00, 0x7F, 0xEF, 0xF0, 0x0F, 0xFF,
    0xC0, 0x00, 0x0F, 0xFF, 0x3F, 0xC0, 0x1F, 0xFF, 0xF0, 0x01, 0xFF, 0xF8,
    0xFF, 0x00, 0x3F, 0xFF, 0xFF, 0xFF, 0xFF, 0xC3, 0xFC, 0x00, 0x7F, 0xFF,
    0xFF, 0xFF, 0xFE, 0x07, 0xF0, 0x00, 0xFF, 0xFF, 0xFF, 0xFF, 0xF0, 0x1F,
    0xC0, 0x00, 0xFF, 0xFF, 0xFF, 0xFF, 0x80, 0x7F, 0x00, 0x01, 0xFF, 0xFF,
    0xFF, 0xF8, 0x01, 0xFC, 0x00, 0x00, 0xFF, 0xFF, 0xFF, 0x80, 0x03, 0xF0,
    0x00, 0x00, 0xFF, 0xFF, 0xF8, 0x00, 0x00, 0x00, 0x00, 0x00, 0x3F, 0xFC,
    0x00, 0x00, 0x00, 0xFF, 0x80, 0x00, 0x00, 0x00, 0x0F, 0xFF, 0xFC, 0x00,
    0x00, 0x00, 0x00, 0x7F, 0xFF, 0xE0, 0x00, 0x00, 0x00, 0x03, 0xFF, 0xFF,
    0x00, 0x00, 0x00, 0x00, 0x1F, 0xFF, 0xF8, 0x00, 0x00, 0x00, 0x00, 0xFF,
    0xFF, 0xC0, 0x00, 0x00, 0x00, 0x07, 0xFF, 0xFE, 0x00, 0x00, 0x00, 0x00,
    0x3F, 0xFF, 0xF0, 0x00, 0x00, 0x00, 0x01, 0xFF, 0xFF, 0x80, 0x00, 0x00,
    0x00, 0x0F, 0xFF, 0xFC, 0x00, 0x00, 0x00, 0x00, 0x7F, 0xFF, 0xE0, 0x00,
    0x00, 0x00, 0x03, 0xFF, 0xFF, 0x00, 0x00, 0x00, 0x00, 0x1F, 0xFF, 0xF8,
    0x00, 0x00, 0x00, 0x00, 0xFF, 0xFF, 0xC0, 0x00, 0x00, 0x00, 0x07, 0xFF,
    0xFE, 0x00, 0x00, 0x00, 0x00, 0x3F, 0xFF, 0xF0, 0x00, 0x00, 0x00, 0x01,
    0xFF, 0xFF, 0x80, 0x00, 0x00, 0x00, 0x0F, 0xFF, 0xFC, 0x00, 0x00, 0x00,
    0x00, 0x7F, 0xFF, 0xE0, 0x00, 0x00, 0x00, 0x03, 0xFF, 0xFF, 0x00, 0x00,
    0x00, 0x00, 0x1F, 0xFF, 0xF8, 0x00, 0x00, 0x00, 0x00, 0xFF, 0xFF, 0xC0,
    0x00, 0x00, 0x00, 0x07, 0xFF, 0xFE, 0x00, 0x00, 0x00, 0x00, 0x3F, 0xFF,
    0xF0, 0x00, 0x00, 0x00, 0x01, 0xFF, 0xFF, 0x80, 0x00, 0x00, 0x00, 0x0F,
    0xFF, 0xFC, 0x00, 0x00, 0x00, 0x00, 0x7F, 0xFF, 0xE0, 0x00, 0x00, 0x00,
    0x03, 0xFF, 0xFF, 0x00, 0x00, 0x00, 0x00, 0x1F, 0xFF, 0xFF, 0xFF, 0xFF,
    0xFF, 0xFF, 0xFF, 0xFF, 0xFF, 0xFF, 0xFF, 0xFF, 0xFF, 0xFF, 0xFF, 0xFF,
    0xFF, 0xFF, 0xFF, 0xFF, 0xFF, 0xFF, 0xFF, 0xFF, 0xFF, 0xFF, 0xFF, 0xFF,
    0xFF, 0xFF, 0xFF, 0xFF, 0xFF, 0xFF, 0xFF, 0xFF, 0xFF, 0xFF, 0xFF, 0xFF,
    0xFF, 0xFF, 0xFF, 0xFF, 0xFF, 0xFF, 0xFF, 0xFF, 0xFF, 0xFF, 0xFF, 0xFF,
    0xFF, 0xFF, 0xF8, 0x00, 0x00, 0x00, 0x00, 0xFF, 0xFF, 0xC0, 0x00, 0x00,
    0x00, 0x07, 0xFF, 0xFE, 0x00, 0x00, 0x00, 0x00, 0x3F, 0xFF, 0xF0, 0x00,
    0x00, 0x00, 0x01, 0xFF, 0xFF, 0x80, 0x00, 0x00, 0x00, 0x0F, 0xFF, 0xFC,
    0x00, 0x00, 0x00, 0x00, 0x7F, 0xFF, 0xE0, 0x00, 0x00, 0x00, 0x03, 0xFF,
    0xFF, 0x00, 0x00, 0x00, 0x00, 0x1F, 0xFF, 0xF8, 0x00, 0x00, 0x00, 0x00,
    0xFF, 0xFF, 0xC0, 0x00, 0x00, 0x00, 0x07, 0xFF, 0xFE, 0x00, 0x00, 0x00,
    0x00, 0x3F, 0xFF, 0xF0, 0x00, 0x00, 0x00, 0x01, 0xFF, 0xFF, 0x80, 0x00,
    0x00, 0x00, 0x0F, 0xFF, 0xFC, 0x00, 0x00, 0x00, 0x00, 0x7F, 0xFF, 0xE0,
    0x00, 0x00, 0x00, 0x03, 0xFF, 0xFF, 0x00, 0x00, 0x00, 0x00, 0x1F, 0xFF,
    0xF8, 0x00, 0x00, 0x00, 0x00, 0xFF, 0xFF, 0xC0, 0x00, 0x00, 0x00, 0x07,
    0xFF, 0xFE, 0x00, 0x00, 0x00, 0x00, 0x3F, 0xFF, 0xF0, 0x00, 0x00, 0x00,
    0x01, 0xFF, 0xFF, 0x80, 0x00, 0x00, 0x00, 0x0F, 0xFF, 0xFC, 0x00, 0x00,
    0x00, 0x00, 0x7F, 0xFF, 0xE0, 0x00, 0x00, 0x00, 0x03, 0xFF, 0xFF, 0x00,
    0x00, 0x00, 0x00, 0x1F, 0xFF, 0xF8, 0x00, 0x00, 0x00, 0x00, 0xFF, 0xFF,
    0xC0, 0x00, 0x00, 0x00, 0x07, 0xFF, 0xFE, 0x00, 0x00, 0x00, 0x00, 0x3F,
    0xFF, 0xF0, 0x00, 0x00, 0x00, 0x01, 0xFF, 0xFF, 0x80, 0x00, 0x00, 0x00,
    0x0F, 0xFF, 0xFC, 0x00, 0x00, 0x00, 0x00, 0x7F, 0xFF, 0xE0, 0x00, 0x00,
    0x00, 0x03, 0xFF, 0xFF, 0x00, 0x00, 0x00, 0x00, 0x1F, 0xF0, 0xFF, 0xFF,
    0xFF, 0xFF, 0xFF, 0xFF, 0xFF, 0xFF, 0xFF, 0xFF, 0xFF, 0xFF, 0xFF, 0xFF,
    0xFF, 0xFF, 0xFF, 0xFF, 0xFF, 0xFF, 0xFF, 0xFF, 0xFF, 0xFF, 0xFF, 0xFF,
    0xFF, 0xFF, 0xFF, 0xFF, 0xFF, 0xFF, 0xFF, 0xFF, 0xFF, 0xFF, 0xFF, 0xFF,
    0xFF, 0xFF, 0xFF, 0xFF, 0xFF, 0xFF, 0xFF, 0xFF, 0xFF, 0xFF, 0xFF, 0xFF,
    0xFF, 0xFF, 0xFF, 0xFF, 0xFF, 0xFF, 0xFF, 0xFF, 0xFF, 0xFF, 0xFF, 0xFF,
    0xFF, 0xFF, 0xFF, 0xFF, 0xFF, 0xFF, 0xFF, 0xFF, 0xFF, 0xFF, 0xFF, 0xFF,
    0xFF, 0xE0, 0x00, 0x00, 0x00, 0x03, 0xFE, 0x00, 0x00, 0x00, 0x07, 0xFC,
    0x00, 0x00, 0x00, 0x0F, 0xF8, 0x00, 0x00, 0x00, 0x1F, 0xF0, 0x00, 0x00,
    0x00, 0x3F, 0xE0, 0x00, 0x00, 0x00, 0x7F, 0xC0, 0x00, 0x00, 0x00, 0xFF,
    0x80, 0x00, 0x00, 0x01, 0xFF, 0x00, 0x00, 0x00, 0x03, 0xFE, 0x00, 0x00,
    0x00, 0x07, 0xFC, 0x00, 0x00, 0x00, 0x0F, 0xF8, 0x00, 0x00, 0x00, 0x1F,
    0xF0, 0x00, 0x00, 0x00, 0x3F, 0xE0, 0x00, 0x00, 0x00, 0x7F, 0xC0, 0x00,
    0x00, 0x00, 0xFF, 0x80, 0x00, 0x00, 0x01, 0xFF, 0x00, 0x00, 0x00, 0x03,
    0xFE, 0x00, 0x00, 0x00, 0x07, 0xFC, 0x00, 0x00, 0x00, 0x0F, 0xF8, 0x00,
    0x00, 0x00, 0x1F, 0xF0, 0x00, 0x00, 0x00, 0x3F, 0xE0, 0x00, 0x00, 0x00,
    0x7F, 0xC0, 0x00, 0x00, 0x00, 0xFF, 0x80, 0x00, 0x00, 0x01, 0xFF, 0x00,
    0x00, 0x00, 0x03, 0xFE, 0x00, 0x00, 0x00, 0x07, 0xFC, 0x00, 0x00, 0x00,
    0x0F, 0xF8, 0x00, 0x00, 0x00, 0x1F, 0xF0, 0x00, 0x00, 0x00, 0x3F, 0xE0,
    0x00, 0x00, 0x00, 0x7F, 0xC0, 0x00, 0x00, 0x00, 0xFF, 0x80, 0x00, 0x00,
    0x01, 0xFF, 0x00, 0x00, 0x00, 0x03, 0xFE, 0x00, 0x00, 0x00, 0x07, 0xFC,
    0x00, 0x00, 0x00, 0x0F, 0xF8, 0x00, 0x00, 0x00, 0x1F, 0xF0, 0x00, 0x00,
    0x00, 0x3F, 0xE0, 0x00, 0x00, 0x00, 0x7F, 0xC0, 0x00, 0x00, 0x00, 0xFF,
    0x80, 0x00, 0x00, 0x01, 0xFF, 0x00, 0x00, 0x00, 0x03, 0xFE, 0x00, 0x00,
    0x00, 0x07, 0xFC, 0x00, 0x00, 0x00, 0x0F, 0xF8, 0x00, 0x00, 0x00, 0x1F,
    0xF0, 0x00, 0x00, 0x00, 0x3F, 0xE0, 0x00, 0x00, 0x00, 0x7F, 0xFF, 0xE0,
    0x00, 0x00, 0xFF, 0xFF, 0xC0, 0x00, 0x01, 0xFF, 0xFF, 0x80, 0x00, 0x03,
    0xFF, 0xFF, 0x00, 0x00, 0x07, 0xFF, 0xFE, 0x00, 0x00, 0x0F, 0xFF, 0xFC,
    0x00, 0x00, 0x1F, 0xFF, 0xF8, 0x00, 0x00, 0x3F, 0xFF, 0xF0, 0x00, 0x00,
    0x7F, 0xFF, 0xE0, 0x00, 0x01, 0xFF, 0xFF, 0xC0, 0x00, 0x03, 0xFE, 0xFF,
    0xC0, 0x00, 0x07, 0xFC, 0xFF, 0x80, 0x00, 0x0F, 0xF9, 0xFF, 0x00, 0x00,
    0x3F, 0xF3, 0xFF, 0x00, 0x00, 0x7F, 0xC3, 0xFF, 0x00, 0x01, 0xFF, 0x87,
    0xFF, 0x00, 0x0F, 0xFE, 0x0F, 0xFF, 0x80, 0x7F, 0xFC, 0x0F, 0xFF, 0xFF,
    0xFF, 0xF0, 0x0F, 0xFF, 0xFF, 0xFF, 0xC0, 0x0F, 0xFF, 0xFF, 0xFF, 0x00,
    0x0F, 0xFF, 0xFF, 0xFC, 0x00, 0x07, 0xFF, 0xFF, 0xE0, 0x00, 0x03, 0xFF,
    0xFF, 0x00, 0x00, 0x00, 0xFF, 0xE0, 0x00, 0x00, 0xFF, 0x80, 0x00, 0x00,
    0x00, 0x7F, 0xFB, 0xFE, 0x00, 0x00, 0x00, 0x03, 0xFF, 0xCF, 0xF8, 0x00,
    0x00, 0x00, 0x1F, 0xFE, 0x3F, 0xE0, 0x00, 0x00, 0x00, 0xFF, 0xF0, 0xFF,
    0x80, 0x00, 0x00, 0x07, 0xFF, 0x83, 0xFE, 0x00, 0x00, 0x00, 0x3F, 0xFC,
    0x0F, 0xF8, 0x00, 0x00, 0x01, 0xFF, 0xE0, 0x3F, 0xE0, 0x00, 0x00, 0x0F,
    0xFF, 0x00, 0xFF, 0x80, 0x00, 0x00, 0x7F, 0xF8, 0x03, 0xFE, 0x00, 0x00,
    0x03, 0xFF, 0xC0, 0x0F, 0xF8, 0x00, 0x00, 0x1F, 0xFE, 0x00, 0x3F, 0xE0,
    0x00, 0x00, 0xFF, 0xF0, 0x00, 0xFF, 0x80, 0x00, 0x07, 0xFF, 0x80, 0x03,
    0xFE, 0x00, 0x00, 0x3F, 0xFC, 0x00, 0x0F, 0xF8, 0x00, 0x01, 0xFF, 0xE0,
    0x00, 0x3F, 0xE0, 0x00, 0x0F, 0xFF, 0x00, 0x00, 0xFF, 0x80, 0x00, 0x7F,
    0xF8, 0x00, 0x03, 0xFE, 0x00, 0x03, 0xFF, 0xC0, 0x00, 0x0F, 0xF8, 0x00,
    0x1F, 0xFE, 0x00, 0x00, 0x3F, 0xE0, 0x00, 0xFF, 0xF0, 0x00, 0x00, 0xFF,
    0x80, 0x07, 0xFF, 0x80, 0x00, 0x03, 0xFE, 0x00, 0x3F, 0xFC, 0x00, 0x00,
    0x0F, 0xF8, 0x01, 0xFF, 0xE0, 0x00, 0x00, 0x3F, 0xE0, 0x0F, 0xFF, 0x00,
    0x00, 0x00, 0xFF, 0x80, 0x7F, 0xF8, 0x00, 0x00, 0x03, 0xFE, 0x03, 0xFF,
    0xC0, 0x00, 0x00, 0x0F, 0xF8, 0x1F, 0xFE, 0x00, 0x00, 0x00, 0x3F, 0xE0,
    0xFF, 0xF0, 0x00, 0x00, 0x00, 0xFF, 0x83, 0xFF, 0xE0, 0x00, 0x00, 0x03,
    0xFE, 0x1F, 0xFF, 0x80, 0x00, 0x00, 0x0F, 0xF8, 0xFF, 0xFF, 0x00, 0x00,
    0x00, 0x3F, 0xE7, 0xFF, 0xFE, 0x00, 0x00, 0x00, 0xFF, 0xBF, 0xFF, 0xF8,
    0x00, 0x00, 0x03, 0xFF, 0xFF, 0xFF, 0xF0, 0x00, 0x00, 0x0F, 0xFF, 0xFE,
    0xFF, 0xE0, 0x00, 0x00, 0x3F, 0xFF, 0xF1, 0xFF, 0x80, 0x00, 0x00, 0xFF,
    0xFF, 0x87, 0xFF, 0x00, 0x00, 0x03, 0xFF, 0xFC, 0x0F, 0xFE, 0x00, 0x00,
    0x0F, 0xFF, 0xE0, 0x1F, 0xF8, 0x00, 0x00, 0x3F, 0xFF, 0x00, 0x7F, 0xF0,
    0x00, 0x00, 0xFF, 0xF8, 0x00, 0xFF, 0xE0, 0x00, 0x03, 0xFF, 0xC0, 0x01,
    0xFF, 0x80, 0x00, 0x0F, 0xFE, 0x00, 0x07, 0xFF, 0x00, 0x00, 0x3F, 0xF0,
    0x00, 0x0F, 0xFE, 0x00, 0x00, 0xFF, 0x80, 0x00, 0x1F, 0xFC, 0x00, 0x03,
    0xFE, 0x00, 0x00, 0x3F, 0xF0, 0x00, 0x0F, 0xF8, 0x00, 0x00, 0xFF, 0xE0,
    0x00, 0x3F, 0xE0, 0x00, 0x01, 0xFF, 0xC0, 0x00, 0xFF, 0x80, 0x00, 0x03,
    0xFF, 0x00, 0x03, 0xFE, 0x00, 0x00, 0x0F, 0xFE, 0x00, 0x0F, 0xF8, 0x00,
    0x00, 0x1F, 0xFC, 0x00, 0x3F, 0xE0, 0x00, 0x00, 0x3F, 0xF0, 0x00, 0xFF,
    0x80, 0x00, 0x00, 0xFF, 0xE0, 0x03, 0xFE, 0x00, 0x00, 0x01, 0xFF, 0xC0,
    0x0F, 0xF8, 0x00, 0x00, 0x03, 0xFF, 0x00, 0x3F, 0xE0, 0x00, 0x00, 0x0F,
    0xFE, 0x00, 0xFF, 0x80, 0x00, 0x00, 0x1F, 0xFC, 0x03, 0xFE, 0x00, 0x00,
    0x00, 0x3F, 0xF0, 0x0F, 0xF8, 0x00, 0x00, 0x00, 0xFF, 0xE0, 0x3F, 0xE0,
    0x00, 0x00, 0x01, 0xFF, 0xC0, 0xFF, 0x80, 0x00, 0x00, 0x03, 0xFF, 0x03,
    0xFE, 0x00, 0x00, 0x00, 0x0F, 0xFE, 0x0F, 0xF8, 0x00, 0x00, 0x00, 0x1F,
    0xFC, 0x3F, 0xE0, 0x00, 0x00, 0x00, 0x3F, 0xF0, 0xFF, 0x80, 0x00, 0x00,
    0x00, 0xFF, 0xE3, 0xFE, 0x00, 0x00, 0x00, 0x01, 0xFF, 0xCF, 0xF8, 0x00,
    0x00, 0x00, 0x03, 0xFF, 0xBF, 0xE0, 0x00, 0x00, 0x00, 0x0F, 0xFE, 0xFF,
    0x80, 0x00, 0x00, 0x00, 0x1F, 0xF0, 0x00, 0x00, 0x00, 0x03, 0xFE, 0x00,
    0x00, 0x00, 0x00, 0x7F, 0xC0, 0x00, 0x00, 0x00, 0x0F, 0xF8, 0x00, 0x00,
    0x00, 0x01, 0xFF, 0x00, 0x00, 0x00, 0x00, 0x3F, 0xE0, 0x00, 0x00, 0x00,
    0x07, 0xFC, 0x00, 0x00, 0x00, 0x00, 0xFF, 0x80, 0x00, 0x00, 0x00, 0x1F,
    0xF0, 0x00, 0x00, 0x00, 0x03, 0xFE, 0x00, 0x00, 0x00, 0x00, 0x7F, 0xC0,
    0x00, 0x00, 0x00, 0x0F, 0xF8, 0x00, 0x00, 0x00, 0x01, 0xFF, 0x00, 0x00,
    0x00, 0x00, 0x3F, 0xE0, 0x00, 0x00, 0x00, 0x07, 0xFC, 0x00, 0x00, 0x00,
    0x00, 0xFF, 0x80, 0x00, 0x00, 0x00, 0x1F, 0xF0, 0x00, 0x00, 0x00, 0x03,
    0xFE, 0x00, 0x00, 0x00, 0x00, 0x7F, 0xC0, 0x00, 0x00, 0x00, 0x0F, 0xF8,
    0x00, 0x00, 0x00, 0x01, 0xFF, 0x00, 0x00, 0x00, 0x00, 0x3F, 0xE0, 0x00,
    0x00, 0x00, 0x07, 0xFC, 0x00, 0x00, 0x00, 0x00, 0xFF, 0x80, 0x00, 0x00,
    0x00, 0x1F, 0xF0, 0x00, 0x00, 0x00, 0x03, 0xFE, 0x00, 0x00, 0x00, 0x00,
    0x7F, 0xC0, 0x00, 0x00, 0x00, 0x0F, 0xF8, 0x00, 0x00, 0x00, 0x01, 0xFF,
    0x00, 0x00, 0x00, 0x00, 0x3F, 0xE0, 0x00, 0x00, 0x00, 0x07, 0xFC, 0x00,
    0x00, 0x00, 0x00, 0xFF, 0x80, 0x00, 0x00, 0x00, 0x1F, 0xF0, 0x00, 0x00,
    0x00, 0x03, 0xFE, 0x00, 0x00, 0x00, 0x00, 0x7F, 0xC0, 0x00, 0x00, 0x00,
    0x0F, 0xF8, 0x00, 0x00, 0x00, 0x01, 0xFF, 0x00, 0x00, 0x00, 0x00, 0x3F,
    0xE0, 0x00, 0x00, 0x00, 0x07, 0xFC, 0x00, 0x00, 0x00, 0x00, 0xFF, 0x80,
    0x00, 0x00, 0x00, 0x1F, 0xF0, 0x00, 0x00, 0x00, 0x03, 0xFE, 0x00, 0x00,
    0x00, 0x00, 0x7F, 0xC0, 0x00, 0x00, 0x00, 0x0F, 0xF8, 0x00, 0x00, 0x00,
    0x01, 0xFF, 0x00, 0x00, 0x00, 0x00, 0x3F, 0xE0, 0x00, 0x00, 0x00, 0x07,
    0xFC, 0x00, 0x00, 0x00, 0x00, 0xFF, 0x80, 0x00, 0x00, 0x00, 0x1F, 0xF0,
    0x00, 0x00, 0x00, 0x03, 0xFE, 0x00, 0x00, 0x00, 0x00, 0x7F, 0xC0, 0x00,
    0x00, 0x00, 0x0F, 0xF8, 0x00, 0x00, 0x00, 0x01, 0xFF, 0x00, 0x00, 0x00,
    0x00, 0x3F, 0xE0, 0x00, 0x00, 0x00, 0x07, 0xFC, 0x00, 0x00, 0x00, 0x00,
    0xFF, 0x80, 0x00, 0x00, 0x00, 0x1F, 0xF0, 0x00, 0x00, 0x00, 0x03, 0xFE,
    0x00, 0x00, 0x00, 0x00, 0x7F, 0xC0, 0x00, 0x00, 0x00, 0x0F, 0xFF, 0xFF,
    0xFF, 0xFF, 0xFF, 0xFF, 0xFF, 0xFF, 0xFF, 0xFF, 0xFF, 0xFF, 0xFF, 0xFF,
    0xFF, 0xFF, 0xFF, 0xFF, 0xFF, 0xFF, 0xFF, 0xFF, 0xFF, 0xFF, 0xFF, 0xFF,
    0xFF, 0xFF, 0xFF, 0xFF, 0xFF, 0xFF, 0xFF, 0xFF, 0xFF, 0xFF, 0xFF, 0xFF,
    0xFF, 0xFF, 0xFF, 0xFF, 0xF0, 0xFF, 0xFC, 0x00, 0x00, 0x00, 0x00, 0x07,
    0xFF, 0xFF, 0xFF, 0x80, 0x00, 0x00, 0x00, 0x00, 0xFF, 0xFF, 0xFF, 0xF0,
    0x00, 0x00, 0x00, 0x00, 0x1F, 0xFF, 0xFF, 0xFF, 0x00, 0x00, 0x00, 0x00,
    0x07, 0xFF, 0xFF, 0xFF, 0xE0, 0x00, 0x00, 0x00, 0x00, 0xFF, 0xFF, 0xFF,
    0xFC, 0x00, 0x00, 0x00, 0x00, 0x1F, 0xFF, 0xFF, 0xFF, 0xC0, 0x00, 0x00,
    0x00, 0x07, 0xFF, 0xFF, 0xFF, 0xF8, 0x00, 0x00, 0x00, 0x00, 0xFF, 0xFF,
    0xFF, 0xFF, 0x00, 0x00, 0x00, 0x00, 0x1F, 0xFF, 0xFF, 0xFF, 0xF0, 0x00,
    0x00, 0x00, 0x07, 0xFF, 0xFF, 0xFF, 0xFE, 0x00, 0x00, 0x00, 0x00, 0xFF,
    0xFF, 0xFF, 0xFF, 0xC0, 0x00, 0x00, 0x00, 0x1F, 0xFF, 0xFF, 0xFF, 0xFC,
    0x00, 0x00, 0x00, 0x07, 0xFF, 0xFF, 0xFF, 0xFF, 0x80, 0x00, 0x00, 0x00,
    0xFF, 0xFF, 0xFF, 0xEF, 0xF8, 0x00, 0x00, 0x00, 0x3F, 0xEF, 0xFF, 0xFD,
    0xFF, 0x00, 0x00, 0x00, 0x07, 0xFD, 0xFF, 0xFF, 0xBF, 0xE0, 0x00, 0x00,
    0x00, 0xFF, 0xBF, 0xFF, 0xF3, 0xFE, 0x00, 0x00, 0x00, 0x3F, 0xE7, 0xFF,
    0xFE, 0x7F, 0xC0, 0x00, 0x00, 0x07, 0xFC, 0xFF, 0xFF, 0xCF, 0xF8, 0x00,
    0x00, 0x00, 0xFF, 0x9F, 0xFF, 0xF8, 0xFF, 0x80, 0x00, 0x00, 0x3F, 0xE3,
    0xFF, 0xFF, 0x1F, 0xF0, 0x00, 0x00, 0x07, 0xFC, 0x7F, 0xFF, 0xE3, 0xFE,
    0x00, 0x00, 0x00, 0xFF, 0x8F, 0xFF, 0xFC, 0x3F, 0xE0, 0x00, 0x00, 0x3F,
    0xE1, 0xFF, 0xFF, 0x87, 0xFC, 0x00, 0x00, 0x07, 0xFC, 0x3F, 0xFF, 0xF0,
    0xFF, 0x80, 0x00, 0x00, 0xFF, 0x87, 0xFF, 0xFE, 0x0F, 0xF8, 0x00, 0x00,
    0x3F, 0xE0, 0xFF, 0xFF, 0xC1, 0xFF, 0x00, 0x00, 0x07, 0xFC, 0x1F, 0xFF,
    0xF8, 0x3F, 0xE0, 0x00, 0x00, 0xFF, 0x83, 0xFF, 0xFF, 0x03, 0xFE, 0x00,
    0x00, 0x3F, 0xE0, 0x7F, 0xFF, 0xE0, 0x7F, 0xC0, 0x00, 0x07, 0xFC, 0x0F,
    0xFF, 0xFC, 0x0F, 0xF8, 0x00, 0x00, 0xFF, 0x81, 0xFF, 0xFF, 0x80, 0xFF,
    0x80, 0x00, 0x3F, 0xE0, 0x3F, 0xFF, 0xF0, 0x1F, 0xF0, 0x00, 0x07, 0xFC,
    0x07, 0xFF, 0xFE, 0x01, 0xFF, 0x00, 0x00, 0xFF, 0x80, 0xFF, 0xFF, 0xC0,
    0x3F, 0xE0, 0x00, 0x3F, 0xE0, 0x1F, 0xFF, 0xF8, 0x07, 0xFC, 0x00, 0x07,
    0xFC, 0x03, 0xFF, 0xFF, 0x00, 0x7F, 0xC0, 0x01, 0xFF, 0x00, 0x7F, 0xFF,
    0xE0, 0x0F, 0xF8, 0x00, 0x3F, 0xE0, 0x0F, 0xFF, 0xFC, 0x01, 0xFF, 0x00,
    0x07, 0xFC, 0x01, 0xFF, 0xFF, 0x80, 0x1F, 0xF0, 0x01, 0xFF, 0x00, 0x3F,
    0xFF, 0xF0, 0x03, 0xFE, 0x00, 0x3F, 0xE0, 0x07, 0xFF, 0xFE, 0x00, 0x7F,
    0xC0, 0x07, 0xFC, 0x00, 0xFF, 0xFF, 0xC0, 0x07, 0xFC, 0x01, 0xFF, 0x00,
    0x1F, 0xFF, 0xF8, 0x00, 0xFF, 0x80, 0x3F, 0xE0, 0x03, 0xFF, 0xFF, 0x00,
    0x1F, 0xF0, 0x07, 0xFC, 0x00, 0x7F, 0xFF, 0xE0, 0x01, 0xFF, 0x01, 0xFF,
    0x00, 0x0F, 0xFF, 0xFC, 0x00, 0x3F, 0xE0, 0x3F, 0xE0, 0x01, 0xFF, 0xFF,
    0x80, 0x07, 0xFC, 0x07, 0xFC, 0x00, 0x3F, 0xFF, 0xF0, 0x00, 0x7F, 0xC1,
    0xFF, 0x00, 0x07, 0xFF, 0xFE, 0x00, 0x0F, 0xF8, 0x3F, 0xE0, 0x00, 0xFF,
    0xFF, 0xC0, 0x01, 0xFF, 0x07, 0xFC, 0x00, 0x1F, 0xFF, 0xF8, 0x00, 0x1F,
    0xF1, 0xFF, 0x00, 0x03, 0xFF, 0xFF, 0x00, 0x03, 0xFE, 0x3F, 0xE0, 0x00,
    0x7F, 0xFF, 0xE0, 0x00, 0x7F, 0xC7, 0xFC, 0x00, 0x0F, 0xFF, 0xFC, 0x00,
    0x07, 0xFD, 0xFF, 0x00, 0x01, 0xFF, 0xFF, 0x80, 0x00, 0xFF, 0xBF, 0xE0,
    0x00, 0x3F, 0xFF, 0xF0, 0x00, 0x0F, 0xFF, 0xFC, 0x00, 0x07, 0xFF, 0xFE,
    0x00, 0x01, 0xFF, 0xFF, 0x00, 0x00, 0xFF, 0xFF, 0xC0, 0x00, 0x3F, 0xFF,
    0xE0, 0x00, 0x1F, 0xFF, 0xF8, 0x00, 0x03, 0xFF, 0xF8, 0x00, 0x03, 0xFF,
    0xFF, 0x00, 0x00, 0x7F, 0xFF, 0x00, 0x00, 0x7F, 0xFF, 0xE0, 0x00, 0x0F,
    0xFF, 0xE0, 0x00, 0x0F, 0xFF, 0xFC, 0x00, 0x00, 0xFF, 0xF8, 0x00, 0x01,
    0xFF, 0xFF, 0x80, 0x00, 0x1F, 0xFF, 0x00, 0x00, 0x3F, 0xFF, 0xF0, 0x00,
    0x03, 0xFF, 0xE0, 0x00, 0x07, 0xFF, 0xFE, 0x00, 0x00, 0x3F, 0xF8, 0x00,
    0x00, 0xFF, 0xFF, 0xC0, 0x00, 0x07, 0xFF, 0x00, 0x00, 0x1F, 0xF0, 0x00,
    0x00, 0x00, 0x00, 0x00, 0x00, 0x00, 0x00, 0x00, 0x00, 0x00, 0x00, 0x00,
    0x3F, 0xF8, 0x00, 0x00, 0x00, 0x03, 0xFF, 0xFF, 0xE0, 0x00, 0x00, 0x00,
    0x1F, 0xFF, 0xFF, 0x80, 0x00, 0x00, 0x00, 0xFF, 0xFF, 0xFC, 0x00, 0x00,
    0x00, 0x07, 0xFF, 0xFF, 0xF0, 0x00, 0x00, 0x00, 0x3F, 0xFF, 0xFF, 0x80,
    0x00, 0x00, 0x01, 0xFF, 0xFF, 0xFE, 0x00, 0x00, 0x00, 0x0F, 0xFF, 0xFF,
    0xF8, 0x00, 0x00, 0x00, 0x7F, 0xFF, 0xFF, 0xC0, 0x00, 0x00, 0x03, 0xFF,
    0xFF, 0xFF, 0x00, 0x00, 0x00, 0x1F, 0xFF, 0xFF, 0xF8, 0x00, 0x00, 0x00,
    0xFF, 0xFF, 0xFF, 0xE0, 0x00, 0x00, 0x07, 0xFF, 0xFF, 0xFF, 0x80, 0x00,
    0x00, 0x3F, 0xFF, 0xFF, 0xFC, 0x00, 0x00, 0x01, 0xFF, 0xFF, 0xFF, 0xF0,
    0x00, 0x00, 0x0F, 0xFF, 0xFD, 0xFF, 0xC0, 0x00, 0x00, 0x7F, 0xFF, 0xE7,
    0xFE, 0x00, 0x00, 0x03, 0xFF, 0xFF, 0x3F, 0xF8, 0x00, 0x00, 0x1F, 0xFF,
    0xF8, 0xFF, 0xC0, 0x00, 0x00, 0xFF, 0xFF, 0xC3, 0xFF, 0x00, 0x00, 0x07,
    0xFF, 0xFE, 0x1F, 0xFC, 0x00, 0x00, 0x3F, 0xFF, 0xF0, 0x7F, 0xE0, 0x00,
    0x01, 0xFF, 0xFF, 0x83, 0xFF, 0x80, 0x00, 0x0F, 0xFF, 0xFC, 0x0F, 0xFE,
    0x00, 0x00, 0x7F, 0xFF, 0xE0, 0x3F, 0xF0, 0x00, 0x03, 0xFF, 0xFF, 0x01,
    0xFF, 0xC0, 0x00, 0x1F, 0xFF, 0xF8, 0x07, 0xFE, 0x00, 0x00, 0xFF, 0xFF,
    0xC0, 0x3F, 0xF8, 0x00, 0x07, 0xFF, 0xFE, 0x00, 0xFF, 0xE0, 0x00, 0x3F,
    0xFF, 0xF0, 0x03, 0xFF, 0x00, 0x01, 0xFF, 0xFF, 0x80, 0x1F, 0xFC, 0x00,
    0x0F, 0xFF, 0xFC, 0x00, 0x7F, 0xE0, 0x00, 0x7F, 0xFF, 0xE0, 0x01, 0xFF,
    0x80, 0x03, 0xFF, 0xFF, 0x00, 0x0F, 0xFE, 0x00, 0x1F, 0xFF, 0xF8, 0x00,
    0x3F, 0xF0, 0x00, 0xFF, 0xFF, 0xC0, 0x01, 0xFF, 0xC0, 0x07, 0xFF, 0xFE,
    0x00, 0x07, 0xFF, 0x00, 0x3F, 0xFF, 0xF0, 0x00, 0x1F, 0xF8, 0x01, 0xFF,
    0xFF, 0x80, 0x00, 0xFF, 0xE0, 0x0F, 0xFF, 0xFC, 0x00, 0x03, 0xFF, 0x00,
    0x7F, 0xFF, 0xE0, 0x00, 0x1F, 0xFC, 0x03, 0xFF, 0xFF, 0x00, 0x00, 0x7F,
    0xF0, 0x1F, 0xFF, 0xF8, 0x00, 0x01, 0xFF, 0x80, 0xFF, 0xFF, 0xC0, 0x00,
    0x0F, 0xFE, 0x07, 0xFF, 0xFE, 0x00, 0x00, 0x3F, 0xF0, 0x3F, 0xFF, 0xF0,
    0x00, 0x00, 0xFF, 0xC1, 0xFF, 0xFF, 0x80, 0x00, 0x07, 0xFF, 0x0F, 0xFF,
    0xFC, 0x00, 0x00, 0x1F, 0xF8, 0x7F, 0xFF, 0xE0, 0x00, 0x00, 0xFF, 0xE3,
    0xFF, 0xFF, 0x00, 0x00, 0x03, 0xFF, 0x9F, 0xFF, 0xF8, 0x00, 0x00, 0x0F,
    0xFC, 0xFF, 0xFF, 0xC0, 0x00, 0x00, 0x7F, 0xF7, 0xFF, 0xFE, 0x00, 0x00,
    0x01, 0xFF, 0xBF, 0xFF, 0xF0, 0x00, 0x00, 0x07, 0xFF, 0xFF, 0xFF, 0x80,
    0x00, 0x00, 0x3F, 0xFF, 0xFF, 0xFC, 0x00, 0x00, 0x00, 0xFF, 0xFF, 0xFF,
    0xE0, 0x00, 0x00, 0x07, 0xFF, 0xFF, 0xFF, 0x00, 0x00, 0x00, 0x1F, 0xFF,
    0xFF, 0xF8, 0x00, 0x00, 0x00, 0x7F, 0xFF, 0xFF, 0xC0, 0x00, 0x00, 0x03,
    0xFF, 0xFF, 0xFE, 0x00, 0x00, 0x00, 0x0F, 0xFF, 0xFF, 0xF0, 0x00, 0x00,
    0x00, 0x7F, 0xFF, 0xFF, 0x80, 0x00, 0x00, 0x01, 0xFF, 0xFF, 0xFC, 0x00,
    0x00, 0x00, 0x07, 0xFF, 0xFF, 0xE0, 0x00, 0x00, 0x00, 0x3F, 0xFF, 0xFF,
    0x00, 0x00, 0x00, 0x00, 0xFF, 0xFF, 0xF8, 0x00, 0x00, 0x00, 0x03, 0xFF,
    0xFF, 0xC0, 0x00, 0x00, 0x00, 0x1F, 0xFC, 0x00, 0x00, 0x00, 0x3F, 0xFF,
    0x00, 0x00, 0x00, 0x00, 0x00, 0x00, 0xFF, 0xFF, 0xFC, 0x00, 0x00, 0x00,
    0x00, 0x01, 0xFF, 0xFF, 0xFF, 0xE0, 0x00, 0x00, 0x00, 0x01, 0xFF, 0xFF,
    0xFF, 0xFF, 0x00, 0x00, 0x00, 0x01, 0xFF, 0xFF, 0xFF, 0xFF, 0xE0, 0x00,
    0x00, 0x00, 0xFF, 0xFF, 0xFF, 0xFF, 0xFE, 0x00, 0x00, 0x00, 0xFF, 0xFF,
    0xFF, 0xFF, 0xFF, 0xC0, 0x00, 0x00, 0x7F, 0xFF, 0xFF, 0xFF, 0xFF, 0xFC,
    0x00, 0x00, 0x3F, 0xFF, 0xF0, 0x01, 0xFF, 0xFF, 0x80, 0x00, 0x1F, 0xFF,
    0xC0, 0x00, 0x0F, 0xFF, 0xF0, 0x00, 0x0F, 0xFF, 0xC0, 0x00, 0x00, 0xFF,
    0xFC, 0x00, 0x03, 0xFF, 0xC0, 0x00, 0x00, 0x0F, 0xFF, 0x80, 0x01, 0xFF,
    0xE0, 0x00, 0x00, 0x00, 0xFF, 0xF0, 0x00, 0xFF, 0xF0, 0x00, 0x00, 0x00,
    0x1F, 0xFE, 0x00, 0x3F, 0xF8, 0x00, 0x00, 0x00, 0x03, 0xFF, 0x80, 0x1F,
    0xFC, 0x00, 0x00, 0x00, 0x00, 0x7F, 0xF0, 0x0F, 0xFE, 0x00, 0x00, 0x00,
    0x00, 0x1F, 0xFC, 0x03, 0xFF, 0x00, 0x00, 0x00, 0x00, 0x03, 0xFF, 0x81,
    0xFF, 0x80, 0x00, 0x00, 0x00, 0x00, 0x7F, 0xE0, 0x7F, 0xE0, 0x00, 0x00,
    0x00, 0x00, 0x1F, 0xFC, 0x1F, 0xF0, 0x00, 0x00, 0x00, 0x00, 0x03, 0xFF,
    0x0F, 0xFC, 0x00, 0x00, 0x00, 0x00, 0x00, 0xFF, 0xC3, 0xFE, 0x00, 0x00,
    0x00, 0x00, 0x00, 0x1F, 0xF0, 0xFF, 0x80, 0x00, 0x00, 0x00, 0x00, 0x07,
    0xFE, 0x7F, 0xE0, 0x00, 0x00, 0x00, 0x00, 0x00, 0xFF, 0x9F, 0xF0, 0x00,
    0x00, 0x00, 0x00, 0x00, 0x3F, 0xE7, 0xFC, 0x00, 0x00, 0x00, 0x00, 0x00,
    0x0F, 0xF9, 0xFF, 0x00, 0x00, 0x00, 0x00, 0x00, 0x03, 0xFF, 0x7F, 0xC0,
    0x00, 0x00, 0x00, 0x00, 0x00, 0xFF, 0xFF, 0xF0, 0x00, 0x00, 0x00, 0x00,
    0x00, 0x1F, 0xFF, 0xF8, 0x00, 0x00, 0x00, 0x00, 0x00, 0x07, 0xFF, 0xFE,
    0x00, 0x00, 0x00, 0x00, 0x00, 0x01, 0xFF, 0xFF, 0x80, 0x00, 0x00, 0x00,
    0x00, 0x00, 0x7F, 0xFF, 0xE0, 0x00, 0x00, 0x00, 0x00, 0x00, 0x1F, 0xFF,
    0xF8, 0x00, 0x00, 0x00, 0x00, 0x00, 0x07, 0xFF, 0xFE, 0x00, 0x00, 0x00,
    0x00, 0x00, 0x01, 0xFF, 0xFF, 0x80, 0x00, 0x00, 0x00, 0x00, 0x00, 0x7F,
    0xFF, 0xE0, 0x00, 0x00, 0x00, 0x00, 0x00, 0x1F, 0xFF, 0xF8, 0x00, 0x00,
    0x00, 0x00, 0x00, 0x07, 0xFF, 0xFE, 0x00, 0x00, 0x00, 0x00, 0x00, 0x01,
    0xFF, 0xFF, 0x80, 0x00, 0x00, 0x00, 0x00, 0x00, 0x7F, 0xFF, 0xE0, 0x00,
    0x00, 0x00, 0x00, 0x00, 0x3F, 0xFF, 0xF8, 0x00, 0x00, 0x00, 0x00, 0x00,
    0x0F, 0xFB, 0xFF, 0x00, 0x00, 0x00, 0x00, 0x00, 0x03, 0xFE, 0x7F, 0xC0,
    0x00, 0x00, 0x00, 0x00, 0x00, 0xFF, 0x9F, 0xF0, 0x00, 0x00, 0x00, 0x00,
    0x00, 0x3F, 0xE7, 0xFC, 0x00, 0x00, 0x00, 0x00, 0x00, 0x1F, 0xF9, 0xFF,
    0x00, 0x00, 0x00, 0x00, 0x00, 0x07, 0xFC, 0x7F, 0xE0, 0x00, 0x00, 0x00,
    0x00, 0x01, 0xFF, 0x0F, 0xF8, 0x00, 0x00, 0x00, 0x00, 0x00, 0xFF, 0xC3,
    0xFF, 0x00, 0x00, 0x00, 0x00, 0x00, 0x3F, 0xE0, 0xFF, 0xC0, 0x00, 0x00,
    0x00, 0x00, 0x1F, 0xF8, 0x1F, 0xF0, 0x00, 0x00, 0x00, 0x00, 0x07, 0xFE,
    0x07, 0xFE, 0x00, 0x00, 0x00, 0x00, 0x03, 0xFF, 0x00, 0xFF, 0xC0, 0x00,
    0x00, 0x00, 0x00, 0xFF, 0xC0, 0x3F, 0xF0, 0x00, 0x00, 0x00, 0x00, 0x7F,
    0xE0, 0x07, 0xFE, 0x00, 0x00, 0x00, 0x00, 0x1F, 0xF8, 0x01, 0xFF, 0xC0,
    0x00, 0x00, 0x00, 0x0F, 0xFC, 0x00, 0x3F, 0xF8, 0x00, 0x00, 0x00, 0x07,
    0xFE, 0x00, 0x0F, 0xFF, 0x00, 0x00, 0x00, 0x03, 0xFF, 0x80, 0x01, 0xFF,
    0xE0, 0x00, 0x00, 0x03, 0xFF, 0xC0, 0x00, 0x3F, 0xFE, 0x00, 0x00, 0x01,
    0xFF, 0xE0, 0x00, 0x07, 0xFF, 0xF0, 0x00, 0x01, 0xFF, 0xF0, 0x00, 0x00,
    0xFF, 0xFF, 0xC0, 0x07, 0xFF, 0xF8, 0x00, 0x00, 0x1F, 0xFF, 0xFF, 0xFF,
    0xFF, 0xFC, 0x00, 0x00, 0x03, 0xFF, 0xFF, 0xFF, 0xFF, 0xFE, 0x00, 0x00,
    0x00, 0x7F, 0xFF, 0xFF, 0xFF, 0xFF, 0x00, 0x00, 0x00, 0x07, 0xFF, 0xFF,
    0xFF, 0xFF, 0x00, 0x00, 0x00, 0x00, 0x7F, 0xFF, 0xFF, 0xFF, 0x00, 0x00,
    0x00, 0x00, 0x07, 0xFF, 0xFF, 0xFF, 0x00, 0x00, 0x00, 0x00, 0x00, 0x3F,
    0xFF, 0xFF, 0x00, 0x00, 0x00, 0x00, 0x00, 0x00, 0xFF, 0xF8, 0x00, 0x00,
    0x00, 0xFF, 0xFF, 0xFF, 0xFF, 0xE0, 0x00, 0x3F, 0xFF, 0xFF, 0xFF, 0xFF,
    0x80, 0x0F, 0xFF, 0xFF, 0xFF, 0xFF, 0xF8, 0x03, 0xFF, 0xFF, 0xFF, 0xFF,
    0xFF, 0x80, 0xFF, 0xFF, 0xFF, 0xFF, 0xFF, 0xF0, 0x3F, 0xFF, 0xFF, 0xFF,
    0xFF, 0xFE, 0x0F, 0xFF, 0xFF, 0xFF, 0xFF, 0xFF, 0xC3, 0xFF, 0xFF, 0xFF,
    0xFF, 0xFF, 0xF8, 0xFF, 0x80, 0x00, 0x00, 0x7F, 0xFE, 0x3F, 0xE0, 0x00,
    0x00, 0x03, 0xFF, 0xCF, 0xF8, 0x00, 0x00, 0x00, 0x7F, 0xF3, 0xFE, 0x00,
    0x00, 0x00, 0x0F, 0xFE, 0xFF, 0x80, 0x00, 0x00, 0x01, 0xFF, 0xBF, 0xE0,
    0x00, 0x00, 0x00, 0x3F, 0xEF, 0xF8, 0x00, 0x00, 0x00, 0x0F, 0xFF, 0xFE,
    0x00, 0x00, 0x00, 0x03, 0xFF, 0xFF, 0x80, 0x00, 0x00, 0x00, 0x7F, 0xFF,
    0xE0, 0x00, 0x00, 0x00, 0x1F, 0xFF, 0xF8, 0x00, 0x00, 0x00, 0x07, 0xFF,
    0xFE, 0x00, 0x00, 0x00, 0x01, 0xFF, 0xFF, 0x80, 0x00, 0x00, 0x00, 0x7F,
    0xFF, 0xE0, 0x00, 0x00, 0x00, 0x1F, 0xFF, 0xF8, 0x00, 0x00, 0x00, 0x07,
    0xFF, 0xFE, 0x00, 0x00, 0x00, 0x03, 0xFF, 0xFF, 0x80, 0x00, 0x00, 0x00,
    0xFF, 0xBF, 0xE0, 0x00, 0x00, 0x00, 0x3F, 0xEF, 0xF8, 0x00, 0x00, 0x00,
    0x1F, 0xFB, 0xFE, 0x00, 0x00, 0x00, 0x0F, 0xFE, 0xFF, 0x80, 0x00, 0x00,
    0x07, 0xFF, 0x3F, 0xE0, 0x00, 0x00, 0x07, 0xFF, 0xCF, 0xF8, 0x00, 0x00,
    0x0F, 0xFF, 0xE3, 0xFF, 0xFF, 0xFF, 0xFF, 0xFF, 0xF0, 0xFF, 0xFF, 0xFF,
    0xFF, 0xFF, 0xFC, 0x3F, 0xFF, 0xFF, 0xFF, 0xFF, 0xFE, 0x0F, 0xFF, 0xFF,
    0xFF, 0xFF, 0xFF, 0x03, 0xFF, 0xFF, 0xFF, 0xFF, 0xFF, 0x80, 0xFF, 0xFF,
    0xFF, 0xFF, 0xFF, 0x80, 0x3F, 0xFF, 0xFF, 0xFF, 0xFF, 0x80, 0x0F, 0xFF,
    0xFF, 0xFF, 0xFF, 0x00, 0x03, 0xFE, 0x00, 0x00, 0x00, 0x00, 0x00, 0xFF,
    0x80, 0x00, 0x00, 0x00, 0x00, 0x3F, 0xE0, 0x00, 0x00, 0x00, 0x00, 0x0F,
    0xF8, 0x00, 0x00, 0x00, 0x00, 0x03, 0xFE, 0x00, 0x00, 0x00, 0x00, 0x00,
    0xFF, 0x80, 0x00, 0x00, 0x00, 0x00, 0x3F, 0xE0, 0x00, 0x00, 0x00, 0x00,
    0x0F, 0xF8, 0x00, 0x00, 0x00, 0x00, 0x03, 0xFE, 0x00, 0x00, 0x00, 0x00,
    0x00, 0xFF, 0x80, 0x00, 0x00, 0x00, 0x00, 0x3F, 0xE0, 0x00, 0x00, 0x00,
    0x00, 0x0F, 0xF8, 0x00, 0x00, 0x00, 0x00, 0x03, 0xFE, 0x00, 0x00, 0x00,
    0x00, 0x00, 0xFF, 0x80, 0x00, 0x00, 0x00, 0x00, 0x3F, 0xE0, 0x00, 0x00,
    0x00, 0x00, 0x0F, 0xF8, 0x00, 0x00, 0x00, 0x00, 0x03, 0xFE, 0x00, 0x00,
    0x00, 0x00, 0x00, 0xFF, 0x80, 0x00, 0x00, 0x00, 0x00, 0x3F, 0xE0, 0x00,
    0x00, 0x00, 0x00, 0x0F, 0xF8, 0x00, 0x00, 0x00, 0x00, 0x03, 0xFE, 0x00,
    0x00, 0x00, 0x00, 0x00, 0xFF, 0x80, 0x00, 0x00, 0x00, 0x00, 0x3F, 0xE0,
    0x00, 0x00, 0x00, 0x00, 0x0F, 0xF8, 0x00, 0x00, 0x00, 0x00, 0x03, 0xFE,
    0x00, 0x00, 0x00, 0x00, 0x00, 0xFF, 0x80, 0x00, 0x00, 0x00, 0x00, 0x3F,
    0xE0, 0x00, 0x00, 0x00, 0x00, 0x0F, 0xF8, 0x00, 0x00, 0x00, 0x00, 0x03,
    0xFE, 0x00, 0x00, 0x00, 0x00, 0x00, 0x00, 0x00, 0x00, 0x3F, 0xFF, 0x00,
    0x00, 0x00, 0x00, 0x00, 0x00, 0xFF, 0xFF, 0xFC, 0x00, 0x00, 0x00, 0x00,
    0x01, 0xFF, 0xFF, 0xFF, 0xE0, 0x00, 0x00, 0x00, 0x01, 0xFF, 0xFF, 0xFF,
    0xFF, 0x00, 0x00, 0x00, 0x01, 0xFF, 0xFF, 0xFF, 0xFF, 0xE0, 0x00, 0x00,
    0x00, 0xFF, 0xFF, 0xFF, 0xFF, 0xFE, 0x00, 0x00, 0x00, 0xFF, 0xFF, 0xFF,
    0xFF, 0xFF, 0xC0, 0x00, 0x00, 0x7F, 0xFF, 0xFF, 0xFF, 0xFF, 0xFC, 0x00,
    0x00, 0x3F, 0xFF, 0xF0, 0x01, 0xFF, 0xFF, 0x80, 0x00, 0x1F, 0xFF, 0xC0,
    0x00, 0x0F, 0xFF, 0xF0, 0x00, 0x0F, 0xFF, 0xC0, 0x00, 0x00, 0xFF, 0xFC,
    0x00, 0x03, 0xFF, 0xC0, 0x00, 0x00, 0x0F, 0xFF, 0x80, 0x01, 0xFF, 0xC0,
    0x00, 0x00, 0x00, 0xFF, 0xF0, 0x00, 0xFF, 0xE0, 0x00, 0x00, 0x00, 0x1F,
    0xFE, 0x00, 0x3F, 0xF0, 0x00, 0x00, 0x00, 0x03, 0xFF, 0x80, 0x1F, 0xF8,
    0x00, 0x00, 0x00, 0x00, 0x7F, 0xF0, 0x0F, 0xFC, 0x00, 0x00, 0x00, 0x00,
    0x1F, 0xFC, 0x03, 0xFF, 0x00, 0x00, 0x00, 0x00, 0x03, 0xFF, 0x81, 0xFF,
    0x80, 0x00, 0x00, 0x00, 0x00, 0x7F, 0xE0, 0x7F, 0xE0, 0x00, 0x00, 0x00,
    0x00, 0x1F, 0xF8, 0x1F, 0xF0, 0x00, 0x00, 0x00, 0x00, 0x03, 0xFF, 0x0F,
    0xFC, 0x00, 0x00, 0x00, 0x00, 0x00, 0xFF, 0xC3, 0xFE, 0x00, 0x00, 0x00,
    0x00, 0x00, 0x1F, 0xF0, 0xFF, 0x80, 0x00, 0x00, 0x00, 0x00, 0x07, 0xFE,
    0x7F, 0xE0, 0x00, 0x00, 0x00, 0x00, 0x00, 0xFF, 0x9F, 0xF0, 0x00, 0x00,
    0x00, 0x00, 0x00, 0x3F, 0xE7, 0xFC, 0x00, 0x00, 0x00, 0x00, 0x00, 0x0F,
    0xF9, 0xFF, 0x00, 0x00, 0x00, 0x00, 0x00, 0x03, 0xFE, 0x7F, 0xC0, 0x00,
    0x00, 0x00, 0x00, 0x00, 0xFF, 0xFF, 0xF0, 0x00, 0x00, 0x00, 0x00, 0x00,
    0x1F, 0xFF, 0xF8, 0x00, 0x00, 0x00, 0x00, 0x00, 0x07, 0xFF, 0xFE, 0x00,
    0x00, 0x00, 0x00, 0x00, 0x01, 0xFF, 0xFF, 0x80, 0x00, 0x00, 0x00, 0x00,
    0x00, 0x7F, 0xFF, 0xE0, 0x00, 0x00, 0x00, 0x00, 0x00, 0x1F, 0xFF, 0xF8,
    0x00, 0x00, 0x00, 0x00, 0x00, 0x07, 0xFF, 0xFE, 0x00, 0x00, 0x00, 0x00,
    0x00, 0x01, 0xFF, 0xFF, 0x80, 0x00, 0x00, 0x00, 0x00, 0x00, 0x7F, 0xFF,
    0xE0, 0x00, 0x00, 0x00, 0x00, 0x00, 0x1F, 0xFF, 0xF8, 0x00, 0x00, 0x00,
    0x00, 0x00, 0x07, 0xFF, 0xFE, 0x00, 0x00, 0x00, 0x00, 0x00, 0x01, 0xFF,
    0xFF, 0x80, 0x00, 0x00, 0x00, 0x00, 0x00, 0x7F, 0xFF, 0xE0, 0x00, 0x00,
    0x00, 0x00, 0x00, 0x3F, 0xFF, 0xF8, 0x00, 0x00, 0x00, 0x00, 0x00, 0x0F,
    0xFB, 0xFE, 0x00, 0x00, 0x00, 0x00, 0x00, 0x03, 0xFE, 0x7F, 0xC0, 0x00,
    0x00, 0x00, 0x00, 0x00, 0xFF, 0x9F, 0xF0, 0x00, 0x00, 0x00, 0x00, 0x00,
    0x3F, 0xE7, 0xFC, 0x00, 0x00, 0x00, 0x00, 0x00, 0x1F, 0xF9, 0xFF, 0x00,
    0x00, 0x00, 0x00, 0x00, 0x07, 0xFC, 0x7F, 0xE0, 0x00, 0x00, 0x00, 0x00,
    0x01, 0xFF, 0x0F, 0xF8, 0x00, 0x00, 0x00, 0x00, 0x00, 0xFF, 0xC3, 0xFE,
    0x00, 0x00, 0x00, 0x00, 0x00, 0x3F, 0xF0, 0xFF, 0xC0, 0x00, 0x00, 0x03,
    0x00, 0x0F, 0xF8, 0x1F, 0xF0, 0x00, 0x00, 0x01, 0xE0, 0x07, 0xFE, 0x07,
    0xFE, 0x00, 0x00, 0x00, 0xFE, 0x03, 0xFF, 0x00, 0xFF, 0xC0, 0x00, 0x00,
    0x7F, 0xC0, 0xFF, 0xC0, 0x3F, 0xF0, 0x00, 0x00, 0x3F, 0xF8, 0x7F, 0xE0,
    0x07, 0xFE, 0x00, 0x00, 0x0F, 0xFF, 0x3F, 0xF8, 0x01, 0xFF, 0xC0, 0x00,
    0x01, 0xFF, 0xFF, 0xFC, 0x00, 0x3F, 0xF8, 0x00, 0x00, 0x3F, 0xFF, 0xFF,
    0x00, 0x0F, 0xFF, 0x00, 0x00, 0x03, 0xFF, 0xFF, 0x80, 0x01, 0xFF, 0xF0,
    0x00, 0x00, 0x7F, 0xFF, 0xC0, 0x00, 0x3F, 0xFE, 0x00, 0x00, 0x0F, 0xFF,
    0xE0, 0x00, 0x07, 0xFF, 0xF0, 0x00, 0x01, 0xFF, 0xF8, 0x00, 0x00, 0xFF,
    0xFF, 0xC0, 0x07, 0xFF, 0xFE, 0x00, 0x00, 0x1F, 0xFF, 0xFF, 0xFF, 0xFF,
    0xFF, 0xE0, 0x00, 0x03, 0xFF, 0xFF, 0xFF, 0xFF, 0xFF, 0xFC, 0x00, 0x00,
    0x7F, 0xFF, 0xFF, 0xFF, 0xFF, 0xFF, 0x80, 0x00, 0x07, 0xFF, 0xFF, 0xFF,
    0xFF, 0xFF, 0xF8, 0x00, 0x00, 0xFF, 0xFF, 0xFF, 0xFF, 0x1F, 0xFF, 0x00,
    0x00, 0x07, 0xFF, 0xFF, 0xFF, 0x03, 0xFF, 0xE0, 0x00, 0x00, 0x7F, 0xFF,
    0xFE, 0x00, 0x3F, 0xF8, 0x00, 0x00, 0x00, 0xFF, 0xF8, 0x00, 0x07, 0xFC,
    0x00, 0x00, 0x00, 0x00, 0x00, 0x00, 0x00, 0xFE, 0x00, 0x00, 0x00, 0x00,
    0x00, 0x00, 0x00, 0x1F, 0x80, 0x00, 0x00, 0x00, 0x00, 0x00, 0x00, 0x01,
    0xC0, 0x00, 0x00, 0x00, 0x00, 0x00, 0x00, 0x00, 0x20, 0xFF, 0xFF, 0xFF,
    0xFF, 0xF8, 0x00, 0x01, 0xFF, 0xFF, 0xFF, 0xFF, 0xFF, 0x00, 0x03, 0xFF,
    0xFF, 0xFF, 0xFF, 0xFF, 0x80, 0x07, 0xFF, 0xFF, 0xFF, 0xFF, 0xFF, 0xC0,
    0x0F, 0xFF, 0xFF, 0xFF, 0xFF, 0xFF, 0xC0, 0x1F, 0xFF, 0xFF, 0xFF, 0xFF,
    0xFF, 0xC0, 0x3F, 0xFF, 0xFF, 0xFF, 0xFF, 0xFF, 0xC0, 0x7F, 0xFF, 0xFF,
    0xFF, 0xFF, 0xFF, 0xC0, 0xFF, 0x80, 0x00, 0x00, 0x1F, 0xFF, 0xC1, 0xFF,
    0x00, 0x00, 0x00, 0x07, 0xFF, 0x83, 0xFE, 0x00, 0x00, 0x00, 0x03, 0xFF,
    0x87, 0xFC, 0x00, 0x00, 0x00, 0x03, 0xFF, 0x0F, 0xF8, 0x00, 0x00, 0x00,
    0x07, 0xFE, 0x1F, 0xF0, 0x00, 0x00, 0x00, 0x07, 0xFE, 0x3F, 0xE0, 0x00,
    0x00, 0x00, 0x0F, 0xFC, 0x7F, 0xC0, 0x00, 0x00, 0x00, 0x0F, 0xF8, 0xFF,
    0x80, 0x00, 0x00, 0x00, 0x1F, 0xF1, 0xFF, 0x00, 0x00, 0x00, 0x00, 0x3F,
    0xE3, 0xFE, 0x00, 0x00, 0x00, 0x00, 0x7F, 0xC7, 0xFC, 0x00, 0x00, 0x00,
    0x00, 0xFF, 0x8F, 0xF8, 0x00, 0x00, 0x00, 0x01, 0xFF, 0x1F, 0xF0, 0x00,
    0x00, 0x00, 0x03, 0xFE, 0x3F, 0xE0, 0x00, 0x00, 0x00, 0x07, 0xFC, 0x7F,
    0xC0, 0x00, 0x00, 0x00, 0x1F, 0xF0, 0xFF, 0x80, 0x00, 0x00, 0x00, 0x3F,
    0xE1, 0xFF, 0x00, 0x00, 0x00, 0x00, 0x7F, 0xC3, 0xFE, 0x00, 0x00, 0x00,
    0x01, 0xFF, 0x87, 0xFC, 0x00, 0x00, 0x00, 0x07, 0xFE, 0x0F, 0xF8, 0x00,
    0x00, 0x00, 0x1F, 0xF8, 0x1F, 0xF0, 0x00, 0x00, 0x00, 0xFF, 0xF0, 0x3F,
    0xE0, 0x00, 0x00, 0x0F, 0xFF, 0xC0, 0x7F, 0xFF, 0xFF, 0xFF, 0xFF, 0xFF,
    0x00, 0xFF, 0xFF, 0xFF, 0xFF, 0xFF, 0xFC, 0x01, 0xFF, 0xFF, 0xFF, 0xFF,
    0xFF, 0xE0, 0x03, 0xFF, 0xFF, 0xFF, 0xFF, 0xFF, 0x80, 0x07, 0xFF, 0xFF,
    0xFF, 0xFF, 0xFF, 0xC0, 0x0F, 0xFF, 0xFF, 0xFF, 0xFF, 0xFF, 0xC0, 0x1F,
    0xFF, 0xFF, 0xFF, 0xFF, 0xFF, 0xC0, 0x3F, 0xFF, 0xFF, 0xFF, 0xFF, 0xFF,
    0xC0, 0x7F, 0xC0, 0x00, 0x00, 0x0F, 0xFF, 0xC0, 0xFF, 0x80, 0x00, 0x00,
    0x03, 0xFF, 0xC1, 0xFF, 0x00, 0x00, 0x00, 0x03, 0xFF, 0x83, 0xFE, 0x00,
    0x00, 0x00, 0x03, 0xFF, 0x07, 0xFC, 0x00, 0x00, 0x00, 0x03, 0xFF, 0x0F,
    0xF8, 0x00, 0x00, 0x00, 0x07, 0xFE, 0x1F, 0xF0, 0x00, 0x00, 0x00, 0x0F,
    0xFC, 0x3F, 0xE0, 0x00, 0x00, 0x00, 0x0F, 0xF8, 0x7F, 0xC0, 0x00, 0x00,
    0x00, 0x1F, 0xF0, 0xFF, 0x80, 0x00, 0x00, 0x00, 0x3F, 0xE1, 0xFF, 0x00,
    0x00, 0x00, 0x00, 0x7F, 0xC3, 0xFE, 0x00, 0x00, 0x00, 0x00, 0xFF, 0x87,
    0xFC, 0x00, 0x00, 0x00, 0x01, 0xFF, 0x0F, 0xF8, 0x00, 0x00, 0x00, 0x03,
    0xFE, 0x1F, 0xF0, 0x00, 0x00, 0x00, 0x07, 0xFC, 0x3F, 0xE0, 0x00, 0x00,
    0x00, 0x0F, 0xF8, 0x7F, 0xC0, 0x00, 0x00, 0x00, 0x1F, 0xF0, 0xFF, 0x80,
    0x00, 0x00, 0x00, 0x3F, 0xE1, 0xFF, 0x00, 0x00, 0x00, 0x00, 0x7F, 0xC3,
    0xFE, 0x00, 0x00, 0x00, 0x00, 0xFF, 0x87, 0xFC, 0x00, 0x00, 0x00, 0x01,
    0xFF, 0x0F, 0xF8, 0x00, 0x00, 0x00, 0x03, 0xFE, 0x1F, 0xF0, 0x00, 0x00,
    0x00, 0x07, 0xFE, 0x3F, 0xE0, 0x00, 0x00, 0x00, 0x0F, 0xFC, 0x7F, 0xC0,
    0x00, 0x00, 0x00, 0x1F, 0xF8, 0xFF, 0x80, 0x00, 0x00, 0x00, 0x3F, 0xF9,
    0xFF, 0x00, 0x00, 0x00, 0x00, 0x3F, 0xFB, 0xFE, 0x00, 0x00, 0x00, 0x00,
    0x7F, 0xFF, 0xFC, 0x00, 0x00, 0x00, 0x00, 0xFF, 0xF0, 0x00, 0x00, 0x0F,
    0xFF, 0x00, 0x00, 0x00, 0x00, 0x07, 0xFF, 0xFF, 0x80, 0x00, 0x00, 0x01,
    0xFF, 0xFF, 0xFF, 0x80, 0x00, 0x00, 0x3F, 0xFF, 0xFF, 0xFF, 0x00, 0x00,
    0x03, 0xFF, 0xFF, 0xFF, 0xFE, 0x00, 0x00, 0x3F, 0xFF, 0xFF, 0xFF, 0xF8,
    0x00, 0x03, 0xFF, 0xFF, 0xFF, 0xFF, 0xE0, 0x00, 0x3F, 0xFF, 0xFF, 0xFF,
    0xFF, 0x80, 0x03, 0xFF, 0xF0, 0x01, 0xFF, 0xFE, 0x00, 0x3F, 0xFC, 0x00,
    0x01, 0xFF, 0xF8, 0x01, 0xFF, 0x80, 0x00, 0x03, 0xFF, 0xC0, 0x1F, 0xF8,
    0x00, 0x00, 0x0F, 0xFF, 0x00, 0xFF, 0x80, 0x00, 0x00, 0x3F, 0xF8, 0x0F,
    0xFC, 0x00, 0x00, 0x00, 0xFF, 0xE0, 0x7F, 0xC0, 0x00, 0x00, 0x03, 0xFF,
    0x03, 0xFE, 0x00, 0x00, 0x00, 0x1F, 0xF8, 0x3F, 0xE0, 0x00, 0x00, 0x00,
    0x7F, 0xE1, 0xFF, 0x00, 0x00, 0x00, 0x03, 0xFF, 0x0F, 0xF8, 0x00, 0x00,
    0x00, 0x1F, 0xF8, 0x7F, 0xC0, 0x00, 0x00, 0x00, 0x7F, 0xC3, 0xFE, 0x00,
    0x00, 0x00, 0x03, 0xFE, 0x1F, 0xF0, 0x00, 0x00, 0x00, 0x1F, 0xF0, 0xFF,
    0x80, 0x00, 0x00, 0x00, 0x00, 0x07, 0xFE, 0x00, 0x00, 0x00, 0x00, 0x00,
    0x3F, 0xF8, 0x00, 0x00, 0x00, 0x00, 0x00, 0xFF, 0xC0, 0x00, 0x00, 0x00,
    0x00, 0x07, 0xFF, 0x80, 0x00, 0x00, 0x00, 0x00, 0x3F, 0xFF, 0x00, 0x00,
    0x00, 0x00, 0x00, 0xFF, 0xFF, 0x00, 0x00, 0x00, 0x00, 0x07, 0xFF, 0xFF,
    0x00, 0x00, 0x00, 0x00, 0x1F, 0xFF, 0xFF, 0x80, 0x00, 0x00, 0x00, 0x7F,
    0xFF, 0xFF, 0xE0, 0x00, 0x00, 0x01, 0xFF, 0xFF, 0xFF, 0xF0, 0x00, 0x00,
    0x07, 0xFF, 0xFF, 0xFF, 0xF8, 0x00, 0x00, 0x0F, 0xFF, 0xFF, 0xFF, 0xF0,
    0x00, 0x00, 0x1F, 0xFF, 0xFF, 0xFF, 0xE0, 0x00, 0x00, 0x1F, 0xFF, 0xFF,
    0xFF, 0xC0, 0x00, 0x00, 0x1F, 0xFF, 0xFF, 0xFF, 0x00, 0x00, 0x00, 0x07,
    0xFF, 0xFF, 0xFE, 0x00, 0x00, 0x00, 0x03, 0xFF, 0xFF, 0xF0, 0x00, 0x00,
    0x00, 0x00, 0xFF, 0xFF, 0xC0, 0x00, 0x00, 0x00, 0x00, 0xFF, 0xFF, 0x00,
    0x00, 0x00, 0x00, 0x00, 0xFF, 0xF8, 0x00, 0x00, 0x00, 0x00, 0x01, 0xFF,
    0xE0, 0x00, 0x00, 0x00, 0x00, 0x07, 0xFF, 0x00, 0x00, 0x00, 0x00, 0x00,
    0x1F, 0xF8, 0x00, 0x00, 0x00, 0x00, 0x00, 0x7F, 0xE0, 0x00, 0x00, 0x00,
    0x00, 0x03, 0xFF, 0xFF, 0x80, 0x00, 0x00, 0x00, 0x0F, 0xFF, 0xFC, 0x00,
    0x00, 0x00, 0x00, 0x7F, 0xFF, 0xE0, 0x00, 0x00, 0x00, 0x03, 0xFF, 0xFF,
    0x00, 0x00, 0x00, 0x00, 0x1F, 0xFF, 0xFC, 0x00, 0x00, 0x00, 0x00, 0xFF,
    0xFF, 0xE0, 0x00, 0x00, 0x00, 0x07, 0xFD, 0xFF, 0x00, 0x00, 0x00, 0x00,
    0x3F, 0xEF, 0xFC, 0x00, 0x00, 0x00, 0x03, 0xFF, 0x7F, 0xE0, 0x00, 0x00,
    0x00, 0x1F, 0xF3, 0xFF, 0x80, 0x00, 0x00, 0x00, 0xFF, 0x8F, 0xFC, 0x00,
    0x00, 0x00, 0x0F, 0xFC, 0x7F, 0xF0, 0x00, 0x00, 0x00, 0xFF, 0xC1, 0xFF,
    0xE0, 0x00, 0x00, 0x0F, 0xFE, 0x0F, 0xFF, 0x80, 0x00, 0x01, 0xFF, 0xE0,
    0x3F, 0xFF, 0x00, 0x00, 0x3F, 0xFF, 0x00, 0xFF, 0xFF, 0x80, 0x1F, 0xFF,
    0xF0, 0x03, 0xFF, 0xFF, 0xFF, 0xFF, 0xFF, 0x00, 0x0F, 0xFF, 0xFF, 0xFF,
    0xFF, 0xF0, 0x00, 0x3F, 0xFF, 0xFF, 0xFF, 0xFF, 0x00, 0x00, 0xFF, 0xFF,
    0xFF, 0xFF, 0xE0, 0x00, 0x01, 0xFF, 0xFF, 0xFF, 0xFE, 0x00, 0x00, 0x03,
    0xFF, 0xFF, 0xFF, 0x80, 0x00, 0x00, 0x03, 0xFF, 0xFF, 0xE0, 0x00, 0x00,
    0x00, 0x01, 0xFF, 0xF0, 0x00, 0x00, 0xFF, 0xFF, 0xFF, 0xFF, 0xFF, 0xFF,
    0xFF, 0xFF, 0xFF, 0xFF, 0xFF, 0xFF, 0xFF, 0xFF, 0xFF, 0xFF, 0xFF, 0xFF,
    0xFF, 0xFF, 0xFF, 0xFF, 0xFF, 0xFF, 0xFF, 0xFF, 0xFF, 0xFF, 0xFF, 0xFF,
    0xFF, 0xFF, 0xFF, 0xFF, 0xFF, 0xFF, 0xFF, 0xFF, 0xFF, 0xFF, 0xFF, 0xFF,
    0xFF, 0xFF, 0xFF, 0xFF, 0xFF, 0xFF, 0xFF, 0xFF, 0xFF, 0xFF, 0xFF, 0xFF,
    0xFF, 0x00, 0x00, 0x01, 0xFF, 0x00, 0x00, 0x00, 0x00, 0x00, 0x03, 0xFE,
    0x00, 0x00, 0x00, 0x00, 0x00, 0x07, 0xFC, 0x00, 0x00, 0x00, 0x00, 0x00,
    0x0F, 0xF8, 0x00, 0x00, 0x00, 0x00, 0x00, 0x1F, 0xF0, 0x00, 0x00, 0x00,
    0x00, 0x00, 0x3F, 0xE0, 0x00, 0x00, 0x00, 0x00, 0x00, 0x7F, 0xC0, 0x00,
    0x00, 0x00, 0x00, 0x00, 0xFF, 0x80, 0x00, 0x00, 0x00, 0x00, 0x01, 0xFF,
    0x00, 0x00, 0x00, 0x00, 0x00, 0x03, 0xFE, 0x00, 0x00, 0x00, 0x00, 0x00,
    0x07, 0xFC, 0x00, 0x00, 0x00, 0x00, 0x00, 0x0F, 0xF8, 0x00, 0x00, 0x00,
    0x00, 0x00, 0x1F, 0xF0, 0x00, 0x00, 0x00, 0x00, 0x00, 0x3F, 0xE0, 0x00,
    0x00, 0x00, 0x00, 0x00, 0x7F, 0xC0, 0x00, 0x00, 0x00, 0x00, 0x00, 0xFF,
    0x80, 0x00, 0x00, 0x00, 0x00, 0x01, 0xFF, 0x00, 0x00, 0x00, 0x00, 0x00,
    0x03, 0xFE, 0x00, 0x00, 0x00, 0x00, 0x00, 0x07, 0xFC, 0x00, 0x00, 0x00,
    0x00, 0x00, 0x0F, 0xF8, 0x00, 0x00, 0x00, 0x00, 0x00, 0x1F, 0xF0, 0x00,
    0x00, 0x00, 0x00, 0x00, 0x3F, 0xE0, 0x00, 0x00, 0x00, 0x00, 0x00, 0x7F,
    0xC0, 0x00, 0x00, 0x00, 0x00, 0x00, 0xFF, 0x80, 0x00, 0x00, 0x00, 0x00,
    0x01, 0xFF, 0x00, 0x00, 0x00, 0x00, 0x00, 0x03, 0xFE, 0x00, 0x00, 0x00,
    0x00, 0x00, 0x07, 0xFC, 0x00, 0x00, 0x00, 0x00, 0x00, 0x0F, 0xF8, 0x00,
    0x00, 0x00, 0x00, 0x00, 0x1F, 0xF0, 0x00, 0x00, 0x00, 0x00, 0x00, 0x3F,
    0xE0, 0x00, 0x00, 0x00, 0x00, 0x00, 0x7F, 0xC0, 0x00, 0x00, 0x00, 0x00,
    0x00, 0xFF, 0x80, 0x00, 0x00, 0x00, 0x00, 0x01, 0xFF, 0x00, 0x00, 0x00,
    0x00, 0x00, 0x03, 0xFE, 0x00, 0x00, 0x00, 0x00, 0x00, 0x07, 0xFC, 0x00,
    0x00, 0x00, 0x00, 0x00, 0x0F, 0xF8, 0x00, 0x00, 0x00, 0x00, 0x00, 0x1F,
    0xF0, 0x00, 0x00, 0x00, 0x00, 0x00, 0x3F, 0xE0, 0x00, 0x00, 0x00, 0x00,
    0x00, 0x7F, 0xC0, 0x00, 0x00, 0x00, 0x00, 0x00, 0xFF, 0x80, 0x00, 0x00,
    0x00, 0x00, 0x01, 0xFF, 0x00, 0x00, 0x00, 0x00, 0x00, 0x03, 0xFE, 0x00,
    0x00, 0x00, 0x00, 0x00, 0x07, 0xFC, 0x00, 0x00, 0x00, 0x00, 0x00, 0x0F,
    0xF8, 0x00, 0x00, 0x00, 0x00, 0x00, 0x1F, 0xF0, 0x00, 0x00, 0x00, 0x00,
    0x00, 0x3F, 0xE0, 0x00, 0x00, 0x00, 0x00, 0x00, 0x7F, 0xC0, 0x00, 0x00,
    0x00, 0x00, 0x00, 0xFF, 0x80, 0x00, 0x00, 0x00, 0x00, 0x01, 0xFF, 0x00,
    0x00, 0x00, 0x00, 0x00, 0x03, 0xFE, 0x00, 0x00, 0x00, 0x00, 0x00, 0x07,
    0xFC, 0x00, 0x00, 0x00, 0x00, 0x00, 0x0F, 0xF8, 0x00, 0x00, 0x00, 0x00,
    0x00, 0x1F, 0xF0, 0x00, 0x00, 0x00, 0x00, 0x00, 0x3F, 0xE0, 0x00, 0x00,
    0x00, 0x00, 0x00, 0x7F, 0xC0, 0x00, 0x00, 0x00, 0x00, 0x00, 0xFF, 0x80,
    0x00, 0x00, 0x00, 0x00, 0x01, 0xFF, 0x00, 0x00, 0x00, 0x00, 0x00, 0x03,
    0xFE, 0x00, 0x00, 0x00, 0x00, 0x00, 0x07, 0xFC, 0x00, 0x00, 0x00, 0x00,
    0x00, 0x0F, 0xF8, 0x00, 0x00, 0x00, 0x00, 0x00, 0x00, 0x00, 0x00, 0x00,
    0x00, 0x00, 0x00, 0x00, 0x00, 0x00, 0x00, 0x3F, 0xE0, 0x00, 0x00, 0x00,
    0x03, 0xFF, 0xFF, 0x00, 0x00, 0x00, 0x00, 0x1F, 0xFF, 0xF8, 0x00, 0x00,
    0x00, 0x00, 0xFF, 0xFF, 0xC0, 0x00, 0x00, 0x00, 0x07, 0xFF, 0xFE, 0x00,
    0x00, 0x00, 0x00, 0x3F, 0xFF, 0xF0, 0x00, 0x00, 0x00, 0x01, 0xFF, 0xFF,
    0x80, 0x00, 0x00, 0x00, 0x0F, 0xFF, 0xFC, 0x00, 0x00, 0x00, 0x00, 0x7F,
    0xFF, 0xE0, 0x00, 0x00, 0x00, 0x03, 0xFF, 0xFF, 0x00, 0x00, 0x00, 0x00,
    0x1F, 0xFF, 0xF8, 0x00, 0x00, 0x00, 0x00, 0xFF, 0xFF, 0xC0, 0x00, 0x00,
    0x00, 0x07, 0xFF, 0xFE, 0x00, 0x00, 0x00, 0x00, 0x3F, 0xFF, 0xF0, 0x00,
    0x00, 0x00, 0x01, 0xFF, 0xFF, 0x80, 0x00, 0x00, 0x00, 0x0F, 0xFF, 0xFC,
    0x00, 0x00, 0x00, 0x00, 0x7F, 0xFF, 0xE0, 0x00, 0x00, 0x00, 0x03, 0xFF,
    0xFF, 0x00, 0x00, 0x00, 0x00, 0x1F, 0xFF, 0xF8, 0x00, 0x00, 0x00, 0x00,
    0xFF, 0xFF, 0xC0, 0x00, 0x00, 0x00, 0x07, 0xFF, 0xFE, 0x00, 0x00, 0x00,
    0x00, 0x3F, 0xFF, 0xF0, 0x00, 0x00, 0x00, 0x01, 0xFF, 0xFF, 0x80, 0x00,
    0x00, 0x00, 0x0F, 0xFF, 0xFC, 0x00, 0x00, 0x00, 0x00, 0x7F, 0xFF, 0xE0,
    0x00, 0x00, 0x00, 0x03, 0xFF, 0xFF, 0x00, 0x00, 0x00, 0x00, 0x1F, 0xFF,
    0xF8, 0x00, 0x00, 0x00, 0x00, 0xFF, 0xFF, 0xC0, 0x00, 0x00, 0x00, 0x07,
    0xFF, 0xFE, 0x00, 0x00, 0x00, 0x00, 0x3F, 0xFF, 0xF0, 0x00, 0x00, 0x00,
    0x01, 0xFF, 0xFF, 0x80, 0x00, 0x00, 0x00, 0x0F, 0xFF, 0xFC, 0x00, 0x00,
    0x00, 0x00, 0x7F, 0xFF, 0xE0, 0x00, 0x00, 0x00, 0x03, 0xFF, 0xFF, 0x00,
    0x00, 0x00, 0x00, 0x1F, 0xFF, 0xF8, 0x00, 0x00, 0x00, 0x00, 0xFF, 0xFF,
    0xC0, 0x00, 0x00, 0x00, 0x07, 0xFF, 0xFE, 0x00, 0x00, 0x00, 0x00, 0x3F,
    0xFF, 0xF0, 0x00, 0x00, 0x00, 0x01, 0xFF, 0xFF, 0x80, 0x00, 0x00, 0x00,
    0x0F, 0xFF, 0xFC, 0x00, 0x00, 0x00, 0x00, 0x7F, 0xFF, 0xE0, 0x00, 0x00,
    0x00, 0x03, 0xFF, 0xFF, 0x00, 0x00, 0x00, 0x00, 0x1F, 0xFF, 0xF8, 0x00,
    0x00, 0x00, 0x00, 0xFF, 0xFF, 0xC0, 0x00, 0x00, 0x00, 0x07, 0xFF, 0xFE,
    0x00, 0x00, 0x00, 0x00, 0x3F, 0xFF, 0xF0, 0x00, 0x00, 0x00, 0x01, 0xFF,
    0xFF, 0x80, 0x00, 0x00, 0x00, 0x0F, 0xFB, 0xFC, 0x00, 0x00, 0x00, 0x00,
    0x7F, 0x9F, 0xF0, 0x00, 0x00, 0x00, 0x07, 0xFC, 0xFF, 0x80, 0x00, 0x00,
    0x00, 0x3F, 0xE7, 0xFC, 0x00, 0x00, 0x00, 0x01, 0xFF, 0x3F, 0xE0, 0x00,
    0x00, 0x00, 0x0F, 0xF9, 0xFF, 0x80, 0x00, 0x00, 0x00, 0xFF, 0x87, 0xFC,
    0x00, 0x00, 0x00, 0x07, 0xFC, 0x3F, 0xF0, 0x00, 0x00, 0x00, 0x7F, 0xE1,
    0xFF, 0x80, 0x00, 0x00, 0x03, 0xFF, 0x07, 0xFE, 0x00, 0x00, 0x00, 0x3F,
    0xF0, 0x3F, 0xF8, 0x00, 0x00, 0x03, 0xFF, 0x80, 0xFF, 0xE0, 0x00, 0x00,
    0x3F, 0xF8, 0x07, 0xFF, 0x80, 0x00, 0x03, 0xFF, 0xC0, 0x1F, 0xFF, 0x00,
    0x00, 0xFF, 0xFC, 0x00, 0x7F, 0xFF, 0x00, 0x3F, 0xFF, 0xC0, 0x01, 0xFF,
    0xFF, 0xFF, 0xFF, 0xFC, 0x00, 0x0F, 0xFF, 0xFF, 0xFF, 0xFF, 0xC0, 0x00,
    0x1F, 0xFF, 0xFF, 0xFF, 0xFC, 0x00, 0x00, 0x7F, 0xFF, 0xFF, 0xFF, 0xC0,
    0x00, 0x01, 0xFF, 0xFF, 0xFF, 0xF8, 0x00, 0x00, 0x03, 0xFF, 0xFF, 0xFF,
    0x80, 0x00, 0x00, 0x03, 0xFF, 0xFF, 0xE0, 0x00, 0x00, 0x00, 0x01, 0xFF,
    0xF0, 0x00, 0x00, 0x7F, 0xC0, 0x00, 0x00, 0x00, 0x00, 0x7F, 0xCF, 0xFC,
    0x00, 0x00, 0x00, 0x00, 0x1F, 0xF9, 0xFF, 0x80, 0x00, 0x00, 0x00, 0x03,
    0xFF, 0x1F, 0xF0, 0x00, 0x00, 0x00, 0x00, 0x7F, 0xC3, 0xFF, 0x00, 0x00,
    0x00, 0x00, 0x1F, 0xF8, 0x7F, 0xE0, 0x00, 0x00, 0x00, 0x03, 0xFF, 0x07,
    0xFC, 0x00, 0x00, 0x00, 0x00, 0x7F, 0xC0, 0xFF, 0xC0, 0x00, 0x00, 0x00,
    0x1F, 0xF8, 0x0F, 0xF8, 0x00, 0x00, 0x00, 0x03, 0xFE, 0x01, 0xFF, 0x00,
    0x00, 0x00, 0x00, 0x7F, 0xC0, 0x3F, 0xF0, 0x00, 0x00, 0x00, 0x1F, 0xF8,
    0x03, 0xFE, 0x00, 0x00, 0x00, 0x03, 0xFE, 0x00, 0x7F, 0xC0, 0x00, 0x00,
    0x00, 0x7F, 0xC0, 0x0F, 0xFC, 0x00, 0x00, 0x00, 0x1F, 0xF8, 0x00, 0xFF,
    0x80, 0x00, 0x00, 0x03, 0xFE, 0x00, 0x1F, 0xF0, 0x00, 0x00, 0x00, 0x7F,
    0xC0, 0x03, 0xFF, 0x00, 0x00, 0x00, 0x1F, 0xF8, 0x00, 0x3F, 0xE0, 0x00,
    0x00, 0x03, 0xFE, 0x00, 0x07, 0xFC, 0x00, 0x00, 0x00, 0x7F, 0xC0, 0x00,
    0xFF, 0xC0, 0x00, 0x00, 0x1F, 0xF8, 0x00, 0x0F, 0xF8, 0x00, 0x00, 0x03,
    0xFE, 0x00, 0x01, 0xFF, 0x00, 0x00, 0x00, 0x7F, 0xC0, 0x00, 0x1F, 0xF0,
    0x00, 0x00, 0x1F, 0xF0, 0x00, 0x03, 0xFE, 0x00, 0x00, 0x03, 0xFE, 0x00,
    0x00, 0x7F, 0xC0, 0x00, 0x00, 0x7F, 0xC0, 0x00, 0x07, 0xFC, 0x00, 0x00,
    0x1F, 0xF0, 0x00, 0x00, 0xFF, 0x80, 0x00, 0x03, 0xFE, 0x00, 0x00, 0x1F,
    0xF0, 0x00, 0x00, 0x7F, 0xC0, 0x00, 0x01, 0xFF, 0x00, 0x00, 0x1F, 0xF0,
    0x00, 0x00, 0x3F, 0xE0, 0x00, 0x03, 0xFE, 0x00, 0x00, 0x07, 0xFC, 0x00,
    0x00, 0x7F, 0xC0, 0x00, 0x00, 0x7F, 0xC0, 0x00, 0x1F, 0xF0, 0x00, 0x00,
    0x0F, 0xF8, 0x00, 0x03, 0xFE, 0x00, 0x00, 0x01, 0xFF, 0x00, 0x00, 0x7F,
    0xC0, 0x00, 0x00, 0x1F, 0xF0, 0x00, 0x1F, 0xF0, 0x00, 0x00, 0x03, 0xFE,
    0x00, 0x03, 0xFE, 0x00, 0x00, 0x00, 0x7F, 0xC0, 0x00, 0x7F, 0x80, 0x00,
    0x00, 0x07, 0xFC, 0x00, 0x1F, 0xF0, 0x00, 0x00, 0x00, 0xFF, 0x80, 0x03,
    0xFE, 0x00, 0x00, 0x00, 0x0F, 0xF0, 0x00, 0x7F, 0x80, 0x00, 0x00, 0x01,
    0xFF, 0x00, 0x1F, 0xF0, 0x00, 0x00, 0x00, 0x3F, 0xE0, 0x03, 0xFE, 0x00,
    0x00, 0x00, 0x03, 0xFC, 0x00, 0x7F, 0x80, 0x00, 0x00, 0x00, 0x7F, 0xC0,
    0x1F, 0xF0, 0x00, 0x00, 0x00, 0x0F, 0xF8, 0x03, 0xFE, 0x00, 0x00, 0x00,
    0x00, 0xFF, 0x00, 0x7F, 0x80, 0x00, 0x00, 0x00, 0x1F, 0xF0, 0x1F, 0xF0,
    0x00, 0x00, 0x00, 0x03, 0xFE, 0x03, 0xFE, 0x00, 0x00, 0x00, 0x00, 0x3F,
    0xC0, 0x7F, 0x80, 0x00, 0x00, 0x00, 0x07, 0xFC, 0x1F, 0xF0, 0x00, 0x00,
    0x00, 0x00, 0xFF, 0x83, 0xFC, 0x00, 0x00, 0x00, 0x00, 0x0F, 0xF0, 0x7F,
    0x80, 0x00, 0x00, 0x00, 0x01, 0xFF, 0x1F, 0xF0, 0x00, 0x00, 0x00, 0x00,
    0x1F, 0xE3, 0xFC, 0x00, 0x00, 0x00, 0x00, 0x03, 0xFC, 0x7F, 0x80, 0x00,
    0x00, 0x00, 0x00, 0x7F, 0xDF, 0xF0, 0x00, 0x00, 0x00, 0x00, 0x07, 0xFB,
    0xFC, 0x00, 0x00, 0x00, 0x00, 0x00, 0xFF, 0x7F, 0x80, 0x00, 0x00, 0x00,
    0x00, 0x1F, 0xFF, 0xF0, 0x00, 0x00, 0x00, 0x00, 0x01, 0xFF, 0xFC, 0x00,
    0x00, 0x00, 0x00, 0x00, 0x3F, 0xFF, 0x80, 0x00, 0x00, 0x00, 0x00, 0x07,
    0xFF, 0xF0, 0x00, 0x00, 0x00, 0x00, 0x00, 0x7F, 0xFC, 0x00, 0x00, 0x00,
    0x00, 0x00, 0x0F, 0xFF, 0x80, 0x00, 0x00, 0x00, 0x00, 0x01, 0xFF, 0xE0,
    0x00, 0x00, 0x00, 0x00, 0x00, 0x1F, 0xFC, 0x00, 0x00, 0x00, 0x00, 0x00,
    0x03, 0xFF, 0x80, 0x00, 0x00, 0x00, 0x00, 0x00, 0x7F, 0xE0, 0x00, 0x00,
    0x00, 0x7F, 0xC0, 0x00, 0x00, 0x03, 0xFE, 0x00, 0x00, 0x00, 0x1F, 0xF3,
    0xFE, 0x00, 0x00, 0x00, 0x1F, 0xF8, 0x00, 0x00, 0x00, 0xFF, 0x9F, 0xF0,
    0x00, 0x00, 0x01, 0xFF, 0xC0, 0x00, 0x00, 0x07, 0xFC, 0xFF, 0xC0, 0x00,
    0x00, 0x0F, 0xFE, 0x00, 0x00, 0x00, 0x7F, 0xE3, 0xFE, 0x00, 0x00, 0x00,
    0x7F, 0xF0, 0x00, 0x00, 0x03, 0xFE, 0x1F, 0xF0, 0x00, 0x00, 0x07, 0xFF,
    0xC0, 0x00, 0x00, 0x1F, 0xF0, 0xFF, 0x80, 0x00, 0x00, 0x3F, 0xFE, 0x00,
    0x00, 0x00, 0xFF, 0x87, 0xFC, 0x00, 0x00, 0x01, 0xFF, 0xF0, 0x00, 0x00,
    0x07, 0xFC, 0x1F, 0xF0, 0x00, 0x00, 0x0F, 0xFF, 0x80, 0x00, 0x00, 0x7F,
    0xC0, 0xFF, 0x80, 0x00, 0x00, 0xFF, 0xFE, 0x00, 0x00, 0x03, 0xFE, 0x07,
    0xFC, 0x00, 0x00, 0x07, 0xFF, 0xF0, 0x00, 0x00, 0x1F, 0xF0, 0x3F, 0xE0,
    0x00, 0x00, 0x3F, 0xFF, 0x80, 0x00, 0x00, 0xFF, 0x80, 0xFF, 0x80, 0x00,
    0x03, 0xFD, 0xFE, 0x00, 0x00, 0x0F, 0xF8, 0x07, 0xFC, 0x00, 0x00, 0x1F,
    0xEF, 0xF0, 0x00, 0x00, 0x7F, 0xC0, 0x3F, 0xE0, 0x00, 0x00, 0xFF, 0x7F,
    0x80, 0x00, 0x03, 0xFE, 0x01, 0xFF, 0x00, 0x00, 0x07, 0xF1, 0xFC, 0x00,
    0x00, 0x1F, 0xF0, 0x07, 0xF8, 0x00, 0x00, 0x7F, 0x8F, 0xF0, 0x00, 0x00,
    0xFF, 0x00, 0x3F, 0xE0, 0x00, 0x03, 0xFC, 0x7F, 0x80, 0x00, 0x0F, 0xF8,
    0x01, 0xFF, 0x00, 0x00, 0x1F, 0xE3, 0xFC, 0x00, 0x00, 0x7F, 0xC0, 0x0F,
    0xF8, 0x00, 0x00, 0xFE, 0x0F, 0xE0, 0x00, 0x03, 0xFE, 0x00, 0x3F, 0xC0,
    0x00, 0x0F, 0xF0, 0x7F, 0x80, 0x00, 0x1F, 0xE0, 0x01, 0xFF, 0x00, 0x00,
    0x7F, 0x83, 0xFC, 0x00, 0x01, 0xFF, 0x00, 0x0F, 0xF8, 0x00, 0x03, 0xFC,
    0x1F, 0xE0, 0x00, 0x0F, 0xF8, 0x00, 0x7F, 0xC0, 0x00, 0x3F, 0xC0, 0x7F,
    0x80, 0x00, 0x7F, 0xC0, 0x01, 0xFE, 0x00, 0x01, 0xFE, 0x03, 0xFC, 0x00,
    0x03, 0xFC, 0x00, 0x0F, 0xF0, 0x00, 0x0F, 0xF0, 0x1F, 0xE0, 0x00, 0x1F,
    0xE0, 0x00, 0x7F, 0xC0, 0x00, 0x7F, 0x00, 0x7F, 0x00, 0x01, 0xFF, 0x00,
    0x03, 0xFE, 0x00, 0x07, 0xF8, 0x03, 0xFC, 0x00, 0x0F, 0xF8, 0x00, 0x0F,
    0xF0, 0x00, 0x3F, 0xC0, 0x1F, 0xE0, 0x00, 0x7F, 0x80, 0x00, 0x7F, 0x80,
    0x01, 0xFE, 0x00, 0xFF, 0x00, 0x03, 0xFC, 0x00, 0x03, 0xFE, 0x00, 0x0F,
    0xE0, 0x03, 0xF8, 0x00, 0x3F, 0xE0, 0x00, 0x1F, 0xF0, 0x00, 0xFF, 0x00,
    0x1F, 0xE0, 0x01, 0xFF, 0x00, 0x00, 0x7F, 0x80, 0x07, 0xF8, 0x00, 0xFF,
    0x00, 0x0F, 0xF0, 0x00, 0x03, 0xFC, 0x00, 0x3F, 0xC0, 0x07, 0xF8, 0x00,
    0x7F, 0x80, 0x00, 0x1F, 0xE0, 0x03, 0xFC, 0x00, 0x1F, 0xE0, 0x03, 0xFC,
    0x00, 0x00, 0xFF, 0x80, 0x1F, 0xE0, 0x00, 0xFF, 0x00, 0x3F, 0xE0, 0x00,
    0x03, 0xFC, 0x00, 0xFF, 0x00, 0x07, 0xF8, 0x01, 0xFE, 0x00, 0x00, 0x1F,
    0xE0, 0x07, 0xF0, 0x00, 0x1F, 0xC0, 0x0F, 0xF0, 0x00, 0x00, 0xFF, 0x00,
    0x7F, 0x80, 0x00, 0xFF, 0x00, 0x7F, 0x80, 0x00, 0x07, 0xFC, 0x03, 0xFC,
    0x00, 0x07, 0xF8, 0x07, 0xFC, 0x00, 0x00, 0x1F, 0xE0, 0x1F, 0xE0, 0x00,
    0x3F, 0xC0, 0x3F, 0xC0, 0x00, 0x00, 0xFF, 0x00, 0xFE, 0x00, 0x00, 0xFE,
    0x01, 0xFE, 0x00, 0x00, 0x07, 0xF8, 0x0F, 0xF0, 0x00, 0x07, 0xF8, 0x0F,
    0xF0, 0x00, 0x00, 0x3F, 0xC0, 0x7F, 0x80, 0x00, 0x3F, 0xC0, 0x7F, 0x80,
    0x00, 0x00, 0xFF, 0x03, 0xFC, 0x00, 0x01, 0xFE, 0x07, 0xF8, 0x00, 0x00,
    0x07, 0xF8, 0x3F, 0xC0, 0x00, 0x07, 0xF8, 0x3F, 0xC0, 0x00, 0x00, 0x3F,
    0xC1, 0xFE, 0x00, 0x00, 0x3F, 0xC1, 0xFE, 0x00, 0x00, 0x01, 0xFE, 0x0F,
    0xF0, 0x00, 0x01, 0xFE, 0x0F, 0xF0, 0x00, 0x00, 0x07, 0xF8, 0x7F, 0x00,
    0x00, 0x07, 0xF0, 0xFF, 0x00, 0x00, 0x00, 0x3F, 0xC7, 0xF8, 0x00, 0x00,
    0x3F, 0xC7, 0xF8, 0x00, 0x00, 0x01, 0xFE, 0x3F, 0xC0, 0x00, 0x01, 0xFE,
    0x3F, 0xC0, 0x00, 0x00, 0x0F, 0xF1, 0xFE, 0x00, 0x00, 0x0F, 0xF1, 0xFE,
    0x00, 0x00, 0x00, 0x3F, 0xCF, 0xE0, 0x00, 0x00, 0x3F, 0x8F, 0xE0, 0x00,
    0x00, 0x01, 0xFE, 0xFF, 0x00, 0x00, 0x01, 0xFE, 0xFF, 0x00, 0x00, 0x00,
    0x0F, 0xF7, 0xF8, 0x00, 0x00, 0x0F, 0xF7, 0xF8, 0x00, 0x00, 0x00, 0x7F,
    0xBF, 0x80, 0x00, 0x00, 0x3F, 0xBF, 0xC0, 0x00, 0x00, 0x01, 0xFF, 0xFC,
    0x00, 0x00, 0x01, 0xFF, 0xFC, 0x00, 0x00, 0x00, 0x0F, 0xFF, 0xE0, 0x00,
    0x00, 0x0F, 0xFF, 0xE0, 0x00, 0x00, 0x00, 0x7F, 0xFF, 0x00, 0x00, 0x00,
    0x7F, 0xFF, 0x00, 0x00, 0x00, 0x03, 0xFF, 0xF0, 0x00, 0x00, 0x01, 0xFF,
    0xF8, 0x00, 0x00, 0x00, 0x0F, 0xFF, 0x80, 0x00, 0x00, 0x0F, 0xFF, 0x80,
    0x00, 0x00, 0x00, 0x7F, 0xFC, 0x00, 0x00, 0x00, 0x7F, 0xFC, 0x00, 0x00,
    0x00, 0x03, 0xFF, 0xE0, 0x00, 0x00, 0x03, 0xFF, 0xE0, 0x00, 0x00, 0x00,
    0x0F, 0xFE, 0x00, 0x00, 0x00, 0x0F, 0xFE, 0x00, 0x00, 0x00, 0x00, 0x7F,
    0xF0, 0x00, 0x00, 0x00, 0x7F, 0xF0, 0x00, 0x00, 0x00, 0x03, 0xFF, 0x80,
    0x00, 0x00, 0x03, 0xFF, 0x80, 0x00, 0x00, 0x00, 0x1F, 0xF8, 0x00, 0x00,
    0x00, 0x0F, 0xFC, 0x00, 0x00, 0x00, 0x00, 0x7F, 0xC0, 0x00, 0x00, 0x00,
    0x7F, 0xC0, 0x00, 0x00, 0x3F, 0xF8, 0x00, 0x00, 0x00, 0x07, 0xFF, 0x0F,
    0xFC, 0x00, 0x00, 0x00, 0x03, 0xFF, 0x07, 0xFF, 0x00, 0x00, 0x00, 0x03,
    0xFF, 0x81, 0xFF, 0x80, 0x00, 0x00, 0x03, 0xFF, 0x80, 0x7F, 0xE0, 0x00,
    0x00, 0x01, 0xFF, 0x80, 0x3F, 0xF8, 0x00, 0x00, 0x01, 0xFF, 0xC0, 0x0F,
    0xFC, 0x00, 0x00, 0x00, 0xFF, 0xC0, 0x03, 0xFF, 0x00, 0x00, 0x00, 0xFF,
    0xC0, 0x01, 0xFF, 0xC0, 0x00, 0x00, 0xFF, 0xE0, 0x00, 0x7F, 0xE0, 0x00,
    0x00, 0x7F, 0xE0, 0x00, 0x1F, 0xF8, 0x00, 0x00, 0x7F, 0xE0, 0x00, 0x0F,
    0xFE, 0x00, 0x00, 0x7F, 0xF0, 0x00, 0x03, 0xFF, 0x00, 0x00, 0x3F, 0xF0,
    0x00, 0x00, 0xFF, 0xC0, 0x00, 0x3F, 0xF0, 0x00, 0x00, 0x7F, 0xF0, 0x00,
    0x3F, 0xF8, 0x00, 0x00, 0x1F, 0xF8, 0x00, 0x1F, 0xF8, 0x00, 0x00, 0x07,
    0xFE, 0x00, 0x1F, 0xF8, 0x00, 0x00, 0x03, 0xFF, 0x80, 0x0F, 0xFC, 0x00,
    0x00, 0x00, 0xFF, 0xC0, 0x0F, 0xFC, 0x00, 0x00, 0x00, 0x3F, 0xF0, 0x0F,
    0xFC, 0x00, 0x00, 0x00, 0x1F, 0xF8, 0x07, 0xFE, 0x00, 0x00, 0x00, 0x07,
    0xFE, 0x07, 0xFE, 0x00, 0x00, 0x00, 0x01, 0xFF, 0x87, 0xFE, 0x00, 0x00,
    0x00, 0x00, 0xFF, 0xC3, 0xFF, 0x00, 0x00, 0x00, 0x00, 0x3F, 0xF3, 0xFF,
    0x00, 0x00, 0x00, 0x00, 0x0F, 0xFF, 0xFF, 0x00, 0x00, 0x00, 0x00, 0x07,
    0xFF, 0xFF, 0x80, 0x00, 0x00, 0x00, 0x01, 0xFF, 0xFF, 0x80, 0x00, 0x00,
    0x00, 0x00, 0x7F, 0xFF, 0x80, 0x00, 0x00, 0x00, 0x00, 0x3F, 0xFF, 0xC0,
    0x00, 0x00, 0x00, 0x00, 0x0F, 0xFF, 0xC0, 0x00, 0x00, 0x00, 0x00, 0x03,
    0xFF, 0xC0, 0x00, 0x00, 0x00, 0x00, 0x01, 0xFF, 0xE0, 0x00, 0x00, 0x00,
    0x00, 0x00, 0xFF, 0xE0, 0x00, 0x00, 0x00, 0x00, 0x00, 0xFF, 0xF0, 0x00,
    0x00, 0x00, 0x00, 0x00, 0x7F, 0xFC, 0x00, 0x00, 0x00, 0x00, 0x00, 0x7F,
    0xFF, 0x00, 0x00, 0x00, 0x00, 0x00, 0x7F, 0xFF, 0xC0, 0x00, 0x00, 0x00,
    0x00, 0x3F, 0xFF, 0xE0, 0x00, 0x00, 0x00, 0x00, 0x3F, 0xFF, 0xF8, 0x00,
    0x00, 0x00, 0x00, 0x3F, 0xF7, 0xFC, 0x00, 0x00, 0x00, 0x00, 0x1F, 0xF9,
    0xFF, 0x00, 0x00, 0x00, 0x00, 0x1F, 0xF8, 0xFF, 0xC0, 0x00, 0x00, 0x00,
    0x1F, 0xF8, 0x3F, 0xF0, 0x00, 0x00, 0x00, 0x0F, 0xFC, 0x1F, 0xF8, 0x00,
    0x00, 0x00, 0x0F, 0xFC, 0x07, 0xFE, 0x00, 0x00, 0x00, 0x0F, 0xFC, 0x01,
    0xFF, 0x80, 0x00, 0x00, 0x07, 0xFE, 0x00, 0xFF, 0xC0, 0x00, 0x00, 0x07,
    0xFE, 0x00, 0x3F, 0xF0, 0x00, 0x00, 0x07, 0xFE, 0x00, 0x0F, 0xFC, 0x00,
    0x00, 0x03, 0xFF, 0x00, 0x07, 0xFE, 0x00, 0x00, 0x03, 0xFF, 0x00, 0x01,
    0xFF, 0x80, 0x00, 0x03, 0xFF, 0x00, 0x00, 0x7F, 0xE0, 0x00, 0x01, 0xFF,
    0x80, 0x00, 0x3F, 0xF0, 0x00, 0x01, 0xFF, 0x80, 0x00, 0x0F, 0xFC, 0x00,
    0x01, 0xFF, 0x80, 0x00, 0x07, 0xFF, 0x00, 0x01, 0xFF, 0xC0, 0x00, 0x01,
    0xFF, 0x80, 0x00, 0xFF, 0xC0, 0x00, 0x00, 0x7F, 0xE0, 0x00, 0xFF, 0xE0,
    0x00, 0x00, 0x3F, 0xF8, 0x00, 0xFF, 0xE0, 0x00, 0x00, 0x0F, 0xFC, 0x00,
    0x7F, 0xE0, 0x00, 0x00, 0x03, 0xFF, 0x00, 0x7F, 0xF0, 0x00, 0x00, 0x01,
    0xFF, 0xC0, 0x7F, 0xF0, 0x00, 0x00, 0x00, 0x7F, 0xE0, 0x3F, 0xF0, 0x00,
    0x00, 0x00, 0x1F, 0xF8, 0x3F, 0xF8, 0x00, 0x00, 0x00, 0x0F, 0xFE, 0x3F,
    0xF8, 0x00, 0x00, 0x00, 0x03, 0xFF, 0x1F, 0xF8, 0x00, 0x00, 0x00, 0x01,
    0xFF, 0xDF, 0xFC, 0x00, 0x00, 0x00, 0x00, 0x7F, 0xF0, 0x00, 0x00, 0x00,
    0x00, 0x00, 0x00, 0x00, 0x00, 0x00, 0x00, 0x00, 0x00, 0x00, 0x00, 0x03,
    0xFF, 0x00, 0x00, 0x00, 0x00, 0x03, 0xFF, 0xBF, 0xF0, 0x00, 0x00, 0x00,
    0x00, 0x7F, 0xE7, 0xFF, 0x00, 0x00, 0x00, 0x00, 0x1F, 0xFC, 0x7F, 0xE0,
    0x00, 0x00, 0x00, 0x03, 0xFF, 0x07, 0xFE, 0x00, 0x00, 0x00, 0x00, 0xFF,
    0xC0, 0xFF, 0xC0, 0x00, 0x00, 0x00, 0x1F, 0xF8, 0x0F, 0xFC, 0x00, 0x00,
    0x00, 0x07, 0xFE, 0x01, 0xFF, 0xC0, 0x00, 0x00, 0x01, 0xFF, 0x80, 0x1F,
    0xF8, 0x00, 0x00, 0x00, 0x3F, 0xF0, 0x01, 0xFF, 0x80, 0x00, 0x00, 0x0F,
    0xFC, 0x00, 0x3F, 0xF0, 0x00, 0x00, 0x01, 0xFF, 0x80, 0x03, 0xFF, 0x00,
    0x00, 0x00, 0x7F, 0xE0, 0x00, 0x3F, 0xF0, 0x00, 0x00, 0x1F, 0xF8, 0x00,
    0x07, 0xFE, 0x00, 0x00, 0x03, 0xFF, 0x00, 0x00, 0x7F, 0xE0, 0x00, 0x00,
    0xFF, 0xC0, 0x00, 0x0F, 0xFC, 0x00, 0x00, 0x1F, 0xF8, 0x00, 0x00, 0xFF,
    0xC0, 0x00, 0x07, 0xFE, 0x00, 0x00, 0x0F, 0xFC, 0x00, 0x01, 0xFF, 0x80,
    0x00, 0x01, 0xFF, 0x80, 0x00, 0x3F, 0xF0, 0x00, 0x00, 0x1F, 0xF8, 0x00,
    0x0F, 0xFC, 0x00, 0x00, 0x01, 0xFF, 0x00, 0x01, 0xFF, 0x00, 0x00, 0x00,
    0x3F, 0xF0, 0x00, 0x7F, 0xE0, 0x00, 0x00, 0x03, 0xFE, 0x00, 0x1F, 0xF8,
    0x00, 0x00, 0x00, 0x7F, 0xE0, 0x03, 0xFF, 0x00, 0x00, 0x00, 0x07, 0xFE,
    0x00, 0xFF, 0xC0, 0x00, 0x00, 0x00, 0x7F, 0xC0, 0x1F, 0xF0, 0x00, 0x00,
    0x00, 0x0F, 0xFC, 0x07, 0xFE, 0x00, 0x00, 0x00, 0x00, 0xFF, 0x80, 0xFF,
    0x80, 0x00, 0x00, 0x00, 0x1F, 0xF8, 0x3F, 0xE0, 0x00, 0x00, 0x00, 0x01,
    0xFF, 0x8F, 0xFC, 0x00, 0x00, 0x00, 0x00, 0x1F, 0xF1, 0xFF, 0x00, 0x00,
    0x00, 0x00, 0x03, 0xFF, 0x7F, 0xE0, 0x00, 0x00, 0x00, 0x00, 0x3F, 0xEF,
    0xF8, 0x00, 0x00, 0x00, 0x00, 0x03, 0xFF, 0xFE, 0x00, 0x00, 0x00, 0x00,
    0x00, 0x7F, 0xFF, 0xC0, 0x00, 0x00, 0x00, 0x00, 0x07, 0xFF, 0xF0, 0x00,
    0x00, 0x00, 0x00, 0x00, 0xFF, 0xFE, 0x00, 0x00, 0x00, 0x00, 0x00, 0x0F,
    0xFF, 0x80, 0x00, 0x00, 0x00, 0x00, 0x00, 0xFF, 0xE0, 0x00, 0x00, 0x00,
    0x00, 0x00, 0x1F, 0xFC, 0x00, 0x00, 0x00, 0x00, 0x00, 0x01, 0xFF, 0x00,
    0x00, 0x00, 0x00, 0x00, 0x00, 0x3F, 0xE0, 0x00, 0x00, 0x00, 0x00, 0x00,
    0x07, 0xFC, 0x00, 0x00, 0x00, 0x00, 0x00, 0x00, 0xFF, 0x80, 0x00, 0x00,
    0x00, 0x00, 0x00, 0x1F, 0xF0, 0x00, 0x00, 0x00, 0x00, 0x00, 0x03, 0xFE,
    0x00, 0x00, 0x00, 0x00, 0x00, 0x00, 0x7F, 0xC0, 0x00, 0x00, 0x00, 0x00,
    0x00, 0x0F, 0xF8, 0x00, 0x00, 0x00, 0x00, 0x00, 0x01, 0xFF, 0x00, 0x00,
    0x00, 0x00, 0x00, 0x00, 0x3F, 0xE0, 0x00, 0x00, 0x00, 0x00, 0x00, 0x07,
    0xFC, 0x00, 0x00, 0x00, 0x00, 0x00, 0x00, 0xFF, 0x80, 0x00, 0x00, 0x00,
    0x00, 0x00, 0x1F, 0xF0, 0x00, 0x00, 0x00, 0x00, 0x00, 0x03, 0xFE, 0x00,
    0x00, 0x00, 0x00, 0x00, 0x00, 0x7F, 0xC0, 0x00, 0x00, 0x00, 0x00, 0x00,
    0x0F, 0xF8, 0x00, 0x00, 0x00, 0x00, 0x00, 0x01, 0xFF, 0x00, 0x00, 0x00,
    0x00, 0x00, 0x00, 0x3F, 0xE0, 0x00, 0x00, 0x00, 0x00, 0x00, 0x07, 0xFC,
    0x00, 0x00, 0x00, 0x00, 0x00, 0x00, 0xFF, 0x80, 0x00, 0x00, 0x00, 0x00,
    0x00, 0x1F, 0xF0, 0x00, 0x00, 0x00, 0x00, 0x00, 0x03, 0xFE, 0x00, 0x00,
    0x00, 0x00, 0x00, 0x00, 0x7F, 0xC0, 0x00, 0x00, 0x00, 0x00, 0x00, 0x0F,
    0xF8, 0x00, 0x00, 0x00, 0x00, 0x00, 0x01, 0xFF, 0x00, 0x00, 0x00, 0x00,
    0x00, 0x00, 0x3F, 0xE0, 0x00, 0x00, 0x00, 0x00, 0x00, 0x07, 0xFC, 0x00,
    0x00, 0x00, 0x00, 0x00, 0x00, 0xFF, 0x80, 0x00, 0x00, 0x00, 0x00, 0x00,
    0x00, 0x00, 0x00, 0x00, 0x00, 0x00, 0x00, 0x00, 0x00, 0x00, 0x00, 0x07,
    0xFF, 0xFF, 0xFF, 0xFF, 0xFF, 0xFE, 0x3F, 0xFF, 0xFF, 0xFF, 0xFF, 0xFF,
    0xF1, 0xFF, 0xFF, 0xFF, 0xFF, 0xFF, 0xFF, 0x8F, 0xFF, 0xFF, 0xFF, 0xFF,
    0xFF, 0xFC, 0x7F, 0xFF, 0xFF, 0xFF, 0xFF, 0xFF, 0xE3, 0xFF, 0xFF, 0xFF,
    0xFF, 0xFF, 0xFF, 0x1F, 0xFF, 0xFF, 0xFF, 0xFF, 0xFF, 0xF8, 0xFF, 0xFF,
    0xFF, 0xFF, 0xFF, 0xFF, 0xC0, 0x00, 0x00, 0x00, 0x00, 0x1F, 0xFC, 0x00,
    0x00, 0x00, 0x00, 0x01, 0xFF, 0xE0, 0x00, 0x00, 0x00, 0x00, 0x0F, 0xFE,
    0x00, 0x00, 0x00, 0x00, 0x00, 0xFF, 0xE0, 0x00, 0x00, 0x00, 0x00, 0x0F,
    0xFE, 0x00, 0x00, 0x00, 0x00, 0x00, 0xFF, 0xE0, 0x00, 0x00, 0x00, 0x00,
    0x0F, 0xFF, 0x00, 0x00, 0x00, 0x00, 0x00, 0x7F, 0xF0, 0x00, 0x00, 0x00,
    0x00, 0x07, 0xFF, 0x00, 0x00, 0x00, 0x00, 0x00, 0x7F, 0xF0, 0x00, 0x00,
    0x00, 0x00, 0x07, 0xFF, 0x80, 0x00, 0x00, 0x00, 0x00, 0x7F, 0xF8, 0x00,
    0x00, 0x00, 0x00, 0x03, 0xFF, 0x80, 0x00, 0x00, 0x00, 0x00, 0x3F, 0xF8,
    0x00, 0x00, 0x00, 0x00, 0x03, 0xFF, 0x80, 0x00, 0x00, 0x00, 0x00, 0x3F,
    0xFC, 0x00, 0x00, 0x00, 0x00, 0x01, 0xFF, 0xC0, 0x00, 0x00, 0x00, 0x00,
    0x1F, 0xFC, 0x00, 0x00, 0x00, 0x00, 0x01, 0xFF, 0xC0, 0x00, 0x00, 0x00,
    0x00, 0x1F, 0xFC, 0x00, 0x00, 0x00, 0x00, 0x01, 0xFF, 0xE0, 0x00, 0x00,
    0x00, 0x00, 0x0F, 0xFE, 0x00, 0x00, 0x00, 0x00, 0x00, 0xFF, 0xE0, 0x00,
    0x00, 0x00, 0x00, 0x0F, 0xFE, 0x00, 0x00, 0x00, 0x00, 0x00, 0xFF, 0xE0,
    0x00, 0x00, 0x00, 0x00, 0x0F, 0xFF, 0x00, 0x00, 0x00, 0x00, 0x00, 0x7F,
    0xF0, 0x00, 0x00, 0x00, 0x00, 0x07, 0xFF, 0x00, 0x00, 0x00, 0x00, 0x00,
    0x7F, 0xF0, 0x00, 0x00, 0x00, 0x00, 0x07, 0xFF, 0x00, 0x00, 0x00, 0x00,
    0x00, 0x7F, 0xF8, 0x00, 0x00, 0x00, 0x00, 0x03, 0xFF, 0x80, 0x00, 0x00,
    0x00, 0x00, 0x3F, 0xF8, 0x00, 0x00, 0x00, 0x00, 0x03, 0xFF, 0x80, 0x00,
    0x00, 0x00, 0x00, 0x3F, 0xF8, 0x00, 0x00, 0x00, 0x00, 0x03, 0xFF, 0xC0,
    0x00, 0x00, 0x00, 0x00, 0x1F, 0xFC, 0x00, 0x00, 0x00, 0x00, 0x01, 0xFF,
    0xC0, 0x00, 0x00, 0x00, 0x00, 0x1F, 0xFC, 0x00, 0x00, 0x00, 0x00, 0x01,
    0xFF, 0xE0, 0x00, 0x00, 0x00, 0x00, 0x1F, 0xFE, 0x00, 0x00, 0x00, 0x00,
    0x00, 0xFF, 0xE0, 0x00, 0x00, 0x00, 0x00, 0x0F, 0xFE, 0x00, 0x00, 0x00,
    0x00, 0x00, 0xFF, 0xE0, 0x00, 0x00, 0x00, 0x00, 0x0F, 0xFF, 0x00, 0x00,
    0x00, 0x00, 0x00, 0xFF, 0xF0, 0x00, 0x00, 0x00, 0x00, 0x07, 0xFF, 0x00,
    0x00, 0x00, 0x00, 0x00, 0x7F, 0xF0, 0x00, 0x00, 0x00, 0x00, 0x07, 0xFF,
    0x00, 0x00, 0x00, 0x00, 0x00, 0x7F, 0xF8, 0x00, 0x00, 0x00, 0x00, 0x03,
    0xFF, 0x80, 0x00, 0x00, 0x00, 0x00, 0x3F, 0xF8, 0x00, 0x00, 0x00, 0x00,
    0x03, 0xFF, 0xFF, 0xFF, 0xFF, 0xFF, 0xFF, 0xFF, 0xFF, 0xFF, 0xFF, 0xFF,
    0xFF, 0xFF, 0xFF, 0xFF, 0xFF, 0xFF, 0xFF, 0xFF, 0xFF, 0xFF, 0xFF, 0xFF,
    0xFF, 0xFF, 0xFF, 0xFF, 0xFF, 0xFF, 0xFF, 0xFF, 0xFF, 0xFF, 0xFF, 0xFF,
    0xFF, 0xFF, 0xFF, 0xFF, 0xFF, 0xFF, 0xFF, 0xFF, 0xFF, 0xFF, 0xFF, 0xFF,
    0xFF, 0xFF, 0xFF, 0xFF, 0xFF, 0xFC, 0xFF, 0xFF, 0xFF, 0xFF, 0xFF, 0xFF,
    0xFF, 0xFF, 0xFF, 0xFF, 0xFF, 0xFF, 0xFF, 0xFF, 0xFF, 0xFE, 0x00, 0xFF,
    0x00, 0x7F, 0x80, 0x3F, 0xC0, 0x1F, 0xE0, 0x0F, 0xF0, 0x07, 0xF8, 0x03,
    0xFC, 0x01, 0xFE, 0x00, 0xFF, 0x00, 0x7F, 0x80, 0x3F, 0xC0, 0x1F, 0xE0,
    0x0F, 0xF0, 0x07, 0xF8, 0x03, 0xFC, 0x01, 0xFE, 0x00, 0xFF, 0x00, 0x7F,
    0x80, 0x3F, 0xC0, 0x1F, 0xE0, 0x0F, 0xF0, 0x07, 0xF8, 0x03, 0xFC, 0x01,
    0xFE, 0x00, 0xFF, 0x00, 0x7F, 0x80, 0x3F, 0xC0, 0x1F, 0xE0, 0x0F, 0xF0,
    0x07, 0xF8, 0x03, 0xFC, 0x01, 0xFE, 0x00, 0xFF, 0x00, 0x7F, 0x80, 0x3F,
    0xC0, 0x1F, 0xE0, 0x0F, 0xF0, 0x07, 0xF8, 0x03, 0xFC, 0x01, 0xFE, 0x00,
    0xFF, 0x00, 0x7F, 0x80, 0x3F, 0xC0, 0x1F, 0xE0, 0x0F, 0xF0, 0x07, 0xF8,
    0x03, 0xFC, 0x01, 0xFE, 0x00, 0xFF, 0x00, 0x7F, 0x80, 0x3F, 0xC0, 0x1F,
    0xE0, 0x0F, 0xF0, 0x07, 0xF8, 0x03, 0xFC, 0x01, 0xFE, 0x00, 0xFF, 0x00,
    0x7F, 0x80, 0x3F, 0xC0, 0x1F, 0xE0, 0x0F, 0xF0, 0x07, 0xF8, 0x03, 0xFC,
    0x01, 0xFE, 0x00, 0xFF, 0x00, 0x7F, 0x80, 0x3F, 0xC0, 0x1F, 0xE0, 0x0F,
    0xF0, 0x07, 0xF8, 0x03, 0xFC, 0x01, 0xFE, 0x00, 0xFF, 0xFF, 0xFF, 0xFF,
    0xFF, 0xFF, 0xFF, 0xFF, 0xFF, 0xFF, 0xFF, 0xFF, 0xFF, 0xFF, 0xFE, 0x7F,
    0x00, 0x00, 0x00, 0x0F, 0xF0, 0x00, 0x00, 0x01, 0xFE, 0x00, 0x00, 0x00,
    0x1F, 0xC0, 0x00, 0x00, 0x03, 0xFC, 0x00, 0x00, 0x00, 0x3F, 0x80, 0x00,
    0x00, 0x07, 0xF0, 0x00, 0x00, 0x00, 0xFF, 0x00, 0x00, 0x00, 0x0F, 0xE0,
    0x00, 0x00, 0x01, 0xFE, 0x00, 0x00, 0x00, 0x1F, 0xC0, 0x00, 0x00, 0x03,
    0xF8, 0x00, 0x00, 0x00, 0x7F, 0x80, 0x00, 0x00, 0x07, 0xF0, 0x00, 0x00,
    0x00, 0xFF, 0x00, 0x00, 0x00, 0x0F, 0xE0, 0x00, 0x00, 0x01, 0xFC, 0x00,
    0x00, 0x00, 0x3F, 0xC0, 0x00, 0x00, 0x03, 0xF8, 0x00, 0x00, 0x00, 0x7F,
    0x80, 0x00, 0x00, 0x07, 0xF0, 0x00, 0x00, 0x00, 0xFE, 0x00, 0x00, 0x00,
    0x1F, 0xE0, 0x00, 0x00, 0x01, 0xFC, 0x00, 0x00, 0x00, 0x3F, 0xC0, 0x00,
    0x00, 0x07, 0xF8, 0x00, 0x00, 0x00, 0x7F, 0x00, 0x00, 0x00, 0x0F, 0xF0,
    0x00, 0x00, 0x00, 0xFE, 0x00, 0x00, 0x00, 0x1F, 0xC0, 0x00, 0x00, 0x03,
    0xFC, 0x00, 0x00, 0x00, 0x3F, 0x80, 0x00, 0x00, 0x07, 0xF8, 0x00, 0x00,
    0x00, 0x7F, 0x00, 0x00, 0x00, 0x0F, 0xE0, 0x00, 0x00, 0x01, 0xFE, 0x00,
    0x00, 0x00, 0x1F, 0xC0, 0x00, 0x00, 0x03, 0xFC, 0x00, 0x00, 0x00, 0x3F,
    0x80, 0x00, 0x00, 0x07, 0xF0, 0x00, 0x00, 0x00, 0xFF, 0x00, 0x00, 0x00,
    0x0F, 0xE0, 0x00, 0x00, 0x01, 0xFE, 0x00, 0x00, 0x00, 0x3F, 0xC0, 0x00,
    0x00, 0x03, 0xF8, 0x00, 0x00, 0x00, 0x7F, 0x80, 0x00, 0x00, 0x07, 0xF0,
    0x00, 0x00, 0x00, 0xFE, 0x00, 0x00, 0x00, 0x1F, 0xE0, 0x00, 0x00, 0x01,
    0xFC, 0x00, 0x00, 0x00, 0x3F, 0xC0, 0x00, 0x00, 0x03, 0xF8, 0x00, 0x00,
    0x00, 0x7F, 0x00, 0x00, 0x00, 0x0F, 0xF0, 0x00, 0x00, 0x00, 0xFE, 0x00,
    0x00, 0x00, 0x1F, 0xE0, 0x00, 0x00, 0x01, 0xFC, 0x00, 0x00, 0x00, 0x3F,
    0x80, 0x00, 0x00, 0x07, 0xF8, 0x00, 0x00, 0x00, 0x7F, 0x00, 0x00, 0x00,
    0x0F, 0xF0, 0x00, 0x00, 0x00, 0xFE, 0x00, 0x00, 0x00, 0x1F, 0xC0, 0x00,
    0x00, 0x03, 0xFC, 0x00, 0x00, 0x00, 0x3F, 0x80, 0x00, 0x00, 0x07, 0xF8,
    0x00, 0x00, 0x00, 0xFF, 0x00, 0x00, 0x00, 0x0F, 0xE0, 0xFF, 0xFF, 0xFF,
    0xFF, 0xFF, 0xFF, 0xFF, 0xFF, 0xFF, 0xFF, 0xFF, 0xFF, 0xFF, 0xFF, 0xFE,
    0x00, 0xFF, 0x00, 0x7F, 0x80, 0x3F, 0xC0, 0x1F, 0xE0, 0x0F, 0xF0, 0x07,
    0xF8, 0x03, 0xFC, 0x01, 0xFE, 0x00, 0xFF, 0x00, 0x7F, 0x80, 0x3F, 0xC0,
    0x1F, 0xE0, 0x0F, 0xF0, 0x07, 0xF8, 0x03, 0xFC, 0x01, 0xFE, 0x00, 0xFF,
    0x00, 0x7F, 0x80, 0x3F, 0xC0, 0x1F, 0xE0, 0x0F, 0xF0, 0x07, 0xF8, 0x03,
    0xFC, 0x01, 0xFE, 0x00, 0xFF, 0x00, 0x7F, 0x80, 0x3F, 0xC0, 0x1F, 0xE0,
    0x0F, 0xF0, 0x07, 0xF8, 0x03, 0xFC, 0x01, 0xFE, 0x00, 0xFF, 0x00, 0x7F,
    0x80, 0x3F, 0xC0, 0x1F, 0xE0, 0x0F, 0xF0, 0x07, 0xF8, 0x03, 0xFC, 0x01,
    0xFE, 0x00, 0xFF, 0x00, 0x7F, 0x80, 0x3F, 0xC0, 0x1F, 0xE0, 0x0F, 0xF0,
    0x07, 0xF8, 0x03, 0xFC, 0x01, 0xFE, 0x00, 0xFF, 0x00, 0x7F, 0x80, 0x3F,
    0xC0, 0x1F, 0xE0, 0x0F, 0xF0, 0x07, 0xF8, 0x03, 0xFC, 0x01, 0xFE, 0x00,
    0xFF, 0x00, 0x7F, 0x80, 0x3F, 0xC0, 0x1F, 0xE0, 0x0F, 0xF0, 0x07, 0xF8,
    0x03, 0xFC, 0x01, 0xFE, 0x00, 0xFF, 0x00, 0x7F, 0x80, 0x3F, 0xC0, 0x1F,
    0xE0, 0x0F, 0xF0, 0x07, 0xF8, 0x03, 0xFC, 0x01, 0xFE, 0x00, 0xFF, 0xFF,
    0xFF, 0xFF, 0xFF, 0xFF, 0xFF, 0xFF, 0xFF, 0xFF, 0xFF, 0xFF, 0xFF, 0xFF,
    0xFF, 0xFE, 0x00, 0x01, 0xFE, 0x00, 0x00, 0x00, 0x03, 0xFC, 0x00, 0x00,
    0x00, 0x07, 0xFC, 0x00, 0x00, 0x00, 0x1F, 0xF8, 0x00, 0x00, 0x00, 0x3F,
    0xF8, 0x00, 0x00, 0x00, 0xFF, 0xF0, 0x00, 0x00, 0x01, 0xFF, 0xE0, 0x00,
    0x00, 0x03, 0xFF, 0xE0, 0x00, 0x00, 0x0F, 0xFF, 0xC0, 0x00, 0x00, 0x1F,
    0xDF, 0xC0, 0x00, 0x00, 0x7F, 0x3F, 0x80, 0x00, 0x00, 0xFE, 0x7F, 0x00,
    0x00, 0x03, 0xFC, 0x7F, 0x00, 0x00, 0x07, 0xF0, 0xFE, 0x00, 0x00, 0x0F,
    0xE0, 0xFE, 0x00, 0x00, 0x3F, 0x81, 0xFC, 0x00, 0x00, 0x7F, 0x03, 0xFC,
    0x00, 0x01, 0xFE, 0x03, 0xF8, 0x00, 0x03, 0xF8, 0x07, 0xF0, 0x00, 0x07,
    0xF0, 0x07, 0xF0, 0x00, 0x1F, 0xC0, 0x0F, 0xE0, 0x00, 0x3F, 0x80, 0x1F,
    0xE0, 0x00, 0xFF, 0x00, 0x1F, 0xC0, 0x01, 0xFC, 0x00, 0x3F, 0x80, 0x07,
    0xF8, 0x00, 0x3F, 0x80, 0x0F, 0xE0, 0x00, 0x7F, 0x00, 0x1F, 0xC0, 0x00,
    0xFF, 0x00, 0x7F, 0x80, 0x00, 0xFE, 0x00, 0xFE, 0x00, 0x01, 0xFE, 0x03,
    0xFC, 0x00, 0x01, 0xFC, 0x07, 0xF0, 0x00, 0x03, 0xF8, 0x0F, 0xE0, 0x00,
    0x07, 0xF8, 0x3F, 0xC0, 0x00, 0x07, 0xF0, 0x7F, 0x00, 0x00, 0x0F, 0xF1,
    0xFE, 0x00, 0x00, 0x0F, 0xE3, 0xF8, 0x00, 0x00, 0x1F, 0xC7, 0xF0, 0x00,
    0x00, 0x3F, 0xDF, 0xE0, 0x00, 0x00, 0x3F, 0xBF, 0x80, 0x00, 0x00, 0x7F,
    0x80, 0xFF, 0xFF, 0xFF, 0xFF, 0xFF, 0xFF, 0xFF, 0xFF, 0xFF, 0xFF, 0xFF,
    0xFF, 0xFF, 0xFF, 0xFF, 0xFF, 0xFF, 0xFF, 0xFF, 0xFF, 0xFF, 0xFF, 0xFF,
    0xFF, 0xFF, 0xFF, 0xFF, 0xFF, 0xFF, 0xFF, 0xFF, 0xFF, 0xF0, 0xFF, 0xC0,
    0x1F, 0xF8, 0x03, 0xFF, 0x00, 0x7F, 0xC0, 0x0F, 0xF8, 0x01, 0xFF, 0x00,
    0x3F, 0xC0, 0x07, 0xF8, 0x00, 0xFE, 0x00, 0x1F, 0xC0, 0x03, 0xF8, 0x00,
    0x7E, 0x00, 0x0F, 0xC0, 0x00, 0x00, 0x7F, 0xF0, 0x00, 0x00, 0x00, 0x1F,
    0xFF, 0xFC, 0x00, 0x00, 0x01, 0xFF, 0xFF, 0xFC, 0x00, 0x00, 0x1F, 0xFF,
    0xFF, 0xFC, 0x00, 0x01, 0xFF, 0xFF, 0xFF, 0xF8, 0x00, 0x0F, 0xFF, 0xFF,
    0xFF, 0xF0, 0x00, 0x3F, 0xFF, 0xFF, 0xFF, 0xE0, 0x01, 0xFF, 0xF0, 0x07,
    0xFF, 0xC0, 0x07, 0xFE, 0x00, 0x07, 0xFF, 0x00, 0x3F, 0xF0, 0x00, 0x07,
    0xFC, 0x00, 0xFF, 0x80, 0x00, 0x0F, 0xF8, 0x07, 0xFC, 0x00, 0x00, 0x3F,
    0xE0, 0x1F, 0xF0, 0x00, 0x00, 0x7F, 0x80, 0x7F, 0xC0, 0x00, 0x01, 0xFE,
    0x01, 0xFE, 0x00, 0x00, 0x07, 0xF8, 0x07, 0xF8, 0x00, 0x00, 0x1F, 0xE0,
    0x00, 0x00, 0x00, 0x00, 0x7F, 0x80, 0x00, 0x00, 0x00, 0x01, 0xFE, 0x00,
    0x00, 0x00, 0x00, 0x0F, 0xF8, 0x00, 0x00, 0x00, 0x00, 0x3F, 0xE0, 0x00,
    0x00, 0x00, 0x07, 0xFF, 0x80, 0x00, 0x00, 0x0F, 0xFF, 0xFE, 0x00, 0x00,
    0x3F, 0xFF, 0xFF, 0xF8, 0x00, 0x0F, 0xFF, 0xFF, 0xFF, 0xE0, 0x00, 0xFF,
    0xFF, 0xFF, 0xFF, 0x80, 0x0F, 0xFF, 0xFF, 0xFF, 0xFE, 0x00, 0x7F, 0xFF,
    0xFF, 0xE7, 0xF8, 0x03, 0xFF, 0xFF, 0xF8, 0x1F, 0xE0, 0x1F, 0xFF, 0xF8,
    0x00, 0x7F, 0x80, 0xFF, 0xFC, 0x00, 0x01, 0xFE, 0x03, 0xFF, 0x80, 0x00,
    0x07, 0xF8, 0x1F, 0xF8, 0x00, 0x00, 0x1F, 0xE0, 0x7F, 0xC0, 0x00, 0x00,
    0x7F, 0x83, 0xFE, 0x00, 0x00, 0x01, 0xFE, 0x0F, 0xF8, 0x00, 0x00, 0x07,
    0xF8, 0x3F, 0xC0, 0x00, 0x00, 0x1F, 0xE0, 0xFF, 0x00, 0x00, 0x00, 0xFF,
    0x83, 0xFC, 0x00, 0x00, 0x03, 0xFE, 0x0F, 0xF0, 0x00, 0x00, 0x0F, 0xF8,
    0x3F, 0xC0, 0x00, 0x00, 0x7F, 0xE0, 0xFF, 0x00, 0x00, 0x03, 0xFF, 0x83,
    0xFE, 0x00, 0x00, 0x0F, 0xFE, 0x07, 0xF8, 0x00, 0x00, 0xFF, 0xF8, 0x1F,
    0xF0, 0x00, 0x07, 0xFF, 0xE0, 0x7F, 0xF0, 0x00, 0x7F, 0xFF, 0x80, 0xFF,
    0xF0, 0x0F, 0xFF, 0xFF, 0x03, 0xFF, 0xFF, 0xFF, 0xF3, 0xFF, 0xC7, 0xFF,
    0xFF, 0xFF, 0x8F, 0xFF, 0x0F, 0xFF, 0xFF, 0xFC, 0x3F, 0xFC, 0x1F, 0xFF,
    0xFF, 0xC0, 0x7F, 0xF0, 0x1F, 0xFF, 0xFC, 0x01, 0xFF, 0xC0, 0x3F, 0xFF,
    0xC0, 0x03, 0xFF, 0x00, 0x1F, 0xF8, 0x00, 0x03, 0xF8, 0xFF, 0x00, 0x00,
    0x00, 0x00, 0x1F, 0xE0, 0x00, 0x00, 0x00, 0x03, 0xFC, 0x00, 0x00, 0x00,
    0x00, 0x7F, 0x80, 0x00, 0x00, 0x00, 0x0F, 0xF0, 0x00, 0x00, 0x00, 0x01,
    0xFE, 0x00, 0x00, 0x00, 0x00, 0x3F, 0xC0, 0x00, 0x00, 0x00, 0x07, 0xF8,
    0x00, 0x00, 0x00, 0x00, 0xFF, 0x00, 0x00, 0x00, 0x00, 0x1F, 0xE0, 0x00,
    0x00, 0x00, 0x03, 0xFC, 0x00, 0x00, 0x00, 0x00, 0x7F, 0x80, 0x00, 0x00,
    0x00, 0x0F, 0xF0, 0x00, 0x00, 0x00, 0x01, 0xFE, 0x00, 0x00, 0x00, 0x00,
    0x3F, 0xC0, 0x00, 0x00, 0x00, 0x07, 0xF8, 0x00, 0x00, 0x00, 0x00, 0xFF,
    0x00, 0x00, 0x00, 0x00, 0x1F, 0xE0, 0x07, 0xFC, 0x00, 0x03, 0xFC, 0x07,
    0xFF, 0xF8, 0x00, 0x7F, 0x83, 0xFF, 0xFF, 0xC0, 0x0F, 0xF0, 0xFF, 0xFF,
    0xFC, 0x01, 0xFE, 0x7F, 0xFF, 0xFF, 0xC0, 0x3F, 0xDF, 0xFF, 0xFF, 0xFC,
    0x07, 0xFF, 0xFF, 0xFF, 0xFF, 0xC0, 0xFF, 0xFF, 0xC0, 0x7F, 0xFC, 0x1F,
    0xFF, 0xE0, 0x01, 0xFF, 0xC3, 0xFF, 0xF0, 0x00, 0x1F, 0xFC, 0x7F, 0xFC,
    0x00, 0x01, 0xFF, 0x8F, 0xFF, 0x00, 0x00, 0x1F, 0xF9, 0xFF, 0xC0, 0x00,
    0x01, 0xFF, 0x3F, 0xF8, 0x00, 0x00, 0x3F, 0xE7, 0xFE, 0x00, 0x00, 0x03,
    0xFE, 0xFF, 0xC0, 0x00, 0x00, 0x7F, 0xDF, 0xF0, 0x00, 0x00, 0x07, 0xFB,
    0xFE, 0x00, 0x00, 0x00, 0xFF, 0x7F, 0xC0, 0x00, 0x00, 0x1F, 0xEF, 0xF0,
    0x00, 0x00, 0x03, 0xFF, 0xFE, 0x00, 0x00, 0x00, 0x3F, 0xFF, 0xC0, 0x00,
    0x00, 0x07, 0xFF, 0xF8, 0x00, 0x00, 0x00, 0xFF, 0xFF, 0x00, 0x00, 0x00,
    0x1F, 0xFF, 0xE0, 0x00, 0x00, 0x03, 0xFF, 0xFC, 0x00, 0x00, 0x00, 0x7F,
    0xFF, 0x80, 0x00, 0x00, 0x0F, 0xFF, 0xF0, 0x00, 0x00, 0x01, 0xFF, 0xFE,
    0x00, 0x00, 0x00, 0x3F, 0xFF, 0xC0, 0x00, 0x00, 0x07, 0xFF, 0xF8, 0x00,
    0x00, 0x00, 0xFF, 0xFF, 0x00, 0x00, 0x00, 0x1F, 0xFF, 0xE0, 0x00, 0x00,
    0x07, 0xFB, 0xFE, 0x00, 0x00, 0x00, 0xFF, 0x7F, 0xC0, 0x00, 0x00, 0x1F,
    0xEF, 0xF8, 0x00, 0x00, 0x03, 0xFD, 0xFF, 0x00, 0x00, 0x00, 0xFF, 0xBF,
    0xF0, 0x00, 0x00, 0x1F, 0xE7, 0xFE, 0x00, 0x00, 0x03, 0xFC, 0xFF, 0xE0,
    0x00, 0x00, 0xFF, 0x1F, 0xFC, 0x00, 0x00, 0x1F, 0xE3, 0xFF, 0xC0, 0x00,
    0x07, 0xFC, 0x7F, 0xFC, 0x00, 0x01, 0xFF, 0x0F, 0xFF, 0xC0, 0x00, 0x7F,
    0xE1, 0xFF, 0xFC, 0x00, 0x1F, 0xF8, 0x3F, 0xFF, 0xF0, 0x1F, 0xFE, 0x07,
    0xFB, 0xFF, 0xFF, 0xFF, 0x80, 0xFF, 0x3F, 0xFF, 0xFF, 0xE0, 0x1F, 0xE3,
    0xFF, 0xFF, 0xF8, 0x03, 0xFC, 0x3F, 0xFF, 0xFE, 0x00, 0x7F, 0x83, 0xFF,
    0xFF, 0x80, 0x00, 0x00, 0x1F, 0xFF, 0xC0, 0x00, 0x00, 0x00, 0xFF, 0xC0,
    0x00, 0x00, 0x00, 0x00, 0x7F, 0xF0, 0x00, 0x00, 0x00, 0xFF, 0xFF, 0x80,
    0x00, 0x00, 0xFF, 0xFF, 0xF8, 0x00, 0x00, 0xFF, 0xFF, 0xFF, 0x80, 0x00,
    0x7F, 0xFF, 0xFF, 0xF0, 0x00, 0x3F, 0xFF, 0xFF, 0xFE, 0x00, 0x1F, 0xFF,
    0xFF, 0xFF, 0xC0, 0x0F, 0xFF, 0x00, 0xFF, 0xF8, 0x07, 0xFF, 0x00, 0x07,
    0xFE, 0x01, 0xFF, 0x00, 0x00, 0xFF, 0xC0, 0xFF, 0x80, 0x00, 0x1F, 0xF0,
    0x7F, 0xC0, 0x00, 0x03, 0xFE, 0x1F, 0xF0, 0x00, 0x00, 0xFF, 0x8F, 0xF8,
    0x00, 0x00, 0x1F, 0xE3, 0xFC, 0x00, 0x00, 0x07, 0xF8, 0xFF, 0x00, 0x00,
    0x01, 0xFF, 0x7F, 0xC0, 0x00, 0x00, 0x3F, 0xDF, 0xE0, 0x00, 0x00, 0x0F,
    0xF7, 0xF8, 0x00, 0x00, 0x00, 0x01, 0xFE, 0x00, 0x00, 0x00, 0x00, 0x7F,
    0x80, 0x00, 0x00, 0x00, 0x3F, 0xC0, 0x00, 0x00, 0x00, 0x0F, 0xF0, 0x00,
    0x00, 0x00, 0x03, 0xFC, 0x00, 0x00, 0x00, 0x00, 0xFF, 0x00, 0x00, 0x00,
    0x00, 0x3F, 0xC0, 0x00, 0x00, 0x00, 0x0F, 0xF0, 0x00, 0x00, 0x00, 0x03,
    0xFC, 0x00, 0x00, 0x00, 0x00, 0xFF, 0x00, 0x00, 0x00, 0x00, 0x3F, 0xC0,
    0x00, 0x00, 0x00, 0x0F, 0xF0, 0x00, 0x00, 0x00, 0x03, 0xFC, 0x00, 0x00,
    0x00, 0x00, 0xFF, 0x00, 0x00, 0x00, 0x00, 0x3F, 0xC0, 0x00, 0x00, 0x00,
    0x07, 0xF8, 0x00, 0x00, 0x03, 0xFD, 0xFE, 0x00, 0x00, 0x00, 0xFF, 0x7F,
    0x80, 0x00, 0x00, 0x7F, 0xDF, 0xF0, 0x00, 0x00, 0x1F, 0xE3, 0xFC, 0x00,
    0x00, 0x07, 0xF8, 0xFF, 0x00, 0x00, 0x03, 0xFE, 0x3F, 0xE0, 0x00, 0x01,
    0xFF, 0x07, 0xFC, 0x00, 0x00, 0x7F, 0xC1, 0xFF, 0x00, 0x00, 0x3F, 0xF0,
    0x3F, 0xF0, 0x00, 0x1F, 0xF8, 0x07, 0xFE, 0x00, 0x0F, 0xFE, 0x01, 0xFF,
    0xF0, 0x1F, 0xFF, 0x00, 0x3F, 0xFF, 0xFF, 0xFF, 0x80, 0x07, 0xFF, 0xFF,
    0xFF, 0xC0, 0x00, 0xFF, 0xFF, 0xFF, 0xE0, 0x00, 0x1F, 0xFF, 0xFF, 0xF0,
    0x00, 0x01, 0xFF, 0xFF, 0xF0, 0x00, 0x00, 0x1F, 0xFF, 0xF0, 0x00, 0x00,
    0x00, 0xFF, 0xE0, 0x00, 0x00, 0x00, 0x00, 0x00, 0x00, 0x1F, 0xE0, 0x00,
    0x00, 0x00, 0x03, 0xFC, 0x00, 0x00, 0x00, 0x00, 0x7F, 0x80, 0x00, 0x00,
    0x00, 0x0F, 0xF0, 0x00, 0x00, 0x00, 0x01, 0xFE, 0x00, 0x00, 0x00, 0x00,
    0x3F, 0xC0, 0x00, 0x00, 0x00, 0x07, 0xF8, 0x00, 0x00, 0x00, 0x00, 0xFF,
    0x00, 0x00, 0x00, 0x00, 0x1F, 0xE0, 0x00, 0x00, 0x00, 0x03, 0xFC, 0x00,
    0x00, 0x00, 0x00, 0x7F, 0x80, 0x00, 0x00, 0x00, 0x0F, 0xF0, 0x00, 0x00,
    0x00, 0x01, 0xFE, 0x00, 0x00, 0x00, 0x00, 0x3F, 0xC0, 0x00, 0x00, 0x00,
    0x07, 0xF8, 0x00, 0x00, 0x00, 0x00, 0xFF, 0x00, 0x00, 0x00, 0x00, 0x1F,
    0xE0, 0x00, 0x1F, 0xF0, 0x03, 0xFC, 0x00, 0x1F, 0xFF, 0xE0, 0x7F, 0x80,
    0x0F, 0xFF, 0xFE, 0x0F, 0xF0, 0x03, 0xFF, 0xFF, 0xF1, 0xFE, 0x01, 0xFF,
    0xFF, 0xFF, 0x3F, 0xC0, 0x7F, 0xFF, 0xFF, 0xF7, 0xF8, 0x0F, 0xFF, 0xFF,
    0xFF, 0xFF, 0x03, 0xFF, 0xC0, 0x7F, 0xFF, 0xE0, 0xFF, 0xE0, 0x01, 0xFF,
    0xFC, 0x3F, 0xF0, 0x00, 0x1F, 0xFF, 0x87, 0xFC, 0x00, 0x01, 0xFF, 0xF1,
    0xFF, 0x00, 0x00, 0x1F, 0xFE, 0x3F, 0xC0, 0x00, 0x01, 0xFF, 0xCF, 0xF8,
    0x00, 0x00, 0x3F, 0xF9, 0xFE, 0x00, 0x00, 0x03, 0xFF, 0x3F, 0xC0, 0x00,
    0x00, 0x7F, 0xEF, 0xF0, 0x00, 0x00, 0x07, 0xFD, 0xFE, 0x00, 0x00, 0x00,
    0xFF, 0xBF, 0xC0, 0x00, 0x00, 0x1F, 0xF7, 0xF8, 0x00, 0x00, 0x03, 0xFE,
    0xFE, 0x00, 0x00, 0x00, 0x3F, 0xFF, 0xC0, 0x00, 0x00, 0x07, 0xFF, 0xF8,
    0x00, 0x00, 0x00, 0xFF, 0xFF, 0x00, 0x00, 0x00, 0x1F, 0xFF, 0xE0, 0x00,
    0x00, 0x03, 0xFF, 0xFC, 0x00, 0x00, 0x00, 0x7F, 0xFF, 0x80, 0x00, 0x00,
    0x0F, 0xFF, 0xF0, 0x00, 0x00, 0x01, 0xFF, 0xFE, 0x00, 0x00, 0x00, 0x3F,
    0xFF, 0xC0, 0x00, 0x00, 0x07, 0xFF, 0xF8, 0x00, 0x00, 0x00, 0xFF, 0xFF,
    0x00, 0x00, 0x00, 0x1F, 0xFF, 0xE0, 0x00, 0x00, 0x07, 0xFF, 0xFE, 0x00,
    0x00, 0x00, 0xFF, 0xBF, 0xC0, 0x00, 0x00, 0x1F, 0xF7, 0xF8, 0x00, 0x00,
    0x03, 0xFE, 0xFF, 0x00, 0x00, 0x00, 0xFF, 0xDF, 0xF0, 0x00, 0x00, 0x1F,
    0xF9, 0xFE, 0x00, 0x00, 0x03, 0xFF, 0x3F, 0xE0, 0x00, 0x00, 0xFF, 0xE7,
    0xFC, 0x00, 0x00, 0x1F, 0xFC, 0x7F, 0xC0, 0x00, 0x07, 0xFF, 0x8F, 0xFC,
    0x00, 0x01, 0xFF, 0xF0, 0xFF, 0xC0, 0x00, 0x7F, 0xFE, 0x0F, 0xFC, 0x00,
    0x1F, 0xFF, 0xC1, 0xFF, 0xF0, 0x1F, 0xF7, 0xF8, 0x1F, 0xFF, 0xFF, 0xFE,
    0xFF, 0x01, 0xFF, 0xFF, 0xFF, 0x9F, 0xE0, 0x1F, 0xFF, 0xFF, 0xE3, 0xFC,
    0x01, 0xFF, 0xFF, 0xF8, 0x7F, 0x80, 0x0F, 0xFF, 0xFC, 0x0F, 0xF0, 0x00,
    0x7F, 0xFE, 0x00, 0x00, 0x00, 0x03, 0xFE, 0x00, 0x00, 0x00, 0x00, 0x00,
    0x3F, 0xF0, 0x00, 0x00, 0x00, 0x0F, 0xFF, 0xF0, 0x00, 0x00, 0x01, 0xFF,
    0xFF, 0xF0, 0x00, 0x00, 0x3F, 0xFF, 0xFF, 0xC0, 0x00, 0x03, 0xFF, 0xFF,
    0xFF, 0x80, 0x00, 0x7F, 0xFF, 0xFF, 0xFE, 0x00, 0x07, 0xFF, 0xFF, 0xFF,
    0xF8, 0x00, 0x7F, 0xFC, 0x03, 0xFF, 0xE0, 0x03, 0xFF, 0x00, 0x03, 0xFF,
    0x80, 0x3F, 0xE0, 0x00, 0x0F, 0xFC, 0x03, 0xFE, 0x00, 0x00, 0x3F, 0xF0,
    0x1F, 0xE0, 0x00, 0x00, 0xFF, 0x81, 0xFE, 0x00, 0x00, 0x03, 0xFE, 0x0F,
    0xF0, 0x00, 0x00, 0x0F, 0xF0, 0xFF, 0x00, 0x00, 0x00, 0x7F, 0xC7, 0xF0,
    0x00, 0x00, 0x01, 0xFE, 0x7F, 0x80, 0x00, 0x00, 0x0F, 0xF3, 0xFC, 0x00,
    0x00, 0x00, 0x7F, 0x9F, 0xC0, 0x00, 0x00, 0x03, 0xFC, 0xFE, 0x00, 0x00,
    0x00, 0x0F, 0xF7, 0xF0, 0x00, 0x00, 0x00, 0x7F, 0xFF, 0x80, 0x00, 0x00,
    0x03, 0xFF, 0xFF, 0xFF, 0xFF, 0xFF, 0xFF, 0xFF, 0xFF, 0xFF, 0xFF, 0xFF,
    0xFF, 0xFF, 0xFF, 0xFF, 0xFF, 0xFF, 0xFF, 0xFF, 0xFF, 0xFF, 0xFF, 0xFF,
    0xFF, 0xFF, 0xFF, 0xFF, 0xFF, 0xFF, 0xFF, 0xFF, 0xFF, 0xFF, 0xFF, 0xFF,
    0xFF, 0xFF, 0xFF, 0xFF, 0xFF, 0xFF, 0x80, 0x00, 0x00, 0x00, 0x03, 0xFC,
    0x00, 0x00, 0x00, 0x00, 0x1F, 0xE0, 0x00, 0x00, 0x00, 0x00, 0xFF, 0x00,
    0x00, 0x00, 0x00, 0x07, 0xF8, 0x00, 0x00, 0x00, 0x00, 0x1F, 0xE0, 0x00,
    0x00, 0x00, 0x00, 0xFF, 0x00, 0x00, 0x00, 0x00, 0x07, 0xF8, 0x00, 0x00,
    0x00, 0xFF, 0x3F, 0xE0, 0x00, 0x00, 0x0F, 0xF8, 0xFF, 0x00, 0x00, 0x00,
    0x7F, 0x87, 0xF8, 0x00, 0x00, 0x07, 0xFC, 0x1F, 0xE0, 0x00, 0x00, 0x3F,
    0xE0, 0xFF, 0x80, 0x00, 0x03, 0xFE, 0x03, 0xFE, 0x00, 0x00, 0x3F, 0xF0,
    0x1F, 0xF8, 0x00, 0x03, 0xFF, 0x00, 0x7F, 0xE0, 0x00, 0x7F, 0xF0, 0x01,
    0xFF, 0xE0, 0x1F, 0xFF, 0x80, 0x07, 0xFF, 0xFF, 0xFF, 0xF8, 0x00, 0x1F,
    0xFF, 0xFF, 0xFF, 0x80, 0x00, 0x7F, 0xFF, 0xFF, 0xF8, 0x00, 0x01, 0xFF,
    0xFF, 0xFF, 0x00, 0x00, 0x03, 0xFF, 0xFF, 0xF0, 0x00, 0x00, 0x07, 0xFF,
    0xFC, 0x00, 0x00, 0x00, 0x07, 0xFE, 0x00, 0x00, 0x00, 0x00, 0x01, 0xFE,
    0x00, 0x1F, 0xFC, 0x00, 0xFF, 0xF8, 0x03, 0xFF, 0xF0, 0x0F, 0xFF, 0xE0,
    0x1F, 0xFF, 0xC0, 0x3F, 0xFF, 0x80, 0xFF, 0xC0, 0x01, 0xFF, 0x00, 0x03,
    0xFE, 0x00, 0x07, 0xF8, 0x00, 0x0F, 0xF0, 0x00, 0x1F, 0xE0, 0x00, 0x3F,
    0xC0, 0x00, 0x7F, 0x80, 0x00, 0xFF, 0x00, 0x01, 0xFE, 0x00, 0x03, 0xFC,
    0x03, 0xFF, 0xFF, 0xFF, 0xFF, 0xFF, 0xFF, 0xFF, 0xFF, 0xFF, 0xFF, 0xFF,
    0xFF, 0xFF, 0xFF, 0xFF, 0xFF, 0xFF, 0xFF, 0xFF, 0xFE, 0x03, 0xFC, 0x00,
    0x07, 0xF8, 0x00, 0x0F, 0xF0, 0x00, 0x1F, 0xE0, 0x00, 0x3F, 0xC0, 0x00,
    0x7F, 0x80, 0x00, 0xFF, 0x00, 0x01, 0xFE, 0x00, 0x03, 0xFC, 0x00, 0x07,
    0xF8, 0x00, 0x0F, 0xF0, 0x00, 0x1F, 0xE0, 0x00, 0x3F, 0xC0, 0x00, 0x7F,
    0x80, 0x00, 0xFF, 0x00, 0x01, 0xFE, 0x00, 0x03, 0xFC, 0x00, 0x07, 0xF8,
    0x00, 0x0F, 0xF0, 0x00, 0x1F, 0xE0, 0x00, 0x3F, 0xC0, 0x00, 0x7F, 0x80,
    0x00, 0xFF, 0x00, 0x01, 0xFE, 0x00, 0x03, 0xFC, 0x00, 0x07, 0xF8, 0x00,
    0x0F, 0xF0, 0x00, 0x1F, 0xE0, 0x00, 0x3F, 0xC0, 0x00, 0x7F, 0x80, 0x00,
    0xFF, 0x00, 0x01, 0xFE, 0x00, 0x03, 0xFC, 0x00, 0x07, 0xF8, 0x00, 0x0F,
    0xF0, 0x00, 0x1F, 0xE0, 0x00, 0x3F, 0xC0, 0x00, 0x7F, 0x80, 0x00, 0xFF,
    0x00, 0x01, 0xFE, 0x00, 0x03, 0xFC, 0x00, 0x07, 0xF8, 0x00, 0x0F, 0xF0,
    0x00, 0x00, 0x00, 0xFF, 0x80, 0x00, 0x00, 0x00, 0xFF, 0xFE, 0x03, 0xFC,
    0x00, 0x7F, 0xFF, 0xF0, 0x7F, 0x80, 0x1F, 0xFF, 0xFF, 0x0F, 0xF0, 0x0F,
    0xFF, 0xFF, 0xF1, 0xFE, 0x03, 0xFF, 0xFF, 0xFF, 0xBF, 0xC0, 0xFF, 0xFF,
    0xFF, 0xF7, 0xF8, 0x1F, 0xFE, 0x03, 0xFF, 0xFF, 0x07, 0xFE, 0x00, 0x0F,
    0xFF, 0xE1, 0xFF, 0x80, 0x00, 0xFF, 0xFC, 0x7F, 0xE0, 0x00, 0x0F, 0xFF,
    0x8F, 0xF8, 0x00, 0x00, 0xFF, 0xF1, 0xFE, 0x00, 0x00, 0x0F, 0xFE, 0x7F,
    0x80, 0x00, 0x00, 0xFF, 0xCF, 0xF0, 0x00, 0x00, 0x1F, 0xFB, 0xFE, 0x00,
    0x00, 0x01, 0xFF, 0x7F, 0x80, 0x00, 0x00, 0x3F, 0xEF, 0xF0, 0x00, 0x00,
    0x07, 0xFD, 0xFE, 0x00, 0x00, 0x00, 0xFF, 0xFF, 0xC0, 0x00, 0x00, 0x0F,
    0xFF, 0xF0, 0x00, 0x00, 0x01, 0xFF, 0xFE, 0x00, 0x00, 0x00, 0x3F, 0xFF,
    0xC0, 0x00, 0x00, 0x07, 0xFF, 0xF8, 0x00, 0x00, 0x00, 0xFF, 0xFF, 0x00,
    0x00, 0x00, 0x1F, 0xFF, 0xE0, 0x00, 0x00, 0x03, 0xFF, 0xFC, 0x00, 0x00,
    0x00, 0x7F, 0xFF, 0x80, 0x00, 0x00, 0x0F, 0xFF, 0xF0, 0x00, 0x00, 0x01,
    0xFF, 0xFE, 0x00, 0x00, 0x00, 0x3F, 0xFF, 0xC0, 0x00, 0x00, 0x07, 0xFF,
    0xF8, 0x00, 0x00, 0x01, 0xFF, 0xFF, 0x00, 0x00, 0x00, 0x3F, 0xFF, 0xF0,
    0x00, 0x00, 0x07, 0xFD, 0xFE, 0x00, 0x00, 0x00, 0xFF, 0xBF, 0xC0, 0x00,
    0x00, 0x3F, 0xF7, 0xFC, 0x00, 0x00, 0x07, 0xFE, 0xFF, 0x80, 0x00, 0x01,
    0xFF, 0xCF, 0xF8, 0x00, 0x00, 0x3F, 0xF9, 0xFF, 0x00, 0x00, 0x0F, 0xFF,
    0x1F, 0xF0, 0x00, 0x03, 0xFF, 0xE3, 0xFF, 0x00, 0x00, 0xFF, 0xFC, 0x3F,
    0xF8, 0x00, 0x7F, 0xFF, 0x87, 0xFF, 0xC0, 0x3F, 0xFF, 0xF0, 0x7F, 0xFF,
    0xFF, 0xFD, 0xFE, 0x07, 0xFF, 0xFF, 0xFF, 0x3F, 0xC0, 0x7F, 0xFF, 0xFF,
    0xC7, 0xF8, 0x03, 0xFF, 0xFF, 0xF0, 0xFF, 0x00, 0x3F, 0xFF, 0xFC, 0x1F,
    0xE0, 0x01, 0xFF, 0xFE, 0x03, 0xFC, 0x00, 0x07, 0xFE, 0x00, 0x7F, 0x80,
    0x00, 0x00, 0x00, 0x0F, 0xF0, 0x00, 0x00, 0x00, 0x01, 0xFE, 0x00, 0x00,
    0x00, 0x00, 0x7F, 0xC0, 0x00, 0x00, 0x00, 0x0F, 0xF0, 0x00, 0x00, 0x00,
    0x01, 0xFE, 0x00, 0x00, 0x00, 0x00, 0x3F, 0xC0, 0x00, 0x00, 0x00, 0x07,
    0xF9, 0xFE, 0x00, 0x00, 0x01, 0xFF, 0x3F, 0xC0, 0x00, 0x00, 0x3F, 0xC7,
    0xFC, 0x00, 0x00, 0x0F, 0xF8, 0x7F, 0x80, 0x00, 0x03, 0xFE, 0x0F, 0xF8,
    0x00, 0x00, 0xFF, 0xC1, 0xFF, 0xC0, 0x00, 0x7F, 0xF0, 0x1F, 0xFF, 0x00,
    0x7F, 0xFE, 0x01, 0xFF, 0xFF, 0xFF, 0xFF, 0x80, 0x3F, 0xFF, 0xFF, 0xFF,
    0xE0, 0x03, 0xFF, 0xFF, 0xFF, 0xF8, 0x00, 0x1F, 0xFF, 0xFF, 0xFC, 0x00,
    0x00, 0xFF, 0xFF, 0xFF, 0x00, 0x00, 0x07, 0xFF, 0xFF, 0x00, 0x00, 0x00,
    0x0F, 0xFE, 0x00, 0x00, 0xFF, 0x00, 0x00, 0x00, 0x00, 0xFF, 0x00, 0x00,
    0x00, 0x00, 0xFF, 0x00, 0x00, 0x00, 0x00, 0xFF, 0x00, 0x00, 0x00, 0x00,
    0xFF, 0x00, 0x00, 0x00, 0x00, 0xFF, 0x00, 0x00, 0x00, 0x00, 0xFF, 0x00,
    0x00, 0x00, 0x00, 0xFF, 0x00, 0x00, 0x00, 0x00, 0xFF, 0x00, 0x00, 0x00,
    0x00, 0xFF, 0x00, 0x00, 0x00, 0x00, 0xFF, 0x00, 0x00, 0x00, 0x00, 0xFF,
    0x00, 0x00, 0x00, 0x00, 0xFF, 0x00, 0x00, 0x00, 0x00, 0xFF, 0x00, 0x00,
    0x00, 0x00, 0xFF, 0x00, 0x00, 0x00, 0x00, 0xFF, 0x00, 0x00, 0x00, 0x00,
    0xFF, 0x00, 0x00, 0x00, 0x00, 0xFF, 0x00, 0x3F, 0xF0, 0x00, 0xFF, 0x01,
    0xFF, 0xFF, 0x00, 0xFF, 0x07, 0xFF, 0xFF, 0x80, 0xFF, 0x0F, 0xFF, 0xFF,
    0xE0, 0xFF, 0x1F, 0xFF, 0xFF, 0xF0, 0xFF, 0x3F, 0xFF, 0xFF, 0xF8, 0xFF,
    0x7F, 0xFF, 0xFF, 0xF8, 0xFF, 0xFF, 0xC0, 0x3F, 0xFC, 0xFF, 0xFE, 0x00,
    0x0F, 0xFC, 0xFF, 0xFC, 0x00, 0x07, 0xFE, 0xFF, 0xF0, 0x00, 0x03, 0xFE,
    0xFF, 0xE0, 0x00, 0x01, 0xFE, 0xFF, 0xE0, 0x00, 0x01, 0xFE, 0xFF, 0xC0,
    0x00, 0x01, 0xFF, 0xFF, 0xC0, 0x00, 0x00, 0xFF, 0xFF, 0x80, 0x00, 0x00,
    0xFF, 0xFF, 0x80, 0x00, 0x00, 0xFF, 0xFF, 0x80, 0x00, 0x00, 0xFF, 0xFF,
    0x00, 0x00, 0x00, 0xFF, 0xFF, 0x00, 0x00, 0x00, 0xFF, 0xFF, 0x00, 0x00,
    0x00, 0xFF, 0xFF, 0x00, 0x00, 0x00, 0xFF, 0xFF, 0x00, 0x00, 0x00, 0xFF,
    0xFF, 0x00, 0x00, 0x00, 0xFF, 0xFF, 0x00, 0x00, 0x00, 0xFF, 0xFF, 0x00,
    0x00, 0x00, 0xFF, 0xFF, 0x00, 0x00, 0x00, 0xFF, 0xFF, 0x00, 0x00, 0x00,
    0xFF, 0xFF, 0x00, 0x00, 0x00, 0xFF, 0xFF, 0x00, 0x00, 0x00, 0xFF, 0xFF,
    0x00, 0x00, 0x00, 0xFF, 0xFF, 0x00, 0x00, 0x00, 0xFF, 0xFF, 0x00, 0x00,
    0x00, 0xFF, 0xFF, 0x00, 0x00, 0x00, 0xFF, 0xFF, 0x00, 0x00, 0x00, 0xFF,
    0xFF, 0x00, 0x00, 0x00, 0xFF, 0xFF, 0x00, 0x00, 0x00, 0xFF, 0xFF, 0x00,
    0x00, 0x00, 0xFF, 0xFF, 0x00, 0x00, 0x00, 0xFF, 0xFF, 0x00, 0x00, 0x00,
    0xFF, 0xFF, 0x00, 0x00, 0x00, 0xFF, 0xFF, 0x00, 0x00, 0x00, 0xFF, 0xFF,
    0x00, 0x00, 0x00, 0xFF, 0xFF, 0x00, 0x00, 0x00, 0xFF, 0xFF, 0x00, 0x00,
    0x00, 0xFF, 0xFF, 0x00, 0x00, 0x00, 0xFF, 0xFF, 0x00, 0x00, 0x00, 0xFF,
    0xFF, 0x00, 0x00, 0x00, 0xFF, 0xFF, 0x00, 0x00, 0x00, 0xFF, 0xFF, 0x00,
    0x00, 0x00, 0xFF, 0xFF, 0x00, 0x00, 0x00, 0xFF, 0xFF, 0xFF, 0xFF, 0xFF,
    0xFF, 0xFF, 0xFF, 0xFF, 0xFF, 0x00, 0x00, 0x00, 0x00, 0x00, 0x00, 0x00,
    0x00, 0x00, 0xFF, 0xFF, 0xFF, 0xFF, 0xFF, 0xFF, 0xFF, 0xFF, 0xFF, 0xFF,
    0xFF, 0xFF, 0xFF, 0xFF, 0xFF, 0xFF, 0xFF, 0xFF, 0xFF, 0xFF, 0xFF, 0xFF,
    0xFF, 0xFF, 0xFF, 0xFF, 0xFF, 0xFF, 0xFF, 0xFF, 0xFF, 0xFF, 0xFF, 0xFF,
    0xFF, 0xFF, 0xFF, 0xFF, 0xFF, 0xFF, 0xFF, 0xFF, 0xFF, 0xFF, 0xFF, 0xFF,
    0xFF, 0xFF, 0xFF, 0xFF, 0x00, 0xFF, 0x00, 0xFF, 0x00, 0xFF, 0x00, 0xFF,
    0x00, 0xFF, 0x00, 0xFF, 0x00, 0xFF, 0x00, 0xFF, 0x00, 0xFF, 0x00, 0xFF,
    0x00, 0x00, 0x00, 0x00, 0x00, 0x00, 0x00, 0x00, 0x00, 0x00, 0x00, 0x00,
    0x00, 0x00, 0x00, 0x00, 0x00, 0x00, 0x00, 0xFF, 0x00, 0xFF, 0x00, 0xFF,
    0x00, 0xFF, 0x00, 0xFF, 0x00, 0xFF, 0x00, 0xFF, 0x00, 0xFF, 0x00, 0xFF,
    0x00, 0xFF, 0x00, 0xFF, 0x00, 0xFF, 0x00, 0xFF, 0x00, 0xFF, 0x00, 0xFF,
    0x00, 0xFF, 0x00, 0xFF, 0x00, 0xFF, 0x00, 0xFF, 0x00, 0xFF, 0x00, 0xFF,
    0x00, 0xFF, 0x00, 0xFF, 0x00, 0xFF, 0x00, 0xFF, 0x00, 0xFF, 0x00, 0xFF,
    0x00, 0xFF, 0x00, 0xFF, 0x00, 0xFF, 0x00, 0xFF, 0x00, 0xFF, 0x00, 0xFF,
    0x00, 0xFF, 0x00, 0xFF, 0x00, 0xFF, 0x00, 0xFF, 0x00, 0xFF, 0x00, 0xFF,
    0x00, 0xFF, 0x00, 0xFF, 0x00, 0xFF, 0x00, 0xFF, 0x00, 0xFF, 0x00, 0xFF,
    0x00, 0xFF, 0x00, 0xFF, 0x00, 0xFF, 0x00, 0xFF, 0x00, 0xFF, 0x00, 0xFF,
    0x00, 0xFF, 0x00, 0xFF, 0x00, 0xFF, 0x00, 0xFF, 0x00, 0xFF, 0x00, 0xFF,
    0x00, 0xFF, 0x00, 0xFF, 0x00, 0xFF, 0x01, 0xFF, 0x07, 0xFF, 0xFF, 0xFE,
    0xFF, 0xFE, 0xFF, 0xFC, 0xFF, 0xFC, 0xFF, 0xF8, 0xFF, 0xE0, 0xFF, 0x00,
    0xFF, 0x00, 0x00, 0x00, 0x00, 0xFF, 0x00, 0x00, 0x00, 0x00, 0xFF, 0x00,
    0x00, 0x00, 0x00, 0xFF, 0x00, 0x00, 0x00, 0x00, 0xFF, 0x00, 0x00, 0x00,
    0x00, 0xFF, 0x00, 0x00, 0x00, 0x00, 0xFF, 0x00, 0x00, 0x00, 0x00, 0xFF,
    0x00, 0x00, 0x00, 0x00, 0xFF, 0x00, 0x00, 0x00, 0x00, 0xFF, 0x00, 0x00,
    0x00, 0x00, 0xFF, 0x00, 0x00, 0x00, 0x00, 0xFF, 0x00, 0x00, 0x00, 0x00,
    0xFF, 0x00, 0x00, 0x00, 0x00, 0xFF, 0x00, 0x00, 0x00, 0x00, 0xFF, 0x00,
    0x00, 0x00, 0x00, 0xFF, 0x00, 0x00, 0x00, 0x00, 0xFF, 0x00, 0x00, 0x00,
    0x00, 0xFF, 0x00, 0x00, 0x00, 0x00, 0xFF, 0x00, 0x00, 0x03, 0xFF, 0xFF,
    0x00, 0x00, 0x07, 0xFE, 0xFF, 0x00, 0x00, 0x0F, 0xFC, 0xFF, 0x00, 0x00,
    0x1F, 0xF8, 0xFF, 0x00, 0x00, 0x3F, 0xF0, 0xFF, 0x00, 0x00, 0x7F, 0xE0,
    0xFF, 0x00, 0x00, 0xFF, 0xC0, 0xFF, 0x00, 0x01, 0xFF, 0x80, 0xFF, 0x00,
    0x03, 0xFF, 0x00, 0xFF, 0x00, 0x07, 0xFE, 0x00, 0xFF, 0x00, 0x0F, 0xFC,
    0x00, 0xFF, 0x00, 0x1F, 0xF8, 0x00, 0xFF, 0x00, 0x3F, 0xE0, 0x00, 0xFF,
    0x00, 0x7F, 0xC0, 0x00, 0xFF, 0x01, 0xFF, 0x80, 0x00, 0xFF, 0x03, 0xFF,
    0x00, 0x00, 0xFF, 0x07, 0xFE, 0x00, 0x00, 0xFF, 0x0F, 0xFC, 0x00, 0x00,
    0xFF, 0x1F, 0xF8, 0x00, 0x00, 0xFF, 0x3F, 0xF0, 0x00, 0x00, 0xFF, 0x7F,
    0xF8, 0x00, 0x00, 0xFF, 0xFF, 0xF8, 0x00, 0x00, 0xFF, 0xFF, 0xFC, 0x00,
    0x00, 0xFF, 0xFF, 0xFE, 0x00, 0x00, 0xFF, 0xFF, 0xFE, 0x00, 0x00, 0xFF,
    0xFC, 0xFF, 0x00, 0x00, 0xFF, 0xF8, 0xFF, 0x80, 0x00, 0xFF, 0xF0, 0x7F,
    0x80, 0x00, 0xFF, 0xE0, 0x7F, 0xC0, 0x00, 0xFF, 0xC0, 0x3F, 0xE0, 0x00,
    0xFF, 0x80, 0x1F, 0xE0, 0x00, 0xFF, 0x00, 0x1F, 0xF0, 0x00, 0xFF, 0x00,
    0x0F, 0xF8, 0x00, 0xFF, 0x00, 0x0F, 0xF8, 0x00, 0xFF, 0x00, 0x07, 0xFC,
    0x00, 0xFF, 0x00, 0x03, 0xFE, 0x00, 0xFF, 0x00, 0x03, 0xFE, 0x00, 0xFF,
    0x00, 0x01, 0xFF, 0x00, 0xFF, 0x00, 0x00, 0xFF, 0x80, 0xFF, 0x00, 0x00,
    0xFF, 0x80, 0xFF, 0x00, 0x00, 0x7F, 0xC0, 0xFF, 0x00, 0x00, 0x7F, 0xC0,
    0xFF, 0x00, 0x00, 0x3F, 0xE0, 0xFF, 0x00, 0x00, 0x1F, 0xF0, 0xFF, 0x00,
    0x00, 0x1F, 0xF0, 0xFF, 0x00, 0x00, 0x0F, 0xF8, 0xFF, 0x00, 0x00, 0x07,
    0xFC, 0xFF, 0x00, 0x00, 0x07, 0xFC, 0xFF, 0x00, 0x00, 0x03, 0xFE, 0xFF,
    0x00, 0x00, 0x03, 0xFF, 0xFF, 0xFF, 0xFF, 0xFF, 0xFF, 0xFF, 0xFF, 0xFF,
    0xFF, 0xFF, 0xFF, 0xFF, 0xFF, 0xFF, 0xFF, 0xFF, 0xFF, 0xFF, 0xFF, 0xFF,
    0xFF, 0xFF, 0xFF, 0xFF, 0xFF, 0xFF, 0xFF, 0xFF, 0xFF, 0xFF, 0xFF, 0xFF,
    0xFF, 0xFF, 0xFF, 0xFF, 0xFF, 0xFF, 0xFF, 0xFF, 0xFF, 0xFF, 0xFF, 0xFF,
    0xFF, 0xFF, 0xFF, 0xFF, 0xFF, 0xFF, 0xFF, 0xFF, 0xFF, 0xFF, 0xFF, 0xFF,
    0xFF, 0xFF, 0xFF, 0xFF, 0xFF, 0xFF, 0xFF, 0xFF, 0xFF, 0xFF, 0xFF, 0xFF,
    0x00, 0x00, 0x3F, 0xE0, 0x00, 0x03, 0xFE, 0x00, 0x3F, 0xC0, 0x7F, 0xFF,
    0x00, 0x07, 0xFF, 0xF0, 0x0F, 0xF0, 0x3F, 0xFF, 0xF0, 0x07, 0xFF, 0xFF,
    0x03, 0xFC, 0x3F, 0xFF, 0xFE, 0x07, 0xFF, 0xFF, 0xE0, 0xFF, 0x1F, 0xFF,
    0xFF, 0xC3, 0xFF, 0xFF, 0xFC, 0x3F, 0xCF, 0xFF, 0xFF, 0xF9, 0xFF, 0xFF,
    0xFF, 0x8F, 0xF7, 0xFF, 0xFF, 0xFE, 0xFF, 0xFF, 0xFF, 0xF3, 0xFF, 0xFE,
    0x03, 0xFF, 0xFF, 0xF0, 0x1F, 0xFC, 0xFF, 0xFE, 0x00, 0x3F, 0xFF, 0xE0,
    0x01, 0xFF, 0xBF, 0xFE, 0x00, 0x07, 0xFF, 0xF0, 0x00, 0x3F, 0xEF, 0xFF,
    0x00, 0x00, 0xFF, 0xF0, 0x00, 0x07, 0xFB, 0xFF, 0x80, 0x00, 0x3F, 0xFC,
    0x00, 0x01, 0xFE, 0xFF, 0xC0, 0x00, 0x0F, 0xFE, 0x00, 0x00, 0x3F, 0xFF,
    0xF0, 0x00, 0x01, 0xFF, 0x00, 0x00, 0x0F, 0xFF, 0xF8, 0x00, 0x00, 0x7F,
    0xC0, 0x00, 0x03, 0xFF, 0xFE, 0x00, 0x00, 0x1F, 0xF0, 0x00, 0x00, 0xFF,
    0xFF, 0x80, 0x00, 0x07, 0xF8, 0x00, 0x00, 0x3F, 0xFF, 0xE0, 0x00, 0x01,
    0xFE, 0x00, 0x00, 0x0F, 0xFF, 0xF0, 0x00, 0x00, 0x7F, 0x80, 0x00, 0x03,
    0xFF, 0xFC, 0x00, 0x00, 0x1F, 0xE0, 0x00, 0x00, 0xFF, 0xFF, 0x00, 0x00,
    0x07, 0xF8, 0x00, 0x00, 0x3F, 0xFF, 0xC0, 0x00, 0x01, 0xFE, 0x00, 0x00,
    0x0F, 0xFF, 0xF0, 0x00, 0x00, 0x7F, 0x80, 0x00, 0x03, 0xFF, 0xFC, 0x00,
    0x00, 0x1F, 0xE0, 0x00, 0x00, 0xFF, 0xFF, 0x00, 0x00, 0x07, 0xF8, 0x00,
    0x00, 0x3F, 0xFF, 0xC0, 0x00, 0x01, 0xFE, 0x00, 0x00, 0x0F, 0xFF, 0xF0,
    0x00, 0x00, 0x7F, 0x80, 0x00, 0x03, 0xFF, 0xFC, 0x00, 0x00, 0x1F, 0xE0,
    0x00, 0x00, 0xFF, 0xFF, 0x00, 0x00, 0x07, 0xF8, 0x00, 0x00, 0x3F, 0xFF,
    0xC0, 0x00, 0x01, 0xFE, 0x00, 0x00, 0x0F, 0xFF, 0xF0, 0x00, 0x00, 0x7F,
    0x80, 0x00, 0x03, 0xFF, 0xFC, 0x00, 0x00, 0x1F, 0xE0, 0x00, 0x00, 0xFF,
    0xFF, 0x00, 0x00, 0x07, 0xF8, 0x00, 0x00, 0x3F, 0xFF, 0xC0, 0x00, 0x01,
    0xFE, 0x00, 0x00, 0x0F, 0xFF, 0xF0, 0x00, 0x00, 0x7F, 0x80, 0x00, 0x03,
    0xFF, 0xFC, 0x00, 0x00, 0x1F, 0xE0, 0x00, 0x00, 0xFF, 0xFF, 0x00, 0x00,
    0x07, 0xF8, 0x00, 0x00, 0x3F, 0xFF, 0xC0, 0x00, 0x01, 0xFE, 0x00, 0x00,
    0x0F, 0xFF, 0xF0, 0x00, 0x00, 0x7F, 0x80, 0x00, 0x03, 0xFF, 0xFC, 0x00,
    0x00, 0x1F, 0xE0, 0x00, 0x00, 0xFF, 0xFF, 0x00, 0x00, 0x07, 0xF8, 0x00,
    0x00, 0x3F, 0xFF, 0xC0, 0x00, 0x01, 0xFE, 0x00, 0x00, 0x0F, 0xFF, 0xF0,
    0x00, 0x00, 0x7F, 0x80, 0x00, 0x03, 0xFF, 0xFC, 0x00, 0x00, 0x1F, 0xE0,
    0x00, 0x00, 0xFF, 0xFF, 0x00, 0x00, 0x07, 0xF8, 0x00, 0x00, 0x3F, 0xFF,
    0xC0, 0x00, 0x01, 0xFE, 0x00, 0x00, 0x0F, 0xFF, 0xF0, 0x00, 0x00, 0x7F,
    0x80, 0x00, 0x03, 0xFF, 0xFC, 0x00, 0x00, 0x1F, 0xE0, 0x00, 0x00, 0xFF,
    0xFF, 0x00, 0x00, 0x07, 0xF8, 0x00, 0x00, 0x3F, 0xFF, 0xC0, 0x00, 0x01,
    0xFE, 0x00, 0x00, 0x0F, 0xFF, 0xF0, 0x00, 0x00, 0x7F, 0x80, 0x00, 0x03,
    0xFC, 0x00, 0x00, 0x1F, 0xF8, 0x00, 0xFF, 0x00, 0xFF, 0xFF, 0x00, 0xFF,
    0x03, 0xFF, 0xFF, 0xC0, 0xFF, 0x0F, 0xFF, 0xFF, 0xE0, 0xFF, 0x1F, 0xFF,
    0xFF, 0xF0, 0xFF, 0x3F, 0xFF, 0xFF, 0xF8, 0xFF, 0x7F, 0xFF, 0xFF, 0xFC,
    0xFF, 0xFF, 0xC0, 0x3F, 0xFC, 0xFF, 0xFE, 0x00, 0x0F, 0xFC, 0xFF, 0xFC,
    0x00, 0x07, 0xFE, 0xFF, 0xF8, 0x00, 0x03, 0xFE, 0xFF, 0xF0, 0x00, 0x01,
    0xFE, 0xFF, 0xE0, 0x00, 0x01, 0xFF, 0xFF, 0xC0, 0x00, 0x01, 0xFF, 0xFF,
    0xC0, 0x00, 0x00, 0xFF, 0xFF, 0x80, 0x00, 0x00, 0xFF, 0xFF, 0x80, 0x00,
    0x00, 0xFF, 0xFF, 0x80, 0x00, 0x00, 0xFF, 0xFF, 0x00, 0x00, 0x00, 0xFF,
    0xFF, 0x00, 0x00, 0x00, 0xFF, 0xFF, 0x00, 0x00, 0x00, 0xFF, 0xFF, 0x00,
    0x00, 0x00, 0xFF, 0xFF, 0x00, 0x00, 0x00, 0xFF, 0xFF, 0x00, 0x00, 0x00,
    0xFF, 0xFF, 0x00, 0x00, 0x00, 0xFF, 0xFF, 0x00, 0x00, 0x00, 0xFF, 0xFF,
    0x00, 0x00, 0x00, 0xFF, 0xFF, 0x00, 0x00, 0x00, 0xFF, 0xFF, 0x00, 0x00,
    0x00, 0xFF, 0xFF, 0x00, 0x00, 0x00, 0xFF, 0xFF, 0x00, 0x00, 0x00, 0xFF,
    0xFF, 0x00, 0x00, 0x00, 0xFF, 0xFF, 0x00, 0x00, 0x00, 0xFF, 0xFF, 0x00,
    0x00, 0x00, 0xFF, 0xFF, 0x00, 0x00, 0x00, 0xFF, 0xFF, 0x00, 0x00, 0x00,
    0xFF, 0xFF, 0x00, 0x00, 0x00, 0xFF, 0xFF, 0x00, 0x00, 0x00, 0xFF, 0xFF,
    0x00, 0x00, 0x00, 0xFF, 0xFF, 0x00, 0x00, 0x00, 0xFF, 0xFF, 0x00, 0x00,
    0x00, 0xFF, 0xFF, 0x00, 0x00, 0x00, 0xFF, 0xFF, 0x00, 0x00, 0x00, 0xFF,
    0xFF, 0x00, 0x00, 0x00, 0xFF, 0xFF, 0x00, 0x00, 0x00, 0xFF, 0xFF, 0x00,
    0x00, 0x00, 0xFF, 0xFF, 0x00, 0x00, 0x00, 0xFF, 0xFF, 0x00, 0x00, 0x00,
    0xFF, 0xFF, 0x00, 0x00, 0x00, 0xFF, 0xFF, 0x00, 0x00, 0x00, 0xFF, 0xFF,
    0x00, 0x00, 0x00, 0xFF, 0x00, 0x00, 0x3F, 0xF0, 0x00, 0x00, 0x00, 0x1F,
    0xFF, 0xF0, 0x00, 0x00, 0x03, 0xFF, 0xFF, 0xE0, 0x00, 0x00, 0x7F, 0xFF,
    0xFF, 0xC0, 0x00, 0x07, 0xFF, 0xFF, 0xFF, 0x00, 0x00, 0x7F, 0xFF, 0xFF,
    0xFE, 0x00, 0x07, 0xFF, 0xFF, 0xFF, 0xF8, 0x00, 0x7F, 0xFC, 0x03, 0xFF,
    0xE0, 0x07, 0xFF, 0x00, 0x07, 0xFF, 0x00, 0x3F, 0xE0, 0x00, 0x0F, 0xFC,
    0x03, 0xFE, 0x00, 0x00, 0x3F, 0xF0, 0x3F, 0xE0, 0x00, 0x00, 0xFF, 0x81,
    0xFF, 0x00, 0x00, 0x03, 0xFE, 0x1F, 0xF0, 0x00, 0x00, 0x1F, 0xF0, 0xFF,
    0x80, 0x00, 0x00, 0x7F, 0x87, 0xF8, 0x00, 0x00, 0x03, 0xFE, 0x7F, 0xC0,
    0x00, 0x00, 0x0F, 0xF3, 0xFC, 0x00, 0x00, 0x00, 0x7F, 0x9F, 0xE0, 0x00,
    0x00, 0x03, 0xFC, 0xFF, 0x00, 0x00, 0x00, 0x0F, 0xFF, 0xF8, 0x00, 0x00,
    0x00, 0x7F, 0xFF, 0x80, 0x00, 0x00, 0x03, 0xFF, 0xFC, 0x00, 0x00, 0x00,
    0x1F, 0xFF, 0xE0, 0x00, 0x00, 0x00, 0xFF, 0xFF, 0x00, 0x00, 0x00, 0x07,
    0xFF, 0xF8, 0x00, 0x00, 0x00, 0x3F, 0xFF, 0xC0, 0x00, 0x00, 0x01, 0xFF,
    0xFE, 0x00, 0x00, 0x00, 0x0F, 0xFF, 0xF0, 0x00, 0x00, 0x00, 0x7F, 0xFF,
    0x80, 0x00, 0x00, 0x03, 0xFF, 0xFC, 0x00, 0x00, 0x00, 0x1F, 0xFF, 0xE0,
    0x00, 0x00, 0x01, 0xFF, 0xFF, 0x00, 0x00, 0x00, 0x0F, 0xF7, 0xFC, 0x00,
    0x00, 0x00, 0x7F, 0x9F, 0xE0, 0x00, 0x00, 0x03, 0xFC, 0xFF, 0x00, 0x00,
    0x00, 0x1F, 0xE7, 0xF8, 0x00, 0x00, 0x01, 0xFF, 0x3F, 0xE0, 0x00, 0x00,
    0x0F, 0xF0, 0xFF, 0x00, 0x00, 0x00, 0xFF, 0x87, 0xFC, 0x00, 0x00, 0x07,
    0xF8, 0x3F, 0xE0, 0x00, 0x00, 0x7F, 0xC0, 0xFF, 0x80, 0x00, 0x03, 0xFE,
    0x07, 0xFE, 0x00, 0x00, 0x3F, 0xE0, 0x1F, 0xF8, 0x00, 0x03, 0xFE, 0x00,
    0x7F, 0xF0, 0x00, 0x7F, 0xF0, 0x03, 0xFF, 0xE0, 0x0F, 0xFF, 0x00, 0x0F,
    0xFF, 0xFF, 0xFF, 0xF0, 0x00, 0x3F, 0xFF, 0xFF, 0xFF, 0x00, 0x00, 0xFF,
    0xFF, 0xFF, 0xF0, 0x00, 0x01, 0xFF, 0xFF, 0xFF, 0x00, 0x00, 0x07, 0xFF,
    0xFF, 0xE0, 0x00, 0x00, 0x0F, 0xFF, 0xFC, 0x00, 0x00, 0x00, 0x0F, 0xFE,
    0x00, 0x00, 0x00, 0x00, 0x00, 0x1F, 0xF0, 0x00, 0x1F, 0xE0, 0x1F, 0xFF,
    0x80, 0x03, 0xFC, 0x0F, 0xFF, 0xFC, 0x00, 0x7F, 0x87, 0xFF, 0xFF, 0xE0,
    0x0F, 0xF1, 0xFF, 0xFF, 0xFE, 0x01, 0xFE, 0x7F, 0xFF, 0xFF, 0xE0, 0x3F,
    0xDF, 0xFF, 0xFF, 0xFE, 0x07, 0xFF, 0xFE, 0x03, 0xFF, 0xE0, 0xFF, 0xFE,
    0x00, 0x0F, 0xFE, 0x1F, 0xFF, 0x80, 0x00, 0xFF, 0xC3, 0xFF, 0xE0, 0x00,
    0x0F, 0xFC, 0x7F, 0xF8, 0x00, 0x00, 0xFF, 0x8F, 0xFE, 0x00, 0x00, 0x0F,
    0xF9, 0xFF, 0xC0, 0x00, 0x01, 0xFF, 0x3F, 0xF0, 0x00, 0x00, 0x1F, 0xF7,
    0xFE, 0x00, 0x00, 0x03, 0xFE, 0xFF, 0xC0, 0x00, 0x00, 0x3F, 0xDF, 0xF0,
    0x00, 0x00, 0x07, 0xFB, 0xFE, 0x00, 0x00, 0x00, 0xFF, 0x7F, 0xC0, 0x00,
    0x00, 0x1F, 0xFF, 0xF8, 0x00, 0x00, 0x01, 0xFF, 0xFE, 0x00, 0x00, 0x00,
    0x3F, 0xFF, 0xC0, 0x00, 0x00, 0x07, 0xFF, 0xF8, 0x00, 0x00, 0x00, 0xFF,
    0xFF, 0x00, 0x00, 0x00, 0x1F, 0xFF, 0xE0, 0x00, 0x00, 0x03, 0xFF, 0xFC,
    0x00, 0x00, 0x00, 0x7F, 0xFF, 0x80, 0x00, 0x00, 0x0F, 0xFF, 0xF0, 0x00,
    0x00, 0x01, 0xFF, 0xFE, 0x00, 0x00, 0x00, 0x3F, 0xFF, 0xC0, 0x00, 0x00,
    0x07, 0xFF, 0xF8, 0x00, 0x00, 0x00, 0xFF, 0xFF, 0x00, 0x00, 0x00, 0x3F,
    0xFF, 0xE0, 0x00, 0x00, 0x07, 0xFB, 0xFE, 0x00, 0x00, 0x00, 0xFF, 0x7F,
    0xC0, 0x00, 0x00, 0x1F, 0xEF, 0xF8, 0x00, 0x00, 0x07, 0xFD, 0xFF, 0x00,
    0x00, 0x00, 0xFF, 0x3F, 0xF0, 0x00, 0x00, 0x1F, 0xE7, 0xFE, 0x00, 0x00,
    0x07, 0xFC, 0xFF, 0xE0, 0x00, 0x01, 0xFF, 0x1F, 0xFE, 0x00, 0x00, 0x3F,
    0xE3, 0xFF, 0xC0, 0x00, 0x0F, 0xF8, 0x7F, 0xFE, 0x00, 0x03, 0xFF, 0x0F,
    0xFF, 0xE0, 0x01, 0xFF, 0xC1, 0xFF, 0xFF, 0x80, 0xFF, 0xF8, 0x3F, 0xFF,
    0xFF, 0xFF, 0xFE, 0x07, 0xFB, 0xFF, 0xFF, 0xFF, 0x80, 0xFF, 0x3F, 0xFF,
    0xFF, 0xE0, 0x1F, 0xE3, 0xFF, 0xFF, 0xF0, 0x03, 0xFC, 0x1F, 0xFF, 0xFC,
    0x00, 0x7F, 0x81, 0xFF, 0xFE, 0x00, 0x0F, 0xF0, 0x03, 0xFE, 0x00, 0x01,
    0xFE, 0x00, 0x00, 0x00, 0x00, 0x3F, 0xC0, 0x00, 0x00, 0x00, 0x07, 0xF8,
    0x00, 0x00, 0x00, 0x00, 0xFF, 0x00, 0x00, 0x00, 0x00, 0x1F, 0xE0, 0x00,
    0x00, 0x00, 0x03, 0xFC, 0x00, 0x00, 0x00, 0x00, 0x7F, 0x80, 0x00, 0x00,
    0x00, 0x0F, 0xF0, 0x00, 0x00, 0x00, 0x01, 0xFE, 0x00, 0x00, 0x00, 0x00,
    0x3F, 0xC0, 0x00, 0x00, 0x00, 0x07, 0xF8, 0x00, 0x00, 0x00, 0x00, 0xFF,
    0x00, 0x00, 0x00, 0x00, 0x1F, 0xE0, 0x00, 0x00, 0x00, 0x03, 0xFC, 0x00,
    0x00, 0x00, 0x00, 0x7F, 0x80, 0x00, 0x00, 0x00, 0x0F, 0xF0, 0x00, 0x00,
    0x00, 0x01, 0xFE, 0x00, 0x00, 0x00, 0x00, 0x3F, 0xC0, 0x00, 0x00, 0x00,
    0x00, 0x00, 0x00, 0xFF, 0x80, 0x00, 0x00, 0x00, 0xFF, 0xFE, 0x03, 0xFC,
    0x00, 0x7F, 0xFF, 0xF0, 0x7F, 0x80, 0x1F, 0xFF, 0xFF, 0x0F, 0xF0, 0x07,
    0xFF, 0xFF, 0xF1, 0xFE, 0x01, 0xFF, 0xFF, 0xFF, 0x3F, 0xC0, 0x7F, 0xFF,
    0xFF, 0xF7, 0xF8, 0x1F, 0xFE, 0x03, 0xFF, 0xFF, 0x07, 0xFF, 0x00, 0x0F,
    0xFF, 0xE0, 0xFF, 0x80, 0x00, 0xFF, 0xFC, 0x3F, 0xE0, 0x00, 0x0F, 0xFF,
    0x8F, 0xF8, 0x00, 0x00, 0xFF, 0xF1, 0xFE, 0x00, 0x00, 0x0F, 0xFE, 0x7F,
    0xC0, 0x00, 0x01, 0xFF, 0xCF, 0xF0, 0x00, 0x00, 0x1F, 0xF9, 0xFE, 0x00,
    0x00, 0x03, 0xFF, 0x7F, 0x80, 0x00, 0x00, 0x3F, 0xEF, 0xF0, 0x00, 0x00,
    0x07, 0xFD, 0xFE, 0x00, 0x00, 0x00, 0xFF, 0xBF, 0xC0, 0x00, 0x00, 0x1F,
    0xF7, 0xF0, 0x00, 0x00, 0x01, 0xFF, 0xFE, 0x00, 0x00, 0x00, 0x3F, 0xFF,
    0xC0, 0x00, 0x00, 0x07, 0xFF, 0xF8, 0x00, 0x00, 0x00, 0xFF, 0xFF, 0x00,
    0x00, 0x00, 0x1F, 0xFF, 0xE0, 0x00, 0x00, 0x03, 0xFF, 0xFC, 0x00, 0x00,
    0x00, 0x7F, 0xFF, 0x80, 0x00, 0x00, 0x0F, 0xFF, 0xF0, 0x00, 0x00, 0x01,
    0xFF, 0xFE, 0x00, 0x00, 0x00, 0x3F, 0xFF, 0xC0, 0x00, 0x00, 0x07, 0xFF,
    0xF8, 0x00, 0x00, 0x00, 0xFF, 0xFF, 0x00, 0x00, 0x00, 0x3F, 0xFF, 0xF0,
    0x00, 0x00, 0x07, 0xFF, 0xFE, 0x00, 0x00, 0x00, 0xFF, 0xBF, 0xC0, 0x00,
    0x00, 0x1F, 0xF7, 0xF8, 0x00, 0x00, 0x03, 0xFE, 0xFF, 0x80, 0x00, 0x00,
    0xFF, 0xDF, 0xF0, 0x00, 0x00, 0x1F, 0xF9, 0xFE, 0x00, 0x00, 0x07, 0xFF,
    0x3F, 0xE0, 0x00, 0x00, 0xFF, 0xE3, 0xFE, 0x00, 0x00, 0x3F, 0xFC, 0x7F,
    0xE0, 0x00, 0x0F, 0xFF, 0x87, 0xFE, 0x00, 0x03, 0xFF, 0xF0, 0xFF, 0xE0,
    0x00, 0xFF, 0xFE, 0x0F, 0xFF, 0x00, 0xFF, 0xFF, 0xC0, 0xFF, 0xFF, 0xFF,
    0xFF, 0xF8, 0x0F, 0xFF, 0xFF, 0xFE, 0xFF, 0x00, 0xFF, 0xFF, 0xFF, 0x9F,
    0xE0, 0x0F, 0xFF, 0xFF, 0xE3, 0xFC, 0x00, 0x7F, 0xFF, 0xF0, 0x7F, 0x80,
    0x03, 0xFF, 0xF8, 0x0F, 0xF0, 0x00, 0x0F, 0xF8, 0x01, 0xFE, 0x00, 0x00,
    0x00, 0x00, 0x3F, 0xC0, 0x00, 0x00, 0x00, 0x07, 0xF8, 0x00, 0x00, 0x00,
    0x00, 0xFF, 0x00, 0x00, 0x00, 0x00, 0x1F, 0xE0, 0x00, 0x00, 0x00, 0x03,
    0xFC, 0x00, 0x00, 0x00, 0x00, 0x7F, 0x80, 0x00, 0x00, 0x00, 0x0F, 0xF0,
    0x00, 0x00, 0x00, 0x01, 0xFE, 0x00, 0x00, 0x00, 0x00, 0x3F, 0xC0, 0x00,
    0x00, 0x00, 0x07, 0xF8, 0x00, 0x00, 0x00, 0x00, 0xFF, 0x00, 0x00, 0x00,
    0x00, 0x1F, 0xE0, 0x00, 0x00, 0x00, 0x03, 0xFC, 0x00, 0x00, 0x00, 0x00,
    0x7F, 0x80, 0x00, 0x00, 0x00, 0x0F, 0xF0, 0x00, 0x00, 0x00, 0x01, 0xFE,
    0x00, 0x00, 0x00, 0x00, 0x3F, 0xC0, 0x00, 0x00, 0x00, 0x07, 0xF8, 0x00,
    0x00, 0x3F, 0xFF, 0x01, 0xFF, 0xFF, 0x03, 0xFF, 0xFF, 0x0F, 0xFF, 0xFF,
    0x1F, 0xFF, 0xFF, 0x3F, 0xFF, 0xFF, 0x7F, 0xFF, 0xFF, 0x7F, 0xFF, 0xFF,
    0xFF, 0x80, 0xFF, 0xFE, 0x00, 0xFF, 0xF8, 0x00, 0xFF, 0xF0, 0x00, 0xFF,
    0xE0, 0x00, 0xFF, 0xC0, 0x00, 0xFF, 0xC0, 0x00, 0xFF, 0x80, 0x00, 0xFF,
    0x80, 0x00, 0xFF, 0x80, 0x00, 0xFF, 0x00, 0x00, 0xFF, 0x00, 0x00, 0xFF,
    0x00, 0x00, 0xFF, 0x00, 0x00, 0xFF, 0x00, 0x00, 0xFF, 0x00, 0x00, 0xFF,
    0x00, 0x00, 0xFF, 0x00, 0x00, 0xFF, 0x00, 0x00, 0xFF, 0x00, 0x00, 0xFF,
    0x00, 0x00, 0xFF, 0x00, 0x00, 0xFF, 0x00, 0x00, 0xFF, 0x00, 0x00, 0xFF,
    0x00, 0x00, 0xFF, 0x00, 0x00, 0xFF, 0x00, 0x00, 0xFF, 0x00, 0x00, 0xFF,
    0x00, 0x00, 0xFF, 0x00, 0x00, 0xFF, 0x00, 0x00, 0xFF, 0x00, 0x00, 0xFF,
    0x00, 0x00, 0xFF, 0x00, 0x00, 0xFF, 0x00, 0x00, 0xFF, 0x00, 0x00, 0xFF,
    0x00, 0x00, 0xFF, 0x00, 0x00, 0xFF, 0x00, 0x00, 0xFF, 0x00, 0x00, 0xFF,
    0x00, 0x00, 0xFF, 0x00, 0x00, 0xFF, 0x00, 0x00, 0x00, 0x01, 0xFF, 0xC0,
    0x00, 0x00, 0x0F, 0xFF, 0xFE, 0x00, 0x00, 0x1F, 0xFF, 0xFF, 0xC0, 0x00,
    0x3F, 0xFF, 0xFF, 0xF8, 0x00, 0x3F, 0xFF, 0xFF, 0xFE, 0x00, 0x3F, 0xFF,
    0xFF, 0xFF, 0x80, 0x3F, 0xFF, 0xFF, 0xFF, 0xE0, 0x3F, 0xFC, 0x01, 0xFF,
    0xF8, 0x1F, 0xF0, 0x00, 0x0F, 0xFC, 0x1F, 0xF0, 0x00, 0x03, 0xFF, 0x0F,
    0xF0, 0x00, 0x00, 0xFF, 0x87, 0xF0, 0x00, 0x00, 0x3F, 0xE7, 0xF8, 0x00,
    0x00, 0x1F, 0xF3, 0xFC, 0x00, 0x00, 0x07, 0xF9, 0xFE, 0x00, 0x00, 0x03,
    0xFC, 0xFF, 0x00, 0x00, 0x00, 0x00, 0x7F, 0xC0, 0x00, 0x00, 0x00, 0x3F,
    0xF0, 0x00, 0x00, 0x00, 0x1F, 0xFC, 0x00, 0x00, 0x00, 0x07, 0xFF, 0x00,
    0x00, 0x00, 0x03, 0xFF, 0xF0, 0x00, 0x00, 0x00, 0xFF, 0xFF, 0x80, 0x00,
    0x00, 0x7F, 0xFF, 0xFC, 0x00, 0x00, 0x1F, 0xFF, 0xFF, 0xE0, 0x00, 0x07,
    0xFF, 0xFF, 0xFF, 0x00, 0x00, 0xFF, 0xFF, 0xFF, 0xE0, 0x00, 0x1F, 0xFF,
    0xFF, 0xFC, 0x00, 0x01, 0xFF, 0xFF, 0xFF, 0x00, 0x00, 0x1F, 0xFF, 0xFF,
    0xC0, 0x00, 0x00, 0xFF, 0xFF, 0xF0, 0x00, 0x00, 0x07, 0xFF, 0xFC, 0x00,
    0x00, 0x00, 0x3F, 0xFE, 0x00, 0x00, 0x00, 0x03, 0xFF, 0x00, 0x00, 0x00,
    0x00, 0xFF, 0xC0, 0x00, 0x00, 0x00, 0x3F, 0xE0, 0x00, 0x00, 0x00, 0x0F,
    0xFF, 0xF0, 0x00, 0x00, 0x07, 0xFF, 0xF8, 0x00, 0x00, 0x03, 0xFF, 0xFC,
    0x00, 0x00, 0x01, 0xFF, 0xFF, 0x00, 0x00, 0x00, 0xFF, 0x7F, 0x80, 0x00,
    0x00, 0xFF, 0xBF, 0xE0, 0x00, 0x00, 0x7F, 0x9F, 0xF0, 0x00, 0x00, 0x7F,
    0xC7, 0xFE, 0x00, 0x00, 0x7F, 0xC3, 0xFF, 0x80, 0x00, 0xFF, 0xE0, 0xFF,
    0xF8, 0x01, 0xFF, 0xE0, 0x3F, 0xFF, 0xFF, 0xFF, 0xE0, 0x1F, 0xFF, 0xFF,
    0xFF, 0xF0, 0x07, 0xFF, 0xFF, 0xFF, 0xF0, 0x01, 0xFF, 0xFF, 0xFF, 0xE0,
    0x00, 0x3F, 0xFF, 0xFF, 0xE0, 0x00, 0x07, 0xFF, 0xFF, 0xC0, 0x00, 0x00,
    0x3F, 0xFE, 0x00, 0x00, 0x01, 0xFE, 0x00, 0x03, 0xFC, 0x00, 0x07, 0xF8,
    0x00, 0x0F, 0xF0, 0x00, 0x1F, 0xE0, 0x00, 0x3F, 0xC0, 0x00, 0x7F, 0x80,
    0x00, 0xFF, 0x00, 0x01, 0xFE, 0x00, 0x03, 0xFC, 0x00, 0x07, 0xF8, 0x00,
    0x0F, 0xF0, 0x00, 0x1F, 0xE0, 0x1F, 0xFF, 0xFF, 0xFF, 0xFF, 0xFF, 0xFF,
    0xFF, 0xFF, 0xFF, 0xFF, 0xFF, 0xFF, 0xFF, 0xFF, 0xFF, 0xFF, 0xFF, 0xFF,
    0xFF, 0xF0, 0x1F, 0xE0, 0x00, 0x3F, 0xC0, 0x00, 0x7F, 0x80, 0x00, 0xFF,
    0x00, 0x01, 0xFE, 0x00, 0x03, 0xFC, 0x00, 0x07, 0xF8, 0x00, 0x0F, 0xF0,
    0x00, 0x1F, 0xE0, 0x00, 0x3F, 0xC0, 0x00, 0x7F, 0x80, 0x00, 0xFF, 0x00,
    0x01, 0xFE, 0x00, 0x03, 0xFC, 0x00, 0x07, 0xF8, 0x00, 0x0F, 0xF0, 0x00,
    0x1F, 0xE0, 0x00, 0x3F, 0xC0, 0x00, 0x7F, 0x80, 0x00, 0xFF, 0x00, 0x01,
    0xFE, 0x00, 0x03, 0xFC, 0x00, 0x07, 0xF8, 0x00, 0x0F, 0xF0, 0x00, 0x1F,
    0xE0, 0x00, 0x3F, 0xC0, 0x00, 0x7F, 0x80, 0x00, 0xFF, 0x00, 0x01, 0xFE,
    0x00, 0x03, 0xFC, 0x00, 0x07, 0xF8, 0x00, 0x0F, 0xF0, 0x00, 0x1F, 0xE0,
    0x00, 0x3F, 0xC0, 0x00, 0x7F, 0xC0, 0x00, 0xFF, 0xC0, 0x01, 0xFF, 0xFE,
    0x03, 0xFF, 0xFC, 0x03, 0xFF, 0xF8, 0x07, 0xFF, 0xF0, 0x07, 0xFF, 0xE0,
    0x0F, 0xFF, 0xC0, 0x07, 0xFF, 0x80, 0x03, 0xFC, 0x00, 0x00, 0x00, 0x00,
    0x00, 0xFF, 0x00, 0x00, 0x00, 0xFF, 0xFF, 0x00, 0x00, 0x00, 0xFF, 0xFF,
    0x00, 0x00, 0x00, 0xFF, 0xFF, 0x00, 0x00, 0x00, 0xFF, 0xFF, 0x00, 0x00,
    0x00, 0xFF, 0xFF, 0x00, 0x00, 0x00, 0xFF, 0xFF, 0x00, 0x00, 0x00, 0xFF,
    0xFF, 0x00, 0x00, 0x00, 0xFF, 0xFF, 0x00, 0x00, 0x00, 0xFF, 0xFF, 0x00,
    0x00, 0x00, 0xFF, 0xFF, 0x00, 0x00, 0x00, 0xFF, 0xFF, 0x00, 0x00, 0x00,
    0xFF, 0xFF, 0x00, 0x00, 0x00, 0xFF, 0xFF, 0x00, 0x00, 0x00, 0xFF, 0xFF,
    0x00, 0x00, 0x00, 0xFF, 0xFF, 0x00, 0x00, 0x00, 0xFF, 0xFF, 0x00, 0x00,
    0x00, 0xFF, 0xFF, 0x00, 0x00, 0x00, 0xFF, 0xFF, 0x00, 0x00, 0x00, 0xFF,
    0xFF, 0x00, 0x00, 0x00, 0xFF, 0xFF, 0x00, 0x00, 0x00, 0xFF, 0xFF, 0x00,
    0x00, 0x00, 0xFF, 0xFF, 0x00, 0x00, 0x00, 0xFF, 0xFF, 0x00, 0x00, 0x00,
    0xFF, 0xFF, 0x00, 0x00, 0x00, 0xFF, 0xFF, 0x00, 0x00, 0x00, 0xFF, 0xFF,
    0x00, 0x00, 0x00, 0xFF, 0xFF, 0x00, 0x00, 0x00, 0xFF, 0xFF, 0x00, 0x00,
    0x00, 0xFF, 0xFF, 0x00, 0x00, 0x00, 0xFF, 0xFF, 0x00, 0x00, 0x00, 0xFF,
    0xFF, 0x00, 0x00, 0x00, 0xFF, 0xFF, 0x00, 0x00, 0x01, 0xFF, 0xFF, 0x00,
    0x00, 0x01, 0xFF, 0xFF, 0x00, 0x00, 0x01, 0xFF, 0xFF, 0x00, 0x00, 0x01,
    0xFF, 0xFF, 0x00, 0x00, 0x03, 0xFF, 0xFF, 0x00, 0x00, 0x03, 0xFF, 0xFF,
    0x80, 0x00, 0x07, 0xFF, 0xFF, 0x80, 0x00, 0x07, 0xFF, 0x7F, 0x80, 0x00,
    0x0F, 0xFF, 0x7F, 0xC0, 0x00, 0x1F, 0xFF, 0x7F, 0xE0, 0x00, 0x3F, 0xFF,
    0x7F, 0xF0, 0x00, 0x7F, 0xFF, 0x3F, 0xFC, 0x03, 0xFF, 0xFF, 0x3F, 0xFF,
    0xFF, 0xFE, 0xFF, 0x1F, 0xFF, 0xFF, 0xFC, 0xFF, 0x0F, 0xFF, 0xFF, 0xF8,
    0xFF, 0x07, 0xFF, 0xFF, 0xF0, 0xFF, 0x03, 0xFF, 0xFF, 0xC0, 0xFF, 0x00,
    0xFF, 0xFF, 0x00, 0x00, 0x00, 0x1F, 0xF8, 0x00, 0x00, 0x7F, 0xC0, 0x00,
    0x00, 0x03, 0xFC, 0xFF, 0xC0, 0x00, 0x00, 0x0F, 0xF9, 0xFF, 0x80, 0x00,
    0x00, 0x1F, 0xF1, 0xFF, 0x00, 0x00, 0x00, 0x3F, 0xC3, 0xFF, 0x00, 0x00,
    0x00, 0xFF, 0x83, 0xFE, 0x00, 0x00, 0x01, 0xFE, 0x07, 0xFC, 0x00, 0x00,
    0x03, 0xFC, 0x0F, 0xFC, 0x00, 0x00, 0x0F, 0xF8, 0x0F, 0xF8, 0x00, 0x00,
    0x1F, 0xE0, 0x1F, 0xF0, 0x00, 0x00, 0x3F, 0xC0, 0x3F, 0xF0, 0x00, 0x00,
    0xFF, 0x80, 0x3F, 0xE0, 0x00, 0x01, 0xFE, 0x00, 0x7F, 0xC0, 0x00, 0x03,
    0xFC, 0x00, 0xFF, 0xC0, 0x00, 0x0F, 0xF0, 0x00, 0xFF, 0x80, 0x00, 0x1F,
    0xE0, 0x01, 0xFF, 0x00, 0x00, 0x7F, 0xC0, 0x01, 0xFF, 0x00, 0x00, 0xFF,
    0x00, 0x03, 0xFE, 0x00, 0x01, 0xFE, 0x00, 0x07, 0xFC, 0x00, 0x07, 0xFC,
    0x00, 0x07, 0xFC, 0x00, 0x0F, 0xF0, 0x00, 0x0F, 0xF8, 0x00, 0x1F, 0xE0,
    0x00, 0x1F, 0xF0, 0x00, 0x7F, 0x80, 0x00, 0x1F, 0xF0, 0x00, 0xFF, 0x00,
    0x00, 0x3F, 0xE0, 0x01, 0xFE, 0x00, 0x00, 0x7F, 0xC0, 0x07, 0xF8, 0x00,
    0x00, 0x7F, 0x80, 0x0F, 0xF0, 0x00, 0x00, 0xFF, 0x80, 0x1F, 0xE0, 0x00,
    0x00, 0xFF, 0x00, 0x7F, 0x80, 0x00, 0x01, 0xFE, 0x00, 0xFF, 0x00, 0x00,
    0x03, 0xFE, 0x03, 0xFC, 0x00, 0x00, 0x03, 0xFC, 0x07, 0xF8, 0x00, 0x00,
    0x07, 0xF8, 0x0F, 0xF0, 0x00, 0x00, 0x0F, 0xF8, 0x3F, 0xC0, 0x00, 0x00,
    0x0F, 0xF0, 0x7F, 0x80, 0x00, 0x00, 0x1F, 0xE0, 0xFF, 0x00, 0x00, 0x00,
    0x1F, 0xE3, 0xFC, 0x00, 0x00, 0x00, 0x3F, 0xC7, 0xF8, 0x00, 0x00, 0x00,
    0x7F, 0x8F, 0xE0, 0x00, 0x00, 0x00, 0x7F, 0xBF, 0xC0, 0x00, 0x00, 0x00,
    0xFF, 0x7F, 0x80, 0x00, 0x00, 0x01, 0xFE, 0xFE, 0x00, 0x00, 0x00, 0x01,
    0xFF, 0xFC, 0x00, 0x00, 0x00, 0x03, 0xFF, 0xF8, 0x00, 0x00, 0x00, 0x07,
    0xFF, 0xE0, 0x00, 0x00, 0x00, 0x07, 0xFF, 0xC0, 0x00, 0x00, 0x00, 0x0F,
    0xFF, 0x00, 0x00, 0x00, 0x00, 0x0F, 0xFE, 0x00, 0x00, 0x00, 0x00, 0x1F,
    0xFC, 0x00, 0x00, 0x00, 0x00, 0x3F, 0xF0, 0x00, 0x00, 0x00, 0x00, 0x3F,
    0xE0, 0x00, 0x00, 0x7F, 0xC0, 0x00, 0x07, 0xFC, 0x00, 0x00, 0x3F, 0xCF,
    0xF8, 0x00, 0x00, 0xFF, 0xC0, 0x00, 0x07, 0xF9, 0xFF, 0x00, 0x00, 0x3F,
    0xF8, 0x00, 0x00, 0xFF, 0x1F, 0xE0, 0x00, 0x07, 0xFF, 0x00, 0x00, 0x3F,
    0xC3, 0xFE, 0x00, 0x00, 0xFF, 0xE0, 0x00, 0x07, 0xF8, 0x7F, 0xC0, 0x00,
    0x1F, 0xFE, 0x00, 0x00, 0xFF, 0x0F, 0xF8, 0x00, 0x03, 0xFF, 0xC0, 0x00,
    0x3F, 0xE0, 0xFF, 0x00, 0x00, 0xFF, 0xF8, 0x00, 0x07, 0xF8, 0x1F, 0xF0,
    0x00, 0x1F, 0xFF, 0x00, 0x00, 0xFF, 0x03, 0xFE, 0x00, 0x03, 0xFF, 0xE0,
    0x00, 0x1F, 0xE0, 0x3F, 0xC0, 0x00, 0x7F, 0xFE, 0x00, 0x07, 0xF8, 0x07,
    0xF8, 0x00, 0x1F, 0xDF, 0xC0, 0x00, 0xFF, 0x00, 0xFF, 0x80, 0x03, 0xFB,
    0xF8, 0x00, 0x1F, 0xE0, 0x1F, 0xF0, 0x00, 0x7F, 0x7F, 0x00, 0x03, 0xFC,
    0x01, 0xFE, 0x00, 0x0F, 0xEF, 0xF0, 0x00, 0xFF, 0x00, 0x3F, 0xC0, 0x03,
    0xF8, 0xFE, 0x00, 0x1F, 0xE0, 0x07, 0xFC, 0x00, 0x7F, 0x1F, 0xC0, 0x03,
    0xFC, 0x00, 0x7F, 0x80, 0x0F, 0xE3, 0xF8, 0x00, 0xFF, 0x00, 0x0F, 0xF0,
    0x01, 0xFC, 0x7F, 0x80, 0x1F, 0xE0, 0x01, 0xFE, 0x00, 0x7F, 0x07, 0xF0,
    0x03, 0xFC, 0x00, 0x3F, 0xE0, 0x0F, 0xE0, 0xFE, 0x00, 0x7F, 0x00, 0x03,
    0xFC, 0x01, 0xFC, 0x1F, 0xC0, 0x1F, 0xE0, 0x00, 0x7F, 0x80, 0x3F, 0x83,
    0xFC, 0x03, 0xFC, 0x00, 0x0F, 0xF0, 0x0F, 0xE0, 0x3F, 0x80, 0x7F, 0x80,
    0x00, 0xFF, 0x01, 0xFC, 0x07, 0xF0, 0x0F, 0xE0, 0x00, 0x1F, 0xE0, 0x3F,
    0x80, 0xFE, 0x03, 0xFC, 0x00, 0x03, 0xFC, 0x07, 0xF0, 0x1F, 0xE0, 0x7F,
    0x80, 0x00, 0x3F, 0x81, 0xFC, 0x01, 0xFC, 0x0F, 0xE0, 0x00, 0x07, 0xF8,
    0x3F, 0x80, 0x3F, 0x83, 0xFC, 0x00, 0x00, 0xFF, 0x07, 0xF0, 0x07, 0xF0,
    0x7F, 0x80, 0x00, 0x1F, 0xE0, 0xFE, 0x00, 0xFE, 0x0F, 0xE0, 0x00, 0x01,
    0xFE, 0x3F, 0x80, 0x0F, 0xE1, 0xFC, 0x00, 0x00, 0x3F, 0xC7, 0xF0, 0x01,
    0xFC, 0x7F, 0x80, 0x00, 0x07, 0xF8, 0xFE, 0x00, 0x3F, 0x8F, 0xF0, 0x00,
    0x00, 0x7F, 0x1F, 0xC0, 0x07, 0xF1, 0xFC, 0x00, 0x00, 0x0F, 0xF7, 0xF0,
    0x00, 0x7F, 0x7F, 0x80, 0x00, 0x01, 0xFE, 0xFE, 0x00, 0x0F, 0xEF, 0xF0,
    0x00, 0x00, 0x3F, 0xDF, 0xC0, 0x01, 0xFD, 0xFC, 0x00, 0x00, 0x03, 0xFB,
    0xF8, 0x00, 0x3F, 0xBF, 0x80, 0x00, 0x00, 0x7F, 0xFE, 0x00, 0x03, 0xFF,
    0xF0, 0x00, 0x00, 0x0F, 0xFF, 0xC0, 0x00, 0x7F, 0xFE, 0x00, 0x00, 0x00,
    0xFF, 0xF8, 0x00, 0x0F, 0xFF, 0x80, 0x00, 0x00, 0x1F, 0xFF, 0x00, 0x01,
    0xFF, 0xF0, 0x00, 0x00, 0x03, 0xFF, 0xC0, 0x00, 0x1F, 0xFE, 0x00, 0x00,
    0x00, 0x7F, 0xF8, 0x00, 0x03, 0xFF, 0x80, 0x00, 0x00, 0x07, 0xFF, 0x00,
    0x00, 0x7F, 0xF0, 0x00, 0x00, 0x00, 0xFF, 0xE0, 0x00, 0x0F, 0xFE, 0x00,
    0x00, 0x00, 0x1F, 0xF8, 0x00, 0x00, 0xFF, 0x80, 0x00, 0x00, 0x01, 0xFF,
    0x00, 0x00, 0x1F, 0xF0, 0x00, 0x00, 0x00, 0x3F, 0xE0, 0x00, 0x03, 0xFE,
    0x00, 0x00, 0x3F, 0xF0, 0x00, 0x00, 0x3F, 0xF8, 0xFF, 0xE0, 0x00, 0x00,
    0xFF, 0xC1, 0xFF, 0xC0, 0x00, 0x07, 0xFE, 0x03, 0xFF, 0x00, 0x00, 0x1F,
    0xF8, 0x0F, 0xFE, 0x00, 0x00, 0xFF, 0xC0, 0x1F, 0xFC, 0x00, 0x07, 0xFE,
    0x00, 0x3F, 0xF0, 0x00, 0x1F, 0xF8, 0x00, 0xFF, 0xE0, 0x00, 0xFF, 0xC0,
    0x01, 0xFF, 0xC0, 0x07, 0xFE, 0x00, 0x03, 0xFF, 0x00, 0x1F, 0xF0, 0x00,
    0x0F, 0xFE, 0x00, 0xFF, 0xC0, 0x00, 0x1F, 0xF8, 0x07, 0xFE, 0x00, 0x00,
    0x3F, 0xF0, 0x1F, 0xF0, 0x00, 0x00, 0xFF, 0xE0, 0xFF, 0xC0, 0x00, 0x01,
    0xFF, 0x87, 0xFE, 0x00, 0x00, 0x03, 0xFF, 0x1F, 0xF0, 0x00, 0x00, 0x0F,
    0xFE, 0xFF, 0xC0, 0x00, 0x00, 0x1F, 0xFF, 0xFE, 0x00, 0x00, 0x00, 0x3F,
    0xFF, 0xF0, 0x00, 0x00, 0x00, 0x7F, 0xFF, 0xC0, 0x00, 0x00, 0x01, 0xFF,
    0xFE, 0x00, 0x00, 0x00, 0x03, 0xFF, 0xF0, 0x00, 0x00, 0x00, 0x07, 0xFF,
    0xC0, 0x00, 0x00, 0x00, 0x1F, 0xFE, 0x00, 0x00, 0x00, 0x00, 0x3F, 0xF0,
    0x00, 0x00, 0x00, 0x01, 0xFF, 0xE0, 0x00, 0x00, 0x00, 0x0F, 0xFF, 0xC0,
    0x00, 0x00, 0x00, 0x3F, 0xFF, 0x00, 0x00, 0x00, 0x01, 0xFF, 0xFE, 0x00,
    0x00, 0x00, 0x0F, 0xFF, 0xFC, 0x00, 0x00, 0x00, 0x3F, 0xFF, 0xF0, 0x00,
    0x00, 0x01, 0xFF, 0xFF, 0xE0, 0x00, 0x00, 0x0F, 0xFC, 0xFF, 0xC0, 0x00,
    0x00, 0x3F, 0xE3, 0xFF, 0x00, 0x00, 0x01, 0xFF, 0x87, 0xFE, 0x00, 0x00,
    0x0F, 0xFC, 0x0F, 0xFC, 0x00, 0x00, 0x3F, 0xF0, 0x3F, 0xF0, 0x00, 0x01,
    0xFF, 0x80, 0x7F, 0xE0, 0x00, 0x0F, 0xFC, 0x00, 0xFF, 0xC0, 0x00, 0x3F,
    0xF0, 0x03, 0xFF, 0x00, 0x01, 0xFF, 0x80, 0x07, 0xFE, 0x00, 0x0F, 0xFC,
    0x00, 0x1F, 0xFC, 0x00, 0x3F, 0xF0, 0x00, 0x3F, 0xF8, 0x01, 0xFF, 0x80,
    0x00, 0x7F, 0xE0, 0x0F, 0xFC, 0x00, 0x01, 0xFF, 0xC0, 0x3F, 0xF0, 0x00,
    0x03, 0xFF, 0x81, 0xFF, 0x80, 0x00, 0x07, 0xFE, 0x0F, 0xFE, 0x00, 0x00,
    0x1F, 0xFC, 0x3F, 0xF0, 0x00, 0x00, 0x3F, 0xF9, 0xFF, 0x80, 0x00, 0x00,
    0x7F, 0xE0, 0x00, 0x00, 0x00, 0x00, 0x00, 0x00, 0xFF, 0x80, 0x00, 0x00,
    0x0F, 0xF9, 0xFF, 0x80, 0x00, 0x00, 0x1F, 0xF3, 0xFF, 0x00, 0x00, 0x00,
    0x7F, 0xE3, 0xFE, 0x00, 0x00, 0x00, 0xFF, 0x87, 0xFE, 0x00, 0x00, 0x01,
    0xFF, 0x0F, 0xFC, 0x00, 0x00, 0x07, 0xFC, 0x0F, 0xF8, 0x00, 0x00, 0x0F,
    0xF8, 0x1F, 0xF8, 0x00, 0x00, 0x1F, 0xF0, 0x1F, 0xF0, 0x00, 0x00, 0x7F,
    0xC0, 0x3F, 0xE0, 0x00, 0x00, 0xFF, 0x80, 0x7F, 0xE0, 0x00, 0x01, 0xFF,
    0x00, 0x7F, 0xC0, 0x00, 0x07, 0xFC, 0x00, 0xFF, 0x80, 0x00, 0x0F, 0xF8,
    0x01, 0xFF, 0x80, 0x00, 0x1F, 0xF0, 0x01, 0xFF, 0x00, 0x00, 0x7F, 0xC0,
    0x03, 0xFE, 0x00, 0x00, 0xFF, 0x80, 0x07, 0xFE, 0x00, 0x01, 0xFE, 0x00,
    0x07, 0xFC, 0x00, 0x07, 0xFC, 0x00, 0x0F, 0xF8, 0x00, 0x0F, 0xF8, 0x00,
    0x0F, 0xF0, 0x00, 0x1F, 0xE0, 0x00, 0x1F, 0xF0, 0x00, 0x7F, 0xC0, 0x00,
    0x3F, 0xE0, 0x00, 0xFF, 0x80, 0x00, 0x3F, 0xC0, 0x01, 0xFE, 0x00, 0x00,
    0x7F, 0xC0, 0x07, 0xFC, 0x00, 0x00, 0xFF, 0x80, 0x0F, 0xF8, 0x00, 0x00,
    0xFF, 0x00, 0x1F, 0xE0, 0x00, 0x01, 0xFF, 0x00, 0x7F, 0xC0, 0x00, 0x03,
    0xFE, 0x00, 0xFF, 0x80, 0x00, 0x03, 0xFC, 0x01, 0xFE, 0x00, 0x00, 0x07,
    0xFC, 0x07, 0xFC, 0x00, 0x00, 0x0F, 0xF8, 0x0F, 0xF0, 0x00, 0x00, 0x0F,
    0xF0, 0x1F, 0xE0, 0x00, 0x00, 0x1F, 0xF0, 0x7F, 0xC0, 0x00, 0x00, 0x1F,
    0xE0, 0xFF, 0x00, 0x00, 0x00, 0x3F, 0xC1, 0xFE, 0x00, 0x00, 0x00, 0x7F,
    0xC7, 0xFC, 0x00, 0x00, 0x00, 0x7F, 0x8F, 0xF0, 0x00, 0x00, 0x00, 0xFF,
    0x1F, 0xE0, 0x00, 0x00, 0x01, 0xFF, 0x7F, 0xC0, 0x00, 0x00, 0x01, 0xFE,
    0xFF, 0x00, 0x00, 0x00, 0x03, 0xFD, 0xFE, 0x00, 0x00, 0x00, 0x07, 0xFF,
    0xF8, 0x00, 0x00, 0x00, 0x07, 0xFF, 0xF0, 0x00, 0x00, 0x00, 0x0F, 0xFF,
    0xE0, 0x00, 0x00, 0x00, 0x0F, 0xFF, 0x80, 0x00, 0x00, 0x00, 0x1F, 0xFF,
    0x00, 0x00, 0x00, 0x00, 0x3F, 0xFC, 0x00, 0x00, 0x00, 0x00, 0x3F, 0xF8,
    0x00, 0x00, 0x00, 0x00, 0x7F, 0xF0, 0x00, 0x00, 0x00, 0x00, 0xFF, 0xC0,
    0x00, 0x00, 0x00, 0x00, 0xFF, 0x80, 0x00, 0x00, 0x00, 0x01, 0xFE, 0x00,
    0x00, 0x00, 0x00, 0x03, 0xFC, 0x00, 0x00, 0x00, 0x00, 0x0F, 0xF8, 0x00,
    0x00, 0x00, 0x00, 0x1F, 0xE0, 0x00, 0x00, 0x00, 0x00, 0x7F, 0xC0, 0x00,
    0x00, 0x00, 0x00, 0xFF, 0x00, 0x00, 0x00, 0x00, 0x01, 0xFE, 0x00, 0x00,
    0x00, 0x00, 0x07, 0xF8, 0x00, 0x00, 0x00, 0x00, 0x0F, 0xF0, 0x00, 0x00,
    0x00, 0x00, 0x3F, 0xC0, 0x00, 0x00, 0x00, 0x00, 0xFF, 0x80, 0x00, 0x00,
    0x03, 0x03, 0xFE, 0x00, 0x00, 0x00, 0x07, 0xFF, 0xFC, 0x00, 0x00, 0x00,
    0x0F, 0xFF, 0xF0, 0x00, 0x00, 0x00, 0x1F, 0xFF, 0xE0, 0x00, 0x00, 0x00,
    0x3F, 0xFF, 0x80, 0x00, 0x00, 0x00, 0x7F, 0xFE, 0x00, 0x00, 0x00, 0x00,
    0xFF, 0xF0, 0x00, 0x00, 0x00, 0x00, 0xFF, 0x80, 0x00, 0x00, 0x00, 0x00,
    0x00, 0x00, 0x00, 0x00, 0x00, 0x0F, 0xFF, 0xFF, 0xFF, 0xFF, 0x87, 0xFF,
    0xFF, 0xFF, 0xFF, 0xC3, 0xFF, 0xFF, 0xFF, 0xFF, 0xE1, 0xFF, 0xFF, 0xFF,
    0xFF, 0xF0, 0xFF, 0xFF, 0xFF, 0xFF, 0xF8, 0x7F, 0xFF, 0xFF, 0xFF, 0xFC,
    0x3F, 0xFF, 0xFF, 0xFF, 0xFE, 0x00, 0x00, 0x00, 0x07, 0xFE, 0x00, 0x00,
    0x00, 0x07, 0xFE, 0x00, 0x00, 0x00, 0x03, 0xFF, 0x00, 0x00, 0x00, 0x03,
    0xFF, 0x00, 0x00, 0x00, 0x03, 0xFF, 0x00, 0x00, 0x00, 0x03, 0xFF, 0x00,
    0x00, 0x00, 0x03, 0xFF, 0x00, 0x00, 0x00, 0x01, 0xFF, 0x80, 0x00, 0x00,
    0x01, 0xFF, 0x80, 0x00, 0x00, 0x01, 0xFF, 0x80, 0x00, 0x00, 0x01, 0xFF,
    0x80, 0x00, 0x00, 0x01, 0xFF, 0x80, 0x00, 0x00, 0x00, 0xFF, 0x80, 0x00,
    0x00, 0x00, 0xFF, 0xC0, 0x00, 0x00, 0x00, 0xFF, 0xC0, 0x00, 0x00, 0x00,
    0xFF, 0xC0, 0x00, 0x00, 0x00, 0xFF, 0xC0, 0x00, 0x00, 0x00, 0xFF, 0xC0,
    0x00, 0x00, 0x00, 0x7F, 0xE0, 0x00, 0x00, 0x00, 0x7F, 0xE0, 0x00, 0x00,
    0x00, 0x7F, 0xE0, 0x00, 0x00, 0x00, 0x7F, 0xE0, 0x00, 0x00, 0x00, 0x7F,
    0xE0, 0x00, 0x00, 0x00, 0x3F, 0xF0, 0x00, 0x00, 0x00, 0x3F, 0xF0, 0x00,
    0x00, 0x00, 0x3F, 0xF0, 0x00, 0x00, 0x00, 0x3F, 0xF0, 0x00, 0x00, 0x00,
    0x3F, 0xF0, 0x00, 0x00, 0x00, 0x1F, 0xF8, 0x00, 0x00, 0x00, 0x1F, 0xF8,
    0x00, 0x00, 0x00, 0x1F, 0xF8, 0x00, 0x00, 0x00, 0x1F, 0xF8, 0x00, 0x00,
    0x00, 0x1F, 0xF8, 0x00, 0x00, 0x00, 0x0F, 0xFC, 0x00, 0x00, 0x00, 0x0F,
    0xFC, 0x00, 0x00, 0x00, 0x0F, 0xFC, 0x00, 0x00, 0x00, 0x0F, 0xFF, 0xFF,
    0xFF, 0xFF, 0xFF, 0xFF, 0xFF, 0xFF, 0xFF, 0xFF, 0xFF, 0xFF, 0xFF, 0xFF,
    0xFF, 0xFF, 0xFF, 0xFF, 0xFF, 0xFF, 0xFF, 0xFF, 0xFF, 0xFF, 0xFF, 0xFF,
    0xFF, 0xFF, 0xFF, 0xFF, 0xFF, 0xFF, 0xFF, 0xFF, 0xFF, 0xE0, 0x00, 0x00,
    0x00, 0x3C, 0x00, 0x00, 0x0F, 0xF0, 0x00, 0x00, 0xFF, 0xC0, 0x00, 0x0F,
    0xFF, 0x00, 0x00, 0x7F, 0xFC, 0x00, 0x03, 0xFF, 0xF0, 0x00, 0x1F, 0xFE,
    0x00, 0x00, 0xFF, 0xE0, 0x00, 0x03, 0xFE, 0x00, 0x00, 0x0F, 0xF0, 0x00,
    0x00, 0x7F, 0x80, 0x00, 0x01, 0xFE, 0x00, 0x00, 0x07, 0xF0, 0x00, 0x00,
    0x3F, 0xC0, 0x00, 0x00, 0xFF, 0x00, 0x00, 0x03, 0xF8, 0x00, 0x00, 0x0F,
    0xE0, 0x00, 0x00, 0x3F, 0x80, 0x00, 0x00, 0xFE, 0x00, 0x00, 0x03, 0xF8,
    0x00, 0x00, 0x0F, 0xE0, 0x00, 0x00, 0x3F, 0x80, 0x00, 0x00, 0xFE, 0x00,
    0x00, 0x03, 0xF8, 0x00, 0x00, 0x0F, 0xE0, 0x00, 0x00, 0x3F, 0x80, 0x00,
    0x00, 0xFE, 0x00, 0x00, 0x03, 0xF8, 0x00, 0x00, 0x0F, 0xE0, 0x00, 0x00,
    0x3F, 0x80, 0x00, 0x00, 0xFE, 0x00, 0x00, 0x07, 0xF8, 0x00, 0x00, 0x1F,
    0xE0, 0x00, 0x00, 0x7F, 0x00, 0x00, 0x03, 0xFC, 0x00, 0x00, 0x0F, 0xF0,
    0x00, 0x00, 0x7F, 0x80, 0x00, 0x07, 0xFE, 0x00, 0x00, 0x3F, 0xF0, 0x00,
    0x07, 0xFF, 0x80, 0x00, 0xFF, 0xFC, 0x00, 0x03, 0xFF, 0xE0, 0x00, 0x0F,
    0xFE, 0x00, 0x00, 0x3F, 0x00, 0x00, 0x00, 0xFF, 0xE0, 0x00, 0x03, 0xFF,
    0xE0, 0x00, 0x0F, 0xFF, 0xC0, 0x00, 0x07, 0xFF, 0x80, 0x00, 0x03, 0xFF,
    0x00, 0x00, 0x07, 0xFE, 0x00, 0x00, 0x07, 0xF8, 0x00, 0x00, 0x1F, 0xF0,
    0x00, 0x00, 0x3F, 0xC0, 0x00, 0x00, 0x7F, 0x00, 0x00, 0x01, 0xFC, 0x00,
    0x00, 0x07, 0xF8, 0x00, 0x00, 0x0F, 0xE0, 0x00, 0x00, 0x3F, 0x80, 0x00,
    0x00, 0xFE, 0x00, 0x00, 0x03, 0xF8, 0x00, 0x00, 0x0F, 0xE0, 0x00, 0x00,
    0x3F, 0x80, 0x00, 0x00, 0xFE, 0x00, 0x00, 0x03, 0xF8, 0x00, 0x00, 0x0F,
    0xE0, 0x00, 0x00, 0x3F, 0x80, 0x00, 0x00, 0xFE, 0x00, 0x00, 0x03, 0xF8,
    0x00, 0x00, 0x0F, 0xE0, 0x00, 0x00, 0x3F, 0x80, 0x00, 0x00, 0xFE, 0x00,
    0x00, 0x03, 0xF8, 0x00, 0x00, 0x0F, 0xE0, 0x00, 0x00, 0x3F, 0xC0, 0x00,
    0x00, 0xFF, 0x00, 0x00, 0x03, 0xFC, 0x00, 0x00, 0x07, 0xF8, 0x00, 0x00,
    0x1F, 0xE0, 0x00, 0x00, 0x7F, 0xC0, 0x00, 0x00, 0xFF, 0xC0, 0x00, 0x01,
    0xFF, 0x80, 0x00, 0x07, 0xFF, 0xC0, 0x00, 0x0F, 0xFF, 0xC0, 0x00, 0x1F,
    0xFF, 0x00, 0x00, 0x1F, 0xFC, 0x00, 0x00, 0x1F, 0xF0, 0x00, 0x00, 0x1F,
    0xC0, 0x00, 0x00, 0x07, 0xFF, 0xFF, 0xFF, 0xFF, 0xFF, 0xFF, 0xFF, 0xFF,
    0xFF, 0xFF, 0xFF, 0xFF, 0xFF, 0xFF, 0xFF, 0xFF, 0xFF, 0xFF, 0xFF, 0xFF,
    0xFF, 0xFF, 0xFF, 0xFF, 0xFF, 0xFF, 0xFF, 0xFF, 0xFF, 0xFF, 0xFF, 0xFF,
    0xFF, 0xFF, 0xFF, 0xFF, 0xFF, 0xFF, 0xFF, 0xFF, 0xFF, 0xFF, 0xFF, 0xFF,
    0xFF, 0xFF, 0xFF, 0xFF, 0xFF, 0xFF, 0xFF, 0xFF, 0xFF, 0xFF, 0xFF, 0xFF,
    0xFF, 0xFF, 0xFF, 0xFF, 0xFF, 0xFF, 0xFF, 0xFF, 0xFF, 0xFF, 0xFF, 0xFF,
    0xF0, 0x00, 0x00, 0x03, 0xF8, 0x00, 0x00, 0x0F, 0xFC, 0x00, 0x00, 0x3F,
    0xF8, 0x00, 0x00, 0xFF, 0xF8, 0x00, 0x03, 0xFF, 0xF0, 0x00, 0x01, 0xFF,
    0xE0, 0x00, 0x01, 0xFF, 0x80, 0x00, 0x01, 0xFF, 0x00, 0x00, 0x03, 0xFC,
    0x00, 0x00, 0x07, 0xF8, 0x00, 0x00, 0x1F, 0xE0, 0x00, 0x00, 0x3F, 0x80,
    0x00, 0x00, 0xFE, 0x00, 0x00, 0x03, 0xFC, 0x00, 0x00, 0x07, 0xF0, 0x00,
    0x00, 0x1F, 0xC0, 0x00, 0x00, 0x7F, 0x00, 0x00, 0x01, 0xFC, 0x00, 0x00,
    0x07, 0xF0, 0x00, 0x00, 0x1F, 0xC0, 0x00, 0x00, 0x7F, 0x00, 0x00, 0x01,
    0xFC, 0x00, 0x00, 0x07, 0xF0, 0x00, 0x00, 0x1F, 0xC0, 0x00, 0x00, 0x7F,
    0x00, 0x00, 0x01, 0xFC, 0x00, 0x00, 0x07, 0xF0, 0x00, 0x00, 0x1F, 0xC0,
    0x00, 0x00, 0x7F, 0x00, 0x00, 0x01, 0xFC, 0x00, 0x00, 0x07, 0xF0, 0x00,
    0x00, 0x0F, 0xE0, 0x00, 0x00, 0x3F, 0x80, 0x00, 0x00, 0xFF, 0x00, 0x00,
    0x03, 0xFC, 0x00, 0x00, 0x07, 0xF8, 0x00, 0x00, 0x1F, 0xF0, 0x00, 0x00,
    0x3F, 0xF0, 0x00, 0x00, 0x7F, 0xF8, 0x00, 0x00, 0xFF, 0xFC, 0x00, 0x01,
    0xFF, 0xF0, 0x00, 0x01, 0xFF, 0xC0, 0x00, 0x00, 0x3F, 0x00, 0x00, 0x0F,
    0xFC, 0x00, 0x00, 0xFF, 0xF0, 0x00, 0x0F, 0xFF, 0xC0, 0x00, 0x7F, 0xF8,
    0x00, 0x03, 0xFF, 0x00, 0x00, 0x0F, 0xF8, 0x00, 0x00, 0x7F, 0x80, 0x00,
    0x01, 0xFC, 0x00, 0x00, 0x0F, 0xF0, 0x00, 0x00, 0x3F, 0x80, 0x00, 0x00,
    0xFE, 0x00, 0x00, 0x03, 0xF8, 0x00, 0x00, 0x1F, 0xC0, 0x00, 0x00, 0x7F,
    0x00, 0x00, 0x01, 0xFC, 0x00, 0x00, 0x07, 0xF0, 0x00, 0x00, 0x1F, 0xC0,
    0x00, 0x00, 0x7F, 0x00, 0x00, 0x01, 0xFC, 0x00, 0x00, 0x07, 0xF0, 0x00,
    0x00, 0x1F, 0xC0, 0x00, 0x00, 0x7F, 0x00, 0x00, 0x01, 0xFC, 0x00, 0x00,
    0x07, 0xF0, 0x00, 0x00, 0x1F, 0xC0, 0x00, 0x00, 0x7F, 0x00, 0x00, 0x01,
    0xFC, 0x00, 0x00, 0x07, 0xF0, 0x00, 0x00, 0x1F, 0xC0, 0x00, 0x00, 0xFF,
    0x00, 0x00, 0x03, 0xFC, 0x00, 0x00, 0x0F, 0xE0, 0x00, 0x00, 0x7F, 0x80,
    0x00, 0x03, 0xFE, 0x00, 0x00, 0x0F, 0xF0, 0x00, 0x00, 0xFF, 0xC0, 0x00,
    0x07, 0xFE, 0x00, 0x00, 0xFF, 0xF0, 0x00, 0x0F, 0xFF, 0x80, 0x00, 0x3F,
    0xFC, 0x00, 0x00, 0xFF, 0xE0, 0x00, 0x03, 0xFE, 0x00, 0x00, 0x0F, 0xC0,
    0x00, 0x00, 0x38, 0x00, 0x00, 0x00, 0x00, 0x00, 0x00, 0x00, 0x00, 0x00,
    0x3E, 0x00, 0x00, 0x00, 0x00, 0x00, 0x00, 0x7C, 0x00, 0x7F, 0x80, 0x00,
    0x00, 0x01, 0xF0, 0x07, 0xFF, 0xE0, 0x00, 0x00, 0x03, 0xE0, 0x1F, 0xFF,
    0xF0, 0x00, 0x00, 0x0F, 0xC0, 0x7F, 0xFF, 0xFC, 0x00, 0x00, 0x1F, 0x81,
    0xFF, 0xFF, 0xFE, 0x00, 0x00, 0x7E, 0x07, 0xFF, 0xFF, 0xFF, 0x80, 0x01,
    0xFC, 0x0F, 0xFF, 0xFF, 0xFF, 0xC0, 0x07, 0xF0, 0x3F, 0xFF, 0xFF, 0xFF,
    0xF0, 0x1F, 0xE0, 0x7F, 0x81, 0xFF, 0xFF, 0xFF, 0xFF, 0xC1, 0xFC, 0x00,
    0x3F, 0xFF, 0xFF, 0xFF, 0x03, 0xF0, 0x00, 0x1F, 0xFF, 0xFF, 0xFC, 0x0F,
    0xC0, 0x00, 0x07, 0xFF, 0xFF, 0xF8, 0x1F, 0x80, 0x00, 0x03, 0xFF, 0xFF,
    0xE0, 0x3E, 0x00, 0x00, 0x00, 0xFF, 0xFF, 0x80, 0x7C, 0x00, 0x00, 0x00,
    0x7F, 0xFC, 0x01, 0xF8, 0x00, 0x00, 0x00, 0x0F, 0xE0, 0x03, 0xE0, 0x00,
    0x00, 0x00, 0x00, 0x00, 0x00,
};

const GFXglyph Helv48pt7bGlyphs[] PROGMEM = {
    {0, 1, 1, 26, 0, -1},  // 0x20 '\x20'
    {1, 9, 68, 26, 11, -68},  // 0x21 '!'
    {78, 24, 26, 33, 5, -68},  // 0x22 '"'
    {156, 52, 68, 52, 0, -68},  // 0x23 '#'
    {598, 46, 83, 52, 3, -72},  // 0x24 '$'
    {1076, 77, 68, 84, 3, -66},  // 0x25 '%'
    {1731, 55, 70, 63, 4, -68},  // 0x26 '&'
    {2213, 8, 26, 17, 5, -68},  // 0x27 '''
    {2239, 21, 89, 31, 6, -69},  // 0x28 '('
    {2473, 21, 89, 31, 3, -69},  // 0x29 ')'
    {2707, 29, 27, 36, 3, -68},  // 0x2A '*'
    {2805, 48, 48, 55, 3, -48},  // 0x2B '+'
    {3093, 9, 23, 25, 8, -9},  // 0x2C ','
    {3119, 23, 8, 31, 4, -30},  // 0x2D '-'
    {3142, 9, 9, 25, 8, -9},  // 0x2E '.'
    {3153, 29, 68, 26, 0, -68},  // 0x2F '/'
    {3400, 45, 68, 52, 3, -66},  // 0x30 '0'
    {3783, 24, 65, 52, 9, -65},  // 0x31 '1'
    {3978, 45, 66, 52, 3, -66},  // 0x32 '2'
    {4350, 45, 68, 52, 2, -66},  // 0x33 '3'
    {4733, 47, 65, 52, 2, -65},  // 0x34 '4'
    {5115, 45, 67, 52, 3, -65},  // 0x35 '5'
    {5492, 45, 68, 52, 4, -66},  // 0x36 '6'
    {5875, 45, 65, 52, 3, -65},  // 0x37 '7'
    {6241, 45, 68, 52, 3, -66},  // 0x38 '8'
    {6624, 44, 68, 52, 3, -66},  // 0x39 '9'
    {6998, 9, 50, 26, 11, -50},  // 0x3A ':'
    {7055, 9, 64, 26, 11, -50},  // 0x3B ';'
    {7127, 53, 50, 54, 0, -50},  // 0x3C '<'
    {7459, 48, 28, 55, 3, -38},  // 0x3D '='
    {7627, 53, 50, 54, 0, -50},  // 0x3E '>'
    {7959, 41, 68, 53, 8, -68},  // 0x3F '?'
    {8308, 75, 72, 95, 10, -70},  // 0x40 '@'
    {8983, 61, 67, 63, 1, -67},  // 0x41 'A'
    {9494, 52, 68, 63, 7, -68},  // 0x42 'B'
    {9936, 60, 72, 68, 4, -70},  // 0x43 'C'
    {10476, 55, 68, 67, 7, -68},  // 0x44 'D'
    {10944, 50, 68, 63, 8, -68},  // 0x45 'E'
    {11369, 47, 68, 58, 8, -68},  // 0x46 'F'
    {11769, 62, 72, 73, 4, -70},  // 0x47 'G'
    {12327, 53, 68, 67, 7, -68},  // 0x48 'H'
    {12778, 9, 67, 26, 9, -67},  // 0x49 'I'
    {12854, 39, 70, 47, 1, -68},  // 0x4A 'J'
    {13196, 54, 68, 63, 7, -68},  // 0x4B 'K'
    {13655, 43, 68, 51, 7, -68},  // 0x4C 'L'
    {14021, 67, 68, 81, 7, -68},  // 0x4D 'M'
    {14591, 53, 70, 67, 7, -70},  // 0x4E 'N'
    {15055, 66, 72, 74, 4, -70},  // 0x4F 'O'
    {15649, 50, 68, 63, 8, -68},  // 0x50 'P'
    {16074, 66, 76, 74, 4, -70},  // 0x51 'Q'
    {16701, 55, 68, 67, 8, -68},  // 0x52 'R'
    {17169, 53, 72, 62, 4, -70},  // 0x53 'S'
    {17646, 55, 68, 57, 1, -68},  // 0x54 'T'
    {18114, 53, 72, 68, 8, -70},  // 0x55 'U'
    {18591, 59, 68, 62, 2, -68},  // 0x56 'V'
    {19093, 85, 68, 88, 2, -68},  // 0x57 'W'
    {19816, 57, 68, 62, 3, -68},  // 0x58 'X'
    {20301, 59, 70, 64, 3, -70},  // 0x59 'Y'
    {20818, 53, 70, 58, 2, -70},  // 0x5A 'Z'
    {21282, 17, 87, 25, 6, -68},  // 0x5B '['
    {21467, 35, 68, 26, -4, -68},  // 0x5C '\x5c'
    {21765, 17, 87, 25, 2, -68},  // 0x5D ']'
    {21950, 39, 39, 44, 6, -67},  // 0x5E '^'
    {22141, 52, 5, 52, 0, 7},  // 0x5F '_'
    {22174, 18, 13, 31, 2, -69},  // 0x60 '`'
    {22204, 46, 53, 52, 4, -51},  // 0x61 'a'
    {22509, 43, 70, 52, 5, -68},  // 0x62 'b'
    {22886, 42, 53, 47, 3, -51},  // 0x63 'c'
    {23165, 43, 70, 52, 3, -68},  // 0x64 'd'
    {23542, 45, 53, 52, 3, -51},  // 0x65 'e'
    {23841, 23, 68, 25, 1, -68},  // 0x66 'f'
    {24037, 43, 72, 52, 3, -51},  // 0x67 'g'
    {24424, 40, 68, 52, 6, -68},  // 0x68 'h'
    {24764, 8, 68, 20, 6, -68},  // 0x69 'i'
    {24832, 16, 88, 21, -2, -68},  // 0x6A 'j'
    {25008, 40, 68, 47, 6, -68},  // 0x6B 'k'
    {25348, 8, 68, 20, 6, -68},  // 0x6C 'l'
    {25416, 66, 51, 78, 6, -51},  // 0x6D 'm'
    {25837, 40, 51, 52, 6, -51},  // 0x6E 'n'
    {26092, 45, 53, 52, 3, -51},  // 0x6F 'o'
    {26391, 43, 71, 52, 5, -51},  // 0x70 'p'
    {26773, 43, 71, 52, 3, -51},  // 0x71 'q'
    {27155, 24, 51, 31, 6, -51},  // 0x72 'r'
    {27308, 41, 53, 48, 3, -51},  // 0x73 's'
    {27580, 23, 64, 26, 1, -63},  // 0x74 't'
    {27764, 40, 53, 52, 6, -51},  // 0x75 'u'
    {28029, 47, 50, 49, 1, -50},  // 0x76 'v'
    {28323, 67, 50, 69, 1, -50},  // 0x77 'w'
    {28742, 46, 50, 47, 0, -50},  // 0x78 'x'
    {29030, 47, 71, 49, 1, -51},  // 0x79 'y'
    {29448, 41, 51, 48, 3, -51},  // 0x7A 'z'
    {29710, 30, 88, 30, -2, -68},  // 0x7B '{'
    {30040, 8, 68, 25, 9, -68},  // 0x7C '|'
    {30108, 30, 88, 31, 2, -68},  // 0x7D '}'
    {30438, 55, 19, 55, 0, -34}};  // 0x7E '~'

const GFXfont Helv48pt7b PROGMEM = {(uint8_t *)Helv48pt7bBitmaps,
                                        (GFXglyph *)Helv48pt7bGlyphs, 0x20,
                                        0x7E, 94};

// Approx. 31159 bytes
